{
  "batch_size": 32,
  "best_metric": 0.3515625,
  "best_step": 40,
  "clean_accuracy": 0.328125,
  "clean_brier": 0.7455306649208069,
  "clean_confidence_mean": 0.5417274236679077,
  "clean_conflict_resistance_corr": NaN,
  "clean_conflict_score_mean": 0.7190340161323547,
  "clean_ece": 0.27212920784950256,
  "clean_nll": 1.4943376779556274,
  "clean_positive_resistance_mean": 0.5130709409713745,
  "clean_resistance_noise_corr": -4.8897419446802814e-08,
  "clean_resistance_occlusion_corr": NaN,
  "clean_risk_at_100_coverage": 0.671875,
  "clean_risk_at_50_coverage": 0.34375,
  "clean_risk_at_70_coverage": 0.5333333015441895,
  "clean_risk_at_80_coverage": 0.5922330021858215,
  "clean_risk_at_90_coverage": 0.6379310488700867,
  "clean_score_name": "positive_resistance",
  "clean_selective_aurc": 0.31022727489471436,
  "clean_support_score_mean": 1.3518402576446533,
  "clean_uncertainty_mean": 0.5130709409713745,
  "clean_vs_noisy_auroc": 0.46966552734375,
  "clean_vs_occluded_auroc": 0.502899169921875,
  "condition_metrics_path": "reports/uncertainty_resistance_benchmark/runs/20260427_013053_uncertainty_synthetic_shape_merc_energy_seed0/uncertainty_eval.pt",
  "cuda_available": false,
  "dataset_name": "synthetic_shape",
  "device": "cpu",
  "early_stop_patience": 4,
  "early_stop_triggered": false,
  "experiment_type": "frozen_features_uncertainty",
  "feature_dim": 64,
  "final_metric": 0.328125,
  "final_train_loss": 1.1538718938827515,
  "git_commit": "0948008",
  "hostname": "Mac",
  "metrics_json": "{\"best_metric\": 0.3515625, \"best_step\": 40, \"clean_accuracy\": 0.328125, \"clean_brier\": 0.7455306649208069, \"clean_confidence_mean\": 0.5417274236679077, \"clean_conflict_resistance_corr\": NaN, \"clean_conflict_score_mean\": 0.7190340161323547, \"clean_ece\": 0.27212920784950256, \"clean_nll\": 1.4943376779556274, \"clean_positive_resistance_mean\": 0.5130709409713745, \"clean_resistance_noise_corr\": -4.8897419446802814e-08, \"clean_resistance_occlusion_corr\": NaN, \"clean_risk_at_100_coverage\": 0.671875, \"clean_risk_at_50_coverage\": 0.34375, \"clean_risk_at_70_coverage\": 0.5333333015441895, \"clean_risk_at_80_coverage\": 0.5922330021858215, \"clean_risk_at_90_coverage\": 0.6379310488700867, \"clean_score_name\": \"positive_resistance\", \"clean_selective_aurc\": 0.31022727489471436, \"clean_support_score_mean\": 1.3518402576446533, \"clean_uncertainty_mean\": 0.5130709409713745, \"clean_vs_noisy_auroc\": 0.46966552734375, \"clean_vs_occluded_auroc\": 0.502899169921875, \"condition_metrics_path\": \"reports/uncertainty_resistance_benchmark/runs/20260427_013053_uncertainty_synthetic_shape_merc_energy_seed0/uncertainty_eval.pt\", \"early_stop_patience\": 4, \"early_stop_triggered\": false, \"final_metric\": 0.328125, \"final_train_loss\": 1.1538718938827515, \"noisy_accuracy\": 0.421875, \"noisy_brier\": 0.6670737266540527, \"noisy_confidence_mean\": 0.4950655996799469, \"noisy_conflict_resistance_corr\": -2.87248951735819e-07, \"noisy_conflict_score_mean\": 0.7121862769126892, \"noisy_ece\": 0.20290091633796692, \"noisy_nll\": 1.3442459106445312, \"noisy_positive_resistance_mean\": 0.4882066547870636, \"noisy_resistance_noise_corr\": NaN, \"noisy_resistance_occlusion_corr\": NaN, \"noisy_risk_at_100_coverage\": 0.578125, \"noisy_risk_at_50_coverage\": 0.1875, \"noisy_risk_at_70_coverage\": 0.4055555462837219, \"noisy_risk_at_80_coverage\": 0.47317075729370117, \"noisy_risk_at_90_coverage\": 0.5324675440788269, \"noisy_score_name\": \"positive_resistance\", \"noisy_selective_aurc\": 0.225330650806427, \"noisy_support_score_mean\": 1.3585574626922607, \"noisy_uncertainty_mean\": 0.4882066547870636, \"occluded_accuracy\": 0.37890625, \"occluded_brier\": 0.7189183235168457, \"occluded_confidence_mean\": 0.5763564109802246, \"occluded_conflict_resistance_corr\": 0.18537995219230652, \"occluded_conflict_score_mean\": 0.749268651008606, \"occluded_ece\": 0.20430094003677368, \"occluded_nll\": 1.432839035987854, \"occluded_positive_resistance_mean\": 0.526975154876709, \"occluded_resistance_noise_corr\": 9.492546126921297e-08, \"occluded_resistance_occlusion_corr\": 0.29227930307388306, \"occluded_risk_at_100_coverage\": 0.62109375, \"occluded_risk_at_50_coverage\": 0.25, \"occluded_risk_at_70_coverage\": 0.4611111283302307, \"occluded_risk_at_80_coverage\": 0.5268292427062988, \"occluded_risk_at_90_coverage\": 0.5800865888595581, \"occluded_score_name\": \"positive_resistance\", \"occluded_selective_aurc\": 0.2588534355163574, \"occluded_support_score_mean\": 1.3316296339035034, \"occluded_uncertainty_mean\": 0.526975154876709, \"pooled_conflict_resistance_corr\": 0.008052664808928967, \"pooled_resistance_noise_corr\": -0.055728938430547714, \"pooled_resistance_occlusion_corr\": 0.21761828660964966, \"steps_run\": 40, \"total_train_time_sec\": 0.15506792068481445}",
  "mode": "uncertainty_benchmark",
  "model_class": "MERCHeadClassEnergy",
  "model_name": "merc_energy",
  "noisy_accuracy": 0.421875,
  "noisy_brier": 0.6670737266540527,
  "noisy_confidence_mean": 0.4950655996799469,
  "noisy_conflict_resistance_corr": -2.87248951735819e-07,
  "noisy_conflict_score_mean": 0.7121862769126892,
  "noisy_ece": 0.20290091633796692,
  "noisy_nll": 1.3442459106445312,
  "noisy_positive_resistance_mean": 0.4882066547870636,
  "noisy_resistance_noise_corr": NaN,
  "noisy_resistance_occlusion_corr": NaN,
  "noisy_risk_at_100_coverage": 0.578125,
  "noisy_risk_at_50_coverage": 0.1875,
  "noisy_risk_at_70_coverage": 0.4055555462837219,
  "noisy_risk_at_80_coverage": 0.47317075729370117,
  "noisy_risk_at_90_coverage": 0.5324675440788269,
  "noisy_score_name": "positive_resistance",
  "noisy_selective_aurc": 0.225330650806427,
  "noisy_support_score_mean": 1.3585574626922607,
  "noisy_uncertainty_mean": 0.4882066547870636,
  "num_classes": 5,
  "num_params": 92222,
  "num_workers": 0,
  "occluded_accuracy": 0.37890625,
  "occluded_brier": 0.7189183235168457,
  "occluded_confidence_mean": 0.5763564109802246,
  "occluded_conflict_resistance_corr": 0.18537995219230652,
  "occluded_conflict_score_mean": 0.749268651008606,
  "occluded_ece": 0.20430094003677368,
  "occluded_nll": 1.432839035987854,
  "occluded_positive_resistance_mean": 0.526975154876709,
  "occluded_resistance_noise_corr": 9.492546126921297e-08,
  "occluded_resistance_occlusion_corr": 0.29227930307388306,
  "occluded_risk_at_100_coverage": 0.62109375,
  "occluded_risk_at_50_coverage": 0.25,
  "occluded_risk_at_70_coverage": 0.4611111283302307,
  "occluded_risk_at_80_coverage": 0.5268292427062988,
  "occluded_risk_at_90_coverage": 0.5800865888595581,
  "occluded_score_name": "positive_resistance",
  "occluded_selective_aurc": 0.2588534355163574,
  "occluded_support_score_mean": 1.3316296339035034,
  "occluded_uncertainty_mean": 0.526975154876709,
  "platform": "macOS-26.0-arm64-arm-64bit",
  "pooled_conflict_resistance_corr": 0.008052664808928967,
  "pooled_resistance_noise_corr": -0.055728938430547714,
  "pooled_resistance_occlusion_corr": 0.21761828660964966,
  "python_version": "3.12.12",
  "reason": "",
  "run_dir": "reports/uncertainty_resistance_benchmark/runs/20260427_013053_uncertainty_synthetic_shape_merc_energy_seed0",
  "run_id": "uncertainty_synthetic_shape_merc_energy_seed0",
  "seed": 0,
  "status": "COMPLETED",
  "steps_run": 40,
  "task_name": "image_uncertainty_selective_classification",
  "test_size": 256,
  "timestamp": "2026-04-27T01:30:53Z",
  "torch_version": "2.10.0",
  "torchvision_version": "unavailable",
  "total_train_time_sec": 0.15506792068481445,
  "train_size": 768,
  "trainable_params": 92222
}