{
  "batch_size": 8,
  "best_metric": 0.375,
  "completed_steps": 4,
  "cuda_available": false,
  "dataset_name": "SyntheticShapeEnergyDataset",
  "device": "cpu",
  "early_stop": false,
  "early_stop_step": "",
  "early_stop_triggered": false,
  "examples_per_sec": 871.2721229746572,
  "final_diagnostics": {
    "ambiguity_mean": 0.3896158039569855,
    "ambiguity_std": 0.3000483512878418,
    "ambiguity_weight_mean": 1.0,
    "ambiguity_weight_std": 0.0,
    "drive_mean": 0.009495612233877182,
    "drive_std": 0.3043024241924286,
    "energy_mean": -0.8643362522125244,
    "energy_std": 0.34725499153137207,
    "gate_activation_rate": 0.26890528202056885,
    "gate_mean": 0.26890528202056885,
    "gate_std": 0.0003547023225110024,
    "resistance_mean": 0.17365451157093048,
    "resistance_std": 0.452265202999115,
    "sample_uncertainty_mean": 0.6935311555862427,
    "sample_uncertainty_std": 0.0002587349445093423
  },
  "final_metric": 0.375,
  "final_train_accuracy": 0.375,
  "final_train_loss": 1.5766452550888062,
  "git_commit": "19568db",
  "grad_norm": 1.0367226600646973,
  "hostname": "BMW-Pro.local",
  "learning_rate": 0.001,
  "metrics_json": "{\"best_metric\": 0.375, \"completed_steps\": 4, \"early_stop_step\": \"\", \"early_stop_triggered\": false, \"examples_per_sec\": 871.2721229746572, \"final_diagnostics\": {\"ambiguity_mean\": 0.3896158039569855, \"ambiguity_std\": 0.3000483512878418, \"ambiguity_weight_mean\": 1.0, \"ambiguity_weight_std\": 0.0, \"drive_mean\": 0.009495612233877182, \"drive_std\": 0.3043024241924286, \"energy_mean\": -0.8643362522125244, \"energy_std\": 0.34725499153137207, \"gate_activation_rate\": 0.26890528202056885, \"gate_mean\": 0.26890528202056885, \"gate_std\": 0.0003547023225110024, \"resistance_mean\": 0.17365451157093048, \"resistance_std\": 0.452265202999115, \"sample_uncertainty_mean\": 0.6935311555862427, \"sample_uncertainty_std\": 0.0002587349445093423}, \"final_metric\": 0.375, \"final_train_accuracy\": 0.375, \"final_train_loss\": 1.5766452550888062, \"grad_norm\": 1.0367226600646973, \"learning_rate\": 0.001, \"peak_memory_mb\": 0.0, \"resistance_noise_corr\": 0.10076296329498291, \"resistance_occlusion_corr\": 0.3822477161884308, \"step\": 4, \"step_time_sec\": 0.009181976318359375, \"top1_accuracy\": 0.375, \"top5_accuracy\": 1.0, \"total_train_time_sec\": 0.05401015281677246, \"train_accuracy\": 0.375, \"train_loss\": 1.5766452550888062, \"wall_clock_time_sec\": 0.05343484878540039}",
  "min_delta": 0.0001,
  "mode": "smoke",
  "model_name": "cnn_eml",
  "num_params": 162644,
  "num_workers": 0,
  "patience": 20,
  "peak_memory_mb": 0.0,
  "platform": "macOS-26.0-arm64-arm-64bit",
  "python_version": "3.12.12",
  "reason": "",
  "resistance_noise_corr": 0.10076296329498291,
  "resistance_occlusion_corr": 0.3822477161884308,
  "run_dir": "reports/runs/stabilization_smoke/20260424_074857_smoke_image_cnn_eml_baseline",
  "run_id": "smoke_image_cnn_eml_baseline",
  "seed": 0,
  "status": "COMPLETED",
  "step": 4,
  "step_time_sec": 0.009181976318359375,
  "steps": 4,
  "task_name": "image_synthetic",
  "timestamp": "2026-04-24T07:48:57Z",
  "top1_accuracy": 0.375,
  "top5_accuracy": 1.0,
  "torch_version": "2.10.0",
  "torchvision_version": "unavailable",
  "total_train_time_sec": 0.05401015281677246,
  "train_accuracy": 0.375,
  "train_loss": 1.5766452550888062,
  "trainable_params": 162644,
  "wall_clock_time_sec": 0.05343484878540039,
  "warmup_enabled": true
}