{
  "batch_size": 64,
  "best_metric": 0.98046875,
  "best_step": 50,
  "clean_accuracy": 0.9921875,
  "clean_brier": 0.0227949321269989,
  "clean_confidence_mean": 0.9314186573028564,
  "clean_ece": 0.06469923257827759,
  "clean_nll": 0.08482781797647476,
  "clean_risk_at_100_coverage": 0.0078125,
  "clean_risk_at_50_coverage": 0.0,
  "clean_risk_at_70_coverage": 0.0,
  "clean_risk_at_80_coverage": 0.0,
  "clean_risk_at_90_coverage": 0.0,
  "clean_score_name": "one_minus_confidence",
  "clean_selective_aurc": 0.00015834567602723837,
  "clean_uncertainty_mean": 0.06858137995004654,
  "clean_vs_noisy_auroc": 0.5540288090705872,
  "clean_vs_occluded_auroc": 0.6169636845588684,
  "condition_metrics_path": "reports/uncertainty_remote_20260424_175558/runs/20260424_095515_uncertainty_synthetic_shape_mlp_seed0/uncertainty_eval.pt",
  "cuda_available": true,
  "dataset_name": "synthetic_shape",
  "device": "cuda",
  "early_stop_patience": 4,
  "early_stop_triggered": true,
  "experiment_type": "frozen_features_uncertainty",
  "feature_dim": 64,
  "final_metric": 0.9921875,
  "final_train_loss": 0.1343533843755722,
  "git_commit": "unknown",
  "hostname": "user-NF5468M6",
  "metrics_json": "{\"best_metric\": 0.98046875, \"best_step\": 50, \"clean_accuracy\": 0.9921875, \"clean_brier\": 0.0227949321269989, \"clean_confidence_mean\": 0.9314186573028564, \"clean_ece\": 0.06469923257827759, \"clean_nll\": 0.08482781797647476, \"clean_risk_at_100_coverage\": 0.0078125, \"clean_risk_at_50_coverage\": 0.0, \"clean_risk_at_70_coverage\": 0.0, \"clean_risk_at_80_coverage\": 0.0, \"clean_risk_at_90_coverage\": 0.0, \"clean_score_name\": \"one_minus_confidence\", \"clean_selective_aurc\": 0.00015834567602723837, \"clean_uncertainty_mean\": 0.06858137995004654, \"clean_vs_noisy_auroc\": 0.5540288090705872, \"clean_vs_occluded_auroc\": 0.6169636845588684, \"condition_metrics_path\": \"reports/uncertainty_remote_20260424_175558/runs/20260424_095515_uncertainty_synthetic_shape_mlp_seed0/uncertainty_eval.pt\", \"early_stop_patience\": 4, \"early_stop_triggered\": true, \"final_metric\": 0.9921875, \"final_train_loss\": 0.1343533843755722, \"noisy_accuracy\": 0.9521484375, \"noisy_brier\": 0.07344917953014374, \"noisy_confidence_mean\": 0.9087991714477539, \"noisy_ece\": 0.055925507098436356, \"noisy_nll\": 0.16825956106185913, \"noisy_risk_at_100_coverage\": 0.0478515625, \"noisy_risk_at_50_coverage\": 0.005859375, \"noisy_risk_at_70_coverage\": 0.008368194103240967, \"noisy_risk_at_80_coverage\": 0.007317066192626953, \"noisy_risk_at_90_coverage\": 0.010845959186553955, \"noisy_score_name\": \"one_minus_confidence\", \"noisy_selective_aurc\": 0.005669679958373308, \"noisy_uncertainty_mean\": 0.0912007987499237, \"occluded_accuracy\": 0.8740234375, \"occluded_brier\": 0.16305766999721527, \"occluded_confidence_mean\": 0.8534674644470215, \"occluded_ece\": 0.06437104940414429, \"occluded_nll\": 0.33672577142715454, \"occluded_risk_at_100_coverage\": 0.1259765625, \"occluded_risk_at_50_coverage\": 0.001953125, \"occluded_risk_at_70_coverage\": 0.004184126853942871, \"occluded_risk_at_80_coverage\": 0.014634132385253906, \"occluded_risk_at_90_coverage\": 0.06399130821228027, \"occluded_score_name\": \"one_minus_confidence\", \"occluded_selective_aurc\": 0.015108982101082802, \"occluded_uncertainty_mean\": 0.14653246104717255, \"steps_run\": 150, \"total_train_time_sec\": 0.8092026710510254}",
  "mode": "uncertainty_benchmark",
  "model_class": "MLPHead",
  "model_name": "mlp",
  "noisy_accuracy": 0.9521484375,
  "noisy_brier": 0.07344917953014374,
  "noisy_confidence_mean": 0.9087991714477539,
  "noisy_ece": 0.055925507098436356,
  "noisy_nll": 0.16825956106185913,
  "noisy_risk_at_100_coverage": 0.0478515625,
  "noisy_risk_at_50_coverage": 0.005859375,
  "noisy_risk_at_70_coverage": 0.008368194103240967,
  "noisy_risk_at_80_coverage": 0.007317066192626953,
  "noisy_risk_at_90_coverage": 0.010845959186553955,
  "noisy_score_name": "one_minus_confidence",
  "noisy_selective_aurc": 0.005669679958373308,
  "noisy_uncertainty_mean": 0.0912007987499237,
  "num_classes": 5,
  "num_params": 9093,
  "num_workers": 0,
  "occluded_accuracy": 0.8740234375,
  "occluded_brier": 0.16305766999721527,
  "occluded_confidence_mean": 0.8534674644470215,
  "occluded_ece": 0.06437104940414429,
  "occluded_nll": 0.33672577142715454,
  "occluded_risk_at_100_coverage": 0.1259765625,
  "occluded_risk_at_50_coverage": 0.001953125,
  "occluded_risk_at_70_coverage": 0.004184126853942871,
  "occluded_risk_at_80_coverage": 0.014634132385253906,
  "occluded_risk_at_90_coverage": 0.06399130821228027,
  "occluded_score_name": "one_minus_confidence",
  "occluded_selective_aurc": 0.015108982101082802,
  "occluded_uncertainty_mean": 0.14653246104717255,
  "platform": "Linux-5.4.0-216-generic-x86_64-with-glibc2.31",
  "python_version": "3.10.20",
  "reason": "",
  "run_dir": "reports/uncertainty_remote_20260424_175558/runs/20260424_095515_uncertainty_synthetic_shape_mlp_seed0",
  "run_id": "uncertainty_synthetic_shape_mlp_seed0",
  "seed": 0,
  "status": "COMPLETED",
  "steps_run": 150,
  "task_name": "image_uncertainty_selective_classification",
  "test_size": 1024,
  "timestamp": "2026-04-24T09:55:15Z",
  "torch_version": "2.7.1+cu118",
  "torchvision_version": "0.22.1+cu118",
  "total_train_time_sec": 0.8092026710510254,
  "train_size": 4096,
  "trainable_params": 9093
}