{
  "best_metric": 0.9853515625,
  "best_step": 300,
  "clean_accuracy": 0.9853515625,
  "clean_aurc": 0.002084146486595273,
  "clean_ece": 0.20182909071445465,
  "clean_resistance_noise_corr": 9.325202654508757e-08,
  "clean_resistance_occlusion_corr": NaN,
  "clean_vs_noisy_auroc": 0.7735109329223633,
  "clean_vs_occluded_auroc": 0.5519266128540039,
  "cuda_available": true,
  "dataset_name": "synthetic_shape_uncertainty",
  "device": "cuda",
  "early_stop_triggered": false,
  "final_metric": 0.9853515625,
  "git_commit": "0c0b3db",
  "hostname": "user-NF5468M6",
  "metrics_json": "{\"best_metric\": 0.9853515625, \"best_step\": 300, \"clean_accuracy\": 0.9853515625, \"clean_aurc\": 0.002084146486595273, \"clean_ece\": 0.20182909071445465, \"clean_resistance_noise_corr\": 9.325202654508757e-08, \"clean_resistance_occlusion_corr\": NaN, \"clean_vs_noisy_auroc\": 0.7735109329223633, \"clean_vs_occluded_auroc\": 0.5519266128540039, \"early_stop_triggered\": false, \"final_metric\": 0.9853515625, \"noisy_accuracy\": 0.9345703125, \"noisy_aurc\": 0.010637715458869934, \"noisy_ece\": 0.15520119667053223, \"noisy_resistance_noise_corr\": NaN, \"noisy_resistance_occlusion_corr\": NaN, \"occluded_accuracy\": 0.8232421875, \"occluded_aurc\": 0.03781276196241379, \"occluded_ece\": 0.12657353281974792, \"occluded_resistance_noise_corr\": 1.0342353817804906e-07, \"occluded_resistance_occlusion_corr\": 0.35429078340530396, \"steps_run\": 300, \"total_train_time_sec\": 28.9756863117218}",
  "mode": "medium",
  "model_name": "cnn_eml_supervised_resistance",
  "noisy_accuracy": 0.9345703125,
  "noisy_aurc": 0.010637715458869934,
  "noisy_ece": 0.15520119667053223,
  "noisy_resistance_noise_corr": NaN,
  "noisy_resistance_occlusion_corr": NaN,
  "occluded_accuracy": 0.8232421875,
  "occluded_aurc": 0.03781276196241379,
  "occluded_ece": 0.12657353281974792,
  "occluded_resistance_noise_corr": 1.0342353817804906e-07,
  "occluded_resistance_occlusion_corr": 0.35429078340530396,
  "platform": "Linux-5.4.0-216-generic-x86_64-with-glibc2.31",
  "python_version": "3.10.20",
  "reason": "",
  "run_dir": "reports/pluggable_primitive_real_20260427/end_to_end_runs/20260427_042217_uncertainty_e2e_synthetic_shape_uncertainty_cnn_eml_supervised_resistance_seed0",
  "run_id": "uncertainty_e2e_synthetic_shape_uncertainty_cnn_eml_supervised_resistance_seed0",
  "seed": 0,
  "status": "COMPLETED",
  "steps_run": 300,
  "task_name": "end_to_end_uncertainty",
  "timestamp": "2026-04-27T04:22:46Z",
  "torch_version": "2.7.1+cu118",
  "torchvision_version": "0.22.1+cu118",
  "total_train_time_sec": 28.9756863117218
}