{
  "batch_size": 16,
  "best_metric": 0.4375,
  "completed_steps": 50,
  "cuda_available": false,
  "dataset_name": "SyntheticShapeEnergyDataset",
  "device": "cpu",
  "early_stop": false,
  "early_stop_step": "",
  "early_stop_triggered": false,
  "examples_per_sec": 341.19623564343345,
  "final_diagnostics": {
    "ambiguity_mean": -0.8189253807067871,
    "ambiguity_std": 0.25687336921691895,
    "ambiguity_weight_mean": 1.0,
    "ambiguity_weight_std": 0.0,
    "attractor_activation_mean": 0.9327348470687866,
    "attractor_activation_std": 0.0002840813831426203,
    "attractor_diversity": 0.40413352847099304,
    "drive_mean": -0.05132798105478287,
    "drive_std": 0.06536827981472015,
    "energy_mean": -0.2528257668018341,
    "energy_std": 0.024747123941779137,
    "null_weight_mean": 0.1618807315826416,
    "null_weight_std": 0.04579005762934685,
    "prototype_diversity_penalty_mean": 0.029467757791280746,
    "prototype_diversity_penalty_std": 0.0,
    "resistance_mean": 1.3749257326126099,
    "resistance_std": 0.1281002312898636,
    "sample_uncertainty_mean": 0.7013519406318665,
    "sample_uncertainty_std": 2.107342389479072e-08,
    "update_gate_mean": 0.08960206061601639,
    "update_gate_std": 0.004553213715553284,
    "update_strength_mean": 0.8525452017784119,
    "update_strength_std": 0.03869788348674774
  },
  "final_metric": 0.1875,
  "final_train_accuracy": 0.1875,
  "final_train_loss": 1.6025313138961792,
  "git_commit": "19568db",
  "grad_norm": 0.47121816873550415,
  "hostname": "BMW-Pro.local",
  "learning_rate": 0.001,
  "metrics_json": "{\"best_metric\": 0.4375, \"completed_steps\": 50, \"early_stop_step\": \"\", \"early_stop_triggered\": false, \"examples_per_sec\": 341.19623564343345, \"final_diagnostics\": {\"ambiguity_mean\": -0.8189253807067871, \"ambiguity_std\": 0.25687336921691895, \"ambiguity_weight_mean\": 1.0, \"ambiguity_weight_std\": 0.0, \"attractor_activation_mean\": 0.9327348470687866, \"attractor_activation_std\": 0.0002840813831426203, \"attractor_diversity\": 0.40413352847099304, \"drive_mean\": -0.05132798105478287, \"drive_std\": 0.06536827981472015, \"energy_mean\": -0.2528257668018341, \"energy_std\": 0.024747123941779137, \"null_weight_mean\": 0.1618807315826416, \"null_weight_std\": 0.04579005762934685, \"prototype_diversity_penalty_mean\": 0.029467757791280746, \"prototype_diversity_penalty_std\": 0.0, \"resistance_mean\": 1.3749257326126099, \"resistance_std\": 0.1281002312898636, \"sample_uncertainty_mean\": 0.7013519406318665, \"sample_uncertainty_std\": 2.107342389479072e-08, \"update_gate_mean\": 0.08960206061601639, \"update_gate_std\": 0.004553213715553284, \"update_strength_mean\": 0.8525452017784119, \"update_strength_std\": 0.03869788348674774}, \"final_metric\": 0.1875, \"final_train_accuracy\": 0.1875, \"final_train_loss\": 1.6025313138961792, \"grad_norm\": 0.47121816873550415, \"learning_rate\": 0.001, \"peak_memory_mb\": 0.0, \"resistance_noise_corr\": -0.6398693919181824, \"resistance_occlusion_corr\": NaN, \"step\": 50, \"step_time_sec\": 0.04689383506774902, \"top1_accuracy\": 0.1875, \"top5_accuracy\": 1.0, \"total_train_time_sec\": 2.8224358558654785, \"train_accuracy\": 0.1875, \"train_loss\": 1.6025313138961792, \"wall_clock_time_sec\": 2.8194591999053955}",
  "min_delta": 0.0001,
  "mode": "ablation",
  "model_name": "EfficientEMLImageClassifier_no_warmup",
  "num_params": 115573,
  "num_workers": 0,
  "patience": 20,
  "peak_memory_mb": 0.0,
  "platform": "macOS-26.0-arm64-arm-64bit",
  "python_version": "3.12.12",
  "reason": "",
  "resistance_noise_corr": -0.6398693919181824,
  "resistance_occlusion_corr": NaN,
  "run_dir": "reports/runs/stabilization_ablation_cpu_20260424_155136/20260424_075153_ablation_image_eff_no_warmup",
  "run_id": "ablation_image_eff_no_warmup",
  "seed": 36,
  "status": "COMPLETED",
  "step": 50,
  "step_time_sec": 0.04689383506774902,
  "steps": 50,
  "task_name": "image_synthetic",
  "timestamp": "2026-04-24T07:51:56Z",
  "top1_accuracy": 0.1875,
  "top5_accuracy": 1.0,
  "torch_version": "2.10.0",
  "torchvision_version": "unavailable",
  "total_train_time_sec": 2.8224358558654785,
  "train_accuracy": 0.1875,
  "train_loss": 1.6025313138961792,
  "trainable_params": 115573,
  "wall_clock_time_sec": 2.8194591999053955,
  "warmup_enabled": false
}