{
  "batch_size": 64,
  "best_metric": 0.4453125,
  "best_step": 300,
  "best_val_accuracy": 0.4453125,
  "cuda_available": true,
  "dataset_name": "cifar10",
  "device": "cuda",
  "experiment_type": "end_to_end",
  "feature_dim": 64,
  "final_metric": 0.396484375,
  "final_train_accuracy": 0.4375,
  "final_train_loss": 1.5418157577514648,
  "git_commit": "unknown",
  "head_name": "eml_centered_ambiguity",
  "hostname": "user-NF5468M6",
  "loss_mode": "ce_pairwise",
  "lr": 0.001,
  "metrics_json": "{\"best_metric\": 0.4453125, \"best_step\": 300, \"best_val_accuracy\": 0.4453125, \"final_metric\": 0.396484375, \"final_train_accuracy\": 0.4375, \"final_train_loss\": 1.5418157577514648, \"test_accuracy\": 0.396484375, \"test_ambiguity_mean\": 0.9725280404090881, \"test_brier\": 0.7228061556816101, \"test_class_resistance_mean\": 0.20054717361927032, \"test_ece\": 0.05516546964645386, \"test_hard_negative_drive_mean\": 6.094333648681641, \"test_hard_negative_logit_mean\": 2.170121908187866, \"test_hard_negative_resistance_mean\": 0.8341609239578247, \"test_loss\": 1.617329478263855, \"test_margin_mean\": -0.46497052907943726, \"test_nll\": 1.617329478263855, \"test_positive_drive_mean\": 4.796611309051514, \"test_positive_logit_mean\": 1.7051514387130737, \"test_positive_resistance_mean\": 0.901242196559906, \"test_resistance_noise_corr\": NaN, \"test_resistance_occlusion_corr\": NaN, \"test_sample_uncertainty_mean\": 0.0011885907733812928, \"total_train_time_sec\": 11.675773620605469, \"val_accuracy\": 0.4453125, \"val_ambiguity_mean\": 0.9580799341201782, \"val_brier\": 0.6985289454460144, \"val_class_resistance_mean\": 0.20054717361927032, \"val_ece\": 0.05032314732670784, \"val_hard_negative_drive_mean\": 5.934659004211426, \"val_hard_negative_logit_mean\": 2.1247968673706055, \"val_hard_negative_resistance_mean\": 0.8680339455604553, \"val_loss\": 1.57390296459198, \"val_margin_mean\": -0.36466822028160095, \"val_nll\": 1.57390296459198, \"val_positive_drive_mean\": 4.8739237785339355, \"val_positive_logit_mean\": 1.7601287364959717, \"val_positive_resistance_mean\": 0.8487978577613831, \"val_resistance_noise_corr\": NaN, \"val_resistance_occlusion_corr\": NaN, \"val_sample_uncertainty_mean\": 0.0011179577559232712}",
  "mode": "head_ablation",
  "model_class": "CNNHeadModel",
  "model_name": "eml_centered_ambiguity",
  "num_classes": 10,
  "num_params": 167233,
  "pairwise_margin": 0.0,
  "pairwise_weight": 0.05,
  "platform": "Linux-5.4.0-216-generic-x86_64-with-glibc2.31",
  "python_version": "3.10.20",
  "reason": "",
  "run_dir": "reports/real_cifar_20260424_165937/runs/20260424_090425_e2e_cifar10_eml_centered_ambiguity_ce_pairwise_seed1",
  "run_id": "e2e_cifar10_eml_centered_ambiguity_ce_pairwise_seed1",
  "seed": 1,
  "status": "COMPLETED",
  "steps": 300,
  "task_name": "image_classification",
  "test_accuracy": 0.396484375,
  "test_ambiguity_mean": 0.9725280404090881,
  "test_brier": 0.7228061556816101,
  "test_class_resistance_mean": 0.20054717361927032,
  "test_ece": 0.05516546964645386,
  "test_hard_negative_drive_mean": 6.094333648681641,
  "test_hard_negative_logit_mean": 2.170121908187866,
  "test_hard_negative_resistance_mean": 0.8341609239578247,
  "test_loss": 1.617329478263855,
  "test_margin_mean": -0.46497052907943726,
  "test_nll": 1.617329478263855,
  "test_positive_drive_mean": 4.796611309051514,
  "test_positive_logit_mean": 1.7051514387130737,
  "test_positive_resistance_mean": 0.901242196559906,
  "test_resistance_noise_corr": NaN,
  "test_resistance_occlusion_corr": NaN,
  "test_sample_uncertainty_mean": 0.0011885907733812928,
  "timestamp": "2026-04-24T09:04:37Z",
  "torch_version": "2.7.1+cu118",
  "torchvision_version": "0.22.1+cu118",
  "total_train_time_sec": 11.675773620605469,
  "trainable_params": 167233,
  "use_eml_residual_bank": false,
  "val_accuracy": 0.4453125,
  "val_ambiguity_mean": 0.9580799341201782,
  "val_brier": 0.6985289454460144,
  "val_class_resistance_mean": 0.20054717361927032,
  "val_ece": 0.05032314732670784,
  "val_hard_negative_drive_mean": 5.934659004211426,
  "val_hard_negative_logit_mean": 2.1247968673706055,
  "val_hard_negative_resistance_mean": 0.8680339455604553,
  "val_loss": 1.57390296459198,
  "val_margin_mean": -0.36466822028160095,
  "val_nll": 1.57390296459198,
  "val_positive_drive_mean": 4.8739237785339355,
  "val_positive_logit_mean": 1.7601287364959717,
  "val_positive_resistance_mean": 0.8487978577613831,
  "val_resistance_noise_corr": NaN,
  "val_resistance_occlusion_corr": NaN,
  "val_sample_uncertainty_mean": 0.0011179577559232712
}