{
  "ambiguity_weight": NaN,
  "attractor_entropy_weight": NaN,
  "batch_size": 8,
  "best_metric": 0.25,
  "completed_steps": 4,
  "cuda_available": false,
  "dataset_name": "SyntheticShapeEnergyDataset",
  "device": "cpu",
  "early_stop": false,
  "early_stop_step": "",
  "early_stop_triggered": false,
  "examples_per_sec": 350.76763537528745,
  "final_diagnostics": {
    "ambiguity_mean": 0.5958076119422913,
    "ambiguity_std": 0.21113711595535278,
    "ambiguity_weight_mean": 1.0,
    "ambiguity_weight_std": 0.0,
    "attractor_activation_mean": 0.9341349601745605,
    "attractor_activation_std": 4.976849595550448e-05,
    "attractor_diversity": 0.02571919560432434,
    "drive_mean": 0.010365833528339863,
    "drive_std": 0.05602579563856125,
    "energy_mean": -0.23617950081825256,
    "energy_std": 0.027002373710274696,
    "null_weight_mean": 0.15946896374225616,
    "null_weight_std": 0.04508346691727638,
    "prototype_diversity_penalty_mean": 0.014424851164221764,
    "prototype_diversity_penalty_std": 0.0,
    "resistance_mean": 1.3623418807983398,
    "resistance_std": 0.11854895204305649,
    "sample_uncertainty_mean": 0.693289041519165,
    "sample_uncertainty_std": 0.0,
    "update_gate_mean": 0.09138719737529755,
    "update_gate_std": 0.004686705768108368,
    "update_strength_mean": 0.8546326160430908,
    "update_strength_std": 0.03829849883913994
  },
  "final_metric": 0.0,
  "final_train_accuracy": 0.0,
  "final_train_loss": 1.6259803771972656,
  "git_commit": "19568db",
  "grad_norm": 5.142848491668701,
  "hostname": "BMW-Pro.local",
  "learning_rate": 0.001,
  "metrics_json": "{\"ambiguity_weight\": NaN, \"attractor_entropy_weight\": NaN, \"best_metric\": 0.25, \"completed_steps\": 4, \"early_stop_step\": \"\", \"early_stop_triggered\": false, \"examples_per_sec\": 350.76763537528745, \"final_diagnostics\": {\"ambiguity_mean\": 0.5958076119422913, \"ambiguity_std\": 0.21113711595535278, \"ambiguity_weight_mean\": 1.0, \"ambiguity_weight_std\": 0.0, \"attractor_activation_mean\": 0.9341349601745605, \"attractor_activation_std\": 4.976849595550448e-05, \"attractor_diversity\": 0.02571919560432434, \"drive_mean\": 0.010365833528339863, \"drive_std\": 0.05602579563856125, \"energy_mean\": -0.23617950081825256, \"energy_std\": 0.027002373710274696, \"null_weight_mean\": 0.15946896374225616, \"null_weight_std\": 0.04508346691727638, \"prototype_diversity_penalty_mean\": 0.014424851164221764, \"prototype_diversity_penalty_std\": 0.0, \"resistance_mean\": 1.3623418807983398, \"resistance_std\": 0.11854895204305649, \"sample_uncertainty_mean\": 0.693289041519165, \"sample_uncertainty_std\": 0.0, \"update_gate_mean\": 0.09138719737529755, \"update_gate_std\": 0.004686705768108368, \"update_strength_mean\": 0.8546326160430908, \"update_strength_std\": 0.03829849883913994}, \"final_metric\": 0.0, \"final_train_accuracy\": 0.0, \"final_train_loss\": 1.6259803771972656, \"grad_norm\": 5.142848491668701, \"learning_rate\": 0.001, \"null_threshold\": NaN, \"peak_memory_mb\": 0.0, \"precision_update_threshold\": NaN, \"resistance_noise_corr\": -0.5570343136787415, \"resistance_occlusion_corr\": 0.41565531492233276, \"responsibility_temperature\": NaN, \"step\": 4, \"step_time_sec\": 0.02280712127685547, \"top1_accuracy\": 0.0, \"top5_accuracy\": 1.0, \"total_train_time_sec\": 0.10264801979064941, \"train_accuracy\": 0.0, \"train_loss\": 1.6259803771972656, \"wall_clock_time_sec\": 0.10194993019104004, \"warmup_eta\": 1.0}",
  "min_delta": 0.0001,
  "mode": "smoke",
  "model_name": "EfficientEMLImageClassifier_baseline",
  "null_threshold": NaN,
  "num_params": 115573,
  "num_workers": 0,
  "patience": 20,
  "peak_memory_mb": 0.0,
  "platform": "macOS-26.0-arm64-arm-64bit",
  "precision_update_threshold": NaN,
  "python_version": "3.12.12",
  "reason": "",
  "resistance_noise_corr": -0.5570343136787415,
  "resistance_occlusion_corr": 0.41565531492233276,
  "responsibility_temperature": NaN,
  "run_dir": "reports/image_representation_ablation/runs/20260424_085159_efficient_baseline_seed1",
  "run_id": "efficient_baseline_seed1",
  "seed": 1,
  "status": "COMPLETED",
  "step": 4,
  "step_time_sec": 0.02280712127685547,
  "steps": 4,
  "task_name": "image_synthetic",
  "timestamp": "2026-04-24T08:51:59Z",
  "top1_accuracy": 0.0,
  "top5_accuracy": 1.0,
  "torch_version": "2.10.0",
  "torchvision_version": "unavailable",
  "total_train_time_sec": 0.10264801979064941,
  "train_accuracy": 0.0,
  "train_loss": 1.6259803771972656,
  "trainable_params": 115573,
  "wall_clock_time_sec": 0.10194993019104004,
  "warmup_enabled": true,
  "warmup_eta": 1.0
}