{
  "batch_size": 256,
  "best_eval_accuracy": 0.6966796875,
  "best_metric": 0.6966796875,
  "completed_steps": 800,
  "cuda_available": true,
  "dataset_name": "CIFAR10",
  "device": "cuda",
  "early_stop": true,
  "early_stop_step": "",
  "early_stop_triggered": false,
  "eval_batches": 20,
  "examples_per_sec": 16892.29475803914,
  "final_diagnostics": {
    "drive_mean": -1.0910422801971436,
    "drive_std": 2.735786199569702,
    "energy_mean": -0.9118245840072632,
    "energy_std": 0.6655704975128174,
    "gate_activation_rate": 0.27363723516464233,
    "gate_mean": 0.27363723516464233,
    "gate_std": 0.10244980454444885,
    "resistance_mean": 2.373922824859619,
    "resistance_std": 2.847649335861206,
    "sample_uncertainty_mean": 0.0018444131128489971,
    "sample_uncertainty_std": 0.0011967691825702786
  },
  "final_metric": 0.6966796875,
  "final_train_accuracy": 0.71484375,
  "final_train_loss": 0.8466355204582214,
  "git_commit": "ae26ee9",
  "grad_norm": 2.838660955429077,
  "hostname": "user-NF5468M6",
  "learning_rate": 0.001,
  "metrics_json": "{\"best_eval_accuracy\": 0.6966796875, \"best_metric\": 0.6966796875, \"completed_steps\": 800, \"early_stop_step\": \"\", \"early_stop_triggered\": false, \"examples_per_sec\": 16892.29475803914, \"final_diagnostics\": {\"drive_mean\": -1.0910422801971436, \"drive_std\": 2.735786199569702, \"energy_mean\": -0.9118245840072632, \"energy_std\": 0.6655704975128174, \"gate_activation_rate\": 0.27363723516464233, \"gate_mean\": 0.27363723516464233, \"gate_std\": 0.10244980454444885, \"resistance_mean\": 2.373922824859619, \"resistance_std\": 2.847649335861206, \"sample_uncertainty_mean\": 0.0018444131128489971, \"sample_uncertainty_std\": 0.0011967691825702786}, \"final_metric\": 0.6966796875, \"final_train_accuracy\": 0.71484375, \"final_train_loss\": 0.8466355204582214, \"grad_norm\": 2.838660955429077, \"learning_rate\": 0.001, \"peak_memory_mb\": 446.22802734375, \"step\": 800, \"step_time_sec\": 0.015152931213378906, \"test_accuracy\": 0.6966796875, \"test_loss\": 0.9389903455972671, \"top1_accuracy\": 0.71484375, \"total_train_time_sec\": 53.06012463569641, \"train_accuracy\": 0.71484375, \"train_loss\": 0.8466355204582214, \"val_accuracy\": 0.6966796875, \"val_loss\": 0.9389903455972671, \"wall_clock_time_sec\": 52.815383434295654}",
  "min_delta": 0.001,
  "mode": "cifar-medium",
  "model_name": "cnn_eml",
  "num_params": 246117,
  "patience": 6,
  "peak_memory_mb": 446.22802734375,
  "platform": "Linux-5.4.0-216-generic-x86_64-with-glibc2.31",
  "python_version": "3.10.20",
  "reason": "",
  "run_dir": "reports/runs_server_ablation_20260424_150157/20260424_070351_cifar_cnn_eml",
  "run_id": "cifar_cnn_eml",
  "seed": 0,
  "status": "COMPLETED",
  "step": 800,
  "step_time_sec": 0.015152931213378906,
  "steps": 800,
  "task_name": "image_cifar",
  "test_accuracy": 0.6966796875,
  "test_loss": 0.9389903455972671,
  "timestamp": "2026-04-24T07:04:47Z",
  "top1_accuracy": 0.71484375,
  "torch_version": "2.7.1+cu118",
  "torchvision_version": "0.22.1+cu118",
  "total_train_time_sec": 53.06012463569641,
  "train_accuracy": 0.71484375,
  "train_loss": 0.8466355204582214,
  "trainable_params": 246117,
  "val_accuracy": 0.6966796875,
  "val_loss": 0.9389903455972671,
  "wall_clock_time_sec": 52.815383434295654
}