{
  "batch_size": 64,
  "best_metric": 0.400390625,
  "best_step": 200,
  "best_val_accuracy": 0.400390625,
  "cuda_available": true,
  "dataset_name": "cifar10",
  "device": "cuda",
  "experiment_type": "end_to_end",
  "feature_dim": 64,
  "final_metric": 0.45703125,
  "final_train_accuracy": 0.5,
  "final_train_loss": 1.433361530303955,
  "git_commit": "unknown",
  "head_name": "eml_centered_ambiguity",
  "hostname": "user-NF5468M6",
  "loss_mode": "ce",
  "lr": 0.001,
  "metrics_json": "{\"best_metric\": 0.400390625, \"best_step\": 200, \"best_val_accuracy\": 0.400390625, \"final_metric\": 0.45703125, \"final_train_accuracy\": 0.5, \"final_train_loss\": 1.433361530303955, \"test_accuracy\": 0.45703125, \"test_ambiguity_mean\": 1.1302947998046875, \"test_brier\": 0.7017819881439209, \"test_class_resistance_mean\": 0.20024769008159637, \"test_ece\": 0.08467037230730057, \"test_hard_negative_drive_mean\": 6.174637317657471, \"test_hard_negative_logit_mean\": 2.1863183975219727, \"test_hard_negative_resistance_mean\": 0.99640953540802, \"test_loss\": 1.6226415634155273, \"test_margin_mean\": -0.4238823652267456, \"test_nll\": 1.6226415634155273, \"test_positive_drive_mean\": 4.996784210205078, \"test_positive_logit_mean\": 1.762435793876648, \"test_positive_resistance_mean\": 0.9371939897537231, \"test_resistance_noise_corr\": NaN, \"test_resistance_occlusion_corr\": NaN, \"test_sample_uncertainty_mean\": 0.013619176112115383, \"total_train_time_sec\": 12.602163553237915, \"val_accuracy\": 0.390625, \"val_ambiguity_mean\": 1.109240174293518, \"val_brier\": 0.7276304364204407, \"val_class_resistance_mean\": 0.20024769008159637, \"val_ece\": 0.05423665791749954, \"val_hard_negative_drive_mean\": 6.352820873260498, \"val_hard_negative_logit_mean\": 2.2470788955688477, \"val_hard_negative_resistance_mean\": 0.9269277453422546, \"val_loss\": 1.645475149154663, \"val_margin_mean\": -0.49245214462280273, \"val_nll\": 1.645475149154663, \"val_positive_drive_mean\": 4.8968024253845215, \"val_positive_logit_mean\": 1.7546266317367554, \"val_positive_resistance_mean\": 0.9958743453025818, \"val_resistance_noise_corr\": NaN, \"val_resistance_occlusion_corr\": NaN, \"val_sample_uncertainty_mean\": 0.010358152911067009}",
  "mode": "head_ablation",
  "model_class": "CNNHeadModel",
  "model_name": "eml_bank_centered_ambiguity",
  "num_classes": 10,
  "num_params": 221443,
  "pairwise_margin": 0.0,
  "pairwise_weight": 0.0,
  "platform": "Linux-5.4.0-216-generic-x86_64-with-glibc2.31",
  "python_version": "3.10.20",
  "reason": "",
  "run_dir": "reports/real_cifar_20260424_165937/runs/20260424_090629_e2e_cifar10_eml_bank_centered_ambiguity_ce_seed2",
  "run_id": "e2e_cifar10_eml_bank_centered_ambiguity_ce_seed2",
  "seed": 2,
  "status": "COMPLETED",
  "steps": 300,
  "task_name": "image_classification",
  "test_accuracy": 0.45703125,
  "test_ambiguity_mean": 1.1302947998046875,
  "test_brier": 0.7017819881439209,
  "test_class_resistance_mean": 0.20024769008159637,
  "test_ece": 0.08467037230730057,
  "test_hard_negative_drive_mean": 6.174637317657471,
  "test_hard_negative_logit_mean": 2.1863183975219727,
  "test_hard_negative_resistance_mean": 0.99640953540802,
  "test_loss": 1.6226415634155273,
  "test_margin_mean": -0.4238823652267456,
  "test_nll": 1.6226415634155273,
  "test_positive_drive_mean": 4.996784210205078,
  "test_positive_logit_mean": 1.762435793876648,
  "test_positive_resistance_mean": 0.9371939897537231,
  "test_resistance_noise_corr": NaN,
  "test_resistance_occlusion_corr": NaN,
  "test_sample_uncertainty_mean": 0.013619176112115383,
  "timestamp": "2026-04-24T09:06:42Z",
  "torch_version": "2.7.1+cu118",
  "torchvision_version": "0.22.1+cu118",
  "total_train_time_sec": 12.602163553237915,
  "trainable_params": 221443,
  "use_eml_residual_bank": true,
  "val_accuracy": 0.390625,
  "val_ambiguity_mean": 1.109240174293518,
  "val_brier": 0.7276304364204407,
  "val_class_resistance_mean": 0.20024769008159637,
  "val_ece": 0.05423665791749954,
  "val_hard_negative_drive_mean": 6.352820873260498,
  "val_hard_negative_logit_mean": 2.2470788955688477,
  "val_hard_negative_resistance_mean": 0.9269277453422546,
  "val_loss": 1.645475149154663,
  "val_margin_mean": -0.49245214462280273,
  "val_nll": 1.645475149154663,
  "val_positive_drive_mean": 4.8968024253845215,
  "val_positive_logit_mean": 1.7546266317367554,
  "val_positive_resistance_mean": 0.9958743453025818,
  "val_resistance_noise_corr": NaN,
  "val_resistance_occlusion_corr": NaN,
  "val_sample_uncertainty_mean": 0.010358152911067009
}