{
  "backbone_steps": 40,
  "batch_size": 32,
  "best_metric": 0.3515625,
  "best_step": 40,
  "clean_accuracy": 0.375,
  "clean_brier": 0.7467908263206482,
  "clean_confidence_mean": 0.2502666711807251,
  "clean_ece": 0.1247333213686943,
  "clean_nll": 1.486222743988037,
  "clean_risk_at_100_coverage": 0.625,
  "clean_risk_at_50_coverage": 0.4375,
  "clean_risk_at_70_coverage": 0.5444444417953491,
  "clean_risk_at_80_coverage": 0.5631067752838135,
  "clean_risk_at_90_coverage": 0.6034482717514038,
  "clean_score_name": "one_minus_confidence",
  "clean_selective_aurc": 0.356486439704895,
  "clean_uncertainty_mean": 0.7497333288192749,
  "clean_vs_noisy_auroc": 0.462188720703125,
  "clean_vs_occluded_auroc": 0.388824462890625,
  "condition_metrics_path": "reports/pluggable_primitive_smoke/frozen_runs/20260427_035713_uncertainty_synthetic_shape_linear_seed1/uncertainty_eval.pt",
  "cuda_available": false,
  "dataset_name": "synthetic_shape",
  "device": "cpu",
  "early_stop_min_evals": 2,
  "early_stop_patience": 4,
  "early_stop_triggered": false,
  "eval_interval": 10,
  "experiment_type": "frozen_features_uncertainty",
  "feature_dim": 64,
  "final_metric": 0.375,
  "final_train_loss": 1.498095989227295,
  "git_commit": "e445378",
  "head_steps": 40,
  "hostname": "Mac",
  "metrics_json": "{\"best_metric\": 0.3515625, \"best_step\": 40, \"clean_accuracy\": 0.375, \"clean_brier\": 0.7467908263206482, \"clean_confidence_mean\": 0.2502666711807251, \"clean_ece\": 0.1247333213686943, \"clean_nll\": 1.486222743988037, \"clean_risk_at_100_coverage\": 0.625, \"clean_risk_at_50_coverage\": 0.4375, \"clean_risk_at_70_coverage\": 0.5444444417953491, \"clean_risk_at_80_coverage\": 0.5631067752838135, \"clean_risk_at_90_coverage\": 0.6034482717514038, \"clean_score_name\": \"one_minus_confidence\", \"clean_selective_aurc\": 0.356486439704895, \"clean_uncertainty_mean\": 0.7497333288192749, \"clean_vs_noisy_auroc\": 0.462188720703125, \"clean_vs_occluded_auroc\": 0.388824462890625, \"condition_metrics_path\": \"reports/pluggable_primitive_smoke/frozen_runs/20260427_035713_uncertainty_synthetic_shape_linear_seed1/uncertainty_eval.pt\", \"early_stop_patience\": 4, \"early_stop_triggered\": false, \"final_metric\": 0.375, \"final_train_loss\": 1.498095989227295, \"noisy_accuracy\": 0.3671875, \"noisy_brier\": 0.756641149520874, \"noisy_confidence_mean\": 0.24969235062599182, \"noisy_ece\": 0.16539183259010315, \"noisy_nll\": 1.5079466104507446, \"noisy_risk_at_100_coverage\": 0.6328125, \"noisy_risk_at_50_coverage\": 0.421875, \"noisy_risk_at_70_coverage\": 0.5444444417953491, \"noisy_risk_at_80_coverage\": 0.5756097435951233, \"noisy_risk_at_90_coverage\": 0.6103895902633667, \"noisy_score_name\": \"one_minus_confidence\", \"noisy_selective_aurc\": 0.357195645570755, \"noisy_uncertainty_mean\": 0.7503076791763306, \"occluded_accuracy\": 0.38671875, \"occluded_brier\": 0.7483813762664795, \"occluded_confidence_mean\": 0.25874412059783936, \"occluded_ece\": 0.1945921927690506, \"occluded_nll\": 1.4909416437149048, \"occluded_risk_at_100_coverage\": 0.61328125, \"occluded_risk_at_50_coverage\": 0.4375, \"occluded_risk_at_70_coverage\": 0.5444444417953491, \"occluded_risk_at_80_coverage\": 0.585365891456604, \"occluded_risk_at_90_coverage\": 0.5930736064910889, \"occluded_score_name\": \"one_minus_confidence\", \"occluded_selective_aurc\": 0.3533226549625397, \"occluded_uncertainty_mean\": 0.7412558794021606, \"steps_run\": 40, \"total_train_time_sec\": 0.05334591865539551}",
  "mode": "uncertainty_benchmark",
  "model_class": "LinearHead",
  "model_name": "linear",
  "noisy_accuracy": 0.3671875,
  "noisy_brier": 0.756641149520874,
  "noisy_confidence_mean": 0.24969235062599182,
  "noisy_ece": 0.16539183259010315,
  "noisy_nll": 1.5079466104507446,
  "noisy_risk_at_100_coverage": 0.6328125,
  "noisy_risk_at_50_coverage": 0.421875,
  "noisy_risk_at_70_coverage": 0.5444444417953491,
  "noisy_risk_at_80_coverage": 0.5756097435951233,
  "noisy_risk_at_90_coverage": 0.6103895902633667,
  "noisy_score_name": "one_minus_confidence",
  "noisy_selective_aurc": 0.357195645570755,
  "noisy_uncertainty_mean": 0.7503076791763306,
  "num_classes": 5,
  "num_params": 325,
  "num_workers": 0,
  "occluded_accuracy": 0.38671875,
  "occluded_brier": 0.7483813762664795,
  "occluded_confidence_mean": 0.25874412059783936,
  "occluded_ece": 0.1945921927690506,
  "occluded_nll": 1.4909416437149048,
  "occluded_risk_at_100_coverage": 0.61328125,
  "occluded_risk_at_50_coverage": 0.4375,
  "occluded_risk_at_70_coverage": 0.5444444417953491,
  "occluded_risk_at_80_coverage": 0.585365891456604,
  "occluded_risk_at_90_coverage": 0.5930736064910889,
  "occluded_score_name": "one_minus_confidence",
  "occluded_selective_aurc": 0.3533226549625397,
  "occluded_uncertainty_mean": 0.7412558794021606,
  "platform": "macOS-26.0-arm64-arm-64bit",
  "python_version": "3.12.12",
  "reason": "",
  "run_dir": "reports/pluggable_primitive_smoke/frozen_runs/20260427_035713_uncertainty_synthetic_shape_linear_seed1",
  "run_id": "uncertainty_synthetic_shape_linear_seed1",
  "seed": 1,
  "selected_heads": [
    "linear",
    "mlp",
    "cosine_prototype",
    "eml_no_ambiguity",
    "eml_centered_ambiguity",
    "eml_supervised_resistance",
    "merc_linear",
    "merc_energy"
  ],
  "status": "COMPLETED",
  "steps_run": 40,
  "task_name": "image_uncertainty_selective_classification",
  "test_size": 256,
  "timestamp": "2026-04-27T03:57:13Z",
  "torch_version": "2.10.0",
  "torchvision_version": "unavailable",
  "total_train_time_sec": 0.05334591865539551,
  "train_size": 768,
  "trainable_params": 325
}