{
  "batch_size": 64,
  "best_metric": 0.98828125,
  "best_step": 50,
  "clean_accuracy": 0.9947916865348816,
  "clean_brier": 0.009206256829202175,
  "clean_confidence_mean": 0.9821402430534363,
  "clean_ece": 0.015530387870967388,
  "clean_nll": 0.032529499381780624,
  "clean_risk_at_100_coverage": 0.005208313465118408,
  "clean_risk_at_50_coverage": 0.0,
  "clean_risk_at_70_coverage": 0.0,
  "clean_risk_at_80_coverage": 0.0,
  "clean_risk_at_90_coverage": 0.0014451146125793457,
  "clean_score_name": "one_minus_confidence",
  "clean_selective_aurc": 0.0002467804588377476,
  "clean_uncertainty_mean": 0.017859740182757378,
  "clean_vs_noisy_auroc": 0.6058680415153503,
  "clean_vs_occluded_auroc": 0.6293385624885559,
  "condition_metrics_path": "reports/uncertainty_remote_20260424_175558/runs/20260424_095607_uncertainty_synthetic_shape_mlp_seed2/uncertainty_eval.pt",
  "cuda_available": true,
  "dataset_name": "synthetic_shape",
  "device": "cuda",
  "early_stop_patience": 4,
  "early_stop_triggered": true,
  "experiment_type": "frozen_features_uncertainty",
  "feature_dim": 64,
  "final_metric": 0.9947916865348816,
  "final_train_loss": 0.06614027917385101,
  "git_commit": "unknown",
  "hostname": "user-NF5468M6",
  "metrics_json": "{\"best_metric\": 0.98828125, \"best_step\": 50, \"clean_accuracy\": 0.9947916865348816, \"clean_brier\": 0.009206256829202175, \"clean_confidence_mean\": 0.9821402430534363, \"clean_ece\": 0.015530387870967388, \"clean_nll\": 0.032529499381780624, \"clean_risk_at_100_coverage\": 0.005208313465118408, \"clean_risk_at_50_coverage\": 0.0, \"clean_risk_at_70_coverage\": 0.0, \"clean_risk_at_80_coverage\": 0.0, \"clean_risk_at_90_coverage\": 0.0014451146125793457, \"clean_score_name\": \"one_minus_confidence\", \"clean_selective_aurc\": 0.0002467804588377476, \"clean_uncertainty_mean\": 0.017859740182757378, \"clean_vs_noisy_auroc\": 0.6058680415153503, \"clean_vs_occluded_auroc\": 0.6293385624885559, \"condition_metrics_path\": \"reports/uncertainty_remote_20260424_175558/runs/20260424_095607_uncertainty_synthetic_shape_mlp_seed2/uncertainty_eval.pt\", \"early_stop_patience\": 4, \"early_stop_triggered\": true, \"final_metric\": 0.9947916865348816, \"final_train_loss\": 0.06614027917385101, \"noisy_accuracy\": 0.951171875, \"noisy_brier\": 0.07254098355770111, \"noisy_confidence_mean\": 0.9632083773612976, \"noisy_ece\": 0.020315269008278847, \"noisy_nll\": 0.14854784309864044, \"noisy_risk_at_100_coverage\": 0.048828125, \"noisy_risk_at_50_coverage\": 0.001953125, \"noisy_risk_at_70_coverage\": 0.005578815937042236, \"noisy_risk_at_80_coverage\": 0.007317066192626953, \"noisy_risk_at_90_coverage\": 0.011930584907531738, \"noisy_score_name\": \"one_minus_confidence\", \"noisy_selective_aurc\": 0.004762797150760889, \"noisy_uncertainty_mean\": 0.03679167106747627, \"occluded_accuracy\": 0.9072265625, \"occluded_brier\": 0.12712055444717407, \"occluded_confidence_mean\": 0.9208943843841553, \"occluded_ece\": 0.02659299597144127, \"occluded_nll\": 0.2627015709877014, \"occluded_risk_at_100_coverage\": 0.0927734375, \"occluded_risk_at_50_coverage\": 0.001953125, \"occluded_risk_at_70_coverage\": 0.004184126853942871, \"occluded_risk_at_80_coverage\": 0.008536577224731445, \"occluded_risk_at_90_coverage\": 0.037960946559906006, \"occluded_score_name\": \"one_minus_confidence\", \"occluded_selective_aurc\": 0.009461186826229095, \"occluded_uncertainty_mean\": 0.07910564541816711, \"steps_run\": 150, \"total_train_time_sec\": 0.9299039840698242}",
  "mode": "uncertainty_benchmark",
  "model_class": "MLPHead",
  "model_name": "mlp",
  "noisy_accuracy": 0.951171875,
  "noisy_brier": 0.07254098355770111,
  "noisy_confidence_mean": 0.9632083773612976,
  "noisy_ece": 0.020315269008278847,
  "noisy_nll": 0.14854784309864044,
  "noisy_risk_at_100_coverage": 0.048828125,
  "noisy_risk_at_50_coverage": 0.001953125,
  "noisy_risk_at_70_coverage": 0.005578815937042236,
  "noisy_risk_at_80_coverage": 0.007317066192626953,
  "noisy_risk_at_90_coverage": 0.011930584907531738,
  "noisy_score_name": "one_minus_confidence",
  "noisy_selective_aurc": 0.004762797150760889,
  "noisy_uncertainty_mean": 0.03679167106747627,
  "num_classes": 5,
  "num_params": 9093,
  "num_workers": 0,
  "occluded_accuracy": 0.9072265625,
  "occluded_brier": 0.12712055444717407,
  "occluded_confidence_mean": 0.9208943843841553,
  "occluded_ece": 0.02659299597144127,
  "occluded_nll": 0.2627015709877014,
  "occluded_risk_at_100_coverage": 0.0927734375,
  "occluded_risk_at_50_coverage": 0.001953125,
  "occluded_risk_at_70_coverage": 0.004184126853942871,
  "occluded_risk_at_80_coverage": 0.008536577224731445,
  "occluded_risk_at_90_coverage": 0.037960946559906006,
  "occluded_score_name": "one_minus_confidence",
  "occluded_selective_aurc": 0.009461186826229095,
  "occluded_uncertainty_mean": 0.07910564541816711,
  "platform": "Linux-5.4.0-216-generic-x86_64-with-glibc2.31",
  "python_version": "3.10.20",
  "reason": "",
  "run_dir": "reports/uncertainty_remote_20260424_175558/runs/20260424_095607_uncertainty_synthetic_shape_mlp_seed2",
  "run_id": "uncertainty_synthetic_shape_mlp_seed2",
  "seed": 2,
  "status": "COMPLETED",
  "steps_run": 150,
  "task_name": "image_uncertainty_selective_classification",
  "test_size": 1024,
  "timestamp": "2026-04-24T09:56:08Z",
  "torch_version": "2.7.1+cu118",
  "torchvision_version": "0.22.1+cu118",
  "total_train_time_sec": 0.9299039840698242,
  "train_size": 4096,
  "trainable_params": 9093
}