{
  "backbone_steps": 300,
  "batch_size": 64,
  "best_metric": 0.5078125,
  "best_step": 200,
  "clean_accuracy": 0.5169270634651184,
  "clean_brier": 0.6189987063407898,
  "clean_confidence_mean": 0.5379740595817566,
  "clean_ece": 0.03533821552991867,
  "clean_nll": 1.359392762184143,
  "clean_risk_at_100_coverage": 0.4830729365348816,
  "clean_risk_at_50_coverage": 0.3229166865348816,
  "clean_risk_at_70_coverage": 0.40148699283599854,
  "clean_risk_at_80_coverage": 0.427642285823822,
  "clean_risk_at_90_coverage": 0.4552023410797119,
  "clean_score_name": "one_minus_confidence",
  "clean_selective_aurc": 0.30211591720581055,
  "clean_uncertainty_mean": 0.462025910615921,
  "clean_vs_noisy_auroc": 0.5563634037971497,
  "clean_vs_occluded_auroc": 0.5021095275878906,
  "condition_metrics_path": "reports/pluggable_uncertainty_real_20260427/runs/20260427_033125_uncertainty_cifar10_mlp_seed2/uncertainty_eval.pt",
  "cuda_available": true,
  "dataset_name": "cifar10",
  "device": "cuda",
  "early_stop_min_evals": 2,
  "early_stop_patience": 4,
  "early_stop_triggered": true,
  "eval_interval": 25,
  "experiment_type": "frozen_features_uncertainty",
  "feature_dim": 64,
  "final_metric": 0.5169270634651184,
  "final_train_loss": 1.2281544208526611,
  "git_commit": "0c0b3db",
  "head_steps": 1200,
  "hostname": "user-NF5468M6",
  "metrics_json": "{\"best_metric\": 0.5078125, \"best_step\": 200, \"clean_accuracy\": 0.5169270634651184, \"clean_brier\": 0.6189987063407898, \"clean_confidence_mean\": 0.5379740595817566, \"clean_ece\": 0.03533821552991867, \"clean_nll\": 1.359392762184143, \"clean_risk_at_100_coverage\": 0.4830729365348816, \"clean_risk_at_50_coverage\": 0.3229166865348816, \"clean_risk_at_70_coverage\": 0.40148699283599854, \"clean_risk_at_80_coverage\": 0.427642285823822, \"clean_risk_at_90_coverage\": 0.4552023410797119, \"clean_score_name\": \"one_minus_confidence\", \"clean_selective_aurc\": 0.30211591720581055, \"clean_uncertainty_mean\": 0.462025910615921, \"clean_vs_noisy_auroc\": 0.5563634037971497, \"clean_vs_occluded_auroc\": 0.5021095275878906, \"condition_metrics_path\": \"reports/pluggable_uncertainty_real_20260427/runs/20260427_033125_uncertainty_cifar10_mlp_seed2/uncertainty_eval.pt\", \"early_stop_patience\": 4, \"early_stop_triggered\": true, \"final_metric\": 0.5169270634651184, \"final_train_loss\": 1.2281544208526611, \"noisy_accuracy\": 0.40625, \"noisy_brier\": 0.7266038656234741, \"noisy_confidence_mean\": 0.5032143592834473, \"noisy_ece\": 0.09903188794851303, \"noisy_nll\": 1.6422995328903198, \"noisy_risk_at_100_coverage\": 0.59375, \"noisy_risk_at_50_coverage\": 0.4609375, \"noisy_risk_at_70_coverage\": 0.5118549466133118, \"noisy_risk_at_80_coverage\": 0.5414633750915527, \"noisy_risk_at_90_coverage\": 0.5694143176078796, \"noisy_score_name\": \"one_minus_confidence\", \"noisy_selective_aurc\": 0.4392860233783722, \"noisy_uncertainty_mean\": 0.49678564071655273, \"occluded_accuracy\": 0.455078125, \"occluded_brier\": 0.6877164840698242, \"occluded_confidence_mean\": 0.5373377799987793, \"occluded_ece\": 0.08683271706104279, \"occluded_nll\": 1.5252554416656494, \"occluded_risk_at_100_coverage\": 0.544921875, \"occluded_risk_at_50_coverage\": 0.419921875, \"occluded_risk_at_70_coverage\": 0.47280335426330566, \"occluded_risk_at_80_coverage\": 0.4987804889678955, \"occluded_risk_at_90_coverage\": 0.5216919779777527, \"occluded_score_name\": \"one_minus_confidence\", \"occluded_selective_aurc\": 0.3828810155391693, \"occluded_uncertainty_mean\": 0.4626622498035431, \"steps_run\": 300, \"total_train_time_sec\": 4.546501398086548}",
  "mode": "uncertainty_benchmark",
  "model_class": "MLPHead",
  "model_name": "mlp",
  "noisy_accuracy": 0.40625,
  "noisy_brier": 0.7266038656234741,
  "noisy_confidence_mean": 0.5032143592834473,
  "noisy_ece": 0.09903188794851303,
  "noisy_nll": 1.6422995328903198,
  "noisy_risk_at_100_coverage": 0.59375,
  "noisy_risk_at_50_coverage": 0.4609375,
  "noisy_risk_at_70_coverage": 0.5118549466133118,
  "noisy_risk_at_80_coverage": 0.5414633750915527,
  "noisy_risk_at_90_coverage": 0.5694143176078796,
  "noisy_score_name": "one_minus_confidence",
  "noisy_selective_aurc": 0.4392860233783722,
  "noisy_uncertainty_mean": 0.49678564071655273,
  "num_classes": 10,
  "num_params": 9738,
  "num_workers": 0,
  "occluded_accuracy": 0.455078125,
  "occluded_brier": 0.6877164840698242,
  "occluded_confidence_mean": 0.5373377799987793,
  "occluded_ece": 0.08683271706104279,
  "occluded_nll": 1.5252554416656494,
  "occluded_risk_at_100_coverage": 0.544921875,
  "occluded_risk_at_50_coverage": 0.419921875,
  "occluded_risk_at_70_coverage": 0.47280335426330566,
  "occluded_risk_at_80_coverage": 0.4987804889678955,
  "occluded_risk_at_90_coverage": 0.5216919779777527,
  "occluded_score_name": "one_minus_confidence",
  "occluded_selective_aurc": 0.3828810155391693,
  "occluded_uncertainty_mean": 0.4626622498035431,
  "platform": "Linux-5.4.0-216-generic-x86_64-with-glibc2.31",
  "python_version": "3.10.20",
  "reason": "",
  "run_dir": "reports/pluggable_uncertainty_real_20260427/runs/20260427_033125_uncertainty_cifar10_mlp_seed2",
  "run_id": "uncertainty_cifar10_mlp_seed2",
  "seed": 2,
  "selected_heads": [
    "linear",
    "mlp",
    "cosine_prototype",
    "eml_no_ambiguity",
    "eml_centered_ambiguity",
    "eml_supervised_resistance",
    "merc_linear",
    "merc_energy"
  ],
  "status": "COMPLETED",
  "steps_run": 300,
  "task_name": "image_uncertainty_selective_classification",
  "test_size": 1024,
  "timestamp": "2026-04-27T03:31:30Z",
  "torch_version": "2.7.1+cu118",
  "torchvision_version": "0.22.1+cu118",
  "total_train_time_sec": 4.546501398086548,
  "train_size": 4096,
  "trainable_params": 9738
}