{
  "ambiguity_weight": NaN,
  "attractor_entropy_weight": NaN,
  "batch_size": 4,
  "best_metric": 0.0,
  "completed_steps": 2,
  "cuda_available": false,
  "dataset_name": "SyntheticShapeEnergyDataset",
  "device": "cpu",
  "early_stop": false,
  "early_stop_step": "",
  "early_stop_triggered": false,
  "examples_per_sec": 205.0528116941053,
  "final_diagnostics": {
    "ambiguity_mean": 0.3049294054508209,
    "ambiguity_std": 0.10719756782054901,
    "ambiguity_weight_mean": 1.0,
    "ambiguity_weight_std": 0.0,
    "attractor_activation_mean": 0.9342418313026428,
    "attractor_activation_std": 2.5704788640723564e-05,
    "attractor_diversity": 0.020705362781882286,
    "drive_mean": 0.0033853198401629925,
    "drive_std": 0.023930421099066734,
    "energy_mean": -0.23747354745864868,
    "energy_std": 0.02607857622206211,
    "null_weight_mean": 0.15977632999420166,
    "null_weight_std": 0.04531743377447128,
    "prototype_diversity_penalty_mean": 0.01379800122231245,
    "prototype_diversity_penalty_std": 0.0,
    "resistance_mean": 1.3632798194885254,
    "resistance_std": 0.11955144256353378,
    "sample_uncertainty_mean": 0.693557858467102,
    "sample_uncertainty_std": 0.0,
    "update_gate_mean": 0.09119781851768494,
    "update_gate_std": 0.004750506486743689,
    "update_strength_mean": 0.8544691801071167,
    "update_strength_std": 0.03835994377732277
  },
  "final_metric": 0.0,
  "final_train_accuracy": 0.0,
  "final_train_loss": 1.6425502300262451,
  "git_commit": "9ce7b7d",
  "grad_norm": 8.604884147644043,
  "hostname": "Mac-mini.local",
  "learning_rate": 0.001,
  "metrics_json": "{\"ambiguity_weight\": NaN, \"attractor_entropy_weight\": NaN, \"best_metric\": 0.0, \"completed_steps\": 2, \"early_stop_step\": \"\", \"early_stop_triggered\": false, \"examples_per_sec\": 205.0528116941053, \"final_diagnostics\": {\"ambiguity_mean\": 0.3049294054508209, \"ambiguity_std\": 0.10719756782054901, \"ambiguity_weight_mean\": 1.0, \"ambiguity_weight_std\": 0.0, \"attractor_activation_mean\": 0.9342418313026428, \"attractor_activation_std\": 2.5704788640723564e-05, \"attractor_diversity\": 0.020705362781882286, \"drive_mean\": 0.0033853198401629925, \"drive_std\": 0.023930421099066734, \"energy_mean\": -0.23747354745864868, \"energy_std\": 0.02607857622206211, \"null_weight_mean\": 0.15977632999420166, \"null_weight_std\": 0.04531743377447128, \"prototype_diversity_penalty_mean\": 0.01379800122231245, \"prototype_diversity_penalty_std\": 0.0, \"resistance_mean\": 1.3632798194885254, \"resistance_std\": 0.11955144256353378, \"sample_uncertainty_mean\": 0.693557858467102, \"sample_uncertainty_std\": 0.0, \"update_gate_mean\": 0.09119781851768494, \"update_gate_std\": 0.004750506486743689, \"update_strength_mean\": 0.8544691801071167, \"update_strength_std\": 0.03835994377732277}, \"final_metric\": 0.0, \"final_train_accuracy\": 0.0, \"final_train_loss\": 1.6425502300262451, \"grad_norm\": 8.604884147644043, \"learning_rate\": 0.001, \"null_threshold\": NaN, \"peak_memory_mb\": 0.0, \"precision_update_threshold\": NaN, \"resistance_noise_corr\": -0.3508114516735077, \"resistance_occlusion_corr\": -0.8127077221870422, \"responsibility_temperature\": NaN, \"step\": 2, \"step_time_sec\": 0.019507169723510742, \"top1_accuracy\": 0.0, \"top5_accuracy\": 1.0, \"total_train_time_sec\": 0.05013298988342285, \"train_accuracy\": 0.0, \"train_loss\": 1.6425502300262451, \"wall_clock_time_sec\": 0.049458980560302734, \"warmup_eta\": 1.0}",
  "min_delta": 0.0001,
  "mode": "smoke",
  "model_name": "EfficientEMLImageClassifier",
  "null_threshold": NaN,
  "num_params": 115573,
  "num_workers": 0,
  "patience": 20,
  "peak_memory_mb": 0.0,
  "platform": "macOS-15.1-arm64-arm-64bit",
  "precision_update_threshold": NaN,
  "python_version": "3.12.7",
  "reason": "",
  "resistance_noise_corr": -0.3508114516735077,
  "resistance_occlusion_corr": -0.8127077221870422,
  "responsibility_temperature": NaN,
  "run_dir": "reports/runs/20260505_123106_kan_compare_image_efficient_eml",
  "run_id": "kan_compare_image_efficient_eml",
  "seed": 1,
  "status": "COMPLETED",
  "step": 2,
  "step_time_sec": 0.019507169723510742,
  "steps": 2,
  "task_name": "image_synthetic",
  "timestamp": "2026-05-05T12:31:07Z",
  "top1_accuracy": 0.0,
  "top5_accuracy": 1.0,
  "torch_version": "2.10.0",
  "torchvision_version": "0.25.0",
  "total_train_time_sec": 0.05013298988342285,
  "train_accuracy": 0.0,
  "train_loss": 1.6425502300262451,
  "trainable_params": 115573,
  "wall_clock_time_sec": 0.049458980560302734,
  "warmup_enabled": true,
  "warmup_eta": 1.0
}