{
  "batch_size": 64,
  "best_metric": 0.4765625,
  "best_step": 300,
  "best_val_accuracy": 0.4765625,
  "cuda_available": true,
  "dataset_name": "cifar10",
  "device": "cuda",
  "early_stop_triggered": false,
  "experiment_type": "end_to_end",
  "feature_dim": 64,
  "final_metric": 0.44140625,
  "final_train_accuracy": 0.421875,
  "final_train_loss": 1.6880680322647095,
  "git_commit": "unknown",
  "head_name": "eml_no_ambiguity",
  "hostname": "user-NF5468M6",
  "loss_mode": "ce",
  "lr": 0.001,
  "metrics_json": "{\"best_metric\": 0.4765625, \"best_step\": 300, \"best_val_accuracy\": 0.4765625, \"early_stop_triggered\": false, \"final_metric\": 0.44140625, \"final_train_accuracy\": 0.421875, \"final_train_loss\": 1.6880680322647095, \"steps_run\": 300, \"test_accuracy\": 0.44140625, \"test_ambiguity_mean\": 0.0, \"test_brier\": 0.7143377661705017, \"test_class_resistance_mean\": 0.2009744495153427, \"test_ece\": 0.07610692083835602, \"test_hard_negative_drive_mean\": 6.6463093757629395, \"test_hard_negative_logit_mean\": 2.158524990081787, \"test_hard_negative_resistance_mean\": 5.367467403411865, \"test_loss\": 1.6030975580215454, \"test_margin_mean\": -0.4487314522266388, \"test_nll\": 1.6030975580215454, \"test_positive_drive_mean\": 5.418461799621582, \"test_positive_logit_mean\": 1.7097935676574707, \"test_positive_resistance_mean\": 5.367158889770508, \"test_resistance_noise_corr\": NaN, \"test_resistance_occlusion_corr\": NaN, \"test_sample_uncertainty_mean\": 5.166014671325684, \"total_train_time_sec\": 12.307649850845337, \"val_accuracy\": 0.4765625, \"val_ambiguity_mean\": 0.0, \"val_brier\": 0.6879648566246033, \"val_class_resistance_mean\": 0.2009744495153427, \"val_ece\": 0.09842115640640259, \"val_hard_negative_drive_mean\": 6.598455429077148, \"val_hard_negative_logit_mean\": 2.126488447189331, \"val_hard_negative_resistance_mean\": 5.688783645629883, \"val_loss\": 1.5438508987426758, \"val_margin_mean\": -0.3492969274520874, \"val_nll\": 1.5438508987426758, \"val_positive_drive_mean\": 5.53151798248291, \"val_positive_logit_mean\": 1.7771915197372437, \"val_positive_resistance_mean\": 5.686802864074707, \"val_resistance_noise_corr\": NaN, \"val_resistance_occlusion_corr\": NaN, \"val_sample_uncertainty_mean\": 5.486639976501465}",
  "mode": "head_ablation",
  "model_class": "CNNHeadModel",
  "model_name": "eml_no_ambiguity",
  "num_classes": 10,
  "num_params": 167233,
  "pairwise_margin": 0.0,
  "pairwise_weight": 0.0,
  "platform": "Linux-5.4.0-216-generic-x86_64-with-glibc2.31",
  "python_version": "3.10.20",
  "reason": "",
  "run_dir": "reports/merc_end_to_end/runs/20260425_030942_e2e_cifar10_eml_no_ambiguity_ce_seed1",
  "run_id": "e2e_cifar10_eml_no_ambiguity_ce_seed1",
  "seed": 1,
  "status": "COMPLETED",
  "steps": 300,
  "steps_run": 300,
  "task_name": "image_classification",
  "test_accuracy": 0.44140625,
  "test_ambiguity_mean": 0.0,
  "test_brier": 0.7143377661705017,
  "test_class_resistance_mean": 0.2009744495153427,
  "test_ece": 0.07610692083835602,
  "test_hard_negative_drive_mean": 6.6463093757629395,
  "test_hard_negative_logit_mean": 2.158524990081787,
  "test_hard_negative_resistance_mean": 5.367467403411865,
  "test_loss": 1.6030975580215454,
  "test_margin_mean": -0.4487314522266388,
  "test_nll": 1.6030975580215454,
  "test_positive_drive_mean": 5.418461799621582,
  "test_positive_logit_mean": 1.7097935676574707,
  "test_positive_resistance_mean": 5.367158889770508,
  "test_resistance_noise_corr": NaN,
  "test_resistance_occlusion_corr": NaN,
  "test_sample_uncertainty_mean": 5.166014671325684,
  "timestamp": "2026-04-25T03:09:54Z",
  "torch_version": "2.7.1+cu118",
  "torchvision_version": "0.22.1+cu118",
  "total_train_time_sec": 12.307649850845337,
  "trainable_params": 167233,
  "use_eml_residual_bank": false,
  "use_merc_block": false,
  "val_accuracy": 0.4765625,
  "val_ambiguity_mean": 0.0,
  "val_brier": 0.6879648566246033,
  "val_class_resistance_mean": 0.2009744495153427,
  "val_ece": 0.09842115640640259,
  "val_hard_negative_drive_mean": 6.598455429077148,
  "val_hard_negative_logit_mean": 2.126488447189331,
  "val_hard_negative_resistance_mean": 5.688783645629883,
  "val_loss": 1.5438508987426758,
  "val_margin_mean": -0.3492969274520874,
  "val_nll": 1.5438508987426758,
  "val_positive_drive_mean": 5.53151798248291,
  "val_positive_logit_mean": 1.7771915197372437,
  "val_positive_resistance_mean": 5.686802864074707,
  "val_resistance_noise_corr": NaN,
  "val_resistance_occlusion_corr": NaN,
  "val_sample_uncertainty_mean": 5.486639976501465
}