{
  "ambiguity_weight": NaN,
  "attractor_entropy_weight": NaN,
  "batch_size": 8,
  "best_metric": 0.375,
  "completed_steps": 4,
  "cuda_available": false,
  "dataset_name": "SyntheticShapeEnergyDataset",
  "device": "cpu",
  "early_stop": false,
  "early_stop_step": "",
  "early_stop_triggered": false,
  "examples_per_sec": 181.9250166719981,
  "final_diagnostics": {
    "ambiguity_mean": 0.7712959051132202,
    "ambiguity_std": 0.7354622483253479,
    "ambiguity_weight_mean": 1.0,
    "ambiguity_weight_std": 0.0,
    "attractor_activation_mean": 0.9337944984436035,
    "attractor_activation_std": 6.037702041794546e-05,
    "attractor_diversity": 0.02262837439775467,
    "drive_mean": 0.006616497877985239,
    "drive_std": 0.058755721896886826,
    "energy_mean": -0.23686611652374268,
    "energy_std": 0.029080336913466454,
    "null_weight_mean": 0.1598811000585556,
    "null_weight_std": 0.04549252986907959,
    "prototype_diversity_penalty_mean": 0.05299793556332588,
    "prototype_diversity_penalty_std": 0.0,
    "resistance_mean": 1.365046501159668,
    "resistance_std": 0.12230521440505981,
    "sample_uncertainty_mean": 0.6928399205207825,
    "sample_uncertainty_std": 0.0,
    "update_gate_mean": 0.09119957685470581,
    "update_gate_std": 0.004621038679033518,
    "update_strength_mean": 0.8545364141464233,
    "update_strength_std": 0.038278430700302124
  },
  "final_metric": 0.25,
  "final_train_accuracy": 0.25,
  "final_train_loss": 1.6245226860046387,
  "git_commit": "9ce7b7d",
  "grad_norm": 3.000662088394165,
  "hostname": "Mac-mini.local",
  "learning_rate": 0.001,
  "metrics_json": "{\"ambiguity_weight\": NaN, \"attractor_entropy_weight\": NaN, \"best_metric\": 0.375, \"completed_steps\": 4, \"early_stop_step\": \"\", \"early_stop_triggered\": false, \"examples_per_sec\": 181.9250166719981, \"final_diagnostics\": {\"ambiguity_mean\": 0.7712959051132202, \"ambiguity_std\": 0.7354622483253479, \"ambiguity_weight_mean\": 1.0, \"ambiguity_weight_std\": 0.0, \"attractor_activation_mean\": 0.9337944984436035, \"attractor_activation_std\": 6.037702041794546e-05, \"attractor_diversity\": 0.02262837439775467, \"drive_mean\": 0.006616497877985239, \"drive_std\": 0.058755721896886826, \"energy_mean\": -0.23686611652374268, \"energy_std\": 0.029080336913466454, \"null_weight_mean\": 0.1598811000585556, \"null_weight_std\": 0.04549252986907959, \"prototype_diversity_penalty_mean\": 0.05299793556332588, \"prototype_diversity_penalty_std\": 0.0, \"resistance_mean\": 1.365046501159668, \"resistance_std\": 0.12230521440505981, \"sample_uncertainty_mean\": 0.6928399205207825, \"sample_uncertainty_std\": 0.0, \"update_gate_mean\": 0.09119957685470581, \"update_gate_std\": 0.004621038679033518, \"update_strength_mean\": 0.8545364141464233, \"update_strength_std\": 0.038278430700302124}, \"final_metric\": 0.25, \"final_train_accuracy\": 0.25, \"final_train_loss\": 1.6245226860046387, \"grad_norm\": 3.000662088394165, \"learning_rate\": 0.001, \"null_threshold\": NaN, \"peak_memory_mb\": 0.0, \"precision_update_threshold\": NaN, \"resistance_noise_corr\": 0.1472705602645874, \"resistance_occlusion_corr\": -0.0041635907255113125, \"responsibility_temperature\": NaN, \"step\": 4, \"step_time_sec\": 0.04397416114807129, \"top1_accuracy\": 0.25, \"top5_accuracy\": 1.0, \"total_train_time_sec\": 0.18268489837646484, \"train_accuracy\": 0.25, \"train_loss\": 1.6245226860046387, \"wall_clock_time_sec\": 0.18172073364257812, \"warmup_eta\": 1.0}",
  "min_delta": 0.0001,
  "mode": "smoke",
  "model_name": "EfficientEMLImageClassifier_sensor_bypass",
  "null_threshold": NaN,
  "num_params": 115573,
  "num_workers": 0,
  "patience": 20,
  "peak_memory_mb": 0.0,
  "platform": "macOS-15.1-arm64-arm-64bit",
  "precision_update_threshold": NaN,
  "python_version": "3.12.7",
  "reason": "",
  "resistance_noise_corr": 0.1472705602645874,
  "resistance_occlusion_corr": -0.0041635907255113125,
  "responsibility_temperature": NaN,
  "run_dir": "reports/image_representation_ablation/runs/20260505_123522_efficient_combo_sensor_bypass_seed0",
  "run_id": "efficient_combo_sensor_bypass_seed0",
  "seed": 0,
  "status": "COMPLETED",
  "step": 4,
  "step_time_sec": 0.04397416114807129,
  "steps": 4,
  "task_name": "image_synthetic",
  "timestamp": "2026-05-05T12:35:22Z",
  "top1_accuracy": 0.25,
  "top5_accuracy": 1.0,
  "torch_version": "2.10.0",
  "torchvision_version": "0.25.0",
  "total_train_time_sec": 0.18268489837646484,
  "train_accuracy": 0.25,
  "train_loss": 1.6245226860046387,
  "trainable_params": 115573,
  "wall_clock_time_sec": 0.18172073364257812,
  "warmup_enabled": true,
  "warmup_eta": 1.0
}