{
  "batch_size": 32,
  "best_metric": 0.99609375,
  "best_step": 100,
  "best_val_accuracy": 0.99609375,
  "cuda_available": true,
  "dataset_name": "synthetic_evidence",
  "device": "cuda",
  "early_stop_triggered": false,
  "experiment_type": "frozen_features",
  "feature_dim": 64,
  "features_dir": "reports/head_ablation/features/synthetic_evidence_medium_seed2",
  "final_metric": 0.9921875,
  "final_train_accuracy": 1.0,
  "final_train_loss": 0.042192455381155014,
  "git_commit": "unknown",
  "hostname": "user-NF5468M6",
  "lr": 0.001,
  "metrics_json": "{\"best_metric\": 0.99609375, \"best_step\": 100, \"best_val_accuracy\": 0.99609375, \"early_stop_triggered\": false, \"final_metric\": 0.9921875, \"final_train_accuracy\": 1.0, \"final_train_loss\": 0.042192455381155014, \"steps_run\": 300, \"test_accuracy\": 0.9921875, \"test_ambiguity_mean\": 0.05236627906560898, \"test_brier\": 0.0162914227694273, \"test_class_resistance_mean\": 0.20233945548534393, \"test_conflict_resistance_corr\": NaN, \"test_ece\": 0.0429266020655632, \"test_hard_negative_drive_mean\": -12.49286937713623, \"test_hard_negative_logit_mean\": -0.4181261956691742, \"test_hard_negative_resistance_mean\": 4.939271926879883, \"test_loss\": 0.061205606907606125, \"test_margin_mean\": 3.078984498977661, \"test_nll\": 0.061205606907606125, \"test_positive_drive_mean\": 16.064916610717773, \"test_positive_logit_mean\": 2.660858154296875, \"test_positive_resistance_mean\": -1.3180034160614014, \"test_precision_mean\": NaN, \"test_resistance_noise_corr\": -0.03936418890953064, \"test_resistance_occlusion_corr\": 0.20631727576255798, \"test_sample_uncertainty_mean\": 1.5559285879135132, \"test_support_evidence_corr\": NaN, \"test_update_gate_mean\": NaN, \"total_train_time_sec\": 7.764163255691528, \"val_accuracy\": 0.99609375, \"val_ambiguity_mean\": 0.05118393898010254, \"val_brier\": 0.0108112758025527, \"val_class_resistance_mean\": 0.20233945548534393, \"val_conflict_resistance_corr\": NaN, \"val_ece\": 0.039804182946681976, \"val_hard_negative_drive_mean\": -12.28959846496582, \"val_hard_negative_logit_mean\": -0.41842120885849, \"val_hard_negative_resistance_mean\": 4.838417053222656, \"val_loss\": 0.05533304437994957, \"val_margin_mean\": 3.0809643268585205, \"val_nll\": 0.05533304437994957, \"val_positive_drive_mean\": 15.851214408874512, \"val_positive_logit_mean\": 2.6625430583953857, \"val_positive_resistance_mean\": -1.2803062200546265, \"val_precision_mean\": NaN, \"val_resistance_noise_corr\": -0.04479771852493286, \"val_resistance_occlusion_corr\": 0.24474266171455383, \"val_sample_uncertainty_mean\": 1.5255320072174072, \"val_support_evidence_corr\": NaN, \"val_update_gate_mean\": NaN}",
  "mode": "head_ablation",
  "model_class": "EMLPrototypeHeadRawAmbiguity",
  "model_name": "eml_raw_ambiguity",
  "num_classes": 2,
  "num_params": 17417,
  "pairwise_margin": 0.0,
  "pairwise_weight": 0.0,
  "platform": "Linux-5.4.0-216-generic-x86_64-with-glibc2.31",
  "python_version": "3.10.20",
  "reason": "",
  "run_dir": "reports/merc_synthetic_evidence/runs/20260425_031659_frozen_synthetic_evidence_eml_raw_ambiguity_seed2",
  "run_id": "frozen_synthetic_evidence_eml_raw_ambiguity_seed2",
  "seed": 2,
  "status": "COMPLETED",
  "steps": 300,
  "steps_run": 300,
  "task_name": "image_classification",
  "test_accuracy": 0.9921875,
  "test_ambiguity_mean": 0.05236627906560898,
  "test_brier": 0.0162914227694273,
  "test_class_resistance_mean": 0.20233945548534393,
  "test_conflict_resistance_corr": NaN,
  "test_ece": 0.0429266020655632,
  "test_hard_negative_drive_mean": -12.49286937713623,
  "test_hard_negative_logit_mean": -0.4181261956691742,
  "test_hard_negative_resistance_mean": 4.939271926879883,
  "test_loss": 0.061205606907606125,
  "test_margin_mean": 3.078984498977661,
  "test_nll": 0.061205606907606125,
  "test_positive_drive_mean": 16.064916610717773,
  "test_positive_logit_mean": 2.660858154296875,
  "test_positive_resistance_mean": -1.3180034160614014,
  "test_precision_mean": NaN,
  "test_resistance_noise_corr": -0.03936418890953064,
  "test_resistance_occlusion_corr": 0.20631727576255798,
  "test_sample_uncertainty_mean": 1.5559285879135132,
  "test_support_evidence_corr": NaN,
  "test_update_gate_mean": NaN,
  "timestamp": "2026-04-25T03:17:07Z",
  "torch_version": "2.7.1+cu118",
  "torchvision_version": "0.22.1+cu118",
  "total_train_time_sec": 7.764163255691528,
  "trainable_params": 17417,
  "val_accuracy": 0.99609375,
  "val_ambiguity_mean": 0.05118393898010254,
  "val_brier": 0.0108112758025527,
  "val_class_resistance_mean": 0.20233945548534393,
  "val_conflict_resistance_corr": NaN,
  "val_ece": 0.039804182946681976,
  "val_hard_negative_drive_mean": -12.28959846496582,
  "val_hard_negative_logit_mean": -0.41842120885849,
  "val_hard_negative_resistance_mean": 4.838417053222656,
  "val_loss": 0.05533304437994957,
  "val_margin_mean": 3.0809643268585205,
  "val_nll": 0.05533304437994957,
  "val_positive_drive_mean": 15.851214408874512,
  "val_positive_logit_mean": 2.6625430583953857,
  "val_positive_resistance_mean": -1.2803062200546265,
  "val_precision_mean": NaN,
  "val_resistance_noise_corr": -0.04479771852493286,
  "val_resistance_occlusion_corr": 0.24474266171455383,
  "val_sample_uncertainty_mean": 1.5255320072174072,
  "val_support_evidence_corr": NaN,
  "val_update_gate_mean": NaN
}