{
  "best_metric": 0.8095703125,
  "best_step": 300,
  "clean_accuracy": 0.8095703125,
  "clean_aurc": 0.12510304152965546,
  "clean_ece": 0.08198108524084091,
  "clean_resistance_noise_corr": -1.2242353797375927e-08,
  "clean_resistance_occlusion_corr": NaN,
  "clean_vs_noisy_auroc": 0.5125904083251953,
  "clean_vs_occluded_auroc": 0.5741596221923828,
  "cuda_available": true,
  "dataset_name": "synthetic_shape_uncertainty",
  "device": "cuda",
  "early_stop_triggered": false,
  "final_metric": 0.8095703125,
  "git_commit": "0c0b3db",
  "hostname": "user-NF5468M6",
  "metrics_json": "{\"best_metric\": 0.8095703125, \"best_step\": 300, \"clean_accuracy\": 0.8095703125, \"clean_aurc\": 0.12510304152965546, \"clean_ece\": 0.08198108524084091, \"clean_resistance_noise_corr\": -1.2242353797375927e-08, \"clean_resistance_occlusion_corr\": NaN, \"clean_vs_noisy_auroc\": 0.5125904083251953, \"clean_vs_occluded_auroc\": 0.5741596221923828, \"early_stop_triggered\": false, \"final_metric\": 0.8095703125, \"noisy_accuracy\": 0.767578125, \"noisy_aurc\": 0.15749560296535492, \"noisy_ece\": 0.05798190087080002, \"noisy_resistance_noise_corr\": NaN, \"noisy_resistance_occlusion_corr\": NaN, \"occluded_accuracy\": 0.6904296875, \"occluded_aurc\": 0.20177245140075684, \"occluded_ece\": 0.0691484808921814, \"occluded_resistance_noise_corr\": 2.803766996350987e-08, \"occluded_resistance_occlusion_corr\": 0.23579658567905426, \"steps_run\": 300, \"total_train_time_sec\": 33.187403202056885}",
  "mode": "medium",
  "model_name": "cnn_merc_energy",
  "noisy_accuracy": 0.767578125,
  "noisy_aurc": 0.15749560296535492,
  "noisy_ece": 0.05798190087080002,
  "noisy_resistance_noise_corr": NaN,
  "noisy_resistance_occlusion_corr": NaN,
  "occluded_accuracy": 0.6904296875,
  "occluded_aurc": 0.20177245140075684,
  "occluded_ece": 0.0691484808921814,
  "occluded_resistance_noise_corr": 2.803766996350987e-08,
  "occluded_resistance_occlusion_corr": 0.23579658567905426,
  "platform": "Linux-5.4.0-216-generic-x86_64-with-glibc2.31",
  "python_version": "3.10.20",
  "reason": "",
  "run_dir": "reports/pluggable_primitive_real_20260427/end_to_end_runs/20260427_042640_uncertainty_e2e_synthetic_shape_uncertainty_cnn_merc_energy_seed1",
  "run_id": "uncertainty_e2e_synthetic_shape_uncertainty_cnn_merc_energy_seed1",
  "seed": 1,
  "status": "COMPLETED",
  "steps_run": 300,
  "task_name": "end_to_end_uncertainty",
  "timestamp": "2026-04-27T04:27:13Z",
  "torch_version": "2.7.1+cu118",
  "torchvision_version": "0.22.1+cu118",
  "total_train_time_sec": 33.187403202056885
}