{
  "batch_size": 64,
  "best_metric": 0.375,
  "completed_steps": 28,
  "cuda_available": true,
  "dataset_name": "SyntheticShapeEnergyDataset",
  "device": "cuda",
  "early_stop": true,
  "early_stop_step": 28,
  "early_stop_triggered": true,
  "examples_per_sec": 2350.3467792069064,
  "final_diagnostics": {
    "ambiguity_mean": 1.3098419904708862,
    "ambiguity_std": 0.06256931275129318,
    "attractor_activation_mean": 0.9333904981613159,
    "attractor_activation_std": 0.00040616694604977965,
    "attractor_diversity": 0.9580897092819214,
    "drive_mean": -0.036140840500593185,
    "drive_std": 0.013084144331514835,
    "energy_mean": -0.2507357597351074,
    "energy_std": 0.015235607512295246,
    "null_weight_mean": 0.09955928474664688,
    "null_weight_std": 0.06081996113061905,
    "prototype_diversity_penalty_mean": 0.02433648891746998,
    "prototype_diversity_penalty_std": 0.0,
    "resistance_mean": 1.3933659791946411,
    "resistance_std": 0.07548069953918457,
    "sample_uncertainty_mean": 0.7068637013435364,
    "sample_uncertainty_std": 5.416167141447659e-07,
    "update_gate_mean": 0.42277172207832336,
    "update_gate_std": 0.009655958041548729,
    "update_strength_mean": 0.9285936951637268,
    "update_strength_std": 0.020207395777106285
  },
  "final_metric": 0.109375,
  "final_train_accuracy": 0.109375,
  "final_train_loss": 1.6142197847366333,
  "git_commit": "ae26ee9",
  "grad_norm": 0.6264349818229675,
  "hostname": "user-NF5468M6",
  "learning_rate": 0.001,
  "metrics_json": "{\"best_metric\": 0.375, \"completed_steps\": 28, \"early_stop_step\": 28, \"early_stop_triggered\": true, \"examples_per_sec\": 2350.3467792069064, \"final_diagnostics\": {\"ambiguity_mean\": 1.3098419904708862, \"ambiguity_std\": 0.06256931275129318, \"attractor_activation_mean\": 0.9333904981613159, \"attractor_activation_std\": 0.00040616694604977965, \"attractor_diversity\": 0.9580897092819214, \"drive_mean\": -0.036140840500593185, \"drive_std\": 0.013084144331514835, \"energy_mean\": -0.2507357597351074, \"energy_std\": 0.015235607512295246, \"null_weight_mean\": 0.09955928474664688, \"null_weight_std\": 0.06081996113061905, \"prototype_diversity_penalty_mean\": 0.02433648891746998, \"prototype_diversity_penalty_std\": 0.0, \"resistance_mean\": 1.3933659791946411, \"resistance_std\": 0.07548069953918457, \"sample_uncertainty_mean\": 0.7068637013435364, \"sample_uncertainty_std\": 5.416167141447659e-07, \"update_gate_mean\": 0.42277172207832336, \"update_gate_std\": 0.009655958041548729, \"update_strength_mean\": 0.9285936951637268, \"update_strength_std\": 0.020207395777106285}, \"final_metric\": 0.109375, \"final_train_accuracy\": 0.109375, \"final_train_loss\": 1.6142197847366333, \"grad_norm\": 0.6264349818229675, \"learning_rate\": 0.001, \"peak_memory_mb\": 634.10888671875, \"step\": 28, \"step_time_sec\": 0.027230024337768555, \"top1_accuracy\": 0.109375, \"top5_accuracy\": 1.0, \"total_train_time_sec\": 1.149688482284546, \"train_accuracy\": 0.109375, \"train_loss\": 1.6142197847366333, \"wall_clock_time_sec\": 1.146094799041748}",
  "min_delta": 0.0001,
  "mode": "ablation",
  "model_name": "EfficientEMLImageClassifier_window5",
  "num_params": 117076,
  "patience": 25,
  "peak_memory_mb": 634.10888671875,
  "platform": "Linux-5.4.0-216-generic-x86_64-with-glibc2.31",
  "python_version": "3.10.20",
  "reason": "",
  "run_dir": "reports/runs_server_ablation_20260424_150157/20260424_070212_ablation_image_eff_window5",
  "run_id": "ablation_image_eff_window5",
  "seed": 35,
  "status": "COMPLETED",
  "step": 28,
  "step_time_sec": 0.027230024337768555,
  "steps": 300,
  "task_name": "image_synthetic",
  "timestamp": "2026-04-24T07:02:13Z",
  "top1_accuracy": 0.109375,
  "top5_accuracy": 1.0,
  "torch_version": "2.7.1+cu118",
  "torchvision_version": "0.22.1+cu118",
  "total_train_time_sec": 1.149688482284546,
  "train_accuracy": 0.109375,
  "train_loss": 1.6142197847366333,
  "trainable_params": 117076,
  "wall_clock_time_sec": 1.146094799041748,
  "warmup_enabled": true
}