{
  "ambiguity_weight": NaN,
  "attractor_entropy_weight": NaN,
  "batch_size": 8,
  "best_metric": 0.625,
  "completed_steps": 50,
  "cuda_available": false,
  "dataset_name": "SyntheticShapeEnergyDataset",
  "device": "cpu",
  "early_stop": false,
  "early_stop_step": "",
  "early_stop_triggered": false,
  "examples_per_sec": 872.2233428645698,
  "final_diagnostics": {
    "ambiguity_mean": 0.18019814789295197,
    "ambiguity_std": 0.31117311120033264,
    "ambiguity_weight_mean": 1.0,
    "ambiguity_weight_std": 0.0,
    "drive_mean": -0.009240701794624329,
    "drive_std": 0.31716036796569824,
    "energy_mean": -0.8633050918579102,
    "energy_std": 0.3394594192504883,
    "gate_activation_rate": 0.26959386467933655,
    "gate_mean": 0.26959386467933655,
    "gate_std": 0.001972003374248743,
    "resistance_mean": 0.14265191555023193,
    "resistance_std": 0.3892354667186737,
    "sample_uncertainty_mean": 0.7034222483634949,
    "sample_uncertainty_std": 0.0018733256729319692
  },
  "final_metric": 0.25,
  "final_train_accuracy": 0.25,
  "final_train_loss": 1.6267756223678589,
  "git_commit": "9ce7b7d",
  "grad_norm": 0.6666654944419861,
  "hostname": "Mac-mini.local",
  "learning_rate": 0.001,
  "metrics_json": "{\"ambiguity_weight\": NaN, \"attractor_entropy_weight\": NaN, \"best_metric\": 0.625, \"completed_steps\": 50, \"early_stop_step\": \"\", \"early_stop_triggered\": false, \"examples_per_sec\": 872.2233428645698, \"final_diagnostics\": {\"ambiguity_mean\": 0.18019814789295197, \"ambiguity_std\": 0.31117311120033264, \"ambiguity_weight_mean\": 1.0, \"ambiguity_weight_std\": 0.0, \"drive_mean\": -0.009240701794624329, \"drive_std\": 0.31716036796569824, \"energy_mean\": -0.8633050918579102, \"energy_std\": 0.3394594192504883, \"gate_activation_rate\": 0.26959386467933655, \"gate_mean\": 0.26959386467933655, \"gate_std\": 0.001972003374248743, \"resistance_mean\": 0.14265191555023193, \"resistance_std\": 0.3892354667186737, \"sample_uncertainty_mean\": 0.7034222483634949, \"sample_uncertainty_std\": 0.0018733256729319692}, \"final_metric\": 0.25, \"final_train_accuracy\": 0.25, \"final_train_loss\": 1.6267756223678589, \"grad_norm\": 0.6666654944419861, \"learning_rate\": 0.001, \"null_threshold\": NaN, \"peak_memory_mb\": 0.0, \"precision_update_threshold\": NaN, \"resistance_noise_corr\": -0.015190095640718937, \"resistance_occlusion_corr\": -0.4578031897544861, \"responsibility_temperature\": NaN, \"step\": 50, \"step_time_sec\": 0.00917196273803711, \"top1_accuracy\": 0.25, \"top5_accuracy\": 1.0, \"total_train_time_sec\": 0.7324850559234619, \"train_accuracy\": 0.25, \"train_loss\": 1.6267756223678589, \"wall_clock_time_sec\": 0.7268199920654297, \"warmup_eta\": 1.0}",
  "min_delta": 0.0001,
  "mode": "ablation",
  "model_name": "cnn_eml",
  "null_threshold": NaN,
  "num_params": 162644,
  "num_workers": 0,
  "patience": 20,
  "peak_memory_mb": 0.0,
  "platform": "macOS-15.1-arm64-arm-64bit",
  "precision_update_threshold": NaN,
  "python_version": "3.12.7",
  "reason": "",
  "resistance_noise_corr": -0.015190095640718937,
  "resistance_occlusion_corr": -0.4578031897544861,
  "responsibility_temperature": NaN,
  "run_dir": "reports/runs/20260505_123136_kan_compare_image_cnn_eml",
  "run_id": "kan_compare_image_cnn_eml",
  "seed": 0,
  "status": "COMPLETED",
  "step": 50,
  "step_time_sec": 0.00917196273803711,
  "steps": 50,
  "task_name": "image_synthetic",
  "timestamp": "2026-05-05T12:31:37Z",
  "top1_accuracy": 0.25,
  "top5_accuracy": 1.0,
  "torch_version": "2.10.0",
  "torchvision_version": "0.25.0",
  "total_train_time_sec": 0.7324850559234619,
  "train_accuracy": 0.25,
  "train_loss": 1.6267756223678589,
  "trainable_params": 162644,
  "wall_clock_time_sec": 0.7268199920654297,
  "warmup_enabled": true,
  "warmup_eta": 1.0
}