{
  "batch_size": 32,
  "best_metric": 0.234375,
  "best_step": 10,
  "best_val_accuracy": 0.234375,
  "cuda_available": false,
  "dataset_name": "synthetic_shape",
  "device": "cpu",
  "experiment_type": "frozen_features",
  "feature_dim": 64,
  "features_dir": "reports/head_ablation/features/synthetic_shape_smoke_seed0",
  "final_metric": 0.2109375,
  "final_train_accuracy": 0.1875,
  "final_train_loss": 1.6110575199127197,
  "git_commit": "19568db",
  "hostname": "BMW-Pro.local",
  "lr": 0.001,
  "metrics_json": "{\"best_metric\": 0.234375, \"best_step\": 10, \"best_val_accuracy\": 0.234375, \"final_metric\": 0.2109375, \"final_train_accuracy\": 0.1875, \"final_train_loss\": 1.6110575199127197, \"test_accuracy\": 0.2109375, \"test_ambiguity_mean\": 0.0, \"test_brier\": 0.7996960878372192, \"test_class_resistance_mean\": 0.200317844748497, \"test_ece\": 0.004370212554931641, \"test_hard_negative_drive_mean\": 0.4794924259185791, \"test_hard_negative_logit_mean\": 0.03594422712922096, \"test_hard_negative_resistance_mean\": 0.9005236625671387, \"test_loss\": 1.6086786985397339, \"test_margin_mean\": -0.030525991693139076, \"test_nll\": 1.6086786985397339, \"test_positive_drive_mean\": 0.28203004598617554, \"test_positive_logit_mean\": 0.005418235436081886, \"test_positive_resistance_mean\": 0.9013108015060425, \"test_resistance_noise_corr\": 0.008469503372907639, \"test_resistance_occlusion_corr\": 0.10289009660482407, \"test_sample_uncertainty_mean\": 0.7010337114334106, \"total_train_time_sec\": 0.054162025451660156, \"val_accuracy\": 0.1796875, \"val_ambiguity_mean\": 0.0, \"val_brier\": 0.8005258440971375, \"val_class_resistance_mean\": 0.200317844748497, \"val_ece\": 0.026905208826065063, \"val_hard_negative_drive_mean\": 0.48105910420417786, \"val_hard_negative_logit_mean\": 0.03623170033097267, \"val_hard_negative_resistance_mean\": 0.9005167484283447, \"val_loss\": 1.6107393503189087, \"val_margin_mean\": -0.032831985503435135, \"val_nll\": 1.6107393503189087, \"val_positive_drive_mean\": 0.270637571811676, \"val_positive_logit_mean\": 0.003399717854335904, \"val_positive_resistance_mean\": 0.9013944864273071, \"val_resistance_noise_corr\": -0.02163013629615307, \"val_resistance_occlusion_corr\": 0.002284290734678507, \"val_sample_uncertainty_mean\": 0.7010348439216614}",
  "mode": "head_ablation",
  "model_class": "EMLPrototypeHeadNoAmbiguity",
  "model_name": "eml_no_ambiguity",
  "num_classes": 5,
  "num_params": 18002,
  "pairwise_margin": 0.0,
  "pairwise_weight": 0.0,
  "platform": "macOS-26.0-arm64-arm-64bit",
  "python_version": "3.12.12",
  "reason": "",
  "run_dir": "reports/head_ablation/runs/20260424_081433_frozen_synthetic_shape_eml_no_ambiguity_seed0",
  "run_id": "frozen_synthetic_shape_eml_no_ambiguity_seed0",
  "seed": 0,
  "status": "COMPLETED",
  "steps": 30,
  "task_name": "image_classification",
  "test_accuracy": 0.2109375,
  "test_ambiguity_mean": 0.0,
  "test_brier": 0.7996960878372192,
  "test_class_resistance_mean": 0.200317844748497,
  "test_ece": 0.004370212554931641,
  "test_hard_negative_drive_mean": 0.4794924259185791,
  "test_hard_negative_logit_mean": 0.03594422712922096,
  "test_hard_negative_resistance_mean": 0.9005236625671387,
  "test_loss": 1.6086786985397339,
  "test_margin_mean": -0.030525991693139076,
  "test_nll": 1.6086786985397339,
  "test_positive_drive_mean": 0.28203004598617554,
  "test_positive_logit_mean": 0.005418235436081886,
  "test_positive_resistance_mean": 0.9013108015060425,
  "test_resistance_noise_corr": 0.008469503372907639,
  "test_resistance_occlusion_corr": 0.10289009660482407,
  "test_sample_uncertainty_mean": 0.7010337114334106,
  "timestamp": "2026-04-24T08:14:33Z",
  "torch_version": "2.10.0",
  "torchvision_version": "unavailable",
  "total_train_time_sec": 0.054162025451660156,
  "trainable_params": 18002,
  "val_accuracy": 0.1796875,
  "val_ambiguity_mean": 0.0,
  "val_brier": 0.8005258440971375,
  "val_class_resistance_mean": 0.200317844748497,
  "val_ece": 0.026905208826065063,
  "val_hard_negative_drive_mean": 0.48105910420417786,
  "val_hard_negative_logit_mean": 0.03623170033097267,
  "val_hard_negative_resistance_mean": 0.9005167484283447,
  "val_loss": 1.6107393503189087,
  "val_margin_mean": -0.032831985503435135,
  "val_nll": 1.6107393503189087,
  "val_positive_drive_mean": 0.270637571811676,
  "val_positive_logit_mean": 0.003399717854335904,
  "val_positive_resistance_mean": 0.9013944864273071,
  "val_resistance_noise_corr": -0.02163013629615307,
  "val_resistance_occlusion_corr": 0.002284290734678507,
  "val_sample_uncertainty_mean": 0.7010348439216614
}