{
  "batch_size": 64,
  "best_metric": 0.37890625,
  "best_step": 200,
  "best_val_accuracy": 0.37890625,
  "cuda_available": true,
  "dataset_name": "cifar10",
  "device": "cuda",
  "experiment_type": "end_to_end",
  "feature_dim": 64,
  "final_metric": 0.34765625,
  "final_train_accuracy": 0.453125,
  "final_train_loss": 1.5363554954528809,
  "git_commit": "unknown",
  "head_name": "eml_no_ambiguity",
  "hostname": "user-NF5468M6",
  "loss_mode": "ce",
  "lr": 0.001,
  "metrics_json": "{\"best_metric\": 0.37890625, \"best_step\": 200, \"best_val_accuracy\": 0.37890625, \"final_metric\": 0.34765625, \"final_train_accuracy\": 0.453125, \"final_train_loss\": 1.5363554954528809, \"test_accuracy\": 0.34765625, \"test_ambiguity_mean\": 0.0, \"test_brier\": 0.7599324584007263, \"test_class_resistance_mean\": 0.20138335227966309, \"test_ece\": 0.037095364183187485, \"test_hard_negative_drive_mean\": 6.7498698234558105, \"test_hard_negative_logit_mean\": 2.0652577877044678, \"test_hard_negative_resistance_mean\": 18.59563446044922, \"test_loss\": 1.7461103200912476, \"test_margin_mean\": -0.5887521505355835, \"test_nll\": 1.7461103200912476, \"test_positive_drive_mean\": 4.8909220695495605, \"test_positive_logit_mean\": 1.4765055179595947, \"test_positive_resistance_mean\": 18.594860076904297, \"test_resistance_noise_corr\": NaN, \"test_resistance_occlusion_corr\": NaN, \"test_sample_uncertainty_mean\": 18.393529891967773, \"total_train_time_sec\": 15.753153800964355, \"val_accuracy\": 0.341796875, \"val_ambiguity_mean\": 0.0, \"val_brier\": 0.7689474821090698, \"val_class_resistance_mean\": 0.20138335227966309, \"val_ece\": 0.06540463864803314, \"val_hard_negative_drive_mean\": 6.799447536468506, \"val_hard_negative_logit_mean\": 2.0608837604522705, \"val_hard_negative_resistance_mean\": 18.595157623291016, \"val_loss\": 1.7877283096313477, \"val_margin_mean\": -0.6464194655418396, \"val_nll\": 1.7877283096313477, \"val_positive_drive_mean\": 4.685242652893066, \"val_positive_logit_mean\": 1.4144644737243652, \"val_positive_resistance_mean\": 18.59452247619629, \"val_resistance_noise_corr\": NaN, \"val_resistance_occlusion_corr\": NaN, \"val_sample_uncertainty_mean\": 18.393022537231445}",
  "mode": "head_ablation",
  "model_class": "CNNHeadModel",
  "model_name": "eml_no_ambiguity",
  "num_classes": 10,
  "num_params": 167233,
  "pairwise_margin": 0.0,
  "pairwise_weight": 0.0,
  "platform": "Linux-5.4.0-216-generic-x86_64-with-glibc2.31",
  "python_version": "3.10.20",
  "reason": "",
  "run_dir": "reports/real_cifar_20260424_165937/runs/20260424_090203_e2e_cifar10_eml_no_ambiguity_ce_seed0",
  "run_id": "e2e_cifar10_eml_no_ambiguity_ce_seed0",
  "seed": 0,
  "status": "COMPLETED",
  "steps": 300,
  "task_name": "image_classification",
  "test_accuracy": 0.34765625,
  "test_ambiguity_mean": 0.0,
  "test_brier": 0.7599324584007263,
  "test_class_resistance_mean": 0.20138335227966309,
  "test_ece": 0.037095364183187485,
  "test_hard_negative_drive_mean": 6.7498698234558105,
  "test_hard_negative_logit_mean": 2.0652577877044678,
  "test_hard_negative_resistance_mean": 18.59563446044922,
  "test_loss": 1.7461103200912476,
  "test_margin_mean": -0.5887521505355835,
  "test_nll": 1.7461103200912476,
  "test_positive_drive_mean": 4.8909220695495605,
  "test_positive_logit_mean": 1.4765055179595947,
  "test_positive_resistance_mean": 18.594860076904297,
  "test_resistance_noise_corr": NaN,
  "test_resistance_occlusion_corr": NaN,
  "test_sample_uncertainty_mean": 18.393529891967773,
  "timestamp": "2026-04-24T09:02:19Z",
  "torch_version": "2.7.1+cu118",
  "torchvision_version": "0.22.1+cu118",
  "total_train_time_sec": 15.753153800964355,
  "trainable_params": 167233,
  "use_eml_residual_bank": false,
  "val_accuracy": 0.341796875,
  "val_ambiguity_mean": 0.0,
  "val_brier": 0.7689474821090698,
  "val_class_resistance_mean": 0.20138335227966309,
  "val_ece": 0.06540463864803314,
  "val_hard_negative_drive_mean": 6.799447536468506,
  "val_hard_negative_logit_mean": 2.0608837604522705,
  "val_hard_negative_resistance_mean": 18.595157623291016,
  "val_loss": 1.7877283096313477,
  "val_margin_mean": -0.6464194655418396,
  "val_nll": 1.7877283096313477,
  "val_positive_drive_mean": 4.685242652893066,
  "val_positive_logit_mean": 1.4144644737243652,
  "val_positive_resistance_mean": 18.59452247619629,
  "val_resistance_noise_corr": NaN,
  "val_resistance_occlusion_corr": NaN,
  "val_sample_uncertainty_mean": 18.393022537231445
}