{
  "model_class": "EMLEdgeFunctionNetwork",
  "num_params": 9671,
  "target_mean": -0.37105125188827515,
  "target_std": 0.8232479691505432,
  "trainable_params": 9671
}