{
  "batch_size": 64,
  "best_metric": 0.984375,
  "best_step": 75,
  "clean_accuracy": 0.9934895634651184,
  "clean_brier": 0.13134178519248962,
  "clean_confidence_mean": 0.6843196749687195,
  "clean_ece": 0.3091699182987213,
  "clean_nll": 0.3885026276111603,
  "clean_positive_resistance_mean": 0.08693236112594604,
  "clean_resistance_noise_corr": -2.7509271305348193e-08,
  "clean_resistance_occlusion_corr": NaN,
  "clean_risk_at_100_coverage": 0.006510436534881592,
  "clean_risk_at_50_coverage": 0.0,
  "clean_risk_at_70_coverage": 0.0,
  "clean_risk_at_80_coverage": 0.0,
  "clean_risk_at_90_coverage": 0.0,
  "clean_score_name": "positive_resistance",
  "clean_selective_aurc": 6.510430102935061e-05,
  "clean_uncertainty_mean": 0.08693236112594604,
  "clean_vs_noisy_auroc": 0.6343002319335938,
  "clean_vs_occluded_auroc": 0.6593780517578125,
  "condition_metrics_path": "reports/uncertainty_remote_20260424_175558/runs/20260424_095524_uncertainty_synthetic_shape_eml_supervised_resistance_seed0/uncertainty_eval.pt",
  "cuda_available": true,
  "dataset_name": "synthetic_shape",
  "device": "cuda",
  "early_stop_patience": 4,
  "early_stop_triggered": true,
  "experiment_type": "frozen_features_uncertainty",
  "feature_dim": 64,
  "final_metric": 0.9934895634651184,
  "final_train_loss": 0.3575578033924103,
  "git_commit": "unknown",
  "hostname": "user-NF5468M6",
  "metrics_json": "{\"best_metric\": 0.984375, \"best_step\": 75, \"clean_accuracy\": 0.9934895634651184, \"clean_brier\": 0.13134178519248962, \"clean_confidence_mean\": 0.6843196749687195, \"clean_ece\": 0.3091699182987213, \"clean_nll\": 0.3885026276111603, \"clean_positive_resistance_mean\": 0.08693236112594604, \"clean_resistance_noise_corr\": -2.7509271305348193e-08, \"clean_resistance_occlusion_corr\": NaN, \"clean_risk_at_100_coverage\": 0.006510436534881592, \"clean_risk_at_50_coverage\": 0.0, \"clean_risk_at_70_coverage\": 0.0, \"clean_risk_at_80_coverage\": 0.0, \"clean_risk_at_90_coverage\": 0.0, \"clean_score_name\": \"positive_resistance\", \"clean_selective_aurc\": 6.510430102935061e-05, \"clean_uncertainty_mean\": 0.08693236112594604, \"clean_vs_noisy_auroc\": 0.6343002319335938, \"clean_vs_occluded_auroc\": 0.6593780517578125, \"condition_metrics_path\": \"reports/uncertainty_remote_20260424_175558/runs/20260424_095524_uncertainty_synthetic_shape_eml_supervised_resistance_seed0/uncertainty_eval.pt\", \"early_stop_patience\": 4, \"early_stop_triggered\": true, \"final_metric\": 0.9934895634651184, \"final_train_loss\": 0.3575578033924103, \"noisy_accuracy\": 0.9482421875, \"noisy_brier\": 0.18376314640045166, \"noisy_confidence_mean\": 0.6686197519302368, \"noisy_ece\": 0.27984797954559326, \"noisy_nll\": 0.4742931127548218, \"noisy_positive_resistance_mean\": 0.1963696926832199, \"noisy_resistance_noise_corr\": NaN, \"noisy_resistance_occlusion_corr\": NaN, \"noisy_risk_at_100_coverage\": 0.0517578125, \"noisy_risk_at_50_coverage\": 0.0, \"noisy_risk_at_70_coverage\": 0.0, \"noisy_risk_at_80_coverage\": 0.0, \"noisy_risk_at_90_coverage\": 0.0, \"noisy_score_name\": \"positive_resistance\", \"noisy_selective_aurc\": 0.0016464137006551027, \"noisy_uncertainty_mean\": 0.1963696926832199, \"occluded_accuracy\": 0.8818359375, \"occluded_brier\": 0.24127376079559326, \"occluded_confidence_mean\": 0.6359779238700867, \"occluded_ece\": 0.25673869252204895, \"occluded_nll\": 0.5764578580856323, \"occluded_positive_resistance_mean\": 0.24756498634815216, \"occluded_resistance_noise_corr\": 3.292063155413416e-08, \"occluded_resistance_occlusion_corr\": 0.6373190879821777, \"occluded_risk_at_100_coverage\": 0.1181640625, \"occluded_risk_at_50_coverage\": 0.0, \"occluded_risk_at_70_coverage\": 0.0, \"occluded_risk_at_80_coverage\": 0.0, \"occluded_risk_at_90_coverage\": 0.02494579553604126, \"occluded_score_name\": \"positive_resistance\", \"occluded_selective_aurc\": 0.007983115501701832, \"occluded_uncertainty_mean\": 0.24756498634815216, \"pooled_resistance_noise_corr\": NaN, \"pooled_resistance_occlusion_corr\": NaN, \"steps_run\": 175, \"total_train_time_sec\": 3.551844358444214}",
  "mode": "uncertainty_benchmark",
  "model_class": "EMLPrototypeHeadSupervisedResistance",
  "model_name": "eml_supervised_resistance",
  "noisy_accuracy": 0.9482421875,
  "noisy_brier": 0.18376314640045166,
  "noisy_confidence_mean": 0.6686197519302368,
  "noisy_ece": 0.27984797954559326,
  "noisy_nll": 0.4742931127548218,
  "noisy_positive_resistance_mean": 0.1963696926832199,
  "noisy_resistance_noise_corr": NaN,
  "noisy_resistance_occlusion_corr": NaN,
  "noisy_risk_at_100_coverage": 0.0517578125,
  "noisy_risk_at_50_coverage": 0.0,
  "noisy_risk_at_70_coverage": 0.0,
  "noisy_risk_at_80_coverage": 0.0,
  "noisy_risk_at_90_coverage": 0.0,
  "noisy_score_name": "positive_resistance",
  "noisy_selective_aurc": 0.0016464137006551027,
  "noisy_uncertainty_mean": 0.1963696926832199,
  "num_classes": 5,
  "num_params": 18002,
  "num_workers": 0,
  "occluded_accuracy": 0.8818359375,
  "occluded_brier": 0.24127376079559326,
  "occluded_confidence_mean": 0.6359779238700867,
  "occluded_ece": 0.25673869252204895,
  "occluded_nll": 0.5764578580856323,
  "occluded_positive_resistance_mean": 0.24756498634815216,
  "occluded_resistance_noise_corr": 3.292063155413416e-08,
  "occluded_resistance_occlusion_corr": 0.6373190879821777,
  "occluded_risk_at_100_coverage": 0.1181640625,
  "occluded_risk_at_50_coverage": 0.0,
  "occluded_risk_at_70_coverage": 0.0,
  "occluded_risk_at_80_coverage": 0.0,
  "occluded_risk_at_90_coverage": 0.02494579553604126,
  "occluded_score_name": "positive_resistance",
  "occluded_selective_aurc": 0.007983115501701832,
  "occluded_uncertainty_mean": 0.24756498634815216,
  "platform": "Linux-5.4.0-216-generic-x86_64-with-glibc2.31",
  "pooled_resistance_noise_corr": NaN,
  "pooled_resistance_occlusion_corr": NaN,
  "python_version": "3.10.20",
  "reason": "",
  "run_dir": "reports/uncertainty_remote_20260424_175558/runs/20260424_095524_uncertainty_synthetic_shape_eml_supervised_resistance_seed0",
  "run_id": "uncertainty_synthetic_shape_eml_supervised_resistance_seed0",
  "seed": 0,
  "status": "COMPLETED",
  "steps_run": 175,
  "task_name": "image_uncertainty_selective_classification",
  "test_size": 1024,
  "timestamp": "2026-04-24T09:55:28Z",
  "torch_version": "2.7.1+cu118",
  "torchvision_version": "0.22.1+cu118",
  "total_train_time_sec": 3.551844358444214,
  "train_size": 4096,
  "trainable_params": 18002
}