{
  "backbone_steps": 40,
  "batch_size": 32,
  "best_metric": 0.40625,
  "best_step": 10,
  "clean_accuracy": 0.4453125,
  "clean_brier": 0.79690021276474,
  "clean_confidence_mean": 0.20280331373214722,
  "clean_ece": 0.24250918626785278,
  "clean_nll": 1.60170316696167,
  "clean_positive_resistance_mean": 0.6131677031517029,
  "clean_resistance_noise_corr": -4.7467193553529796e-07,
  "clean_resistance_occlusion_corr": NaN,
  "clean_risk_at_100_coverage": 0.5546875,
  "clean_risk_at_50_coverage": 0.453125,
  "clean_risk_at_70_coverage": 0.42222219705581665,
  "clean_risk_at_80_coverage": 0.4757281541824341,
  "clean_risk_at_90_coverage": 0.5344827175140381,
  "clean_score_name": "positive_resistance",
  "clean_selective_aurc": 0.502345085144043,
  "clean_uncertainty_mean": 0.6131677031517029,
  "clean_vs_noisy_auroc": 0.4300537109375,
  "clean_vs_occluded_auroc": 0.588653564453125,
  "condition_metrics_path": "reports/pluggable_primitive_smoke/frozen_runs/20260427_035714_uncertainty_synthetic_shape_eml_centered_ambiguity_seed1/uncertainty_eval.pt",
  "cuda_available": false,
  "dataset_name": "synthetic_shape",
  "device": "cpu",
  "early_stop_min_evals": 2,
  "early_stop_patience": 4,
  "early_stop_triggered": false,
  "eval_interval": 10,
  "experiment_type": "frozen_features_uncertainty",
  "feature_dim": 64,
  "final_metric": 0.4453125,
  "final_train_loss": 1.450012445449829,
  "git_commit": "e445378",
  "head_steps": 40,
  "hostname": "Mac",
  "metrics_json": "{\"best_metric\": 0.40625, \"best_step\": 10, \"clean_accuracy\": 0.4453125, \"clean_brier\": 0.79690021276474, \"clean_confidence_mean\": 0.20280331373214722, \"clean_ece\": 0.24250918626785278, \"clean_nll\": 1.60170316696167, \"clean_positive_resistance_mean\": 0.6131677031517029, \"clean_resistance_noise_corr\": -4.7467193553529796e-07, \"clean_resistance_occlusion_corr\": NaN, \"clean_risk_at_100_coverage\": 0.5546875, \"clean_risk_at_50_coverage\": 0.453125, \"clean_risk_at_70_coverage\": 0.42222219705581665, \"clean_risk_at_80_coverage\": 0.4757281541824341, \"clean_risk_at_90_coverage\": 0.5344827175140381, \"clean_score_name\": \"positive_resistance\", \"clean_selective_aurc\": 0.502345085144043, \"clean_uncertainty_mean\": 0.6131677031517029, \"clean_vs_noisy_auroc\": 0.4300537109375, \"clean_vs_occluded_auroc\": 0.588653564453125, \"condition_metrics_path\": \"reports/pluggable_primitive_smoke/frozen_runs/20260427_035714_uncertainty_synthetic_shape_eml_centered_ambiguity_seed1/uncertainty_eval.pt\", \"early_stop_patience\": 4, \"early_stop_triggered\": false, \"final_metric\": 0.4453125, \"final_train_loss\": 1.450012445449829, \"noisy_accuracy\": 0.30078125, \"noisy_brier\": 0.7982648611068726, \"noisy_confidence_mean\": 0.20299193263053894, \"noisy_ece\": 0.09778931736946106, \"noisy_nll\": 1.605097770690918, \"noisy_positive_resistance_mean\": 0.6023192405700684, \"noisy_resistance_noise_corr\": NaN, \"noisy_resistance_occlusion_corr\": NaN, \"noisy_risk_at_100_coverage\": 0.69921875, \"noisy_risk_at_50_coverage\": 0.5625, \"noisy_risk_at_70_coverage\": 0.5777777433395386, \"noisy_risk_at_80_coverage\": 0.6292682886123657, \"noisy_risk_at_90_coverage\": 0.6666666269302368, \"noisy_score_name\": \"positive_resistance\", \"noisy_selective_aurc\": 0.641602098941803, \"noisy_uncertainty_mean\": 0.6023192405700684, \"occluded_accuracy\": 0.37109375, \"occluded_brier\": 0.7975870370864868, \"occluded_confidence_mean\": 0.20317187905311584, \"occluded_ece\": 0.16792187094688416, \"occluded_nll\": 1.6034235954284668, \"occluded_positive_resistance_mean\": 0.6277764439582825, \"occluded_resistance_noise_corr\": -1.8999178053036303e-07, \"occluded_resistance_occlusion_corr\": 0.1067105382680893, \"occluded_risk_at_100_coverage\": 0.62890625, \"occluded_risk_at_50_coverage\": 0.5, \"occluded_risk_at_70_coverage\": 0.5111111402511597, \"occluded_risk_at_80_coverage\": 0.5658536553382874, \"occluded_risk_at_90_coverage\": 0.6017315983772278, \"occluded_score_name\": \"positive_resistance\", \"occluded_selective_aurc\": 0.5592241287231445, \"occluded_uncertainty_mean\": 0.6277764439582825, \"pooled_resistance_noise_corr\": -0.18982383608818054, \"pooled_resistance_occlusion_corr\": 0.1466970443725586, \"steps_run\": 40, \"total_train_time_sec\": 0.09606194496154785}",
  "mode": "uncertainty_benchmark",
  "model_class": "EMLPrototypeHeadCenteredAmbiguity",
  "model_name": "eml_centered_ambiguity",
  "noisy_accuracy": 0.30078125,
  "noisy_brier": 0.7982648611068726,
  "noisy_confidence_mean": 0.20299193263053894,
  "noisy_ece": 0.09778931736946106,
  "noisy_nll": 1.605097770690918,
  "noisy_positive_resistance_mean": 0.6023192405700684,
  "noisy_resistance_noise_corr": NaN,
  "noisy_resistance_occlusion_corr": NaN,
  "noisy_risk_at_100_coverage": 0.69921875,
  "noisy_risk_at_50_coverage": 0.5625,
  "noisy_risk_at_70_coverage": 0.5777777433395386,
  "noisy_risk_at_80_coverage": 0.6292682886123657,
  "noisy_risk_at_90_coverage": 0.6666666269302368,
  "noisy_score_name": "positive_resistance",
  "noisy_selective_aurc": 0.641602098941803,
  "noisy_uncertainty_mean": 0.6023192405700684,
  "num_classes": 5,
  "num_params": 18002,
  "num_workers": 0,
  "occluded_accuracy": 0.37109375,
  "occluded_brier": 0.7975870370864868,
  "occluded_confidence_mean": 0.20317187905311584,
  "occluded_ece": 0.16792187094688416,
  "occluded_nll": 1.6034235954284668,
  "occluded_positive_resistance_mean": 0.6277764439582825,
  "occluded_resistance_noise_corr": -1.8999178053036303e-07,
  "occluded_resistance_occlusion_corr": 0.1067105382680893,
  "occluded_risk_at_100_coverage": 0.62890625,
  "occluded_risk_at_50_coverage": 0.5,
  "occluded_risk_at_70_coverage": 0.5111111402511597,
  "occluded_risk_at_80_coverage": 0.5658536553382874,
  "occluded_risk_at_90_coverage": 0.6017315983772278,
  "occluded_score_name": "positive_resistance",
  "occluded_selective_aurc": 0.5592241287231445,
  "occluded_uncertainty_mean": 0.6277764439582825,
  "platform": "macOS-26.0-arm64-arm-64bit",
  "pooled_resistance_noise_corr": -0.18982383608818054,
  "pooled_resistance_occlusion_corr": 0.1466970443725586,
  "python_version": "3.12.12",
  "reason": "",
  "run_dir": "reports/pluggable_primitive_smoke/frozen_runs/20260427_035714_uncertainty_synthetic_shape_eml_centered_ambiguity_seed1",
  "run_id": "uncertainty_synthetic_shape_eml_centered_ambiguity_seed1",
  "seed": 1,
  "selected_heads": [
    "linear",
    "mlp",
    "cosine_prototype",
    "eml_no_ambiguity",
    "eml_centered_ambiguity",
    "eml_supervised_resistance",
    "merc_linear",
    "merc_energy"
  ],
  "status": "COMPLETED",
  "steps_run": 40,
  "task_name": "image_uncertainty_selective_classification",
  "test_size": 256,
  "timestamp": "2026-04-27T03:57:14Z",
  "torch_version": "2.10.0",
  "torchvision_version": "unavailable",
  "total_train_time_sec": 0.09606194496154785,
  "train_size": 768,
  "trainable_params": 18002
}