drive_mean,drive_std,resistance_mean,resistance_std,activation_gap
0.9996721148490906,9.46550426306203e-05,1.764493465423584,0.5882040858268738,0.6216247081756592
