{
  "batch_size": 64,
  "best_metric": 0.3671875,
  "best_step": 200,
  "best_val_accuracy": 0.3671875,
  "cuda_available": true,
  "dataset_name": "cifar10",
  "device": "cuda",
  "early_stop_triggered": false,
  "experiment_type": "end_to_end",
  "feature_dim": 64,
  "final_metric": 0.33203125,
  "final_train_accuracy": 0.53125,
  "final_train_loss": 1.471772313117981,
  "git_commit": "unknown",
  "head_name": "eml_centered_ambiguity",
  "hostname": "user-NF5468M6",
  "loss_mode": "ce_pairwise",
  "lr": 0.001,
  "metrics_json": "{\"best_metric\": 0.3671875, \"best_step\": 200, \"best_val_accuracy\": 0.3671875, \"early_stop_triggered\": false, \"final_metric\": 0.33203125, \"final_train_accuracy\": 0.53125, \"final_train_loss\": 1.471772313117981, \"steps_run\": 300, \"test_accuracy\": 0.33203125, \"test_ambiguity_mean\": 1.053342580795288, \"test_brier\": 0.762822687625885, \"test_class_resistance_mean\": 0.20043008029460907, \"test_ece\": 0.052695441991090775, \"test_hard_negative_drive_mean\": 6.5816755294799805, \"test_hard_negative_logit_mean\": 2.3387789726257324, \"test_hard_negative_resistance_mean\": 0.8965960741043091, \"test_loss\": 1.756211519241333, \"test_margin_mean\": -0.6436672806739807, \"test_nll\": 1.756211519241333, \"test_positive_drive_mean\": 4.5548810958862305, \"test_positive_logit_mean\": 1.6951115131378174, \"test_positive_resistance_mean\": 1.0182366371154785, \"test_resistance_noise_corr\": NaN, \"test_resistance_occlusion_corr\": NaN, \"test_sample_uncertainty_mean\": 0.0002359858190175146, \"total_train_time_sec\": 11.91246223449707, \"val_accuracy\": 0.3203125, \"val_ambiguity_mean\": 1.074885368347168, \"val_brier\": 0.7893720865249634, \"val_class_resistance_mean\": 0.20043008029460907, \"val_ece\": 0.06384149938821793, \"val_hard_negative_drive_mean\": 6.607224464416504, \"val_hard_negative_logit_mean\": 2.3428573608398438, \"val_hard_negative_resistance_mean\": 0.8993915915489197, \"val_loss\": 1.8451755046844482, \"val_margin_mean\": -0.7470847964286804, \"val_nll\": 1.8451755046844482, \"val_positive_drive_mean\": 4.2210774421691895, \"val_positive_logit_mean\": 1.5957727432250977, \"val_positive_resistance_mean\": 1.0592434406280518, \"val_resistance_noise_corr\": NaN, \"val_resistance_occlusion_corr\": NaN, \"val_sample_uncertainty_mean\": 0.00022983549570199102}",
  "mode": "head_ablation",
  "model_class": "CNNHeadModel",
  "model_name": "eml_centered_ambiguity",
  "num_classes": 10,
  "num_params": 167233,
  "pairwise_margin": 0.0,
  "pairwise_weight": 0.05,
  "platform": "Linux-5.4.0-216-generic-x86_64-with-glibc2.31",
  "python_version": "3.10.20",
  "reason": "",
  "run_dir": "reports/merc_end_to_end/runs/20260425_030743_e2e_cifar10_eml_centered_ambiguity_ce_pairwise_seed0",
  "run_id": "e2e_cifar10_eml_centered_ambiguity_ce_pairwise_seed0",
  "seed": 0,
  "status": "COMPLETED",
  "steps": 300,
  "steps_run": 300,
  "task_name": "image_classification",
  "test_accuracy": 0.33203125,
  "test_ambiguity_mean": 1.053342580795288,
  "test_brier": 0.762822687625885,
  "test_class_resistance_mean": 0.20043008029460907,
  "test_ece": 0.052695441991090775,
  "test_hard_negative_drive_mean": 6.5816755294799805,
  "test_hard_negative_logit_mean": 2.3387789726257324,
  "test_hard_negative_resistance_mean": 0.8965960741043091,
  "test_loss": 1.756211519241333,
  "test_margin_mean": -0.6436672806739807,
  "test_nll": 1.756211519241333,
  "test_positive_drive_mean": 4.5548810958862305,
  "test_positive_logit_mean": 1.6951115131378174,
  "test_positive_resistance_mean": 1.0182366371154785,
  "test_resistance_noise_corr": NaN,
  "test_resistance_occlusion_corr": NaN,
  "test_sample_uncertainty_mean": 0.0002359858190175146,
  "timestamp": "2026-04-25T03:07:55Z",
  "torch_version": "2.7.1+cu118",
  "torchvision_version": "0.22.1+cu118",
  "total_train_time_sec": 11.91246223449707,
  "trainable_params": 167233,
  "use_eml_residual_bank": false,
  "use_merc_block": false,
  "val_accuracy": 0.3203125,
  "val_ambiguity_mean": 1.074885368347168,
  "val_brier": 0.7893720865249634,
  "val_class_resistance_mean": 0.20043008029460907,
  "val_ece": 0.06384149938821793,
  "val_hard_negative_drive_mean": 6.607224464416504,
  "val_hard_negative_logit_mean": 2.3428573608398438,
  "val_hard_negative_resistance_mean": 0.8993915915489197,
  "val_loss": 1.8451755046844482,
  "val_margin_mean": -0.7470847964286804,
  "val_nll": 1.8451755046844482,
  "val_positive_drive_mean": 4.2210774421691895,
  "val_positive_logit_mean": 1.5957727432250977,
  "val_positive_resistance_mean": 1.0592434406280518,
  "val_resistance_noise_corr": NaN,
  "val_resistance_occlusion_corr": NaN,
  "val_sample_uncertainty_mean": 0.00022983549570199102
}