{
  "best_metric": 1.0,
  "cuda_available": true,
  "dataset_name": "synthetic_probe_tensors",
  "device": "cuda",
  "final_diagnostics": {
    "drive_mean": -5.100400812807493e-05,
    "drive_std": 0.0018422066932544112,
    "energy_mean": -0.8809566497802734,
    "energy_std": 0.21293877065181732,
    "gate_activation_rate": 0.3020244240760803,
    "gate_mean": 0.3020244240760803,
    "gate_std": 0.15101222693920135,
    "message_norm_mean": 0.06962427496910095,
    "message_norm_std": 0.014624819159507751,
    "resistance_mean": -2.5664961867732927e-05,
    "resistance_std": 0.001990633551031351,
    "responsibility_entropy_mean": 1.4710296392440796,
    "responsibility_entropy_std": 3.141042270726757e-06,
    "update_gate_mean": 0.26894283294677734,
    "update_gate_std": 3.3112490200437605e-05,
    "update_strength_mean": 1.0,
    "update_strength_std": 0.0
  },
  "final_metric": 1.0,
  "git_commit": "ae26ee9",
  "hostname": "user-NF5468M6",
  "message_norm_mean": 0.06962427496910095,
  "metrics_json": "{\"best_metric\": 1.0, \"final_diagnostics\": {\"drive_mean\": -5.100400812807493e-05, \"drive_std\": 0.0018422066932544112, \"energy_mean\": -0.8809566497802734, \"energy_std\": 0.21293877065181732, \"gate_activation_rate\": 0.3020244240760803, \"gate_mean\": 0.3020244240760803, \"gate_std\": 0.15101222693920135, \"message_norm_mean\": 0.06962427496910095, \"message_norm_std\": 0.014624819159507751, \"resistance_mean\": -2.5664961867732927e-05, \"resistance_std\": 0.001990633551031351, \"responsibility_entropy_mean\": 1.4710296392440796, \"responsibility_entropy_std\": 3.141042270726757e-06, \"update_gate_mean\": 0.26894283294677734, \"update_gate_std\": 3.3112490200437605e-05, \"update_strength_mean\": 1.0, \"update_strength_std\": 0.0}, \"final_metric\": 1.0, \"message_norm_mean\": 0.06962427496910095, \"nan_inf_count\": 0.0, \"peak_memory_mb\": 9.39404296875, \"step\": 1, \"step_time_sec\": 0.0028247833251953125, \"total_train_time_sec\": 0.0028243064880371094, \"train_loss\": 0.0, \"update_norm_mean\": 0.9725045561790466, \"wall_clock_time_sec\": 0.0028243064880371094}",
  "mode": "ablation",
  "model_name": "ablation_gate_sigmoid_seed2",
  "nan_inf_count": 0.0,
  "num_params": 14151,
  "peak_memory_mb": 9.39404296875,
  "platform": "Linux-5.4.0-216-generic-x86_64-with-glibc2.31",
  "python_version": "3.10.20",
  "reason": "",
  "responsibility_mode": false,
  "run_dir": "reports/runs_server_ablation_20260424_150157/20260424_070201_ablation_gate_sigmoid_seed2",
  "run_id": "ablation_gate_sigmoid_seed2",
  "seed": 2,
  "status": "COMPLETED",
  "step": 1,
  "step_time_sec": 0.0028247833251953125,
  "task_name": "mechanism_probe",
  "timestamp": "2026-04-24T07:02:01Z",
  "torch_version": "2.7.1+cu118",
  "torchvision_version": "0.22.1+cu118",
  "total_train_time_sec": 0.0028243064880371094,
  "train_loss": 0.0,
  "trainable_params": 14151,
  "update_mode": "sigmoid",
  "update_norm_mean": 0.9725045561790466,
  "use_null": false,
  "wall_clock_time_sec": 0.0028243064880371094
}