{
  "ambiguity_weight": NaN,
  "attractor_entropy_weight": NaN,
  "batch_size": 8,
  "best_metric": 0.75,
  "completed_steps": 27,
  "cuda_available": false,
  "dataset_name": "SyntheticShapeEnergyDataset",
  "device": "cpu",
  "early_stop": true,
  "early_stop_step": 27,
  "early_stop_triggered": true,
  "examples_per_sec": 843.6060842237587,
  "final_diagnostics": {
    "ambiguity_mean": 0.5482869148254395,
    "ambiguity_std": 0.4310496747493744,
    "ambiguity_weight_mean": 0.13500000536441803,
    "ambiguity_weight_std": 0.0,
    "drive_mean": -0.015180393122136593,
    "drive_std": 0.46221819519996643,
    "energy_mean": -0.8693228960037231,
    "energy_std": 0.33417999744415283,
    "gate_activation_rate": 0.26891884207725525,
    "gate_mean": 0.26891884207725525,
    "gate_std": 0.0012091833632439375,
    "resistance_mean": 0.1309676170349121,
    "resistance_std": 0.3316519558429718,
    "sample_uncertainty_mean": 0.6937457323074341,
    "sample_uncertainty_std": 0.00010671232303138822
  },
  "final_metric": 0.25,
  "final_train_accuracy": 0.25,
  "final_train_loss": 1.60074782371521,
  "git_commit": "9ce7b7d",
  "grad_norm": 0.5401940941810608,
  "hostname": "Mac-mini.local",
  "learning_rate": 0.001,
  "metrics_json": "{\"ambiguity_weight\": NaN, \"attractor_entropy_weight\": NaN, \"best_metric\": 0.75, \"completed_steps\": 27, \"early_stop_step\": 27, \"early_stop_triggered\": true, \"examples_per_sec\": 843.6060842237587, \"final_diagnostics\": {\"ambiguity_mean\": 0.5482869148254395, \"ambiguity_std\": 0.4310496747493744, \"ambiguity_weight_mean\": 0.13500000536441803, \"ambiguity_weight_std\": 0.0, \"drive_mean\": -0.015180393122136593, \"drive_std\": 0.46221819519996643, \"energy_mean\": -0.8693228960037231, \"energy_std\": 0.33417999744415283, \"gate_activation_rate\": 0.26891884207725525, \"gate_mean\": 0.26891884207725525, \"gate_std\": 0.0012091833632439375, \"resistance_mean\": 0.1309676170349121, \"resistance_std\": 0.3316519558429718, \"sample_uncertainty_mean\": 0.6937457323074341, \"sample_uncertainty_std\": 0.00010671232303138822}, \"final_metric\": 0.25, \"final_train_accuracy\": 0.25, \"final_train_loss\": 1.60074782371521, \"grad_norm\": 0.5401940941810608, \"learning_rate\": 0.001, \"null_threshold\": NaN, \"peak_memory_mb\": 0.0, \"precision_update_threshold\": NaN, \"resistance_noise_corr\": 0.04031268507242203, \"resistance_occlusion_corr\": 0.044915180653333664, \"responsibility_temperature\": NaN, \"step\": 27, \"step_time_sec\": 0.009483098983764648, \"top1_accuracy\": 0.25, \"top5_accuracy\": 1.0, \"total_train_time_sec\": 0.32799720764160156, \"train_accuracy\": 0.25, \"train_loss\": 1.60074782371521, \"wall_clock_time_sec\": 0.32626914978027344, \"warmup_eta\": 0.135}",
  "min_delta": 0.001,
  "mode": "ablation",
  "model_name": "cnn_eml",
  "null_threshold": NaN,
  "num_params": 162644,
  "num_workers": 0,
  "patience": 12,
  "peak_memory_mb": 0.0,
  "platform": "macOS-15.1-arm64-arm-64bit",
  "precision_update_threshold": NaN,
  "python_version": "3.12.7",
  "reason": "",
  "resistance_noise_corr": 0.04031268507242203,
  "resistance_occlusion_corr": 0.044915180653333664,
  "responsibility_temperature": NaN,
  "run_dir": "reports/runs/20260505_123200_kan_compare_image_cnn_eml",
  "run_id": "kan_compare_image_cnn_eml",
  "seed": 0,
  "status": "COMPLETED",
  "step": 27,
  "step_time_sec": 0.009483098983764648,
  "steps": 200,
  "task_name": "image_synthetic",
  "timestamp": "2026-05-05T12:32:00Z",
  "top1_accuracy": 0.25,
  "top5_accuracy": 1.0,
  "torch_version": "2.10.0",
  "torchvision_version": "0.25.0",
  "total_train_time_sec": 0.32799720764160156,
  "train_accuracy": 0.25,
  "train_loss": 1.60074782371521,
  "trainable_params": 162644,
  "wall_clock_time_sec": 0.32626914978027344,
  "warmup_enabled": true,
  "warmup_eta": 0.135
}