{
  "batch_size": 64,
  "best_metric": 0.52734375,
  "best_step": 50,
  "clean_accuracy": 0.4700520932674408,
  "clean_brier": 0.6814901828765869,
  "clean_confidence_mean": 0.4048020839691162,
  "clean_ece": 0.07041756063699722,
  "clean_nll": 1.486235499382019,
  "clean_risk_at_100_coverage": 0.5299478769302368,
  "clean_risk_at_50_coverage": 0.4244791865348816,
  "clean_risk_at_70_coverage": 0.45167285203933716,
  "clean_risk_at_80_coverage": 0.48130083084106445,
  "clean_risk_at_90_coverage": 0.5043352842330933,
  "clean_score_name": "one_minus_confidence",
  "clean_selective_aurc": 0.369119256734848,
  "clean_uncertainty_mean": 0.5951979160308838,
  "clean_vs_noisy_auroc": 0.5220234990119934,
  "clean_vs_occluded_auroc": 0.5074666142463684,
  "condition_metrics_path": "reports/uncertainty_resistance_true_20260427/runs/20260427_020558_uncertainty_cifar10_mlp_seed1/uncertainty_eval.pt",
  "cuda_available": true,
  "dataset_name": "cifar10",
  "device": "cuda",
  "early_stop_patience": 4,
  "early_stop_triggered": true,
  "experiment_type": "frozen_features_uncertainty",
  "feature_dim": 64,
  "final_metric": 0.4700520932674408,
  "final_train_loss": 1.3760030269622803,
  "git_commit": "0c0b3db",
  "hostname": "user-NF5468M6",
  "metrics_json": "{\"best_metric\": 0.52734375, \"best_step\": 50, \"clean_accuracy\": 0.4700520932674408, \"clean_brier\": 0.6814901828765869, \"clean_confidence_mean\": 0.4048020839691162, \"clean_ece\": 0.07041756063699722, \"clean_nll\": 1.486235499382019, \"clean_risk_at_100_coverage\": 0.5299478769302368, \"clean_risk_at_50_coverage\": 0.4244791865348816, \"clean_risk_at_70_coverage\": 0.45167285203933716, \"clean_risk_at_80_coverage\": 0.48130083084106445, \"clean_risk_at_90_coverage\": 0.5043352842330933, \"clean_score_name\": \"one_minus_confidence\", \"clean_selective_aurc\": 0.369119256734848, \"clean_uncertainty_mean\": 0.5951979160308838, \"clean_vs_noisy_auroc\": 0.5220234990119934, \"clean_vs_occluded_auroc\": 0.5074666142463684, \"condition_metrics_path\": \"reports/uncertainty_resistance_true_20260427/runs/20260427_020558_uncertainty_cifar10_mlp_seed1/uncertainty_eval.pt\", \"early_stop_patience\": 4, \"early_stop_triggered\": true, \"final_metric\": 0.4700520932674408, \"final_train_loss\": 1.3760030269622803, \"noisy_accuracy\": 0.380859375, \"noisy_brier\": 0.7477365732192993, \"noisy_confidence_mean\": 0.3958457112312317, \"noisy_ece\": 0.05017735809087753, \"noisy_nll\": 1.7056840658187866, \"noisy_risk_at_100_coverage\": 0.619140625, \"noisy_risk_at_50_coverage\": 0.513671875, \"noisy_risk_at_70_coverage\": 0.5704323649406433, \"noisy_risk_at_80_coverage\": 0.5841463804244995, \"noisy_risk_at_90_coverage\": 0.601952314376831, \"noisy_score_name\": \"one_minus_confidence\", \"noisy_selective_aurc\": 0.4775139391422272, \"noisy_uncertainty_mean\": 0.6041542887687683, \"occluded_accuracy\": 0.4296875, \"occluded_brier\": 0.7177572250366211, \"occluded_confidence_mean\": 0.4020385146141052, \"occluded_ece\": 0.04326397553086281, \"occluded_nll\": 1.592939019203186, \"occluded_risk_at_100_coverage\": 0.5703125, \"occluded_risk_at_50_coverage\": 0.458984375, \"occluded_risk_at_70_coverage\": 0.5160390138626099, \"occluded_risk_at_80_coverage\": 0.5317072868347168, \"occluded_risk_at_90_coverage\": 0.547722339630127, \"occluded_score_name\": \"one_minus_confidence\", \"occluded_selective_aurc\": 0.42423972487449646, \"occluded_uncertainty_mean\": 0.5979614853858948, \"steps_run\": 150, \"total_train_time_sec\": 2.415583848953247}",
  "mode": "uncertainty_benchmark",
  "model_class": "MLPHead",
  "model_name": "mlp",
  "noisy_accuracy": 0.380859375,
  "noisy_brier": 0.7477365732192993,
  "noisy_confidence_mean": 0.3958457112312317,
  "noisy_ece": 0.05017735809087753,
  "noisy_nll": 1.7056840658187866,
  "noisy_risk_at_100_coverage": 0.619140625,
  "noisy_risk_at_50_coverage": 0.513671875,
  "noisy_risk_at_70_coverage": 0.5704323649406433,
  "noisy_risk_at_80_coverage": 0.5841463804244995,
  "noisy_risk_at_90_coverage": 0.601952314376831,
  "noisy_score_name": "one_minus_confidence",
  "noisy_selective_aurc": 0.4775139391422272,
  "noisy_uncertainty_mean": 0.6041542887687683,
  "num_classes": 10,
  "num_params": 9738,
  "num_workers": 0,
  "occluded_accuracy": 0.4296875,
  "occluded_brier": 0.7177572250366211,
  "occluded_confidence_mean": 0.4020385146141052,
  "occluded_ece": 0.04326397553086281,
  "occluded_nll": 1.592939019203186,
  "occluded_risk_at_100_coverage": 0.5703125,
  "occluded_risk_at_50_coverage": 0.458984375,
  "occluded_risk_at_70_coverage": 0.5160390138626099,
  "occluded_risk_at_80_coverage": 0.5317072868347168,
  "occluded_risk_at_90_coverage": 0.547722339630127,
  "occluded_score_name": "one_minus_confidence",
  "occluded_selective_aurc": 0.42423972487449646,
  "occluded_uncertainty_mean": 0.5979614853858948,
  "platform": "Linux-5.4.0-216-generic-x86_64-with-glibc2.31",
  "python_version": "3.10.20",
  "reason": "",
  "run_dir": "reports/uncertainty_resistance_true_20260427/runs/20260427_020558_uncertainty_cifar10_mlp_seed1",
  "run_id": "uncertainty_cifar10_mlp_seed1",
  "seed": 1,
  "status": "COMPLETED",
  "steps_run": 150,
  "task_name": "image_uncertainty_selective_classification",
  "test_size": 1024,
  "timestamp": "2026-04-27T02:06:00Z",
  "torch_version": "2.7.1+cu118",
  "torchvision_version": "0.22.1+cu118",
  "total_train_time_sec": 2.415583848953247,
  "train_size": 4096,
  "trainable_params": 9738
}