{
  "batch_size": 32,
  "best_metric": 0.99609375,
  "best_step": 100,
  "best_val_accuracy": 0.99609375,
  "cuda_available": true,
  "dataset_name": "synthetic_evidence",
  "device": "cuda",
  "early_stop_triggered": false,
  "experiment_type": "frozen_features",
  "feature_dim": 64,
  "features_dir": "reports/head_ablation/features/synthetic_evidence_medium_seed1",
  "final_metric": 0.994140625,
  "final_train_accuracy": 1.0,
  "final_train_loss": 0.0008091764175333083,
  "git_commit": "unknown",
  "hostname": "user-NF5468M6",
  "lr": 0.001,
  "metrics_json": "{\"best_metric\": 0.99609375, \"best_step\": 100, \"best_val_accuracy\": 0.99609375, \"early_stop_triggered\": false, \"final_metric\": 0.994140625, \"final_train_accuracy\": 1.0, \"final_train_loss\": 0.0008091764175333083, \"steps_run\": 300, \"test_accuracy\": 0.994140625, \"test_ambiguity_mean\": NaN, \"test_brier\": 0.009249252267181873, \"test_class_resistance_mean\": NaN, \"test_conflict_resistance_corr\": 0.007318955380469561, \"test_ece\": 0.0040517570450901985, \"test_hard_negative_drive_mean\": -11.581947326660156, \"test_hard_negative_logit_mean\": -1.059740424156189, \"test_hard_negative_resistance_mean\": 16.104690551757812, \"test_loss\": 0.02589321695268154, \"test_margin_mean\": 7.0426106452941895, \"test_nll\": 0.02589321695268154, \"test_positive_drive_mean\": 11.683586120605469, \"test_positive_logit_mean\": 5.982870101928711, \"test_positive_resistance_mean\": 0.024083618074655533, \"test_precision_mean\": 0.2042568475008011, \"test_resistance_noise_corr\": -0.01011364720761776, \"test_resistance_occlusion_corr\": -0.00823421310633421, \"test_sample_uncertainty_mean\": NaN, \"test_support_evidence_corr\": 0.49629297852516174, \"test_update_gate_mean\": 0.04834437370300293, \"total_train_time_sec\": 8.634541511535645, \"val_accuracy\": 0.9921875, \"val_ambiguity_mean\": NaN, \"val_brier\": 0.014334902167320251, \"val_class_resistance_mean\": NaN, \"val_conflict_resistance_corr\": 0.011392875574529171, \"val_ece\": 0.0065045226365327835, \"val_hard_negative_drive_mean\": -11.618062973022461, \"val_hard_negative_logit_mean\": -1.0476548671722412, \"val_hard_negative_resistance_mean\": 16.06824493408203, \"val_loss\": 0.03576243668794632, \"val_margin_mean\": 7.02821159362793, \"val_nll\": 0.03576243668794632, \"val_positive_drive_mean\": 11.709829330444336, \"val_positive_logit_mean\": 5.980556964874268, \"val_positive_resistance_mean\": 0.03976234793663025, \"val_precision_mean\": 0.20570410788059235, \"val_resistance_noise_corr\": -0.014398987405002117, \"val_resistance_occlusion_corr\": 0.17307378351688385, \"val_sample_uncertainty_mean\": NaN, \"val_support_evidence_corr\": 0.5524398684501648, \"val_update_gate_mean\": 0.048660796135663986}",
  "mode": "head_ablation",
  "model_class": "MERCHeadClassEnergy",
  "model_name": "merc_energy",
  "num_classes": 2,
  "num_params": 91634,
  "pairwise_margin": 0.0,
  "pairwise_weight": 0.0,
  "platform": "Linux-5.4.0-216-generic-x86_64-with-glibc2.31",
  "python_version": "3.10.20",
  "reason": "",
  "run_dir": "reports/merc_synthetic_evidence/runs/20260425_031610_frozen_synthetic_evidence_merc_energy_seed1",
  "run_id": "frozen_synthetic_evidence_merc_energy_seed1",
  "seed": 1,
  "status": "COMPLETED",
  "steps": 300,
  "steps_run": 300,
  "task_name": "image_classification",
  "test_accuracy": 0.994140625,
  "test_ambiguity_mean": NaN,
  "test_brier": 0.009249252267181873,
  "test_class_resistance_mean": NaN,
  "test_conflict_resistance_corr": 0.007318955380469561,
  "test_ece": 0.0040517570450901985,
  "test_hard_negative_drive_mean": -11.581947326660156,
  "test_hard_negative_logit_mean": -1.059740424156189,
  "test_hard_negative_resistance_mean": 16.104690551757812,
  "test_loss": 0.02589321695268154,
  "test_margin_mean": 7.0426106452941895,
  "test_nll": 0.02589321695268154,
  "test_positive_drive_mean": 11.683586120605469,
  "test_positive_logit_mean": 5.982870101928711,
  "test_positive_resistance_mean": 0.024083618074655533,
  "test_precision_mean": 0.2042568475008011,
  "test_resistance_noise_corr": -0.01011364720761776,
  "test_resistance_occlusion_corr": -0.00823421310633421,
  "test_sample_uncertainty_mean": NaN,
  "test_support_evidence_corr": 0.49629297852516174,
  "test_update_gate_mean": 0.04834437370300293,
  "timestamp": "2026-04-25T03:16:19Z",
  "torch_version": "2.7.1+cu118",
  "torchvision_version": "0.22.1+cu118",
  "total_train_time_sec": 8.634541511535645,
  "trainable_params": 91634,
  "val_accuracy": 0.9921875,
  "val_ambiguity_mean": NaN,
  "val_brier": 0.014334902167320251,
  "val_class_resistance_mean": NaN,
  "val_conflict_resistance_corr": 0.011392875574529171,
  "val_ece": 0.0065045226365327835,
  "val_hard_negative_drive_mean": -11.618062973022461,
  "val_hard_negative_logit_mean": -1.0476548671722412,
  "val_hard_negative_resistance_mean": 16.06824493408203,
  "val_loss": 0.03576243668794632,
  "val_margin_mean": 7.02821159362793,
  "val_nll": 0.03576243668794632,
  "val_positive_drive_mean": 11.709829330444336,
  "val_positive_logit_mean": 5.980556964874268,
  "val_positive_resistance_mean": 0.03976234793663025,
  "val_precision_mean": 0.20570410788059235,
  "val_resistance_noise_corr": -0.014398987405002117,
  "val_resistance_occlusion_corr": 0.17307378351688385,
  "val_sample_uncertainty_mean": NaN,
  "val_support_evidence_corr": 0.5524398684501648,
  "val_update_gate_mean": 0.048660796135663986
}