{
  "batch_size": 64,
  "best_metric": 0.4375,
  "best_step": 125,
  "clean_accuracy": 0.4140625,
  "clean_brier": 0.7129988074302673,
  "clean_confidence_mean": 0.3273327052593231,
  "clean_ece": 0.09513656049966812,
  "clean_nll": 1.5877801179885864,
  "clean_positive_resistance_mean": 2.9228928089141846,
  "clean_resistance_noise_corr": NaN,
  "clean_resistance_occlusion_corr": NaN,
  "clean_risk_at_100_coverage": 0.5859375,
  "clean_risk_at_50_coverage": 0.5234375,
  "clean_risk_at_70_coverage": 0.5204460620880127,
  "clean_risk_at_80_coverage": 0.5463414192199707,
  "clean_risk_at_90_coverage": 0.5664739608764648,
  "clean_score_name": "positive_resistance",
  "clean_selective_aurc": 0.49824050068855286,
  "clean_uncertainty_mean": 2.9228928089141846,
  "clean_vs_noisy_auroc": 0.5764515995979309,
  "clean_vs_occluded_auroc": 0.49951425194740295,
  "condition_metrics_path": "reports/uncertainty_remote_20260424_175558/runs/20260424_095730_uncertainty_cifar10_eml_no_ambiguity_seed2/uncertainty_eval.pt",
  "cuda_available": true,
  "dataset_name": "cifar10",
  "device": "cuda",
  "early_stop_patience": 4,
  "early_stop_triggered": true,
  "experiment_type": "frozen_features_uncertainty",
  "feature_dim": 64,
  "final_metric": 0.4140625,
  "final_train_loss": 1.4341721534729004,
  "git_commit": "unknown",
  "hostname": "user-NF5468M6",
  "metrics_json": "{\"best_metric\": 0.4375, \"best_step\": 125, \"clean_accuracy\": 0.4140625, \"clean_brier\": 0.7129988074302673, \"clean_confidence_mean\": 0.3273327052593231, \"clean_ece\": 0.09513656049966812, \"clean_nll\": 1.5877801179885864, \"clean_positive_resistance_mean\": 2.9228928089141846, \"clean_resistance_noise_corr\": NaN, \"clean_resistance_occlusion_corr\": NaN, \"clean_risk_at_100_coverage\": 0.5859375, \"clean_risk_at_50_coverage\": 0.5234375, \"clean_risk_at_70_coverage\": 0.5204460620880127, \"clean_risk_at_80_coverage\": 0.5463414192199707, \"clean_risk_at_90_coverage\": 0.5664739608764648, \"clean_score_name\": \"positive_resistance\", \"clean_selective_aurc\": 0.49824050068855286, \"clean_uncertainty_mean\": 2.9228928089141846, \"clean_vs_noisy_auroc\": 0.5764515995979309, \"clean_vs_occluded_auroc\": 0.49951425194740295, \"condition_metrics_path\": \"reports/uncertainty_remote_20260424_175558/runs/20260424_095730_uncertainty_cifar10_eml_no_ambiguity_seed2/uncertainty_eval.pt\", \"early_stop_patience\": 4, \"early_stop_triggered\": true, \"final_metric\": 0.4140625, \"final_train_loss\": 1.4341721534729004, \"noisy_accuracy\": 0.3525390625, \"noisy_brier\": 0.7638349533081055, \"noisy_confidence_mean\": 0.3170033097267151, \"noisy_ece\": 0.04711129143834114, \"noisy_nll\": 1.7520604133605957, \"noisy_positive_resistance_mean\": 3.3709685802459717, \"noisy_resistance_noise_corr\": NaN, \"noisy_resistance_occlusion_corr\": NaN, \"noisy_risk_at_100_coverage\": 0.6474609375, \"noisy_risk_at_50_coverage\": 0.578125, \"noisy_risk_at_70_coverage\": 0.6178521513938904, \"noisy_risk_at_80_coverage\": 0.6256097555160522, \"noisy_risk_at_90_coverage\": 0.6399132013320923, \"noisy_score_name\": \"positive_resistance\", \"noisy_selective_aurc\": 0.5529438257217407, \"noisy_uncertainty_mean\": 3.3709685802459717, \"occluded_accuracy\": 0.357421875, \"occluded_brier\": 0.7399497032165527, \"occluded_confidence_mean\": 0.3295861780643463, \"occluded_ece\": 0.04649900272488594, \"occluded_nll\": 1.6767479181289673, \"occluded_positive_resistance_mean\": 2.9109911918640137, \"occluded_resistance_noise_corr\": NaN, \"occluded_resistance_occlusion_corr\": NaN, \"occluded_risk_at_100_coverage\": 0.642578125, \"occluded_risk_at_50_coverage\": 0.615234375, \"occluded_risk_at_70_coverage\": 0.6094839572906494, \"occluded_risk_at_80_coverage\": 0.6134146451950073, \"occluded_risk_at_90_coverage\": 0.6214750409126282, \"occluded_score_name\": \"positive_resistance\", \"occluded_selective_aurc\": 0.5895292162895203, \"occluded_uncertainty_mean\": 2.9109911918640137, \"pooled_resistance_noise_corr\": NaN, \"pooled_resistance_occlusion_corr\": NaN, \"steps_run\": 225, \"total_train_time_sec\": 4.13828182220459}",
  "mode": "uncertainty_benchmark",
  "model_class": "EMLPrototypeHeadNoAmbiguity",
  "model_name": "eml_no_ambiguity",
  "noisy_accuracy": 0.3525390625,
  "noisy_brier": 0.7638349533081055,
  "noisy_confidence_mean": 0.3170033097267151,
  "noisy_ece": 0.04711129143834114,
  "noisy_nll": 1.7520604133605957,
  "noisy_positive_resistance_mean": 3.3709685802459717,
  "noisy_resistance_noise_corr": NaN,
  "noisy_resistance_occlusion_corr": NaN,
  "noisy_risk_at_100_coverage": 0.6474609375,
  "noisy_risk_at_50_coverage": 0.578125,
  "noisy_risk_at_70_coverage": 0.6178521513938904,
  "noisy_risk_at_80_coverage": 0.6256097555160522,
  "noisy_risk_at_90_coverage": 0.6399132013320923,
  "noisy_score_name": "positive_resistance",
  "noisy_selective_aurc": 0.5529438257217407,
  "noisy_uncertainty_mean": 3.3709685802459717,
  "num_classes": 10,
  "num_params": 18977,
  "num_workers": 0,
  "occluded_accuracy": 0.357421875,
  "occluded_brier": 0.7399497032165527,
  "occluded_confidence_mean": 0.3295861780643463,
  "occluded_ece": 0.04649900272488594,
  "occluded_nll": 1.6767479181289673,
  "occluded_positive_resistance_mean": 2.9109911918640137,
  "occluded_resistance_noise_corr": NaN,
  "occluded_resistance_occlusion_corr": NaN,
  "occluded_risk_at_100_coverage": 0.642578125,
  "occluded_risk_at_50_coverage": 0.615234375,
  "occluded_risk_at_70_coverage": 0.6094839572906494,
  "occluded_risk_at_80_coverage": 0.6134146451950073,
  "occluded_risk_at_90_coverage": 0.6214750409126282,
  "occluded_score_name": "positive_resistance",
  "occluded_selective_aurc": 0.5895292162895203,
  "occluded_uncertainty_mean": 2.9109911918640137,
  "platform": "Linux-5.4.0-216-generic-x86_64-with-glibc2.31",
  "pooled_resistance_noise_corr": NaN,
  "pooled_resistance_occlusion_corr": NaN,
  "python_version": "3.10.20",
  "reason": "",
  "run_dir": "reports/uncertainty_remote_20260424_175558/runs/20260424_095730_uncertainty_cifar10_eml_no_ambiguity_seed2",
  "run_id": "uncertainty_cifar10_eml_no_ambiguity_seed2",
  "seed": 2,
  "status": "COMPLETED",
  "steps_run": 225,
  "task_name": "image_uncertainty_selective_classification",
  "test_size": 1024,
  "timestamp": "2026-04-24T09:57:34Z",
  "torch_version": "2.7.1+cu118",
  "torchvision_version": "0.22.1+cu118",
  "total_train_time_sec": 4.13828182220459,
  "train_size": 4096,
  "trainable_params": 18977
}