{
  "batch_size": 64,
  "best_metric": 0.376953125,
  "best_step": 198,
  "best_val_accuracy": 0.376953125,
  "cuda_available": true,
  "dataset_name": "cifar10",
  "device": "cuda",
  "experiment_type": "end_to_end",
  "feature_dim": 64,
  "final_metric": 0.337890625,
  "final_train_accuracy": 0.5625,
  "final_train_loss": 1.3600043058395386,
  "git_commit": "unknown",
  "head_name": "eml_centered_ambiguity",
  "hostname": "user-NF5468M6",
  "loss_mode": "ce_pairwise",
  "lr": 0.001,
  "metrics_json": "{\"best_metric\": 0.376953125, \"best_step\": 198, \"best_val_accuracy\": 0.376953125, \"final_metric\": 0.337890625, \"final_train_accuracy\": 0.5625, \"final_train_loss\": 1.3600043058395386, \"test_accuracy\": 0.337890625, \"test_ambiguity_mean\": 1.1980185508728027, \"test_brier\": 0.7398350238800049, \"test_class_resistance_mean\": 0.20030950009822845, \"test_ece\": 0.04792048782110214, \"test_hard_negative_drive_mean\": 6.511058807373047, \"test_hard_negative_logit_mean\": 2.0732967853546143, \"test_hard_negative_resistance_mean\": 1.0664927959442139, \"test_loss\": 1.6542638540267944, \"test_margin_mean\": -0.4172445833683014, \"test_nll\": 1.6542638540267944, \"test_positive_drive_mean\": 5.183209419250488, \"test_positive_logit_mean\": 1.6560523509979248, \"test_positive_resistance_mean\": 1.1495306491851807, \"test_resistance_noise_corr\": NaN, \"test_resistance_occlusion_corr\": NaN, \"test_sample_uncertainty_mean\": 0.0002571627846919, \"total_train_time_sec\": 6.251156806945801, \"val_accuracy\": 0.361328125, \"val_ambiguity_mean\": 1.2112749814987183, \"val_brier\": 0.741874635219574, \"val_class_resistance_mean\": 0.20030950009822845, \"val_ece\": 0.0429200641810894, \"val_hard_negative_drive_mean\": 6.494336128234863, \"val_hard_negative_logit_mean\": 2.0696423053741455, \"val_hard_negative_resistance_mean\": 1.0663814544677734, \"val_loss\": 1.6654877662658691, \"val_margin_mean\": -0.4316430985927582, \"val_nll\": 1.6654877662658691, \"val_positive_drive_mean\": 5.05947208404541, \"val_positive_logit_mean\": 1.6379992961883545, \"val_positive_resistance_mean\": 1.1577579975128174, \"val_resistance_noise_corr\": NaN, \"val_resistance_occlusion_corr\": NaN, \"val_sample_uncertainty_mean\": 0.0002595330006442964}",
  "mode": "head_ablation",
  "model_class": "CNNHeadModel",
  "model_name": "eml_centered_ambiguity",
  "num_classes": 10,
  "num_params": 167233,
  "pairwise_margin": 0.0,
  "pairwise_weight": 0.05,
  "platform": "Linux-5.4.0-216-generic-x86_64-with-glibc2.31",
  "python_version": "3.10.20",
  "reason": "",
  "run_dir": "reports/head_ablation/runs/20260424_082804_e2e_cifar10_eml_centered_ambiguity_ce_pairwise_seed0",
  "run_id": "e2e_cifar10_eml_centered_ambiguity_ce_pairwise_seed0",
  "seed": 0,
  "status": "COMPLETED",
  "steps": 200,
  "task_name": "image_classification",
  "test_accuracy": 0.337890625,
  "test_ambiguity_mean": 1.1980185508728027,
  "test_brier": 0.7398350238800049,
  "test_class_resistance_mean": 0.20030950009822845,
  "test_ece": 0.04792048782110214,
  "test_hard_negative_drive_mean": 6.511058807373047,
  "test_hard_negative_logit_mean": 2.0732967853546143,
  "test_hard_negative_resistance_mean": 1.0664927959442139,
  "test_loss": 1.6542638540267944,
  "test_margin_mean": -0.4172445833683014,
  "test_nll": 1.6542638540267944,
  "test_positive_drive_mean": 5.183209419250488,
  "test_positive_logit_mean": 1.6560523509979248,
  "test_positive_resistance_mean": 1.1495306491851807,
  "test_resistance_noise_corr": NaN,
  "test_resistance_occlusion_corr": NaN,
  "test_sample_uncertainty_mean": 0.0002571627846919,
  "timestamp": "2026-04-24T08:28:10Z",
  "torch_version": "2.7.1+cu118",
  "torchvision_version": "0.22.1+cu118",
  "total_train_time_sec": 6.251156806945801,
  "trainable_params": 167233,
  "use_eml_residual_bank": false,
  "val_accuracy": 0.361328125,
  "val_ambiguity_mean": 1.2112749814987183,
  "val_brier": 0.741874635219574,
  "val_class_resistance_mean": 0.20030950009822845,
  "val_ece": 0.0429200641810894,
  "val_hard_negative_drive_mean": 6.494336128234863,
  "val_hard_negative_logit_mean": 2.0696423053741455,
  "val_hard_negative_resistance_mean": 1.0663814544677734,
  "val_loss": 1.6654877662658691,
  "val_margin_mean": -0.4316430985927582,
  "val_nll": 1.6654877662658691,
  "val_positive_drive_mean": 5.05947208404541,
  "val_positive_logit_mean": 1.6379992961883545,
  "val_positive_resistance_mean": 1.1577579975128174,
  "val_resistance_noise_corr": NaN,
  "val_resistance_occlusion_corr": NaN,
  "val_sample_uncertainty_mean": 0.0002595330006442964
}