{
  "batch_size": 64,
  "best_metric": 0.50390625,
  "best_step": 175,
  "clean_accuracy": 0.4609375,
  "clean_brier": 0.6980767250061035,
  "clean_confidence_mean": 0.3611222803592682,
  "clean_ece": 0.10553241521120071,
  "clean_nll": 1.5476986169815063,
  "clean_risk_at_100_coverage": 0.5390625,
  "clean_risk_at_50_coverage": 0.4479166865348816,
  "clean_risk_at_70_coverage": 0.47955387830734253,
  "clean_risk_at_80_coverage": 0.49918699264526367,
  "clean_risk_at_90_coverage": 0.513005793094635,
  "clean_score_name": "one_minus_confidence",
  "clean_selective_aurc": 0.3990476429462433,
  "clean_uncertainty_mean": 0.6388776898384094,
  "clean_vs_noisy_auroc": 0.6017112731933594,
  "clean_vs_occluded_auroc": 0.5639674067497253,
  "condition_metrics_path": "reports/uncertainty_remote_20260424_175558/runs/20260424_095630_uncertainty_cifar10_cosine_prototype_seed0/uncertainty_eval.pt",
  "cuda_available": true,
  "dataset_name": "cifar10",
  "device": "cuda",
  "early_stop_patience": 4,
  "early_stop_triggered": false,
  "experiment_type": "frozen_features_uncertainty",
  "feature_dim": 64,
  "final_metric": 0.4609375,
  "final_train_loss": 1.4124201536178589,
  "git_commit": "unknown",
  "hostname": "user-NF5468M6",
  "metrics_json": "{\"best_metric\": 0.50390625, \"best_step\": 175, \"clean_accuracy\": 0.4609375, \"clean_brier\": 0.6980767250061035, \"clean_confidence_mean\": 0.3611222803592682, \"clean_ece\": 0.10553241521120071, \"clean_nll\": 1.5476986169815063, \"clean_risk_at_100_coverage\": 0.5390625, \"clean_risk_at_50_coverage\": 0.4479166865348816, \"clean_risk_at_70_coverage\": 0.47955387830734253, \"clean_risk_at_80_coverage\": 0.49918699264526367, \"clean_risk_at_90_coverage\": 0.513005793094635, \"clean_score_name\": \"one_minus_confidence\", \"clean_selective_aurc\": 0.3990476429462433, \"clean_uncertainty_mean\": 0.6388776898384094, \"clean_vs_noisy_auroc\": 0.6017112731933594, \"clean_vs_occluded_auroc\": 0.5639674067497253, \"condition_metrics_path\": \"reports/uncertainty_remote_20260424_175558/runs/20260424_095630_uncertainty_cifar10_cosine_prototype_seed0/uncertainty_eval.pt\", \"early_stop_patience\": 4, \"early_stop_triggered\": false, \"final_metric\": 0.4609375, \"final_train_loss\": 1.4124201536178589, \"noisy_accuracy\": 0.421875, \"noisy_brier\": 0.7266739010810852, \"noisy_confidence_mean\": 0.33039015531539917, \"noisy_ece\": 0.10395936667919159, \"noisy_nll\": 1.6391352415084839, \"noisy_risk_at_100_coverage\": 0.578125, \"noisy_risk_at_50_coverage\": 0.435546875, \"noisy_risk_at_70_coverage\": 0.49790793657302856, \"noisy_risk_at_80_coverage\": 0.5182926654815674, \"noisy_risk_at_90_coverage\": 0.5542299747467041, \"noisy_score_name\": \"one_minus_confidence\", \"noisy_selective_aurc\": 0.4187031686306, \"noisy_uncertainty_mean\": 0.669609785079956, \"occluded_accuracy\": 0.42578125, \"occluded_brier\": 0.7277185320854187, \"occluded_confidence_mean\": 0.3409365117549896, \"occluded_ece\": 0.09146373718976974, \"occluded_nll\": 1.6443300247192383, \"occluded_risk_at_100_coverage\": 0.57421875, \"occluded_risk_at_50_coverage\": 0.48046875, \"occluded_risk_at_70_coverage\": 0.517433762550354, \"occluded_risk_at_80_coverage\": 0.5365853309631348, \"occluded_risk_at_90_coverage\": 0.54880690574646, \"occluded_score_name\": \"one_minus_confidence\", \"occluded_selective_aurc\": 0.4530952572822571, \"occluded_uncertainty_mean\": 0.659063458442688, \"steps_run\": 250, \"total_train_time_sec\": 2.0528080463409424}",
  "mode": "uncertainty_benchmark",
  "model_class": "CosinePrototypeHead",
  "model_name": "cosine_prototype",
  "noisy_accuracy": 0.421875,
  "noisy_brier": 0.7266739010810852,
  "noisy_confidence_mean": 0.33039015531539917,
  "noisy_ece": 0.10395936667919159,
  "noisy_nll": 1.6391352415084839,
  "noisy_risk_at_100_coverage": 0.578125,
  "noisy_risk_at_50_coverage": 0.435546875,
  "noisy_risk_at_70_coverage": 0.49790793657302856,
  "noisy_risk_at_80_coverage": 0.5182926654815674,
  "noisy_risk_at_90_coverage": 0.5542299747467041,
  "noisy_score_name": "one_minus_confidence",
  "noisy_selective_aurc": 0.4187031686306,
  "noisy_uncertainty_mean": 0.669609785079956,
  "num_classes": 10,
  "num_params": 640,
  "num_workers": 0,
  "occluded_accuracy": 0.42578125,
  "occluded_brier": 0.7277185320854187,
  "occluded_confidence_mean": 0.3409365117549896,
  "occluded_ece": 0.09146373718976974,
  "occluded_nll": 1.6443300247192383,
  "occluded_risk_at_100_coverage": 0.57421875,
  "occluded_risk_at_50_coverage": 0.48046875,
  "occluded_risk_at_70_coverage": 0.517433762550354,
  "occluded_risk_at_80_coverage": 0.5365853309631348,
  "occluded_risk_at_90_coverage": 0.54880690574646,
  "occluded_score_name": "one_minus_confidence",
  "occluded_selective_aurc": 0.4530952572822571,
  "occluded_uncertainty_mean": 0.659063458442688,
  "platform": "Linux-5.4.0-216-generic-x86_64-with-glibc2.31",
  "python_version": "3.10.20",
  "reason": "",
  "run_dir": "reports/uncertainty_remote_20260424_175558/runs/20260424_095630_uncertainty_cifar10_cosine_prototype_seed0",
  "run_id": "uncertainty_cifar10_cosine_prototype_seed0",
  "seed": 0,
  "status": "COMPLETED",
  "steps_run": 250,
  "task_name": "image_uncertainty_selective_classification",
  "test_size": 1024,
  "timestamp": "2026-04-24T09:56:32Z",
  "torch_version": "2.7.1+cu118",
  "torchvision_version": "0.22.1+cu118",
  "total_train_time_sec": 2.0528080463409424,
  "train_size": 4096,
  "trainable_params": 640
}