{
  "batch_size": 32,
  "best_metric": 0.99609375,
  "best_step": 100,
  "best_val_accuracy": 0.99609375,
  "cuda_available": true,
  "dataset_name": "synthetic_evidence",
  "device": "cuda",
  "early_stop_triggered": false,
  "experiment_type": "frozen_features",
  "feature_dim": 64,
  "features_dir": "reports/head_ablation/features/synthetic_evidence_medium_seed1",
  "final_metric": 0.99609375,
  "final_train_accuracy": 1.0,
  "final_train_loss": 0.04265333339571953,
  "git_commit": "unknown",
  "hostname": "user-NF5468M6",
  "lr": 0.001,
  "metrics_json": "{\"best_metric\": 0.99609375, \"best_step\": 100, \"best_val_accuracy\": 0.99609375, \"early_stop_triggered\": false, \"final_metric\": 0.99609375, \"final_train_accuracy\": 1.0, \"final_train_loss\": 0.04265333339571953, \"steps_run\": 300, \"test_accuracy\": 0.99609375, \"test_ambiguity_mean\": -0.5221203565597534, \"test_brier\": 0.01102334912866354, \"test_class_resistance_mean\": 0.2024708390235901, \"test_conflict_resistance_corr\": NaN, \"test_ece\": 0.040938813239336014, \"test_hard_negative_drive_mean\": -12.42602252960205, \"test_hard_negative_logit_mean\": -0.4243782162666321, \"test_hard_negative_resistance_mean\": 4.814268112182617, \"test_loss\": 0.0543009452521801, \"test_margin_mean\": 3.0786430835723877, \"test_nll\": 0.0543009452521801, \"test_positive_drive_mean\": 13.596059799194336, \"test_positive_logit_mean\": 2.6542649269104004, \"test_positive_resistance_mean\": -1.2414109706878662, \"test_precision_mean\": NaN, \"test_resistance_noise_corr\": -0.06089658662676811, \"test_resistance_occlusion_corr\": 0.1755337119102478, \"test_sample_uncertainty_mean\": 2.1060776710510254, \"test_support_evidence_corr\": NaN, \"test_update_gate_mean\": NaN, \"total_train_time_sec\": 6.762540817260742, \"val_accuracy\": 0.9921875, \"val_ambiguity_mean\": -0.5145046710968018, \"val_brier\": 0.013454108498990536, \"val_class_resistance_mean\": 0.2024708390235901, \"val_conflict_resistance_corr\": NaN, \"val_ece\": 0.042086437344551086, \"val_hard_negative_drive_mean\": -12.479025840759277, \"val_hard_negative_logit_mean\": -0.4142645001411438, \"val_hard_negative_resistance_mean\": 4.7647199630737305, \"val_loss\": 0.05867132171988487, \"val_margin_mean\": 3.0621161460876465, \"val_nll\": 0.05867132171988487, \"val_positive_drive_mean\": 13.609642028808594, \"val_positive_logit_mean\": 2.6478517055511475, \"val_positive_resistance_mean\": -1.2154242992401123, \"val_precision_mean\": NaN, \"val_resistance_noise_corr\": -0.03161734342575073, \"val_resistance_occlusion_corr\": 0.2031705677509308, \"val_sample_uncertainty_mean\": 2.086681842803955, \"val_support_evidence_corr\": NaN, \"val_update_gate_mean\": NaN}",
  "mode": "head_ablation",
  "model_class": "EMLPrototypeHeadRawAmbiguity",
  "model_name": "eml_raw_ambiguity",
  "num_classes": 2,
  "num_params": 17417,
  "pairwise_margin": 0.0,
  "pairwise_weight": 0.0,
  "platform": "Linux-5.4.0-216-generic-x86_64-with-glibc2.31",
  "python_version": "3.10.20",
  "reason": "",
  "run_dir": "reports/merc_synthetic_evidence/runs/20260425_031548_frozen_synthetic_evidence_eml_raw_ambiguity_seed1",
  "run_id": "frozen_synthetic_evidence_eml_raw_ambiguity_seed1",
  "seed": 1,
  "status": "COMPLETED",
  "steps": 300,
  "steps_run": 300,
  "task_name": "image_classification",
  "test_accuracy": 0.99609375,
  "test_ambiguity_mean": -0.5221203565597534,
  "test_brier": 0.01102334912866354,
  "test_class_resistance_mean": 0.2024708390235901,
  "test_conflict_resistance_corr": NaN,
  "test_ece": 0.040938813239336014,
  "test_hard_negative_drive_mean": -12.42602252960205,
  "test_hard_negative_logit_mean": -0.4243782162666321,
  "test_hard_negative_resistance_mean": 4.814268112182617,
  "test_loss": 0.0543009452521801,
  "test_margin_mean": 3.0786430835723877,
  "test_nll": 0.0543009452521801,
  "test_positive_drive_mean": 13.596059799194336,
  "test_positive_logit_mean": 2.6542649269104004,
  "test_positive_resistance_mean": -1.2414109706878662,
  "test_precision_mean": NaN,
  "test_resistance_noise_corr": -0.06089658662676811,
  "test_resistance_occlusion_corr": 0.1755337119102478,
  "test_sample_uncertainty_mean": 2.1060776710510254,
  "test_support_evidence_corr": NaN,
  "test_update_gate_mean": NaN,
  "timestamp": "2026-04-25T03:15:55Z",
  "torch_version": "2.7.1+cu118",
  "torchvision_version": "0.22.1+cu118",
  "total_train_time_sec": 6.762540817260742,
  "trainable_params": 17417,
  "val_accuracy": 0.9921875,
  "val_ambiguity_mean": -0.5145046710968018,
  "val_brier": 0.013454108498990536,
  "val_class_resistance_mean": 0.2024708390235901,
  "val_conflict_resistance_corr": NaN,
  "val_ece": 0.042086437344551086,
  "val_hard_negative_drive_mean": -12.479025840759277,
  "val_hard_negative_logit_mean": -0.4142645001411438,
  "val_hard_negative_resistance_mean": 4.7647199630737305,
  "val_loss": 0.05867132171988487,
  "val_margin_mean": 3.0621161460876465,
  "val_nll": 0.05867132171988487,
  "val_positive_drive_mean": 13.609642028808594,
  "val_positive_logit_mean": 2.6478517055511475,
  "val_positive_resistance_mean": -1.2154242992401123,
  "val_precision_mean": NaN,
  "val_resistance_noise_corr": -0.03161734342575073,
  "val_resistance_occlusion_corr": 0.2031705677509308,
  "val_sample_uncertainty_mean": 2.086681842803955,
  "val_support_evidence_corr": NaN,
  "val_update_gate_mean": NaN
}