{
  "batch_size": 16,
  "best_metric": 0.4375,
  "completed_steps": 50,
  "cuda_available": false,
  "dataset_name": "SyntheticShapeEnergyDataset",
  "device": "cpu",
  "early_stop": false,
  "early_stop_step": "",
  "early_stop_triggered": false,
  "examples_per_sec": 336.17633150322604,
  "final_diagnostics": {
    "ambiguity_mean": -0.4930644929409027,
    "ambiguity_std": 0.5529384016990662,
    "ambiguity_weight_mean": 1.0,
    "ambiguity_weight_std": 0.0,
    "attractor_activation_mean": 0.9335879683494568,
    "attractor_activation_std": 8.834053733153269e-05,
    "attractor_diversity": 0.4959002435207367,
    "drive_mean": 0.03391226753592491,
    "drive_std": 0.07784675061702728,
    "energy_mean": -0.22993366420269012,
    "energy_std": 0.02312389761209488,
    "null_weight_mean": 0.1604953557252884,
    "null_weight_std": 0.04739755392074585,
    "prototype_diversity_penalty_mean": 0.036143213510513306,
    "prototype_diversity_penalty_std": 0.0,
    "resistance_mean": 1.3552820682525635,
    "resistance_std": 0.12549519538879395,
    "sample_uncertainty_mean": 0.6893203854560852,
    "sample_uncertainty_std": 5.1619135632563484e-08,
    "update_gate_mean": 0.0922776535153389,
    "update_gate_std": 0.004380985163152218,
    "update_strength_mean": 0.8554301261901855,
    "update_strength_std": 0.03799474611878395
  },
  "final_metric": 0.3125,
  "final_train_accuracy": 0.3125,
  "final_train_loss": 1.5856561660766602,
  "git_commit": "19568db",
  "grad_norm": 0.36701804399490356,
  "hostname": "BMW-Pro.local",
  "learning_rate": 0.001,
  "metrics_json": "{\"best_metric\": 0.4375, \"completed_steps\": 50, \"early_stop_step\": \"\", \"early_stop_triggered\": false, \"examples_per_sec\": 336.17633150322604, \"final_diagnostics\": {\"ambiguity_mean\": -0.4930644929409027, \"ambiguity_std\": 0.5529384016990662, \"ambiguity_weight_mean\": 1.0, \"ambiguity_weight_std\": 0.0, \"attractor_activation_mean\": 0.9335879683494568, \"attractor_activation_std\": 8.834053733153269e-05, \"attractor_diversity\": 0.4959002435207367, \"drive_mean\": 0.03391226753592491, \"drive_std\": 0.07784675061702728, \"energy_mean\": -0.22993366420269012, \"energy_std\": 0.02312389761209488, \"null_weight_mean\": 0.1604953557252884, \"null_weight_std\": 0.04739755392074585, \"prototype_diversity_penalty_mean\": 0.036143213510513306, \"prototype_diversity_penalty_std\": 0.0, \"resistance_mean\": 1.3552820682525635, \"resistance_std\": 0.12549519538879395, \"sample_uncertainty_mean\": 0.6893203854560852, \"sample_uncertainty_std\": 5.1619135632563484e-08, \"update_gate_mean\": 0.0922776535153389, \"update_gate_std\": 0.004380985163152218, \"update_strength_mean\": 0.8554301261901855, \"update_strength_std\": 0.03799474611878395}, \"final_metric\": 0.3125, \"final_train_accuracy\": 0.3125, \"final_train_loss\": 1.5856561660766602, \"grad_norm\": 0.36701804399490356, \"learning_rate\": 0.001, \"peak_memory_mb\": 0.0, \"resistance_noise_corr\": -0.06298919022083282, \"resistance_occlusion_corr\": 0.40666958689689636, \"step\": 50, \"step_time_sec\": 0.04759407043457031, \"top1_accuracy\": 0.3125, \"top5_accuracy\": 1.0, \"total_train_time_sec\": 2.6626181602478027, \"train_accuracy\": 0.3125, \"train_loss\": 1.5856561660766602, \"wall_clock_time_sec\": 2.65939998626709}",
  "min_delta": 0.0001,
  "mode": "ablation",
  "model_name": "EfficientEMLImageClassifier_attr4",
  "num_params": 115573,
  "num_workers": 0,
  "patience": 20,
  "peak_memory_mb": 0.0,
  "platform": "macOS-26.0-arm64-arm-64bit",
  "python_version": "3.12.12",
  "reason": "",
  "resistance_noise_corr": -0.06298919022083282,
  "resistance_occlusion_corr": 0.40666958689689636,
  "run_dir": "reports/runs/stabilization_ablation_cpu_20260424_155136/20260424_075144_ablation_image_eff_attr4",
  "run_id": "ablation_image_eff_attr4",
  "seed": 33,
  "status": "COMPLETED",
  "step": 50,
  "step_time_sec": 0.04759407043457031,
  "steps": 50,
  "task_name": "image_synthetic",
  "timestamp": "2026-04-24T07:51:46Z",
  "top1_accuracy": 0.3125,
  "top5_accuracy": 1.0,
  "torch_version": "2.10.0",
  "torchvision_version": "unavailable",
  "total_train_time_sec": 2.6626181602478027,
  "train_accuracy": 0.3125,
  "train_loss": 1.5856561660766602,
  "trainable_params": 115573,
  "wall_clock_time_sec": 2.65939998626709,
  "warmup_enabled": true
}