{
  "batch_size": 32,
  "best_metric": 0.1875,
  "best_step": 10,
  "best_val_accuracy": 0.1875,
  "cuda_available": false,
  "dataset_name": "synthetic_shape",
  "device": "cpu",
  "early_stop_triggered": true,
  "experiment_type": "frozen_features",
  "feature_dim": 64,
  "features_dir": "reports/head_ablation/features/synthetic_shape_smoke_seed1",
  "final_metric": 0.203125,
  "final_train_accuracy": 0.28125,
  "final_train_loss": 1.606231451034546,
  "git_commit": "3d40f93",
  "hostname": "BMW-Pro.local",
  "lr": 0.001,
  "metrics_json": "{\"best_metric\": 0.1875, \"best_step\": 10, \"best_val_accuracy\": 0.1875, \"early_stop_triggered\": true, \"final_metric\": 0.203125, \"final_train_accuracy\": 0.28125, \"final_train_loss\": 1.606231451034546, \"steps_run\": 30, \"test_accuracy\": 0.203125, \"test_ambiguity_mean\": NaN, \"test_brier\": 0.799845814704895, \"test_class_resistance_mean\": NaN, \"test_conflict_resistance_corr\": NaN, \"test_ece\": 0.012439757585525513, \"test_hard_negative_drive_mean\": -0.0016905594384297729, \"test_hard_negative_logit_mean\": 0.06960386037826538, \"test_hard_negative_resistance_mean\": 0.6851434111595154, \"test_loss\": 1.6090071201324463, \"test_margin_mean\": -0.06692961603403091, \"test_nll\": 1.6090071201324463, \"test_positive_drive_mean\": -0.007204880006611347, \"test_positive_logit_mean\": 0.002674245508387685, \"test_positive_resistance_mean\": 0.6940280795097351, \"test_precision_mean\": 0.24730989336967468, \"test_resistance_noise_corr\": 0.024137359112501144, \"test_resistance_occlusion_corr\": 0.054634757339954376, \"test_sample_uncertainty_mean\": NaN, \"test_support_evidence_corr\": NaN, \"test_update_gate_mean\": 0.057979654520750046, \"total_train_time_sec\": 0.28822875022888184, \"val_accuracy\": 0.1875, \"val_ambiguity_mean\": NaN, \"val_brier\": 0.8023523092269897, \"val_class_resistance_mean\": NaN, \"val_conflict_resistance_corr\": NaN, \"val_ece\": 0.02806517481803894, \"val_hard_negative_drive_mean\": -0.0013572885654866695, \"val_hard_negative_logit_mean\": 0.07018785923719406, \"val_hard_negative_resistance_mean\": 0.6848428249359131, \"val_loss\": 1.6154597997665405, \"val_margin_mean\": -0.07396645098924637, \"val_nll\": 1.6154597997665405, \"val_positive_drive_mean\": -0.00784867350012064, \"val_positive_logit_mean\": -0.0037785936146974564, \"val_positive_resistance_mean\": 0.6946476101875305, \"val_precision_mean\": 0.2473130226135254, \"val_resistance_noise_corr\": -0.05945722758769989, \"val_resistance_occlusion_corr\": 0.06930897384881973, \"val_sample_uncertainty_mean\": NaN, \"val_support_evidence_corr\": NaN, \"val_update_gate_mean\": 0.05798035115003586}",
  "mode": "head_ablation",
  "model_class": "MERCHeadLinearReadout",
  "model_name": "merc_linear",
  "num_classes": 5,
  "num_params": 92222,
  "pairwise_margin": 0.0,
  "pairwise_weight": 0.0,
  "platform": "macOS-26.0-arm64-arm-64bit",
  "python_version": "3.12.12",
  "reason": "",
  "run_dir": "reports/head_ablation/runs/20260425_025614_frozen_synthetic_shape_merc_linear_seed1",
  "run_id": "frozen_synthetic_shape_merc_linear_seed1",
  "seed": 1,
  "status": "COMPLETED",
  "steps": 30,
  "steps_run": 30,
  "task_name": "image_classification",
  "test_accuracy": 0.203125,
  "test_ambiguity_mean": NaN,
  "test_brier": 0.799845814704895,
  "test_class_resistance_mean": NaN,
  "test_conflict_resistance_corr": NaN,
  "test_ece": 0.012439757585525513,
  "test_hard_negative_drive_mean": -0.0016905594384297729,
  "test_hard_negative_logit_mean": 0.06960386037826538,
  "test_hard_negative_resistance_mean": 0.6851434111595154,
  "test_loss": 1.6090071201324463,
  "test_margin_mean": -0.06692961603403091,
  "test_nll": 1.6090071201324463,
  "test_positive_drive_mean": -0.007204880006611347,
  "test_positive_logit_mean": 0.002674245508387685,
  "test_positive_resistance_mean": 0.6940280795097351,
  "test_precision_mean": 0.24730989336967468,
  "test_resistance_noise_corr": 0.024137359112501144,
  "test_resistance_occlusion_corr": 0.054634757339954376,
  "test_sample_uncertainty_mean": NaN,
  "test_support_evidence_corr": NaN,
  "test_update_gate_mean": 0.057979654520750046,
  "timestamp": "2026-04-25T02:56:14Z",
  "torch_version": "2.10.0",
  "torchvision_version": "unavailable",
  "total_train_time_sec": 0.28822875022888184,
  "trainable_params": 92222,
  "val_accuracy": 0.1875,
  "val_ambiguity_mean": NaN,
  "val_brier": 0.8023523092269897,
  "val_class_resistance_mean": NaN,
  "val_conflict_resistance_corr": NaN,
  "val_ece": 0.02806517481803894,
  "val_hard_negative_drive_mean": -0.0013572885654866695,
  "val_hard_negative_logit_mean": 0.07018785923719406,
  "val_hard_negative_resistance_mean": 0.6848428249359131,
  "val_loss": 1.6154597997665405,
  "val_margin_mean": -0.07396645098924637,
  "val_nll": 1.6154597997665405,
  "val_positive_drive_mean": -0.00784867350012064,
  "val_positive_logit_mean": -0.0037785936146974564,
  "val_positive_resistance_mean": 0.6946476101875305,
  "val_precision_mean": 0.2473130226135254,
  "val_resistance_noise_corr": -0.05945722758769989,
  "val_resistance_occlusion_corr": 0.06930897384881973,
  "val_sample_uncertainty_mean": NaN,
  "val_support_evidence_corr": NaN,
  "val_update_gate_mean": 0.05798035115003586
}