{
  "batch_size": 32,
  "best_metric": 0.3359375,
  "best_step": 40,
  "clean_accuracy": 0.3203125,
  "clean_brier": 0.7206174731254578,
  "clean_confidence_mean": 0.31051284074783325,
  "clean_ece": 0.1687801629304886,
  "clean_nll": 1.4398573637008667,
  "clean_positive_resistance_mean": 0.4107467830181122,
  "clean_resistance_noise_corr": 1.8346527497214993e-07,
  "clean_resistance_occlusion_corr": NaN,
  "clean_risk_at_100_coverage": 0.6796875,
  "clean_risk_at_50_coverage": 0.421875,
  "clean_risk_at_70_coverage": 0.5444444417953491,
  "clean_risk_at_80_coverage": 0.601941704750061,
  "clean_risk_at_90_coverage": 0.6465517282485962,
  "clean_score_name": "positive_resistance",
  "clean_selective_aurc": 0.35082316398620605,
  "clean_uncertainty_mean": 0.4107467830181122,
  "clean_vs_noisy_auroc": 0.522613525390625,
  "clean_vs_occluded_auroc": 0.5325927734375,
  "condition_metrics_path": "reports/uncertainty_resistance_benchmark/runs/20260427_013053_uncertainty_synthetic_shape_eml_supervised_resistance_seed0/uncertainty_eval.pt",
  "cuda_available": false,
  "dataset_name": "synthetic_shape",
  "device": "cpu",
  "early_stop_patience": 4,
  "early_stop_triggered": false,
  "experiment_type": "frozen_features_uncertainty",
  "feature_dim": 64,
  "final_metric": 0.3203125,
  "final_train_loss": 1.5065091848373413,
  "git_commit": "0948008",
  "hostname": "Mac",
  "metrics_json": "{\"best_metric\": 0.3359375, \"best_step\": 40, \"clean_accuracy\": 0.3203125, \"clean_brier\": 0.7206174731254578, \"clean_confidence_mean\": 0.31051284074783325, \"clean_ece\": 0.1687801629304886, \"clean_nll\": 1.4398573637008667, \"clean_positive_resistance_mean\": 0.4107467830181122, \"clean_resistance_noise_corr\": 1.8346527497214993e-07, \"clean_resistance_occlusion_corr\": NaN, \"clean_risk_at_100_coverage\": 0.6796875, \"clean_risk_at_50_coverage\": 0.421875, \"clean_risk_at_70_coverage\": 0.5444444417953491, \"clean_risk_at_80_coverage\": 0.601941704750061, \"clean_risk_at_90_coverage\": 0.6465517282485962, \"clean_score_name\": \"positive_resistance\", \"clean_selective_aurc\": 0.35082316398620605, \"clean_uncertainty_mean\": 0.4107467830181122, \"clean_vs_noisy_auroc\": 0.522613525390625, \"clean_vs_occluded_auroc\": 0.5325927734375, \"condition_metrics_path\": \"reports/uncertainty_resistance_benchmark/runs/20260427_013053_uncertainty_synthetic_shape_eml_supervised_resistance_seed0/uncertainty_eval.pt\", \"early_stop_patience\": 4, \"early_stop_triggered\": false, \"final_metric\": 0.3203125, \"final_train_loss\": 1.5065091848373413, \"noisy_accuracy\": 0.39453125, \"noisy_brier\": 0.7101448774337769, \"noisy_confidence_mean\": 0.2958405911922455, \"noisy_ece\": 0.22950638830661774, \"noisy_nll\": 1.4204492568969727, \"noisy_positive_resistance_mean\": 0.41820019483566284, \"noisy_resistance_noise_corr\": NaN, \"noisy_resistance_occlusion_corr\": NaN, \"noisy_risk_at_100_coverage\": 0.60546875, \"noisy_risk_at_50_coverage\": 0.390625, \"noisy_risk_at_70_coverage\": 0.44999998807907104, \"noisy_risk_at_80_coverage\": 0.507317066192627, \"noisy_risk_at_90_coverage\": 0.5627706050872803, \"noisy_score_name\": \"positive_resistance\", \"noisy_selective_aurc\": 0.3544904887676239, \"noisy_uncertainty_mean\": 0.41820019483566284, \"occluded_accuracy\": 0.38671875, \"occluded_brier\": 0.713681161403656, \"occluded_confidence_mean\": 0.32319432497024536, \"occluded_ece\": 0.15720675885677338, \"occluded_nll\": 1.4271986484527588, \"occluded_positive_resistance_mean\": 0.42114463448524475, \"occluded_resistance_noise_corr\": 1.2045045139075228e-07, \"occluded_resistance_occlusion_corr\": 0.22839155793190002, \"occluded_risk_at_100_coverage\": 0.61328125, \"occluded_risk_at_50_coverage\": 0.3203125, \"occluded_risk_at_70_coverage\": 0.44999998807907104, \"occluded_risk_at_80_coverage\": 0.5170731544494629, \"occluded_risk_at_90_coverage\": 0.5714285373687744, \"occluded_score_name\": \"positive_resistance\", \"occluded_selective_aurc\": 0.2922537922859192, \"occluded_uncertainty_mean\": 0.42114463448524475, \"pooled_resistance_noise_corr\": 0.0028591114096343517, \"pooled_resistance_occlusion_corr\": 0.15366210043430328, \"steps_run\": 40, \"total_train_time_sec\": 0.10160112380981445}",
  "mode": "uncertainty_benchmark",
  "model_class": "EMLPrototypeHeadSupervisedResistance",
  "model_name": "eml_supervised_resistance",
  "noisy_accuracy": 0.39453125,
  "noisy_brier": 0.7101448774337769,
  "noisy_confidence_mean": 0.2958405911922455,
  "noisy_ece": 0.22950638830661774,
  "noisy_nll": 1.4204492568969727,
  "noisy_positive_resistance_mean": 0.41820019483566284,
  "noisy_resistance_noise_corr": NaN,
  "noisy_resistance_occlusion_corr": NaN,
  "noisy_risk_at_100_coverage": 0.60546875,
  "noisy_risk_at_50_coverage": 0.390625,
  "noisy_risk_at_70_coverage": 0.44999998807907104,
  "noisy_risk_at_80_coverage": 0.507317066192627,
  "noisy_risk_at_90_coverage": 0.5627706050872803,
  "noisy_score_name": "positive_resistance",
  "noisy_selective_aurc": 0.3544904887676239,
  "noisy_uncertainty_mean": 0.41820019483566284,
  "num_classes": 5,
  "num_params": 18002,
  "num_workers": 0,
  "occluded_accuracy": 0.38671875,
  "occluded_brier": 0.713681161403656,
  "occluded_confidence_mean": 0.32319432497024536,
  "occluded_ece": 0.15720675885677338,
  "occluded_nll": 1.4271986484527588,
  "occluded_positive_resistance_mean": 0.42114463448524475,
  "occluded_resistance_noise_corr": 1.2045045139075228e-07,
  "occluded_resistance_occlusion_corr": 0.22839155793190002,
  "occluded_risk_at_100_coverage": 0.61328125,
  "occluded_risk_at_50_coverage": 0.3203125,
  "occluded_risk_at_70_coverage": 0.44999998807907104,
  "occluded_risk_at_80_coverage": 0.5170731544494629,
  "occluded_risk_at_90_coverage": 0.5714285373687744,
  "occluded_score_name": "positive_resistance",
  "occluded_selective_aurc": 0.2922537922859192,
  "occluded_uncertainty_mean": 0.42114463448524475,
  "platform": "macOS-26.0-arm64-arm-64bit",
  "pooled_resistance_noise_corr": 0.0028591114096343517,
  "pooled_resistance_occlusion_corr": 0.15366210043430328,
  "python_version": "3.12.12",
  "reason": "",
  "run_dir": "reports/uncertainty_resistance_benchmark/runs/20260427_013053_uncertainty_synthetic_shape_eml_supervised_resistance_seed0",
  "run_id": "uncertainty_synthetic_shape_eml_supervised_resistance_seed0",
  "seed": 0,
  "status": "COMPLETED",
  "steps_run": 40,
  "task_name": "image_uncertainty_selective_classification",
  "test_size": 256,
  "timestamp": "2026-04-27T01:30:53Z",
  "torch_version": "2.10.0",
  "torchvision_version": "unavailable",
  "total_train_time_sec": 0.10160112380981445,
  "train_size": 768,
  "trainable_params": 18002
}