{
  "batch_size": 16,
  "best_metric": 0.4054054021835327,
  "bits_per_char": 5.383557785485223,
  "char_accuracy": 0.3890339434146881,
  "completed_steps": 50,
  "corruption_resistance_corr": 0.036396000534296036,
  "cuda_available": false,
  "dataset_name": "SyntheticTextEnergyDataset",
  "device": "cpu",
  "early_stop": false,
  "early_stop_step": "",
  "early_stop_triggered": false,
  "final_diagnostics": {
    "attractor_activation_mean": 0.4986979067325592,
    "attractor_activation_std": 0.4999983012676239,
    "attractor_diversity": 0.6032607555389404,
    "drive_mean": -0.22303444147109985,
    "drive_std": 1.111475944519043,
    "energy_mean": -0.06522680819034576,
    "energy_std": 0.21301448345184326,
    "null_weight_mean": 0.5945646166801453,
    "null_weight_std": 0.4130954444408417,
    "resistance_mean": 1.263496994972229,
    "resistance_std": 0.42360949516296387,
    "update_gate_mean": 0.04209105297923088,
    "update_gate_std": 0.04280734434723854,
    "update_strength_mean": 0.45206665992736816,
    "update_strength_std": 0.4609745740890503
  },
  "final_metric": 0.3890339434146881,
  "final_train_accuracy": 0.3890339434146881,
  "final_train_loss": 3.731597900390625,
  "git_commit": "19568db",
  "grad_norm": 0.9707293510437012,
  "hostname": "BMW-Pro.local",
  "learning_rate": 0.001,
  "metrics_json": "{\"best_metric\": 0.4054054021835327, \"bits_per_char\": 5.383557785485223, \"char_accuracy\": 0.3890339434146881, \"completed_steps\": 50, \"corruption_resistance_corr\": 0.036396000534296036, \"early_stop_step\": \"\", \"early_stop_triggered\": false, \"final_diagnostics\": {\"attractor_activation_mean\": 0.4986979067325592, \"attractor_activation_std\": 0.4999983012676239, \"attractor_diversity\": 0.6032607555389404, \"drive_mean\": -0.22303444147109985, \"drive_std\": 1.111475944519043, \"energy_mean\": -0.06522680819034576, \"energy_std\": 0.21301448345184326, \"null_weight_mean\": 0.5945646166801453, \"null_weight_std\": 0.4130954444408417, \"resistance_mean\": 1.263496994972229, \"resistance_std\": 0.42360949516296387, \"update_gate_mean\": 0.04209105297923088, \"update_gate_std\": 0.04280734434723854, \"update_strength_mean\": 0.45206665992736816, \"update_strength_std\": 0.4609745740890503}, \"final_metric\": 0.3890339434146881, \"final_train_accuracy\": 0.3890339434146881, \"final_train_loss\": 3.731597900390625, \"grad_norm\": 0.9707293510437012, \"learning_rate\": 0.001, \"next_token_loss\": 3.731597900390625, \"peak_memory_mb\": 0.0, \"perplexity\": 41.74576046493246, \"step\": 50, \"step_time_sec\": 0.01583385467529297, \"token_accuracy\": 0.3890339434146881, \"tokens_per_sec\": 24188.677227007167, \"total_train_time_sec\": 0.9723680019378662, \"train_loss\": 3.731597900390625, \"wall_clock_time_sec\": 0.9689240455627441}",
  "min_delta": 0.0001,
  "mode": "ablation",
  "model_name": "EfficientEMLTextEncoder_window8_no_chunk",
  "next_token_loss": 3.731597900390625,
  "num_params": 72752,
  "num_workers": 0,
  "patience": 20,
  "peak_memory_mb": 0.0,
  "perplexity": 41.74576046493246,
  "platform": "macOS-26.0-arm64-arm-64bit",
  "python_version": "3.12.12",
  "reason": "",
  "run_dir": "reports/runs/stabilization_ablation_cpu_20260424_155136/20260424_075208_ablation_text_window8_no_chunk",
  "run_id": "ablation_text_window8_no_chunk",
  "seed": 43,
  "seq_len": 48,
  "status": "COMPLETED",
  "step": 50,
  "step_time_sec": 0.01583385467529297,
  "steps": 50,
  "task_name": "text_synthetic",
  "timestamp": "2026-04-24T07:52:09Z",
  "token_accuracy": 0.3890339434146881,
  "tokens_per_sec": 24188.677227007167,
  "torch_version": "2.10.0",
  "torchvision_version": "unavailable",
  "total_train_time_sec": 0.9723680019378662,
  "train_loss": 3.731597900390625,
  "trainable_params": 72752,
  "wall_clock_time_sec": 0.9689240455627441
}