{
  "ambiguity_weight": NaN,
  "attractor_entropy_weight": NaN,
  "batch_size": 8,
  "best_metric": 0.11249999701976776,
  "bits_per_char": 6.291176275426196,
  "char_accuracy": 0.11249999701976776,
  "completed_steps": 4,
  "corruption_resistance_corr": -0.020731553435325623,
  "cuda_available": false,
  "dataset_name": "SyntheticTextEnergyDataset",
  "device": "cpu",
  "early_stop": false,
  "early_stop_step": "",
  "early_stop_triggered": false,
  "final_diagnostics": {
    "attractor_activation_mean": 0.625,
    "attractor_activation_std": 0.4841229319572449,
    "attractor_diversity": 0.71763676404953,
    "drive_mean": 0.004776828456670046,
    "drive_std": 0.3430390954017639,
    "energy_mean": -0.08583825081586838,
    "energy_std": 0.1035834550857544,
    "null_weight_mean": 0.48291274905204773,
    "null_weight_std": 0.4069176912307739,
    "resistance_mean": 1.5829381942749023,
    "resistance_std": 0.24364157021045685,
    "update_gate_mean": 0.05514711141586304,
    "update_gate_std": 0.043283604085445404,
    "update_strength_mean": 0.5710436105728149,
    "update_strength_std": 0.4504328966140747
  },
  "final_metric": 0.11249999701976776,
  "final_train_accuracy": 0.11249999701976776,
  "final_train_loss": 4.360711097717285,
  "git_commit": "19568db",
  "grad_norm": 1.6807845830917358,
  "hostname": "BMW-Pro.local",
  "learning_rate": 0.001,
  "metrics_json": "{\"ambiguity_weight\": NaN, \"attractor_entropy_weight\": NaN, \"best_metric\": 0.11249999701976776, \"bits_per_char\": 6.291176275426196, \"char_accuracy\": 0.11249999701976776, \"completed_steps\": 4, \"corruption_resistance_corr\": -0.020731553435325623, \"early_stop_step\": \"\", \"early_stop_triggered\": false, \"final_diagnostics\": {\"attractor_activation_mean\": 0.625, \"attractor_activation_std\": 0.4841229319572449, \"attractor_diversity\": 0.71763676404953, \"drive_mean\": 0.004776828456670046, \"drive_std\": 0.3430390954017639, \"energy_mean\": -0.08583825081586838, \"energy_std\": 0.1035834550857544, \"null_weight_mean\": 0.48291274905204773, \"null_weight_std\": 0.4069176912307739, \"resistance_mean\": 1.5829381942749023, \"resistance_std\": 0.24364157021045685, \"update_gate_mean\": 0.05514711141586304, \"update_gate_std\": 0.043283604085445404, \"update_strength_mean\": 0.5710436105728149, \"update_strength_std\": 0.4504328966140747}, \"final_metric\": 0.11249999701976776, \"final_train_accuracy\": 0.11249999701976776, \"final_train_loss\": 4.360711097717285, \"grad_norm\": 1.6807845830917358, \"learning_rate\": 0.001, \"next_token_loss\": 4.360711097717285, \"null_threshold\": NaN, \"peak_memory_mb\": 0.0, \"perplexity\": 78.31280268317435, \"precision_update_threshold\": NaN, \"responsibility_temperature\": NaN, \"step\": 4, \"step_time_sec\": 0.007636070251464844, \"token_accuracy\": 0.11249999701976776, \"tokens_per_sec\": 31429.778943424502, \"total_train_time_sec\": 0.04294109344482422, \"train_loss\": 4.360711097717285, \"wall_clock_time_sec\": 0.0419011116027832, \"warmup_eta\": 1.0}",
  "min_delta": 0.0001,
  "mode": "smoke",
  "model_name": "EfficientEMLTextEncoder_window8",
  "next_token_loss": 4.360711097717285,
  "null_threshold": NaN,
  "num_params": 72752,
  "num_workers": 0,
  "patience": 20,
  "peak_memory_mb": 0.0,
  "perplexity": 78.31280268317435,
  "platform": "macOS-26.0-arm64-arm-64bit",
  "precision_update_threshold": NaN,
  "python_version": "3.12.12",
  "reason": "",
  "responsibility_temperature": NaN,
  "run_dir": "reports/text_representation_ablation/runs/20260424_085214_efficient_window8_seed1",
  "run_id": "efficient_window8_seed1",
  "seed": 1,
  "seq_len": 48,
  "status": "COMPLETED",
  "step": 4,
  "step_time_sec": 0.007636070251464844,
  "steps": 4,
  "task_name": "text_synthetic",
  "timestamp": "2026-04-24T08:52:14Z",
  "token_accuracy": 0.11249999701976776,
  "tokens_per_sec": 31429.778943424502,
  "torch_version": "2.10.0",
  "torchvision_version": "unavailable",
  "total_train_time_sec": 0.04294109344482422,
  "train_loss": 4.360711097717285,
  "trainable_params": 72752,
  "wall_clock_time_sec": 0.0419011116027832,
  "warmup_eta": 1.0
}