{
  "batch_size": 64,
  "best_metric": 0.40625,
  "completed_steps": 53,
  "cuda_available": true,
  "dataset_name": "SyntheticShapeEnergyDataset",
  "device": "cuda",
  "early_stop": true,
  "early_stop_step": 53,
  "early_stop_triggered": true,
  "examples_per_sec": 1934.4050616492157,
  "final_diagnostics": {
    "ambiguity_mean": 2.6146938800811768,
    "ambiguity_std": 0.6553723812103271,
    "attractor_activation_mean": 0.9349939823150635,
    "attractor_activation_std": 8.745330706005916e-05,
    "attractor_diversity": 0.9438048005104065,
    "drive_mean": -0.046671923249959946,
    "drive_std": 0.1208849549293518,
    "energy_mean": -0.24906903505325317,
    "energy_std": 0.041375935077667236,
    "null_weight_mean": 0.1571735292673111,
    "null_weight_std": 0.04866489768028259,
    "prototype_diversity_penalty_mean": 0.0651867538690567,
    "prototype_diversity_penalty_std": 0.0,
    "resistance_mean": 1.3661775588989258,
    "resistance_std": 0.19859804213047028,
    "sample_uncertainty_mean": 0.6916697025299072,
    "sample_uncertainty_std": 0.00014865613775327802,
    "update_gate_mean": 0.39493051171302795,
    "update_gate_std": 0.02520321123301983,
    "update_strength_mean": 0.8570287823677063,
    "update_strength_std": 0.04224206879734993
  },
  "final_metric": 0.25,
  "final_train_accuracy": 0.25,
  "final_train_loss": 1.5897338390350342,
  "git_commit": "ae26ee9",
  "grad_norm": 0.9285757541656494,
  "hostname": "user-NF5468M6",
  "learning_rate": 0.001,
  "metrics_json": "{\"best_metric\": 0.40625, \"completed_steps\": 53, \"early_stop_step\": 53, \"early_stop_triggered\": true, \"examples_per_sec\": 1934.4050616492157, \"final_diagnostics\": {\"ambiguity_mean\": 2.6146938800811768, \"ambiguity_std\": 0.6553723812103271, \"attractor_activation_mean\": 0.9349939823150635, \"attractor_activation_std\": 8.745330706005916e-05, \"attractor_diversity\": 0.9438048005104065, \"drive_mean\": -0.046671923249959946, \"drive_std\": 0.1208849549293518, \"energy_mean\": -0.24906903505325317, \"energy_std\": 0.041375935077667236, \"null_weight_mean\": 0.1571735292673111, \"null_weight_std\": 0.04866489768028259, \"prototype_diversity_penalty_mean\": 0.0651867538690567, \"prototype_diversity_penalty_std\": 0.0, \"resistance_mean\": 1.3661775588989258, \"resistance_std\": 0.19859804213047028, \"sample_uncertainty_mean\": 0.6916697025299072, \"sample_uncertainty_std\": 0.00014865613775327802, \"update_gate_mean\": 0.39493051171302795, \"update_gate_std\": 0.02520321123301983, \"update_strength_mean\": 0.8570287823677063, \"update_strength_std\": 0.04224206879734993}, \"final_metric\": 0.25, \"final_train_accuracy\": 0.25, \"final_train_loss\": 1.5897338390350342, \"grad_norm\": 0.9285757541656494, \"learning_rate\": 0.001, \"peak_memory_mb\": 634.10888671875, \"step\": 53, \"step_time_sec\": 0.03308510780334473, \"top1_accuracy\": 0.25, \"top5_accuracy\": 1.0, \"total_train_time_sec\": 2.6269795894622803, \"train_accuracy\": 0.25, \"train_loss\": 1.5897338390350342, \"wall_clock_time_sec\": 2.6187245845794678}",
  "min_delta": 0.0001,
  "mode": "ablation",
  "model_name": "EfficientEMLImageClassifier_attr8",
  "num_params": 117204,
  "patience": 25,
  "peak_memory_mb": 634.10888671875,
  "platform": "Linux-5.4.0-216-generic-x86_64-with-glibc2.31",
  "python_version": "3.10.20",
  "reason": "",
  "run_dir": "reports/runs_server_ablation_20260424_150157/20260424_070209_ablation_image_eff_attr8",
  "run_id": "ablation_image_eff_attr8",
  "seed": 34,
  "status": "COMPLETED",
  "step": 53,
  "step_time_sec": 0.03308510780334473,
  "steps": 300,
  "task_name": "image_synthetic",
  "timestamp": "2026-04-24T07:02:12Z",
  "top1_accuracy": 0.25,
  "top5_accuracy": 1.0,
  "torch_version": "2.7.1+cu118",
  "torchvision_version": "0.22.1+cu118",
  "total_train_time_sec": 2.6269795894622803,
  "train_accuracy": 0.25,
  "train_loss": 1.5897338390350342,
  "trainable_params": 117204,
  "wall_clock_time_sec": 2.6187245845794678,
  "warmup_enabled": true
}