{
  "batch_size": 64,
  "best_metric": 0.466796875,
  "best_step": 300,
  "best_val_accuracy": 0.466796875,
  "cuda_available": true,
  "dataset_name": "cifar10",
  "device": "cuda",
  "early_stop_triggered": false,
  "experiment_type": "end_to_end",
  "feature_dim": 64,
  "final_metric": 0.447265625,
  "final_train_accuracy": 0.453125,
  "final_train_loss": 1.5157971382141113,
  "git_commit": "unknown",
  "head_name": "eml_centered_ambiguity",
  "hostname": "user-NF5468M6",
  "loss_mode": "ce_pairwise",
  "lr": 0.001,
  "metrics_json": "{\"best_metric\": 0.466796875, \"best_step\": 300, \"best_val_accuracy\": 0.466796875, \"early_stop_triggered\": false, \"final_metric\": 0.447265625, \"final_train_accuracy\": 0.453125, \"final_train_loss\": 1.5157971382141113, \"steps_run\": 300, \"test_accuracy\": 0.447265625, \"test_ambiguity_mean\": 0.9660983681678772, \"test_brier\": 0.6999369263648987, \"test_class_resistance_mean\": 0.20058755576610565, \"test_ece\": 0.09681468456983566, \"test_hard_negative_drive_mean\": 6.1810712814331055, \"test_hard_negative_logit_mean\": 2.2222766876220703, \"test_hard_negative_resistance_mean\": 0.8523154258728027, \"test_loss\": 1.5686335563659668, \"test_margin_mean\": -0.41124188899993896, \"test_nll\": 1.5686335563659668, \"test_positive_drive_mean\": 5.0720319747924805, \"test_positive_logit_mean\": 1.8110346794128418, \"test_positive_resistance_mean\": 0.8690770864486694, \"test_resistance_noise_corr\": NaN, \"test_resistance_occlusion_corr\": NaN, \"test_sample_uncertainty_mean\": 0.00035712344106286764, \"total_train_time_sec\": 12.298877954483032, \"val_accuracy\": 0.466796875, \"val_ambiguity_mean\": 0.9689595699310303, \"val_brier\": 0.6855928301811218, \"val_class_resistance_mean\": 0.20058755576610565, \"val_ece\": 0.07191535830497742, \"val_hard_negative_drive_mean\": 5.989085674285889, \"val_hard_negative_logit_mean\": 2.1653831005096436, \"val_hard_negative_resistance_mean\": 0.880689263343811, \"val_loss\": 1.5399258136749268, \"val_margin_mean\": -0.3285493850708008, \"val_nll\": 1.5399258136749268, \"val_positive_drive_mean\": 5.0068230628967285, \"val_positive_logit_mean\": 1.8368337154388428, \"val_positive_resistance_mean\": 0.8645683526992798, \"val_resistance_noise_corr\": NaN, \"val_resistance_occlusion_corr\": NaN, \"val_sample_uncertainty_mean\": 0.0003464584588073194}",
  "mode": "head_ablation",
  "model_class": "CNNHeadModel",
  "model_name": "eml_centered_ambiguity",
  "num_classes": 10,
  "num_params": 167233,
  "pairwise_margin": 0.0,
  "pairwise_weight": 0.05,
  "platform": "Linux-5.4.0-216-generic-x86_64-with-glibc2.31",
  "python_version": "3.10.20",
  "reason": "",
  "run_dir": "reports/merc_end_to_end/runs/20260425_031021_e2e_cifar10_eml_centered_ambiguity_ce_pairwise_seed1",
  "run_id": "e2e_cifar10_eml_centered_ambiguity_ce_pairwise_seed1",
  "seed": 1,
  "status": "COMPLETED",
  "steps": 300,
  "steps_run": 300,
  "task_name": "image_classification",
  "test_accuracy": 0.447265625,
  "test_ambiguity_mean": 0.9660983681678772,
  "test_brier": 0.6999369263648987,
  "test_class_resistance_mean": 0.20058755576610565,
  "test_ece": 0.09681468456983566,
  "test_hard_negative_drive_mean": 6.1810712814331055,
  "test_hard_negative_logit_mean": 2.2222766876220703,
  "test_hard_negative_resistance_mean": 0.8523154258728027,
  "test_loss": 1.5686335563659668,
  "test_margin_mean": -0.41124188899993896,
  "test_nll": 1.5686335563659668,
  "test_positive_drive_mean": 5.0720319747924805,
  "test_positive_logit_mean": 1.8110346794128418,
  "test_positive_resistance_mean": 0.8690770864486694,
  "test_resistance_noise_corr": NaN,
  "test_resistance_occlusion_corr": NaN,
  "test_sample_uncertainty_mean": 0.00035712344106286764,
  "timestamp": "2026-04-25T03:10:34Z",
  "torch_version": "2.7.1+cu118",
  "torchvision_version": "0.22.1+cu118",
  "total_train_time_sec": 12.298877954483032,
  "trainable_params": 167233,
  "use_eml_residual_bank": false,
  "use_merc_block": false,
  "val_accuracy": 0.466796875,
  "val_ambiguity_mean": 0.9689595699310303,
  "val_brier": 0.6855928301811218,
  "val_class_resistance_mean": 0.20058755576610565,
  "val_ece": 0.07191535830497742,
  "val_hard_negative_drive_mean": 5.989085674285889,
  "val_hard_negative_logit_mean": 2.1653831005096436,
  "val_hard_negative_resistance_mean": 0.880689263343811,
  "val_loss": 1.5399258136749268,
  "val_margin_mean": -0.3285493850708008,
  "val_nll": 1.5399258136749268,
  "val_positive_drive_mean": 5.0068230628967285,
  "val_positive_logit_mean": 1.8368337154388428,
  "val_positive_resistance_mean": 0.8645683526992798,
  "val_resistance_noise_corr": NaN,
  "val_resistance_occlusion_corr": NaN,
  "val_sample_uncertainty_mean": 0.0003464584588073194
}