{
  "batch_size": 64,
  "best_metric": 0.40625,
  "best_step": 200,
  "best_val_accuracy": 0.40625,
  "cuda_available": true,
  "dataset_name": "cifar10",
  "device": "cuda",
  "experiment_type": "end_to_end",
  "feature_dim": 64,
  "final_metric": 0.435546875,
  "final_train_accuracy": 0.359375,
  "final_train_loss": 1.7044305801391602,
  "git_commit": "unknown",
  "head_name": "eml_centered_ambiguity",
  "hostname": "user-NF5468M6",
  "loss_mode": "ce",
  "lr": 0.001,
  "metrics_json": "{\"best_metric\": 0.40625, \"best_step\": 200, \"best_val_accuracy\": 0.40625, \"final_metric\": 0.435546875, \"final_train_accuracy\": 0.359375, \"final_train_loss\": 1.7044305801391602, \"test_accuracy\": 0.435546875, \"test_ambiguity_mean\": 1.201448678970337, \"test_brier\": 0.7175202369689941, \"test_class_resistance_mean\": 0.20000210404396057, \"test_ece\": 0.08537034690380096, \"test_hard_negative_drive_mean\": 6.220803260803223, \"test_hard_negative_logit_mean\": 2.014230251312256, \"test_hard_negative_resistance_mean\": 1.0411454439163208, \"test_loss\": 1.6106986999511719, \"test_margin_mean\": -0.3653322160243988, \"test_nll\": 1.6106986999511719, \"test_positive_drive_mean\": 5.102557182312012, \"test_positive_logit_mean\": 1.6488978862762451, \"test_positive_resistance_mean\": 1.029626727104187, \"test_resistance_noise_corr\": NaN, \"test_resistance_occlusion_corr\": NaN, \"test_sample_uncertainty_mean\": 0.0012193022994324565, \"total_train_time_sec\": 7.343554973602295, \"val_accuracy\": 0.40625, \"val_ambiguity_mean\": 1.1812958717346191, \"val_brier\": 0.7368966341018677, \"val_class_resistance_mean\": 0.20000210404396057, \"val_ece\": 0.05094275623559952, \"val_hard_negative_drive_mean\": 6.112331390380859, \"val_hard_negative_logit_mean\": 1.990405559539795, \"val_hard_negative_resistance_mean\": 0.99391770362854, \"val_loss\": 1.6681424379348755, \"val_margin_mean\": -0.42142608761787415, \"val_nll\": 1.6681424379348755, \"val_positive_drive_mean\": 4.792505741119385, \"val_positive_logit_mean\": 1.5689795017242432, \"val_positive_resistance_mean\": 1.042691946029663, \"val_resistance_noise_corr\": NaN, \"val_resistance_occlusion_corr\": NaN, \"val_sample_uncertainty_mean\": 0.0012481320882216096}",
  "mode": "head_ablation",
  "model_class": "CNNHeadModel",
  "model_name": "eml_bank_centered_ambiguity",
  "num_classes": 10,
  "num_params": 221443,
  "pairwise_margin": 0.0,
  "pairwise_weight": 0.0,
  "platform": "Linux-5.4.0-216-generic-x86_64-with-glibc2.31",
  "python_version": "3.10.20",
  "reason": "",
  "run_dir": "reports/head_ablation/runs/20260424_082810_e2e_cifar10_eml_bank_centered_ambiguity_ce_seed0",
  "run_id": "e2e_cifar10_eml_bank_centered_ambiguity_ce_seed0",
  "seed": 0,
  "status": "COMPLETED",
  "steps": 200,
  "task_name": "image_classification",
  "test_accuracy": 0.435546875,
  "test_ambiguity_mean": 1.201448678970337,
  "test_brier": 0.7175202369689941,
  "test_class_resistance_mean": 0.20000210404396057,
  "test_ece": 0.08537034690380096,
  "test_hard_negative_drive_mean": 6.220803260803223,
  "test_hard_negative_logit_mean": 2.014230251312256,
  "test_hard_negative_resistance_mean": 1.0411454439163208,
  "test_loss": 1.6106986999511719,
  "test_margin_mean": -0.3653322160243988,
  "test_nll": 1.6106986999511719,
  "test_positive_drive_mean": 5.102557182312012,
  "test_positive_logit_mean": 1.6488978862762451,
  "test_positive_resistance_mean": 1.029626727104187,
  "test_resistance_noise_corr": NaN,
  "test_resistance_occlusion_corr": NaN,
  "test_sample_uncertainty_mean": 0.0012193022994324565,
  "timestamp": "2026-04-24T08:28:17Z",
  "torch_version": "2.7.1+cu118",
  "torchvision_version": "0.22.1+cu118",
  "total_train_time_sec": 7.343554973602295,
  "trainable_params": 221443,
  "use_eml_residual_bank": true,
  "val_accuracy": 0.40625,
  "val_ambiguity_mean": 1.1812958717346191,
  "val_brier": 0.7368966341018677,
  "val_class_resistance_mean": 0.20000210404396057,
  "val_ece": 0.05094275623559952,
  "val_hard_negative_drive_mean": 6.112331390380859,
  "val_hard_negative_logit_mean": 1.990405559539795,
  "val_hard_negative_resistance_mean": 0.99391770362854,
  "val_loss": 1.6681424379348755,
  "val_margin_mean": -0.42142608761787415,
  "val_nll": 1.6681424379348755,
  "val_positive_drive_mean": 4.792505741119385,
  "val_positive_logit_mean": 1.5689795017242432,
  "val_positive_resistance_mean": 1.042691946029663,
  "val_resistance_noise_corr": NaN,
  "val_resistance_occlusion_corr": NaN,
  "val_sample_uncertainty_mean": 0.0012481320882216096
}