{
  "backbone_steps": 300,
  "batch_size": 64,
  "best_metric": 0.98046875,
  "best_step": 125,
  "clean_accuracy": 0.99609375,
  "clean_brier": 0.09917951375246048,
  "clean_confidence_mean": 0.7236517071723938,
  "clean_ece": 0.2734902501106262,
  "clean_nll": 0.32943597435951233,
  "clean_positive_resistance_mean": 14.024341583251953,
  "clean_resistance_noise_corr": 1.7467950641503194e-08,
  "clean_resistance_occlusion_corr": NaN,
  "clean_risk_at_100_coverage": 0.00390625,
  "clean_risk_at_50_coverage": 0.0,
  "clean_risk_at_70_coverage": 0.0018587112426757812,
  "clean_risk_at_80_coverage": 0.004878044128417969,
  "clean_risk_at_90_coverage": 0.004335284233093262,
  "clean_score_name": "positive_resistance",
  "clean_selective_aurc": 0.0012996458681300282,
  "clean_uncertainty_mean": 14.024341583251953,
  "clean_vs_noisy_auroc": 0.5011380314826965,
  "clean_vs_occluded_auroc": 0.43166351318359375,
  "condition_metrics_path": "reports/pluggable_uncertainty_real_20260427/runs/20260427_032011_uncertainty_synthetic_shape_eml_no_ambiguity_seed1/uncertainty_eval.pt",
  "cuda_available": true,
  "dataset_name": "synthetic_shape",
  "device": "cuda",
  "early_stop_min_evals": 2,
  "early_stop_patience": 4,
  "early_stop_triggered": true,
  "eval_interval": 25,
  "experiment_type": "frozen_features_uncertainty",
  "feature_dim": 64,
  "final_metric": 0.99609375,
  "final_train_loss": 0.6841033101081848,
  "git_commit": "0c0b3db",
  "head_steps": 1200,
  "hostname": "user-NF5468M6",
  "metrics_json": "{\"best_metric\": 0.98046875, \"best_step\": 125, \"clean_accuracy\": 0.99609375, \"clean_brier\": 0.09917951375246048, \"clean_confidence_mean\": 0.7236517071723938, \"clean_ece\": 0.2734902501106262, \"clean_nll\": 0.32943597435951233, \"clean_positive_resistance_mean\": 14.024341583251953, \"clean_resistance_noise_corr\": 1.7467950641503194e-08, \"clean_resistance_occlusion_corr\": NaN, \"clean_risk_at_100_coverage\": 0.00390625, \"clean_risk_at_50_coverage\": 0.0, \"clean_risk_at_70_coverage\": 0.0018587112426757812, \"clean_risk_at_80_coverage\": 0.004878044128417969, \"clean_risk_at_90_coverage\": 0.004335284233093262, \"clean_score_name\": \"positive_resistance\", \"clean_selective_aurc\": 0.0012996458681300282, \"clean_uncertainty_mean\": 14.024341583251953, \"clean_vs_noisy_auroc\": 0.5011380314826965, \"clean_vs_occluded_auroc\": 0.43166351318359375, \"condition_metrics_path\": \"reports/pluggable_uncertainty_real_20260427/runs/20260427_032011_uncertainty_synthetic_shape_eml_no_ambiguity_seed1/uncertainty_eval.pt\", \"early_stop_patience\": 4, \"early_stop_triggered\": true, \"final_metric\": 0.99609375, \"final_train_loss\": 0.6841033101081848, \"noisy_accuracy\": 0.9736328125, \"noisy_brier\": 0.12803451716899872, \"noisy_confidence_mean\": 0.7176327705383301, \"noisy_ece\": 0.2623414993286133, \"noisy_nll\": 0.3769855201244354, \"noisy_positive_resistance_mean\": 13.839415550231934, \"noisy_resistance_noise_corr\": NaN, \"noisy_resistance_occlusion_corr\": NaN, \"noisy_risk_at_100_coverage\": 0.0263671875, \"noisy_risk_at_50_coverage\": 0.009765625, \"noisy_risk_at_70_coverage\": 0.023709893226623535, \"noisy_risk_at_80_coverage\": 0.02317070960998535, \"noisy_risk_at_90_coverage\": 0.029284179210662842, \"noisy_score_name\": \"positive_resistance\", \"noisy_selective_aurc\": 0.013990660198032856, \"noisy_uncertainty_mean\": 13.839415550231934, \"occluded_accuracy\": 0.904296875, \"occluded_brier\": 0.20283076167106628, \"occluded_confidence_mean\": 0.6978583335876465, \"occluded_ece\": 0.24542656540870667, \"occluded_nll\": 0.5116493105888367, \"occluded_positive_resistance_mean\": 11.614498138427734, \"occluded_resistance_noise_corr\": 2.1452935428101227e-08, \"occluded_resistance_occlusion_corr\": -0.14578787982463837, \"occluded_risk_at_100_coverage\": 0.095703125, \"occluded_risk_at_50_coverage\": 0.125, \"occluded_risk_at_70_coverage\": 0.13249653577804565, \"occluded_risk_at_80_coverage\": 0.1170731782913208, \"occluded_risk_at_90_coverage\": 0.10629069805145264, \"occluded_score_name\": \"positive_resistance\", \"occluded_selective_aurc\": 0.19441519677639008, \"occluded_uncertainty_mean\": 11.614498138427734, \"pooled_resistance_noise_corr\": 0.03689255192875862, \"pooled_resistance_occlusion_corr\": -0.10788052529096603, \"steps_run\": 225, \"total_train_time_sec\": 11.486668348312378}",
  "mode": "uncertainty_benchmark",
  "model_class": "EMLPrototypeHeadNoAmbiguity",
  "model_name": "eml_no_ambiguity",
  "noisy_accuracy": 0.9736328125,
  "noisy_brier": 0.12803451716899872,
  "noisy_confidence_mean": 0.7176327705383301,
  "noisy_ece": 0.2623414993286133,
  "noisy_nll": 0.3769855201244354,
  "noisy_positive_resistance_mean": 13.839415550231934,
  "noisy_resistance_noise_corr": NaN,
  "noisy_resistance_occlusion_corr": NaN,
  "noisy_risk_at_100_coverage": 0.0263671875,
  "noisy_risk_at_50_coverage": 0.009765625,
  "noisy_risk_at_70_coverage": 0.023709893226623535,
  "noisy_risk_at_80_coverage": 0.02317070960998535,
  "noisy_risk_at_90_coverage": 0.029284179210662842,
  "noisy_score_name": "positive_resistance",
  "noisy_selective_aurc": 0.013990660198032856,
  "noisy_uncertainty_mean": 13.839415550231934,
  "num_classes": 5,
  "num_params": 18002,
  "num_workers": 0,
  "occluded_accuracy": 0.904296875,
  "occluded_brier": 0.20283076167106628,
  "occluded_confidence_mean": 0.6978583335876465,
  "occluded_ece": 0.24542656540870667,
  "occluded_nll": 0.5116493105888367,
  "occluded_positive_resistance_mean": 11.614498138427734,
  "occluded_resistance_noise_corr": 2.1452935428101227e-08,
  "occluded_resistance_occlusion_corr": -0.14578787982463837,
  "occluded_risk_at_100_coverage": 0.095703125,
  "occluded_risk_at_50_coverage": 0.125,
  "occluded_risk_at_70_coverage": 0.13249653577804565,
  "occluded_risk_at_80_coverage": 0.1170731782913208,
  "occluded_risk_at_90_coverage": 0.10629069805145264,
  "occluded_score_name": "positive_resistance",
  "occluded_selective_aurc": 0.19441519677639008,
  "occluded_uncertainty_mean": 11.614498138427734,
  "platform": "Linux-5.4.0-216-generic-x86_64-with-glibc2.31",
  "pooled_resistance_noise_corr": 0.03689255192875862,
  "pooled_resistance_occlusion_corr": -0.10788052529096603,
  "python_version": "3.10.20",
  "reason": "",
  "run_dir": "reports/pluggable_uncertainty_real_20260427/runs/20260427_032011_uncertainty_synthetic_shape_eml_no_ambiguity_seed1",
  "run_id": "uncertainty_synthetic_shape_eml_no_ambiguity_seed1",
  "seed": 1,
  "selected_heads": [
    "linear",
    "mlp",
    "cosine_prototype",
    "eml_no_ambiguity",
    "eml_centered_ambiguity",
    "eml_supervised_resistance",
    "merc_linear",
    "merc_energy"
  ],
  "status": "COMPLETED",
  "steps_run": 225,
  "task_name": "image_uncertainty_selective_classification",
  "test_size": 1024,
  "timestamp": "2026-04-27T03:20:23Z",
  "torch_version": "2.7.1+cu118",
  "torchvision_version": "0.22.1+cu118",
  "total_train_time_sec": 11.486668348312378,
  "train_size": 4096,
  "trainable_params": 18002
}