{
  "batch_size": 64,
  "best_metric": 0.4375,
  "best_step": 200,
  "best_val_accuracy": 0.4375,
  "cuda_available": true,
  "dataset_name": "cifar10",
  "device": "cuda",
  "early_stop_triggered": false,
  "experiment_type": "end_to_end",
  "feature_dim": 64,
  "final_metric": 0.44921875,
  "final_train_accuracy": 0.46875,
  "final_train_loss": 1.3735271692276,
  "git_commit": "unknown",
  "head_name": "eml_centered_ambiguity",
  "hostname": "user-NF5468M6",
  "loss_mode": "ce_pairwise",
  "lr": 0.001,
  "metrics_json": "{\"best_metric\": 0.4375, \"best_step\": 200, \"best_val_accuracy\": 0.4375, \"early_stop_triggered\": false, \"final_metric\": 0.44921875, \"final_train_accuracy\": 0.46875, \"final_train_loss\": 1.3735271692276, \"steps_run\": 300, \"test_accuracy\": 0.44921875, \"test_ambiguity_mean\": 1.0364289283752441, \"test_brier\": 0.7239082455635071, \"test_class_resistance_mean\": 0.200300931930542, \"test_ece\": 0.0672411099076271, \"test_hard_negative_drive_mean\": 6.422703742980957, \"test_hard_negative_logit_mean\": 2.221709966659546, \"test_hard_negative_resistance_mean\": 0.9151891469955444, \"test_loss\": 1.6805518865585327, \"test_margin_mean\": -0.4734773337841034, \"test_nll\": 1.6805518865585327, \"test_positive_drive_mean\": 4.953137397766113, \"test_positive_logit_mean\": 1.7482326030731201, \"test_positive_resistance_mean\": 0.8683445453643799, \"test_resistance_noise_corr\": NaN, \"test_resistance_occlusion_corr\": NaN, \"test_sample_uncertainty_mean\": 0.0016977173509076238, \"total_train_time_sec\": 14.215012550354004, \"val_accuracy\": 0.41796875, \"val_ambiguity_mean\": 1.0273628234863281, \"val_brier\": 0.7326786518096924, \"val_class_resistance_mean\": 0.200300931930542, \"val_ece\": 0.04553226754069328, \"val_hard_negative_drive_mean\": 6.474725723266602, \"val_hard_negative_logit_mean\": 2.2370729446411133, \"val_hard_negative_resistance_mean\": 0.8764420747756958, \"val_loss\": 1.6715261936187744, \"val_margin_mean\": -0.47915753722190857, \"val_nll\": 1.6715261936187744, \"val_positive_drive_mean\": 4.94664192199707, \"val_positive_logit_mean\": 1.7579154968261719, \"val_positive_resistance_mean\": 0.8977512121200562, \"val_resistance_noise_corr\": NaN, \"val_resistance_occlusion_corr\": NaN, \"val_sample_uncertainty_mean\": 0.0018063695169985294}",
  "mode": "head_ablation",
  "model_class": "CNNHeadModel",
  "model_name": "eml_bank_centered_ambiguity",
  "num_classes": 10,
  "num_params": 221443,
  "pairwise_margin": 0.0,
  "pairwise_weight": 0.05,
  "platform": "Linux-5.4.0-216-generic-x86_64-with-glibc2.31",
  "python_version": "3.10.20",
  "reason": "",
  "run_dir": "reports/merc_end_to_end_rerun/runs/20260425_035843_e2e_cifar10_eml_bank_centered_ambiguity_ce_pairwise_seed2",
  "run_id": "e2e_cifar10_eml_bank_centered_ambiguity_ce_pairwise_seed2",
  "seed": 2,
  "status": "COMPLETED",
  "steps": 300,
  "steps_run": 300,
  "task_name": "image_classification",
  "test_accuracy": 0.44921875,
  "test_ambiguity_mean": 1.0364289283752441,
  "test_brier": 0.7239082455635071,
  "test_class_resistance_mean": 0.200300931930542,
  "test_ece": 0.0672411099076271,
  "test_hard_negative_drive_mean": 6.422703742980957,
  "test_hard_negative_logit_mean": 2.221709966659546,
  "test_hard_negative_resistance_mean": 0.9151891469955444,
  "test_loss": 1.6805518865585327,
  "test_margin_mean": -0.4734773337841034,
  "test_nll": 1.6805518865585327,
  "test_positive_drive_mean": 4.953137397766113,
  "test_positive_logit_mean": 1.7482326030731201,
  "test_positive_resistance_mean": 0.8683445453643799,
  "test_resistance_noise_corr": NaN,
  "test_resistance_occlusion_corr": NaN,
  "test_sample_uncertainty_mean": 0.0016977173509076238,
  "timestamp": "2026-04-25T03:58:57Z",
  "torch_version": "2.7.1+cu118",
  "torchvision_version": "0.22.1+cu118",
  "total_train_time_sec": 14.215012550354004,
  "trainable_params": 221443,
  "use_eml_residual_bank": true,
  "use_merc_block": false,
  "val_accuracy": 0.41796875,
  "val_ambiguity_mean": 1.0273628234863281,
  "val_brier": 0.7326786518096924,
  "val_class_resistance_mean": 0.200300931930542,
  "val_ece": 0.04553226754069328,
  "val_hard_negative_drive_mean": 6.474725723266602,
  "val_hard_negative_logit_mean": 2.2370729446411133,
  "val_hard_negative_resistance_mean": 0.8764420747756958,
  "val_loss": 1.6715261936187744,
  "val_margin_mean": -0.47915753722190857,
  "val_nll": 1.6715261936187744,
  "val_positive_drive_mean": 4.94664192199707,
  "val_positive_logit_mean": 1.7579154968261719,
  "val_positive_resistance_mean": 0.8977512121200562,
  "val_resistance_noise_corr": NaN,
  "val_resistance_occlusion_corr": NaN,
  "val_sample_uncertainty_mean": 0.0018063695169985294
}