{
  "backbone_steps": 300,
  "batch_size": 64,
  "best_metric": 0.46875,
  "best_step": 150,
  "clean_accuracy": 0.4557291567325592,
  "clean_brier": 0.703179121017456,
  "clean_confidence_mean": 0.3624921143054962,
  "clean_ece": 0.09803233295679092,
  "clean_nll": 1.5890065431594849,
  "clean_positive_resistance_mean": 0.6444761753082275,
  "clean_resistance_noise_corr": NaN,
  "clean_resistance_occlusion_corr": NaN,
  "clean_risk_at_100_coverage": 0.5442708730697632,
  "clean_risk_at_50_coverage": 0.3151041865348816,
  "clean_risk_at_70_coverage": 0.41821563243865967,
  "clean_risk_at_80_coverage": 0.4617885947227478,
  "clean_risk_at_90_coverage": 0.5043352842330933,
  "clean_score_name": "positive_resistance",
  "clean_selective_aurc": 0.30086272954940796,
  "clean_uncertainty_mean": 0.6444761753082275,
  "clean_vs_noisy_auroc": 0.504906952381134,
  "clean_vs_occluded_auroc": 0.5060437321662903,
  "condition_metrics_path": "reports/pluggable_uncertainty_real_20260427/runs/20260427_032851_uncertainty_cifar10_eml_centered_ambiguity_seed1/uncertainty_eval.pt",
  "cuda_available": true,
  "dataset_name": "cifar10",
  "device": "cuda",
  "early_stop_min_evals": 2,
  "early_stop_patience": 4,
  "early_stop_triggered": true,
  "eval_interval": 25,
  "experiment_type": "frozen_features_uncertainty",
  "feature_dim": 64,
  "final_metric": 0.4557291567325592,
  "final_train_loss": 1.680474042892456,
  "git_commit": "0c0b3db",
  "head_steps": 1200,
  "hostname": "user-NF5468M6",
  "metrics_json": "{\"best_metric\": 0.46875, \"best_step\": 150, \"clean_accuracy\": 0.4557291567325592, \"clean_brier\": 0.703179121017456, \"clean_confidence_mean\": 0.3624921143054962, \"clean_ece\": 0.09803233295679092, \"clean_nll\": 1.5890065431594849, \"clean_positive_resistance_mean\": 0.6444761753082275, \"clean_resistance_noise_corr\": NaN, \"clean_resistance_occlusion_corr\": NaN, \"clean_risk_at_100_coverage\": 0.5442708730697632, \"clean_risk_at_50_coverage\": 0.3151041865348816, \"clean_risk_at_70_coverage\": 0.41821563243865967, \"clean_risk_at_80_coverage\": 0.4617885947227478, \"clean_risk_at_90_coverage\": 0.5043352842330933, \"clean_score_name\": \"positive_resistance\", \"clean_selective_aurc\": 0.30086272954940796, \"clean_uncertainty_mean\": 0.6444761753082275, \"clean_vs_noisy_auroc\": 0.504906952381134, \"clean_vs_occluded_auroc\": 0.5060437321662903, \"condition_metrics_path\": \"reports/pluggable_uncertainty_real_20260427/runs/20260427_032851_uncertainty_cifar10_eml_centered_ambiguity_seed1/uncertainty_eval.pt\", \"early_stop_patience\": 4, \"early_stop_triggered\": true, \"final_metric\": 0.4557291567325592, \"final_train_loss\": 1.680474042892456, \"noisy_accuracy\": 0.3798828125, \"noisy_brier\": 0.7527082562446594, \"noisy_confidence_mean\": 0.3492385745048523, \"noisy_ece\": 0.05288001149892807, \"noisy_nll\": 1.73239266872406, \"noisy_positive_resistance_mean\": 0.6478345990180969, \"noisy_resistance_noise_corr\": NaN, \"noisy_resistance_occlusion_corr\": NaN, \"noisy_risk_at_100_coverage\": 0.6201171875, \"noisy_risk_at_50_coverage\": 0.396484375, \"noisy_risk_at_70_coverage\": 0.4965132474899292, \"noisy_risk_at_80_coverage\": 0.5402438640594482, \"noisy_risk_at_90_coverage\": 0.5824295282363892, \"noisy_score_name\": \"positive_resistance\", \"noisy_selective_aurc\": 0.3847784698009491, \"noisy_uncertainty_mean\": 0.6478345990180969, \"occluded_accuracy\": 0.416015625, \"occluded_brier\": 0.7359457015991211, \"occluded_confidence_mean\": 0.36170703172683716, \"occluded_ece\": 0.05616414546966553, \"occluded_nll\": 1.6891565322875977, \"occluded_positive_resistance_mean\": 0.6470460295677185, \"occluded_resistance_noise_corr\": NaN, \"occluded_resistance_occlusion_corr\": NaN, \"occluded_risk_at_100_coverage\": 0.583984375, \"occluded_risk_at_50_coverage\": 0.361328125, \"occluded_risk_at_70_coverage\": 0.46582984924316406, \"occluded_risk_at_80_coverage\": 0.504878044128418, \"occluded_risk_at_90_coverage\": 0.5433839559555054, \"occluded_score_name\": \"positive_resistance\", \"occluded_selective_aurc\": 0.36183804273605347, \"occluded_uncertainty_mean\": 0.6470460295677185, \"pooled_resistance_noise_corr\": 0.004867564421147108, \"pooled_resistance_occlusion_corr\": 0.0016761244041845202, \"steps_run\": 250, \"total_train_time_sec\": 13.865106344223022}",
  "mode": "uncertainty_benchmark",
  "model_class": "EMLPrototypeHeadCenteredAmbiguity",
  "model_name": "eml_centered_ambiguity",
  "noisy_accuracy": 0.3798828125,
  "noisy_brier": 0.7527082562446594,
  "noisy_confidence_mean": 0.3492385745048523,
  "noisy_ece": 0.05288001149892807,
  "noisy_nll": 1.73239266872406,
  "noisy_positive_resistance_mean": 0.6478345990180969,
  "noisy_resistance_noise_corr": NaN,
  "noisy_resistance_occlusion_corr": NaN,
  "noisy_risk_at_100_coverage": 0.6201171875,
  "noisy_risk_at_50_coverage": 0.396484375,
  "noisy_risk_at_70_coverage": 0.4965132474899292,
  "noisy_risk_at_80_coverage": 0.5402438640594482,
  "noisy_risk_at_90_coverage": 0.5824295282363892,
  "noisy_score_name": "positive_resistance",
  "noisy_selective_aurc": 0.3847784698009491,
  "noisy_uncertainty_mean": 0.6478345990180969,
  "num_classes": 10,
  "num_params": 18977,
  "num_workers": 0,
  "occluded_accuracy": 0.416015625,
  "occluded_brier": 0.7359457015991211,
  "occluded_confidence_mean": 0.36170703172683716,
  "occluded_ece": 0.05616414546966553,
  "occluded_nll": 1.6891565322875977,
  "occluded_positive_resistance_mean": 0.6470460295677185,
  "occluded_resistance_noise_corr": NaN,
  "occluded_resistance_occlusion_corr": NaN,
  "occluded_risk_at_100_coverage": 0.583984375,
  "occluded_risk_at_50_coverage": 0.361328125,
  "occluded_risk_at_70_coverage": 0.46582984924316406,
  "occluded_risk_at_80_coverage": 0.504878044128418,
  "occluded_risk_at_90_coverage": 0.5433839559555054,
  "occluded_score_name": "positive_resistance",
  "occluded_selective_aurc": 0.36183804273605347,
  "occluded_uncertainty_mean": 0.6470460295677185,
  "platform": "Linux-5.4.0-216-generic-x86_64-with-glibc2.31",
  "pooled_resistance_noise_corr": 0.004867564421147108,
  "pooled_resistance_occlusion_corr": 0.0016761244041845202,
  "python_version": "3.10.20",
  "reason": "",
  "run_dir": "reports/pluggable_uncertainty_real_20260427/runs/20260427_032851_uncertainty_cifar10_eml_centered_ambiguity_seed1",
  "run_id": "uncertainty_cifar10_eml_centered_ambiguity_seed1",
  "seed": 1,
  "selected_heads": [
    "linear",
    "mlp",
    "cosine_prototype",
    "eml_no_ambiguity",
    "eml_centered_ambiguity",
    "eml_supervised_resistance",
    "merc_linear",
    "merc_energy"
  ],
  "status": "COMPLETED",
  "steps_run": 250,
  "task_name": "image_uncertainty_selective_classification",
  "test_size": 1024,
  "timestamp": "2026-04-27T03:29:04Z",
  "torch_version": "2.7.1+cu118",
  "torchvision_version": "0.22.1+cu118",
  "total_train_time_sec": 13.865106344223022,
  "train_size": 4096,
  "trainable_params": 18977
}