{
  "ambiguity_weight": NaN,
  "attractor_entropy_weight": NaN,
  "batch_size": 8,
  "best_metric": 0.13333334028720856,
  "bits_per_char": 6.307441706614196,
  "char_accuracy": 0.13333334028720856,
  "completed_steps": 4,
  "corruption_resistance_corr": 0.07570583373308182,
  "cuda_available": false,
  "dataset_name": "SyntheticTextEnergyDataset",
  "device": "cpu",
  "early_stop": false,
  "early_stop_step": "",
  "early_stop_triggered": false,
  "final_diagnostics": {
    "attractor_activation_mean": 0.7547848224639893,
    "attractor_activation_std": 0.09155880659818649,
    "attractor_diversity": 0.041429683566093445,
    "drive_mean": -0.02434929460287094,
    "drive_std": 0.37201645970344543,
    "energy_mean": -0.08814091235399246,
    "energy_std": 0.1030295193195343,
    "null_weight_mean": 0.46013203263282776,
    "null_weight_std": 0.39736586809158325,
    "resistance_mean": 1.6087932586669922,
    "resistance_std": 0.2414831817150116,
    "update_gate_mean": 0.057609494775533676,
    "update_gate_std": 0.042543262243270874,
    "update_strength_mean": 0.535447359085083,
    "update_strength_std": 0.39691680669784546
  },
  "final_metric": 0.13333334028720856,
  "final_train_accuracy": 0.13333334028720856,
  "final_train_loss": 4.37198543548584,
  "git_commit": "9ce7b7d",
  "grad_norm": 1.352934718132019,
  "hostname": "Mac-mini.local",
  "learning_rate": 0.001,
  "metrics_json": "{\"ambiguity_weight\": NaN, \"attractor_entropy_weight\": NaN, \"best_metric\": 0.13333334028720856, \"bits_per_char\": 6.307441706614196, \"char_accuracy\": 0.13333334028720856, \"completed_steps\": 4, \"corruption_resistance_corr\": 0.07570583373308182, \"early_stop_step\": \"\", \"early_stop_triggered\": false, \"final_diagnostics\": {\"attractor_activation_mean\": 0.7547848224639893, \"attractor_activation_std\": 0.09155880659818649, \"attractor_diversity\": 0.041429683566093445, \"drive_mean\": -0.02434929460287094, \"drive_std\": 0.37201645970344543, \"energy_mean\": -0.08814091235399246, \"energy_std\": 0.1030295193195343, \"null_weight_mean\": 0.46013203263282776, \"null_weight_std\": 0.39736586809158325, \"resistance_mean\": 1.6087932586669922, \"resistance_std\": 0.2414831817150116, \"update_gate_mean\": 0.057609494775533676, \"update_gate_std\": 0.042543262243270874, \"update_strength_mean\": 0.535447359085083, \"update_strength_std\": 0.39691680669784546}, \"final_metric\": 0.13333334028720856, \"final_train_accuracy\": 0.13333334028720856, \"final_train_loss\": 4.37198543548584, \"grad_norm\": 1.352934718132019, \"learning_rate\": 0.001, \"next_token_loss\": 4.37198543548584, \"null_threshold\": NaN, \"peak_memory_mb\": 0.0, \"perplexity\": 79.20072362721017, \"precision_update_threshold\": NaN, \"responsibility_temperature\": NaN, \"step\": 4, \"step_time_sec\": 0.013226985931396484, \"token_accuracy\": 0.13333334028720856, \"tokens_per_sec\": 18144.723313745988, \"total_train_time_sec\": 0.0734257698059082, \"train_loss\": 4.37198543548584, \"wall_clock_time_sec\": 0.07254981994628906, \"warmup_eta\": 1.0}",
  "min_delta": 0.0001,
  "mode": "smoke",
  "model_name": "EfficientEMLTextEncoder_window8_chunk_attractor",
  "next_token_loss": 4.37198543548584,
  "null_threshold": NaN,
  "num_params": 92950,
  "num_workers": 0,
  "patience": 20,
  "peak_memory_mb": 0.0,
  "perplexity": 79.20072362721017,
  "platform": "macOS-15.1-arm64-arm-64bit",
  "precision_update_threshold": NaN,
  "python_version": "3.12.7",
  "reason": "",
  "responsibility_temperature": NaN,
  "run_dir": "reports/text_representation_ablation/runs/20260505_123523_efficient_window8_chunk_attractor_seed1",
  "run_id": "efficient_window8_chunk_attractor_seed1",
  "seed": 1,
  "seq_len": 48,
  "status": "COMPLETED",
  "step": 4,
  "step_time_sec": 0.013226985931396484,
  "steps": 4,
  "task_name": "text_synthetic",
  "timestamp": "2026-05-05T12:35:23Z",
  "token_accuracy": 0.13333334028720856,
  "tokens_per_sec": 18144.723313745988,
  "torch_version": "2.10.0",
  "torchvision_version": "0.25.0",
  "total_train_time_sec": 0.0734257698059082,
  "train_loss": 4.37198543548584,
  "trainable_params": 92950,
  "wall_clock_time_sec": 0.07254981994628906,
  "warmup_eta": 1.0
}