{
  "batch_size": 64,
  "best_metric": 0.41796875,
  "best_step": 198,
  "best_val_accuracy": 0.41796875,
  "cuda_available": true,
  "dataset_name": "cifar10",
  "device": "cuda",
  "experiment_type": "end_to_end",
  "feature_dim": 64,
  "final_metric": 0.40625,
  "final_train_accuracy": 0.484375,
  "final_train_loss": 1.3417739868164062,
  "git_commit": "unknown",
  "head_name": "eml_centered_ambiguity",
  "hostname": "user-NF5468M6",
  "loss_mode": "ce_pairwise",
  "lr": 0.001,
  "metrics_json": "{\"best_metric\": 0.41796875, \"best_step\": 198, \"best_val_accuracy\": 0.41796875, \"final_metric\": 0.40625, \"final_train_accuracy\": 0.484375, \"final_train_loss\": 1.3417739868164062, \"test_accuracy\": 0.40625, \"test_ambiguity_mean\": 1.0666601657867432, \"test_brier\": 0.7347493767738342, \"test_class_resistance_mean\": 0.20018838346004486, \"test_ece\": 0.06358823925256729, \"test_hard_negative_drive_mean\": 6.166903972625732, \"test_hard_negative_logit_mean\": 1.9833697080612183, \"test_hard_negative_resistance_mean\": 0.9193426370620728, \"test_loss\": 1.6841853857040405, \"test_margin_mean\": -0.4461263418197632, \"test_nll\": 1.6841853857040405, \"test_positive_drive_mean\": 4.7714338302612305, \"test_positive_logit_mean\": 1.537243366241455, \"test_positive_resistance_mean\": 0.9854565858840942, \"test_resistance_noise_corr\": NaN, \"test_resistance_occlusion_corr\": NaN, \"test_sample_uncertainty_mean\": 0.0029142573475837708, \"total_train_time_sec\": 6.330185651779175, \"val_accuracy\": 0.40625, \"val_ambiguity_mean\": 1.0614709854125977, \"val_brier\": 0.7246008515357971, \"val_class_resistance_mean\": 0.20018838346004486, \"val_ece\": 0.05406757816672325, \"val_hard_negative_drive_mean\": 6.357447624206543, \"val_hard_negative_logit_mean\": 2.021381378173828, \"val_hard_negative_resistance_mean\": 0.9036852121353149, \"val_loss\": 1.6153677701950073, \"val_margin_mean\": -0.40224331617355347, \"val_nll\": 1.6153677701950073, \"val_positive_drive_mean\": 5.038769721984863, \"val_positive_logit_mean\": 1.6191377639770508, \"val_positive_resistance_mean\": 0.9942194223403931, \"val_resistance_noise_corr\": NaN, \"val_resistance_occlusion_corr\": NaN, \"val_sample_uncertainty_mean\": 0.00205043563619256}",
  "mode": "head_ablation",
  "model_class": "CNNHeadModel",
  "model_name": "eml_centered_ambiguity",
  "num_classes": 10,
  "num_params": 167233,
  "pairwise_margin": 0.0,
  "pairwise_weight": 0.05,
  "platform": "Linux-5.4.0-216-generic-x86_64-with-glibc2.31",
  "python_version": "3.10.20",
  "reason": "",
  "run_dir": "reports/head_ablation/runs/20260424_082901_e2e_cifar10_eml_centered_ambiguity_ce_pairwise_seed1",
  "run_id": "e2e_cifar10_eml_centered_ambiguity_ce_pairwise_seed1",
  "seed": 1,
  "status": "COMPLETED",
  "steps": 200,
  "task_name": "image_classification",
  "test_accuracy": 0.40625,
  "test_ambiguity_mean": 1.0666601657867432,
  "test_brier": 0.7347493767738342,
  "test_class_resistance_mean": 0.20018838346004486,
  "test_ece": 0.06358823925256729,
  "test_hard_negative_drive_mean": 6.166903972625732,
  "test_hard_negative_logit_mean": 1.9833697080612183,
  "test_hard_negative_resistance_mean": 0.9193426370620728,
  "test_loss": 1.6841853857040405,
  "test_margin_mean": -0.4461263418197632,
  "test_nll": 1.6841853857040405,
  "test_positive_drive_mean": 4.7714338302612305,
  "test_positive_logit_mean": 1.537243366241455,
  "test_positive_resistance_mean": 0.9854565858840942,
  "test_resistance_noise_corr": NaN,
  "test_resistance_occlusion_corr": NaN,
  "test_sample_uncertainty_mean": 0.0029142573475837708,
  "timestamp": "2026-04-24T08:29:08Z",
  "torch_version": "2.7.1+cu118",
  "torchvision_version": "0.22.1+cu118",
  "total_train_time_sec": 6.330185651779175,
  "trainable_params": 167233,
  "use_eml_residual_bank": false,
  "val_accuracy": 0.40625,
  "val_ambiguity_mean": 1.0614709854125977,
  "val_brier": 0.7246008515357971,
  "val_class_resistance_mean": 0.20018838346004486,
  "val_ece": 0.05406757816672325,
  "val_hard_negative_drive_mean": 6.357447624206543,
  "val_hard_negative_logit_mean": 2.021381378173828,
  "val_hard_negative_resistance_mean": 0.9036852121353149,
  "val_loss": 1.6153677701950073,
  "val_margin_mean": -0.40224331617355347,
  "val_nll": 1.6153677701950073,
  "val_positive_drive_mean": 5.038769721984863,
  "val_positive_logit_mean": 1.6191377639770508,
  "val_positive_resistance_mean": 0.9942194223403931,
  "val_resistance_noise_corr": NaN,
  "val_resistance_occlusion_corr": NaN,
  "val_sample_uncertainty_mean": 0.00205043563619256
}