{
  "model_class": "EMLEdgeFunctionNetwork",
  "num_params": 35719,
  "target_mean": -0.43698936700820923,
  "target_std": 0.7873830795288086,
  "trainable_params": 35719
}