{
  "best_metric": 0.9892578125,
  "best_step": 275,
  "clean_accuracy": 0.9892578125,
  "clean_aurc": 0.01344856433570385,
  "clean_ece": 0.07787305116653442,
  "clean_resistance_noise_corr": 9.002414813608084e-09,
  "clean_resistance_occlusion_corr": NaN,
  "clean_vs_noisy_auroc": 0.9941444396972656,
  "clean_vs_occluded_auroc": 0.6107158660888672,
  "cuda_available": true,
  "dataset_name": "synthetic_shape_uncertainty",
  "device": "cuda",
  "early_stop_triggered": false,
  "final_metric": 0.9892578125,
  "git_commit": "0c0b3db",
  "hostname": "user-NF5468M6",
  "metrics_json": "{\"best_metric\": 0.9892578125, \"best_step\": 275, \"clean_accuracy\": 0.9892578125, \"clean_aurc\": 0.01344856433570385, \"clean_ece\": 0.07787305116653442, \"clean_resistance_noise_corr\": 9.002414813608084e-09, \"clean_resistance_occlusion_corr\": NaN, \"clean_vs_noisy_auroc\": 0.9941444396972656, \"clean_vs_occluded_auroc\": 0.6107158660888672, \"early_stop_triggered\": false, \"final_metric\": 0.9892578125, \"noisy_accuracy\": 0.9677734375, \"noisy_aurc\": 0.0030185128562152386, \"noisy_ece\": 0.07058510184288025, \"noisy_resistance_noise_corr\": NaN, \"noisy_resistance_occlusion_corr\": NaN, \"occluded_accuracy\": 0.8583984375, \"occluded_aurc\": 0.06123582273721695, \"occluded_ece\": 0.07261872291564941, \"occluded_resistance_noise_corr\": -1.8205636820312066e-07, \"occluded_resistance_occlusion_corr\": 0.44315460324287415, \"steps_run\": 300, \"total_train_time_sec\": 30.048760890960693}",
  "mode": "medium",
  "model_name": "cnn_cosine_eml_aux_resistance",
  "noisy_accuracy": 0.9677734375,
  "noisy_aurc": 0.0030185128562152386,
  "noisy_ece": 0.07058510184288025,
  "noisy_resistance_noise_corr": NaN,
  "noisy_resistance_occlusion_corr": NaN,
  "occluded_accuracy": 0.8583984375,
  "occluded_aurc": 0.06123582273721695,
  "occluded_ece": 0.07261872291564941,
  "occluded_resistance_noise_corr": -1.8205636820312066e-07,
  "occluded_resistance_occlusion_corr": 0.44315460324287415,
  "platform": "Linux-5.4.0-216-generic-x86_64-with-glibc2.31",
  "python_version": "3.10.20",
  "reason": "",
  "run_dir": "reports/pluggable_primitive_real_20260427/end_to_end_runs/20260427_042609_uncertainty_e2e_synthetic_shape_uncertainty_cnn_cosine_eml_aux_resistance_seed1",
  "run_id": "uncertainty_e2e_synthetic_shape_uncertainty_cnn_cosine_eml_aux_resistance_seed1",
  "seed": 1,
  "status": "COMPLETED",
  "steps_run": 300,
  "task_name": "end_to_end_uncertainty",
  "timestamp": "2026-04-27T04:26:40Z",
  "torch_version": "2.7.1+cu118",
  "torchvision_version": "0.22.1+cu118",
  "total_train_time_sec": 30.048760890960693
}