{
  "batch_size": 64,
  "best_metric": 0.419921875,
  "best_step": 300,
  "best_val_accuracy": 0.419921875,
  "cuda_available": true,
  "dataset_name": "cifar10",
  "device": "cuda",
  "early_stop_triggered": false,
  "experiment_type": "end_to_end",
  "feature_dim": 64,
  "final_metric": 0.451171875,
  "final_train_accuracy": 0.46875,
  "final_train_loss": 1.4922082424163818,
  "git_commit": "unknown",
  "head_name": "eml_centered_ambiguity",
  "hostname": "user-NF5468M6",
  "loss_mode": "ce_pairwise",
  "lr": 0.001,
  "metrics_json": "{\"best_metric\": 0.419921875, \"best_step\": 300, \"best_val_accuracy\": 0.419921875, \"early_stop_triggered\": false, \"final_metric\": 0.451171875, \"final_train_accuracy\": 0.46875, \"final_train_loss\": 1.4922082424163818, \"steps_run\": 300, \"test_accuracy\": 0.451171875, \"test_ambiguity_mean\": 1.0569591522216797, \"test_brier\": 0.7037183046340942, \"test_class_resistance_mean\": 0.20049989223480225, \"test_ece\": 0.07893706858158112, \"test_hard_negative_drive_mean\": 6.080751419067383, \"test_hard_negative_logit_mean\": 2.2030563354492188, \"test_hard_negative_resistance_mean\": 0.9774519801139832, \"test_loss\": 1.5920876264572144, \"test_margin_mean\": -0.3906317949295044, \"test_nll\": 1.5920876264572144, \"test_positive_drive_mean\": 5.046836853027344, \"test_positive_logit_mean\": 1.8124244213104248, \"test_positive_resistance_mean\": 0.9526814222335815, \"test_resistance_noise_corr\": NaN, \"test_resistance_occlusion_corr\": NaN, \"test_sample_uncertainty_mean\": 0.00044267778866924345, \"total_train_time_sec\": 12.847409963607788, \"val_accuracy\": 0.419921875, \"val_ambiguity_mean\": 1.0710914134979248, \"val_brier\": 0.7197865843772888, \"val_class_resistance_mean\": 0.20049989223480225, \"val_ece\": 0.07240784168243408, \"val_hard_negative_drive_mean\": 6.1441874504089355, \"val_hard_negative_logit_mean\": 2.2295374870300293, \"val_hard_negative_resistance_mean\": 0.9830889701843262, \"val_loss\": 1.6327015161514282, \"val_margin_mean\": -0.4508873224258423, \"val_nll\": 1.6327015161514282, \"val_positive_drive_mean\": 4.832447052001953, \"val_positive_logit_mean\": 1.7786502838134766, \"val_positive_resistance_mean\": 0.9697976112365723, \"val_resistance_noise_corr\": NaN, \"val_resistance_occlusion_corr\": NaN, \"val_sample_uncertainty_mean\": 0.0005518259713426232}",
  "mode": "head_ablation",
  "model_class": "CNNHeadModel",
  "model_name": "eml_centered_ambiguity",
  "num_classes": 10,
  "num_params": 167233,
  "pairwise_margin": 0.0,
  "pairwise_weight": 0.05,
  "platform": "Linux-5.4.0-216-generic-x86_64-with-glibc2.31",
  "python_version": "3.10.20",
  "reason": "",
  "run_dir": "reports/merc_end_to_end_rerun/runs/20260425_035042_e2e_cifar10_eml_centered_ambiguity_ce_pairwise_seed0",
  "run_id": "e2e_cifar10_eml_centered_ambiguity_ce_pairwise_seed0",
  "seed": 0,
  "status": "COMPLETED",
  "steps": 300,
  "steps_run": 300,
  "task_name": "image_classification",
  "test_accuracy": 0.451171875,
  "test_ambiguity_mean": 1.0569591522216797,
  "test_brier": 0.7037183046340942,
  "test_class_resistance_mean": 0.20049989223480225,
  "test_ece": 0.07893706858158112,
  "test_hard_negative_drive_mean": 6.080751419067383,
  "test_hard_negative_logit_mean": 2.2030563354492188,
  "test_hard_negative_resistance_mean": 0.9774519801139832,
  "test_loss": 1.5920876264572144,
  "test_margin_mean": -0.3906317949295044,
  "test_nll": 1.5920876264572144,
  "test_positive_drive_mean": 5.046836853027344,
  "test_positive_logit_mean": 1.8124244213104248,
  "test_positive_resistance_mean": 0.9526814222335815,
  "test_resistance_noise_corr": NaN,
  "test_resistance_occlusion_corr": NaN,
  "test_sample_uncertainty_mean": 0.00044267778866924345,
  "timestamp": "2026-04-25T03:50:55Z",
  "torch_version": "2.7.1+cu118",
  "torchvision_version": "0.22.1+cu118",
  "total_train_time_sec": 12.847409963607788,
  "trainable_params": 167233,
  "use_eml_residual_bank": false,
  "use_merc_block": false,
  "val_accuracy": 0.419921875,
  "val_ambiguity_mean": 1.0710914134979248,
  "val_brier": 0.7197865843772888,
  "val_class_resistance_mean": 0.20049989223480225,
  "val_ece": 0.07240784168243408,
  "val_hard_negative_drive_mean": 6.1441874504089355,
  "val_hard_negative_logit_mean": 2.2295374870300293,
  "val_hard_negative_resistance_mean": 0.9830889701843262,
  "val_loss": 1.6327015161514282,
  "val_margin_mean": -0.4508873224258423,
  "val_nll": 1.6327015161514282,
  "val_positive_drive_mean": 4.832447052001953,
  "val_positive_logit_mean": 1.7786502838134766,
  "val_positive_resistance_mean": 0.9697976112365723,
  "val_resistance_noise_corr": NaN,
  "val_resistance_occlusion_corr": NaN,
  "val_sample_uncertainty_mean": 0.0005518259713426232
}