{
  "ambiguity_weight": NaN,
  "attractor_entropy_weight": NaN,
  "batch_size": 8,
  "best_metric": 0.375,
  "completed_steps": 4,
  "cuda_available": false,
  "dataset_name": "SyntheticShapeEnergyDataset",
  "device": "cpu",
  "early_stop": false,
  "early_stop_step": "",
  "early_stop_triggered": false,
  "examples_per_sec": 2013.1048716102712,
  "final_diagnostics": {
    "ambiguity_mean": 1.1482419967651367,
    "ambiguity_std": 0.7303535342216492,
    "ambiguity_weight_mean": 1.0,
    "ambiguity_weight_std": 0.0,
    "drive_mean": 2.795529553623055e-06,
    "drive_std": 0.06639722734689713,
    "energy_mean": -0.9983658194541931,
    "energy_std": 0.04557924345135689,
    "gate_activation_rate": 0.2689192295074463,
    "gate_mean": 0.2689192295074463,
    "gate_std": 0.00015645123494323343,
    "resistance_mean": 0.0031102162320166826,
    "resistance_std": 0.08740335702896118,
    "sample_uncertainty_mean": 0.6935309767723083,
    "sample_uncertainty_std": 5.100258204038255e-05
  },
  "final_metric": 0.25,
  "final_train_accuracy": 0.25,
  "final_train_loss": 1.6291041374206543,
  "git_commit": "19568db",
  "grad_norm": 14.8678617477417,
  "hostname": "BMW-Pro.local",
  "learning_rate": 0.001,
  "metrics_json": "{\"ambiguity_weight\": NaN, \"attractor_entropy_weight\": NaN, \"best_metric\": 0.375, \"completed_steps\": 4, \"early_stop_step\": \"\", \"early_stop_triggered\": false, \"examples_per_sec\": 2013.1048716102712, \"final_diagnostics\": {\"ambiguity_mean\": 1.1482419967651367, \"ambiguity_std\": 0.7303535342216492, \"ambiguity_weight_mean\": 1.0, \"ambiguity_weight_std\": 0.0, \"drive_mean\": 2.795529553623055e-06, \"drive_std\": 0.06639722734689713, \"energy_mean\": -0.9983658194541931, \"energy_std\": 0.04557924345135689, \"gate_activation_rate\": 0.2689192295074463, \"gate_mean\": 0.2689192295074463, \"gate_std\": 0.00015645123494323343, \"resistance_mean\": 0.0031102162320166826, \"resistance_std\": 0.08740335702896118, \"sample_uncertainty_mean\": 0.6935309767723083, \"sample_uncertainty_std\": 5.100258204038255e-05}, \"final_metric\": 0.25, \"final_train_accuracy\": 0.25, \"final_train_loss\": 1.6291041374206543, \"grad_norm\": 14.8678617477417, \"learning_rate\": 0.001, \"null_threshold\": NaN, \"peak_memory_mb\": 0.0, \"precision_update_threshold\": NaN, \"resistance_noise_corr\": -0.25125542283058167, \"resistance_occlusion_corr\": 0.2046559900045395, \"responsibility_temperature\": NaN, \"step\": 4, \"step_time_sec\": 0.003973960876464844, \"top1_accuracy\": 0.25, \"top5_accuracy\": 1.0, \"total_train_time_sec\": 0.029516935348510742, \"train_accuracy\": 0.25, \"train_loss\": 1.6291041374206543, \"wall_clock_time_sec\": 0.028402090072631836, \"warmup_eta\": 1.0}",
  "min_delta": 0.0001,
  "mode": "smoke",
  "model_name": "pure_eml_workers0",
  "null_threshold": NaN,
  "num_params": 47638,
  "num_workers": 0,
  "patience": 20,
  "peak_memory_mb": 0.0,
  "platform": "macOS-26.0-arm64-arm-64bit",
  "precision_update_threshold": NaN,
  "python_version": "3.12.12",
  "reason": "",
  "resistance_noise_corr": -0.25125542283058167,
  "resistance_occlusion_corr": 0.2046559900045395,
  "responsibility_temperature": NaN,
  "run_dir": "reports/image_representation_ablation/runs/20260424_085157_pure_eml_workers0_seed0",
  "run_id": "pure_eml_workers0_seed0",
  "seed": 0,
  "status": "COMPLETED",
  "step": 4,
  "step_time_sec": 0.003973960876464844,
  "steps": 4,
  "task_name": "image_synthetic",
  "timestamp": "2026-04-24T08:51:57Z",
  "top1_accuracy": 0.25,
  "top5_accuracy": 1.0,
  "torch_version": "2.10.0",
  "torchvision_version": "unavailable",
  "total_train_time_sec": 0.029516935348510742,
  "train_accuracy": 0.25,
  "train_loss": 1.6291041374206543,
  "trainable_params": 47638,
  "wall_clock_time_sec": 0.028402090072631836,
  "warmup_enabled": true,
  "warmup_eta": 1.0
}