{
  "batch_size": 64,
  "best_metric": 0.98828125,
  "best_step": 75,
  "clean_accuracy": 0.9934895634651184,
  "clean_brier": 0.125433087348938,
  "clean_confidence_mean": 0.6908392310142517,
  "clean_ece": 0.3052622377872467,
  "clean_nll": 0.3794926106929779,
  "clean_positive_resistance_mean": 2.899085760116577,
  "clean_resistance_noise_corr": -4.571784018025937e-08,
  "clean_resistance_occlusion_corr": NaN,
  "clean_risk_at_100_coverage": 0.006510436534881592,
  "clean_risk_at_50_coverage": 0.002604186534881592,
  "clean_risk_at_70_coverage": 0.005576193332672119,
  "clean_risk_at_80_coverage": 0.008130073547363281,
  "clean_risk_at_90_coverage": 0.007225453853607178,
  "clean_score_name": "positive_resistance",
  "clean_selective_aurc": 0.00590386800467968,
  "clean_uncertainty_mean": 2.899085760116577,
  "clean_vs_noisy_auroc": 0.5667572021484375,
  "clean_vs_occluded_auroc": 0.5050735473632812,
  "condition_metrics_path": "reports/uncertainty_remote_20260424_175558/runs/20260424_095609_uncertainty_synthetic_shape_eml_no_ambiguity_seed2/uncertainty_eval.pt",
  "cuda_available": true,
  "dataset_name": "synthetic_shape",
  "device": "cuda",
  "early_stop_patience": 4,
  "early_stop_triggered": true,
  "experiment_type": "frozen_features_uncertainty",
  "feature_dim": 64,
  "final_metric": 0.9934895634651184,
  "final_train_loss": 0.2925662398338318,
  "git_commit": "unknown",
  "hostname": "user-NF5468M6",
  "metrics_json": "{\"best_metric\": 0.98828125, \"best_step\": 75, \"clean_accuracy\": 0.9934895634651184, \"clean_brier\": 0.125433087348938, \"clean_confidence_mean\": 0.6908392310142517, \"clean_ece\": 0.3052622377872467, \"clean_nll\": 0.3794926106929779, \"clean_positive_resistance_mean\": 2.899085760116577, \"clean_resistance_noise_corr\": -4.571784018025937e-08, \"clean_resistance_occlusion_corr\": NaN, \"clean_risk_at_100_coverage\": 0.006510436534881592, \"clean_risk_at_50_coverage\": 0.002604186534881592, \"clean_risk_at_70_coverage\": 0.005576193332672119, \"clean_risk_at_80_coverage\": 0.008130073547363281, \"clean_risk_at_90_coverage\": 0.007225453853607178, \"clean_score_name\": \"positive_resistance\", \"clean_selective_aurc\": 0.00590386800467968, \"clean_uncertainty_mean\": 2.899085760116577, \"clean_vs_noisy_auroc\": 0.5667572021484375, \"clean_vs_occluded_auroc\": 0.5050735473632812, \"condition_metrics_path\": \"reports/uncertainty_remote_20260424_175558/runs/20260424_095609_uncertainty_synthetic_shape_eml_no_ambiguity_seed2/uncertainty_eval.pt\", \"early_stop_patience\": 4, \"early_stop_triggered\": true, \"final_metric\": 0.9934895634651184, \"final_train_loss\": 0.2925662398338318, \"noisy_accuracy\": 0.9580078125, \"noisy_brier\": 0.1664828062057495, \"noisy_confidence_mean\": 0.680486261844635, \"noisy_ece\": 0.2849876582622528, \"noisy_nll\": 0.4466494023799896, \"noisy_positive_resistance_mean\": 3.057943820953369, \"noisy_resistance_noise_corr\": NaN, \"noisy_resistance_occlusion_corr\": NaN, \"noisy_risk_at_100_coverage\": 0.0419921875, \"noisy_risk_at_50_coverage\": 0.021484375, \"noisy_risk_at_70_coverage\": 0.05299860239028931, \"noisy_risk_at_80_coverage\": 0.04878050088882446, \"noisy_risk_at_90_coverage\": 0.046637773513793945, \"noisy_score_name\": \"positive_resistance\", \"noisy_selective_aurc\": 0.03369658440351486, \"noisy_uncertainty_mean\": 3.057943820953369, \"occluded_accuracy\": 0.90625, \"occluded_brier\": 0.21755751967430115, \"occluded_confidence_mean\": 0.6534740328788757, \"occluded_ece\": 0.2661004662513733, \"occluded_nll\": 0.5385205745697021, \"occluded_positive_resistance_mean\": 2.6248974800109863, \"occluded_resistance_noise_corr\": -5.026786453754539e-08, \"occluded_resistance_occlusion_corr\": -0.07764701545238495, \"occluded_risk_at_100_coverage\": 0.09375, \"occluded_risk_at_50_coverage\": 0.01171875, \"occluded_risk_at_70_coverage\": 0.12273359298706055, \"occluded_risk_at_80_coverage\": 0.10975611209869385, \"occluded_risk_at_90_coverage\": 0.10303688049316406, \"occluded_score_name\": \"positive_resistance\", \"occluded_selective_aurc\": 0.051581840962171555, \"occluded_uncertainty_mean\": 2.6248974800109863, \"pooled_resistance_noise_corr\": NaN, \"pooled_resistance_occlusion_corr\": NaN, \"steps_run\": 175, \"total_train_time_sec\": 2.943540096282959}",
  "mode": "uncertainty_benchmark",
  "model_class": "EMLPrototypeHeadNoAmbiguity",
  "model_name": "eml_no_ambiguity",
  "noisy_accuracy": 0.9580078125,
  "noisy_brier": 0.1664828062057495,
  "noisy_confidence_mean": 0.680486261844635,
  "noisy_ece": 0.2849876582622528,
  "noisy_nll": 0.4466494023799896,
  "noisy_positive_resistance_mean": 3.057943820953369,
  "noisy_resistance_noise_corr": NaN,
  "noisy_resistance_occlusion_corr": NaN,
  "noisy_risk_at_100_coverage": 0.0419921875,
  "noisy_risk_at_50_coverage": 0.021484375,
  "noisy_risk_at_70_coverage": 0.05299860239028931,
  "noisy_risk_at_80_coverage": 0.04878050088882446,
  "noisy_risk_at_90_coverage": 0.046637773513793945,
  "noisy_score_name": "positive_resistance",
  "noisy_selective_aurc": 0.03369658440351486,
  "noisy_uncertainty_mean": 3.057943820953369,
  "num_classes": 5,
  "num_params": 18002,
  "num_workers": 0,
  "occluded_accuracy": 0.90625,
  "occluded_brier": 0.21755751967430115,
  "occluded_confidence_mean": 0.6534740328788757,
  "occluded_ece": 0.2661004662513733,
  "occluded_nll": 0.5385205745697021,
  "occluded_positive_resistance_mean": 2.6248974800109863,
  "occluded_resistance_noise_corr": -5.026786453754539e-08,
  "occluded_resistance_occlusion_corr": -0.07764701545238495,
  "occluded_risk_at_100_coverage": 0.09375,
  "occluded_risk_at_50_coverage": 0.01171875,
  "occluded_risk_at_70_coverage": 0.12273359298706055,
  "occluded_risk_at_80_coverage": 0.10975611209869385,
  "occluded_risk_at_90_coverage": 0.10303688049316406,
  "occluded_score_name": "positive_resistance",
  "occluded_selective_aurc": 0.051581840962171555,
  "occluded_uncertainty_mean": 2.6248974800109863,
  "platform": "Linux-5.4.0-216-generic-x86_64-with-glibc2.31",
  "pooled_resistance_noise_corr": NaN,
  "pooled_resistance_occlusion_corr": NaN,
  "python_version": "3.10.20",
  "reason": "",
  "run_dir": "reports/uncertainty_remote_20260424_175558/runs/20260424_095609_uncertainty_synthetic_shape_eml_no_ambiguity_seed2",
  "run_id": "uncertainty_synthetic_shape_eml_no_ambiguity_seed2",
  "seed": 2,
  "status": "COMPLETED",
  "steps_run": 175,
  "task_name": "image_uncertainty_selective_classification",
  "test_size": 1024,
  "timestamp": "2026-04-24T09:56:12Z",
  "torch_version": "2.7.1+cu118",
  "torchvision_version": "0.22.1+cu118",
  "total_train_time_sec": 2.943540096282959,
  "train_size": 4096,
  "trainable_params": 18002
}