{
  "batch_size": 64,
  "best_metric": 0.46484375,
  "best_step": 300,
  "best_val_accuracy": 0.46484375,
  "cuda_available": true,
  "dataset_name": "cifar10",
  "device": "cuda",
  "early_stop_triggered": false,
  "experiment_type": "end_to_end",
  "feature_dim": 64,
  "final_metric": 0.453125,
  "final_train_accuracy": 0.421875,
  "final_train_loss": 1.484454870223999,
  "git_commit": "unknown",
  "head_name": "eml_centered_ambiguity",
  "hostname": "user-NF5468M6",
  "loss_mode": "ce_pairwise",
  "lr": 0.001,
  "metrics_json": "{\"best_metric\": 0.46484375, \"best_step\": 300, \"best_val_accuracy\": 0.46484375, \"early_stop_triggered\": false, \"final_metric\": 0.453125, \"final_train_accuracy\": 0.421875, \"final_train_loss\": 1.484454870223999, \"steps_run\": 300, \"test_accuracy\": 0.453125, \"test_ambiguity_mean\": 0.9730584621429443, \"test_brier\": 0.6953654289245605, \"test_class_resistance_mean\": 0.20049908757209778, \"test_ece\": 0.08027717471122742, \"test_hard_negative_drive_mean\": 6.373904228210449, \"test_hard_negative_logit_mean\": 2.247204303741455, \"test_hard_negative_resistance_mean\": 0.8838890790939331, \"test_loss\": 1.5510116815567017, \"test_margin_mean\": -0.3847770094871521, \"test_nll\": 1.5510116815567017, \"test_positive_drive_mean\": 5.4148945808410645, \"test_positive_logit_mean\": 1.8624272346496582, \"test_positive_resistance_mean\": 0.8653100728988647, \"test_resistance_noise_corr\": NaN, \"test_resistance_occlusion_corr\": NaN, \"test_sample_uncertainty_mean\": 0.0003191707073710859, \"total_train_time_sec\": 12.828099489212036, \"val_accuracy\": 0.46484375, \"val_ambiguity_mean\": 0.9663224816322327, \"val_brier\": 0.6867715716362, \"val_class_resistance_mean\": 0.20049908757209778, \"val_ece\": 0.08581478893756866, \"val_hard_negative_drive_mean\": 6.323190689086914, \"val_hard_negative_logit_mean\": 2.220245361328125, \"val_hard_negative_resistance_mean\": 0.8912557363510132, \"val_loss\": 1.5441336631774902, \"val_margin_mean\": -0.3389582931995392, \"val_nll\": 1.5441336631774902, \"val_positive_drive_mean\": 5.379813194274902, \"val_positive_logit_mean\": 1.8812870979309082, \"val_positive_resistance_mean\": 0.8520584106445312, \"val_resistance_noise_corr\": NaN, \"val_resistance_occlusion_corr\": NaN, \"val_sample_uncertainty_mean\": 0.00026776661979965866}",
  "mode": "head_ablation",
  "model_class": "CNNHeadModel",
  "model_name": "eml_centered_ambiguity",
  "num_classes": 10,
  "num_params": 167233,
  "pairwise_margin": 0.0,
  "pairwise_weight": 0.05,
  "platform": "Linux-5.4.0-216-generic-x86_64-with-glibc2.31",
  "python_version": "3.10.20",
  "reason": "",
  "run_dir": "reports/merc_end_to_end_rerun/runs/20260425_035506_e2e_cifar10_eml_centered_ambiguity_ce_pairwise_seed1",
  "run_id": "e2e_cifar10_eml_centered_ambiguity_ce_pairwise_seed1",
  "seed": 1,
  "status": "COMPLETED",
  "steps": 300,
  "steps_run": 300,
  "task_name": "image_classification",
  "test_accuracy": 0.453125,
  "test_ambiguity_mean": 0.9730584621429443,
  "test_brier": 0.6953654289245605,
  "test_class_resistance_mean": 0.20049908757209778,
  "test_ece": 0.08027717471122742,
  "test_hard_negative_drive_mean": 6.373904228210449,
  "test_hard_negative_logit_mean": 2.247204303741455,
  "test_hard_negative_resistance_mean": 0.8838890790939331,
  "test_loss": 1.5510116815567017,
  "test_margin_mean": -0.3847770094871521,
  "test_nll": 1.5510116815567017,
  "test_positive_drive_mean": 5.4148945808410645,
  "test_positive_logit_mean": 1.8624272346496582,
  "test_positive_resistance_mean": 0.8653100728988647,
  "test_resistance_noise_corr": NaN,
  "test_resistance_occlusion_corr": NaN,
  "test_sample_uncertainty_mean": 0.0003191707073710859,
  "timestamp": "2026-04-25T03:55:19Z",
  "torch_version": "2.7.1+cu118",
  "torchvision_version": "0.22.1+cu118",
  "total_train_time_sec": 12.828099489212036,
  "trainable_params": 167233,
  "use_eml_residual_bank": false,
  "use_merc_block": false,
  "val_accuracy": 0.46484375,
  "val_ambiguity_mean": 0.9663224816322327,
  "val_brier": 0.6867715716362,
  "val_class_resistance_mean": 0.20049908757209778,
  "val_ece": 0.08581478893756866,
  "val_hard_negative_drive_mean": 6.323190689086914,
  "val_hard_negative_logit_mean": 2.220245361328125,
  "val_hard_negative_resistance_mean": 0.8912557363510132,
  "val_loss": 1.5441336631774902,
  "val_margin_mean": -0.3389582931995392,
  "val_nll": 1.5441336631774902,
  "val_positive_drive_mean": 5.379813194274902,
  "val_positive_logit_mean": 1.8812870979309082,
  "val_positive_resistance_mean": 0.8520584106445312,
  "val_resistance_noise_corr": NaN,
  "val_resistance_occlusion_corr": NaN,
  "val_sample_uncertainty_mean": 0.00026776661979965866
}