{
  "ambiguity_weight": NaN,
  "attractor_entropy_weight": NaN,
  "batch_size": 8,
  "best_metric": 0.375,
  "completed_steps": 4,
  "cuda_available": false,
  "dataset_name": "SyntheticShapeEnergyDataset",
  "device": "cpu",
  "early_stop": false,
  "early_stop_step": "",
  "early_stop_triggered": false,
  "examples_per_sec": 342.510993610028,
  "final_diagnostics": {
    "ambiguity_mean": 0.7712961435317993,
    "ambiguity_std": 0.7354623079299927,
    "ambiguity_weight_mean": 1.0,
    "ambiguity_weight_std": 0.0,
    "attractor_activation_mean": 0.9337944984436035,
    "attractor_activation_std": 6.037627827026881e-05,
    "attractor_diversity": 0.02262837626039982,
    "drive_mean": 0.006616479251533747,
    "drive_std": 0.058755725622177124,
    "energy_mean": -0.2368660867214203,
    "energy_std": 0.029080357402563095,
    "null_weight_mean": 0.1598811000585556,
    "null_weight_std": 0.04549252986907959,
    "prototype_diversity_penalty_mean": 0.05299793556332588,
    "prototype_diversity_penalty_std": 0.0,
    "resistance_mean": 1.365046501159668,
    "resistance_std": 0.12230521440505981,
    "sample_uncertainty_mean": 0.6928399801254272,
    "sample_uncertainty_std": 0.0,
    "update_gate_mean": 0.09119957685470581,
    "update_gate_std": 0.004621038679033518,
    "update_strength_mean": 0.8545364141464233,
    "update_strength_std": 0.038278430700302124
  },
  "final_metric": 0.25,
  "final_train_accuracy": 0.25,
  "final_train_loss": 1.6245226860046387,
  "git_commit": "19568db",
  "grad_norm": 3.000661849975586,
  "hostname": "BMW-Pro.local",
  "learning_rate": 0.001,
  "metrics_json": "{\"ambiguity_weight\": NaN, \"attractor_entropy_weight\": NaN, \"best_metric\": 0.375, \"completed_steps\": 4, \"early_stop_step\": \"\", \"early_stop_triggered\": false, \"examples_per_sec\": 342.510993610028, \"final_diagnostics\": {\"ambiguity_mean\": 0.7712961435317993, \"ambiguity_std\": 0.7354623079299927, \"ambiguity_weight_mean\": 1.0, \"ambiguity_weight_std\": 0.0, \"attractor_activation_mean\": 0.9337944984436035, \"attractor_activation_std\": 6.037627827026881e-05, \"attractor_diversity\": 0.02262837626039982, \"drive_mean\": 0.006616479251533747, \"drive_std\": 0.058755725622177124, \"energy_mean\": -0.2368660867214203, \"energy_std\": 0.029080357402563095, \"null_weight_mean\": 0.1598811000585556, \"null_weight_std\": 0.04549252986907959, \"prototype_diversity_penalty_mean\": 0.05299793556332588, \"prototype_diversity_penalty_std\": 0.0, \"resistance_mean\": 1.365046501159668, \"resistance_std\": 0.12230521440505981, \"sample_uncertainty_mean\": 0.6928399801254272, \"sample_uncertainty_std\": 0.0, \"update_gate_mean\": 0.09119957685470581, \"update_gate_std\": 0.004621038679033518, \"update_strength_mean\": 0.8545364141464233, \"update_strength_std\": 0.038278430700302124}, \"final_metric\": 0.25, \"final_train_accuracy\": 0.25, \"final_train_loss\": 1.6245226860046387, \"grad_norm\": 3.000661849975586, \"learning_rate\": 0.001, \"null_threshold\": NaN, \"peak_memory_mb\": 0.0, \"precision_update_threshold\": NaN, \"resistance_noise_corr\": 0.14660346508026123, \"resistance_occlusion_corr\": -0.0028068970423191786, \"responsibility_temperature\": NaN, \"step\": 4, \"step_time_sec\": 0.023356914520263672, \"top1_accuracy\": 0.25, \"top5_accuracy\": 1.0, \"total_train_time_sec\": 0.1396188735961914, \"train_accuracy\": 0.25, \"train_loss\": 1.6245226860046387, \"wall_clock_time_sec\": 0.1388099193572998, \"warmup_eta\": 1.0}",
  "min_delta": 0.0001,
  "mode": "smoke",
  "model_name": "EfficientEMLImageClassifier_sensor_bypass",
  "null_threshold": NaN,
  "num_params": 115573,
  "num_workers": 0,
  "patience": 20,
  "peak_memory_mb": 0.0,
  "platform": "macOS-26.0-arm64-arm-64bit",
  "precision_update_threshold": NaN,
  "python_version": "3.12.12",
  "reason": "",
  "resistance_noise_corr": 0.14660346508026123,
  "resistance_occlusion_corr": -0.0028068970423191786,
  "responsibility_temperature": NaN,
  "run_dir": "reports/image_representation_ablation/runs/20260424_085158_efficient_combo_sensor_bypass_seed0",
  "run_id": "efficient_combo_sensor_bypass_seed0",
  "seed": 0,
  "status": "COMPLETED",
  "step": 4,
  "step_time_sec": 0.023356914520263672,
  "steps": 4,
  "task_name": "image_synthetic",
  "timestamp": "2026-04-24T08:51:59Z",
  "top1_accuracy": 0.25,
  "top5_accuracy": 1.0,
  "torch_version": "2.10.0",
  "torchvision_version": "unavailable",
  "total_train_time_sec": 0.1396188735961914,
  "train_accuracy": 0.25,
  "train_loss": 1.6245226860046387,
  "trainable_params": 115573,
  "wall_clock_time_sec": 0.1388099193572998,
  "warmup_enabled": true,
  "warmup_eta": 1.0
}