{
  "best_metric": 1.0,
  "cuda_available": false,
  "dataset_name": "synthetic_probe_tensors",
  "device": "cpu",
  "final_diagnostics": {
    "drive_mean": -5.3099898650543764e-05,
    "drive_std": 0.001978350803256035,
    "energy_mean": -0.8809509873390198,
    "energy_std": 0.21294371783733368,
    "gate_activation_rate": 0.14162379503250122,
    "gate_mean": 0.14162379503250122,
    "gate_std": 0.07081189751625061,
    "message_norm_mean": 0.04480017349123955,
    "message_norm_std": 0.009114818647503853,
    "new_precision_mean": 0.3132653832435608,
    "new_precision_std": 5.182519453228451e-05,
    "null_weight_mean": 0.2918810248374939,
    "null_weight_std": 4.363249900052324e-05,
    "old_precision_mean": 5.006682872772217,
    "old_precision_std": 0.0012331224279478192,
    "resistance_mean": -0.00022152578458189964,
    "resistance_std": 0.002160612028092146,
    "responsibility_entropy_mean": 1.5854886770248413,
    "responsibility_entropy_std": 2.183165997848846e-05,
    "update_gate_mean": 0.05888504534959793,
    "update_gate_std": 1.6279678675346076e-05,
    "update_strength_mean": 0.7081189155578613,
    "update_strength_std": 4.362381878308952e-05
  },
  "final_metric": 1.0,
  "git_commit": "9ce7b7d",
  "hostname": "Mac-mini.local",
  "message_norm_mean": 0.04480017349123955,
  "metrics_json": "{\"best_metric\": 1.0, \"final_diagnostics\": {\"drive_mean\": -5.3099898650543764e-05, \"drive_std\": 0.001978350803256035, \"energy_mean\": -0.8809509873390198, \"energy_std\": 0.21294371783733368, \"gate_activation_rate\": 0.14162379503250122, \"gate_mean\": 0.14162379503250122, \"gate_std\": 0.07081189751625061, \"message_norm_mean\": 0.04480017349123955, \"message_norm_std\": 0.009114818647503853, \"new_precision_mean\": 0.3132653832435608, \"new_precision_std\": 5.182519453228451e-05, \"null_weight_mean\": 0.2918810248374939, \"null_weight_std\": 4.363249900052324e-05, \"old_precision_mean\": 5.006682872772217, \"old_precision_std\": 0.0012331224279478192, \"resistance_mean\": -0.00022152578458189964, \"resistance_std\": 0.002160612028092146, \"responsibility_entropy_mean\": 1.5854886770248413, \"responsibility_entropy_std\": 2.183165997848846e-05, \"update_gate_mean\": 0.05888504534959793, \"update_gate_std\": 1.6279678675346076e-05, \"update_strength_mean\": 0.7081189155578613, \"update_strength_std\": 4.362381878308952e-05}, \"final_metric\": 1.0, \"message_norm_mean\": 0.04480017349123955, \"nan_inf_count\": 0.0, \"peak_memory_mb\": 0.0, \"step\": 1, \"step_time_sec\": 0.001207113265991211, \"total_train_time_sec\": 0.0012061595916748047, \"train_loss\": 0.0, \"update_norm_mean\": 1.1202518939971924, \"wall_clock_time_sec\": 0.0012061595916748047}",
  "mode": "smoke",
  "model_name": "probe_responsibility_with_null_precision",
  "nan_inf_count": 0.0,
  "num_params": 14151,
  "peak_memory_mb": 0.0,
  "platform": "macOS-15.1-arm64-arm-64bit",
  "python_version": "3.12.7",
  "reason": "",
  "responsibility_distribution_mode": "standard",
  "responsibility_mode": true,
  "run_dir": "reports/runs/20260505_123425_probe_responsibility_with_null_precision",
  "run_id": "probe_responsibility_with_null_precision",
  "seed": 5,
  "status": "COMPLETED",
  "step": 1,
  "step_time_sec": 0.001207113265991211,
  "task_name": "mechanism_probe",
  "timestamp": "2026-05-05T12:34:25Z",
  "torch_version": "2.10.0",
  "torchvision_version": "0.25.0",
  "total_train_time_sec": 0.0012061595916748047,
  "train_loss": 0.0,
  "trainable_params": 14151,
  "update_mode": "precision",
  "update_norm_mean": 1.1202518939971924,
  "use_null": true,
  "wall_clock_time_sec": 0.0012061595916748047
}