{
  "backbone_steps": 300,
  "batch_size": 64,
  "best_metric": 0.50390625,
  "best_step": 125,
  "clean_accuracy": 0.4375,
  "clean_brier": 0.6909940242767334,
  "clean_confidence_mean": 0.41415777802467346,
  "clean_conflict_resistance_corr": NaN,
  "clean_conflict_score_mean": 0.4884314239025116,
  "clean_ece": 0.05499511584639549,
  "clean_nll": 1.5079392194747925,
  "clean_positive_resistance_mean": 0.7262115478515625,
  "clean_resistance_noise_corr": NaN,
  "clean_resistance_occlusion_corr": NaN,
  "clean_risk_at_100_coverage": 0.5625,
  "clean_risk_at_50_coverage": 0.4973958134651184,
  "clean_risk_at_70_coverage": 0.5520446300506592,
  "clean_risk_at_80_coverage": 0.5544715523719788,
  "clean_risk_at_90_coverage": 0.5549132823944092,
  "clean_score_name": "positive_resistance",
  "clean_selective_aurc": 0.5083776116371155,
  "clean_support_score_mean": 1.3382779359817505,
  "clean_uncertainty_mean": 0.7262115478515625,
  "clean_vs_noisy_auroc": 0.5161590576171875,
  "clean_vs_occluded_auroc": 0.4871304929256439,
  "condition_metrics_path": "reports/pluggable_uncertainty_real_20260427/runs/20260427_033213_uncertainty_cifar10_merc_linear_seed2/uncertainty_eval.pt",
  "cuda_available": true,
  "dataset_name": "cifar10",
  "device": "cuda",
  "early_stop_min_evals": 2,
  "early_stop_patience": 4,
  "early_stop_triggered": true,
  "eval_interval": 25,
  "experiment_type": "frozen_features_uncertainty",
  "feature_dim": 64,
  "final_metric": 0.4375,
  "final_train_loss": 1.2997788190841675,
  "git_commit": "0c0b3db",
  "head_steps": 1200,
  "hostname": "user-NF5468M6",
  "metrics_json": "{\"best_metric\": 0.50390625, \"best_step\": 125, \"clean_accuracy\": 0.4375, \"clean_brier\": 0.6909940242767334, \"clean_confidence_mean\": 0.41415777802467346, \"clean_conflict_resistance_corr\": NaN, \"clean_conflict_score_mean\": 0.4884314239025116, \"clean_ece\": 0.05499511584639549, \"clean_nll\": 1.5079392194747925, \"clean_positive_resistance_mean\": 0.7262115478515625, \"clean_resistance_noise_corr\": NaN, \"clean_resistance_occlusion_corr\": NaN, \"clean_risk_at_100_coverage\": 0.5625, \"clean_risk_at_50_coverage\": 0.4973958134651184, \"clean_risk_at_70_coverage\": 0.5520446300506592, \"clean_risk_at_80_coverage\": 0.5544715523719788, \"clean_risk_at_90_coverage\": 0.5549132823944092, \"clean_score_name\": \"positive_resistance\", \"clean_selective_aurc\": 0.5083776116371155, \"clean_support_score_mean\": 1.3382779359817505, \"clean_uncertainty_mean\": 0.7262115478515625, \"clean_vs_noisy_auroc\": 0.5161590576171875, \"clean_vs_occluded_auroc\": 0.4871304929256439, \"condition_metrics_path\": \"reports/pluggable_uncertainty_real_20260427/runs/20260427_033213_uncertainty_cifar10_merc_linear_seed2/uncertainty_eval.pt\", \"early_stop_patience\": 4, \"early_stop_triggered\": true, \"final_metric\": 0.4375, \"final_train_loss\": 1.2997788190841675, \"noisy_accuracy\": 0.3359375, \"noisy_brier\": 0.7681595087051392, \"noisy_confidence_mean\": 0.38513752818107605, \"noisy_conflict_resistance_corr\": NaN, \"noisy_conflict_score_mean\": 0.42107442021369934, \"noisy_ece\": 0.07112041860818863, \"noisy_nll\": 1.7869317531585693, \"noisy_positive_resistance_mean\": 0.7326005101203918, \"noisy_resistance_noise_corr\": NaN, \"noisy_resistance_occlusion_corr\": NaN, \"noisy_risk_at_100_coverage\": 0.6640625, \"noisy_risk_at_50_coverage\": 0.638671875, \"noisy_risk_at_70_coverage\": 0.6499302387237549, \"noisy_risk_at_80_coverage\": 0.657317042350769, \"noisy_risk_at_90_coverage\": 0.6572668552398682, \"noisy_score_name\": \"positive_resistance\", \"noisy_selective_aurc\": 0.6456409692764282, \"noisy_support_score_mean\": 1.3649873733520508, \"noisy_uncertainty_mean\": 0.7326005101203918, \"occluded_accuracy\": 0.4013671875, \"occluded_brier\": 0.7339262962341309, \"occluded_confidence_mean\": 0.41110897064208984, \"occluded_conflict_resistance_corr\": NaN, \"occluded_conflict_score_mean\": 0.5111722350120544, \"occluded_ece\": 0.050054099410772324, \"occluded_nll\": 1.665563941001892, \"occluded_positive_resistance_mean\": 0.7183078527450562, \"occluded_resistance_noise_corr\": NaN, \"occluded_resistance_occlusion_corr\": NaN, \"occluded_risk_at_100_coverage\": 0.5986328125, \"occluded_risk_at_50_coverage\": 0.548828125, \"occluded_risk_at_70_coverage\": 0.5899581909179688, \"occluded_risk_at_80_coverage\": 0.6024390459060669, \"occluded_risk_at_90_coverage\": 0.5889371037483215, \"occluded_score_name\": \"positive_resistance\", \"occluded_selective_aurc\": 0.5698115825653076, \"occluded_support_score_mean\": 1.3410218954086304, \"occluded_uncertainty_mean\": 0.7183078527450562, \"pooled_conflict_resistance_corr\": -0.12195535004138947, \"pooled_resistance_noise_corr\": 0.03566597402095795, \"pooled_resistance_occlusion_corr\": -0.03778902068734169, \"steps_run\": 225, \"total_train_time_sec\": 25.095834493637085}",
  "mode": "uncertainty_benchmark",
  "model_class": "MERCHeadLinearReadout",
  "model_name": "merc_linear",
  "noisy_accuracy": 0.3359375,
  "noisy_brier": 0.7681595087051392,
  "noisy_confidence_mean": 0.38513752818107605,
  "noisy_conflict_resistance_corr": NaN,
  "noisy_conflict_score_mean": 0.42107442021369934,
  "noisy_ece": 0.07112041860818863,
  "noisy_nll": 1.7869317531585693,
  "noisy_positive_resistance_mean": 0.7326005101203918,
  "noisy_resistance_noise_corr": NaN,
  "noisy_resistance_occlusion_corr": NaN,
  "noisy_risk_at_100_coverage": 0.6640625,
  "noisy_risk_at_50_coverage": 0.638671875,
  "noisy_risk_at_70_coverage": 0.6499302387237549,
  "noisy_risk_at_80_coverage": 0.657317042350769,
  "noisy_risk_at_90_coverage": 0.6572668552398682,
  "noisy_score_name": "positive_resistance",
  "noisy_selective_aurc": 0.6456409692764282,
  "noisy_support_score_mean": 1.3649873733520508,
  "noisy_uncertainty_mean": 0.7326005101203918,
  "num_classes": 10,
  "num_params": 93202,
  "num_workers": 0,
  "occluded_accuracy": 0.4013671875,
  "occluded_brier": 0.7339262962341309,
  "occluded_confidence_mean": 0.41110897064208984,
  "occluded_conflict_resistance_corr": NaN,
  "occluded_conflict_score_mean": 0.5111722350120544,
  "occluded_ece": 0.050054099410772324,
  "occluded_nll": 1.665563941001892,
  "occluded_positive_resistance_mean": 0.7183078527450562,
  "occluded_resistance_noise_corr": NaN,
  "occluded_resistance_occlusion_corr": NaN,
  "occluded_risk_at_100_coverage": 0.5986328125,
  "occluded_risk_at_50_coverage": 0.548828125,
  "occluded_risk_at_70_coverage": 0.5899581909179688,
  "occluded_risk_at_80_coverage": 0.6024390459060669,
  "occluded_risk_at_90_coverage": 0.5889371037483215,
  "occluded_score_name": "positive_resistance",
  "occluded_selective_aurc": 0.5698115825653076,
  "occluded_support_score_mean": 1.3410218954086304,
  "occluded_uncertainty_mean": 0.7183078527450562,
  "platform": "Linux-5.4.0-216-generic-x86_64-with-glibc2.31",
  "pooled_conflict_resistance_corr": -0.12195535004138947,
  "pooled_resistance_noise_corr": 0.03566597402095795,
  "pooled_resistance_occlusion_corr": -0.03778902068734169,
  "python_version": "3.10.20",
  "reason": "",
  "run_dir": "reports/pluggable_uncertainty_real_20260427/runs/20260427_033213_uncertainty_cifar10_merc_linear_seed2",
  "run_id": "uncertainty_cifar10_merc_linear_seed2",
  "seed": 2,
  "selected_heads": [
    "linear",
    "mlp",
    "cosine_prototype",
    "eml_no_ambiguity",
    "eml_centered_ambiguity",
    "eml_supervised_resistance",
    "merc_linear",
    "merc_energy"
  ],
  "status": "COMPLETED",
  "steps_run": 225,
  "task_name": "image_uncertainty_selective_classification",
  "test_size": 1024,
  "timestamp": "2026-04-27T03:32:38Z",
  "torch_version": "2.7.1+cu118",
  "torchvision_version": "0.22.1+cu118",
  "total_train_time_sec": 25.095834493637085,
  "train_size": 4096,
  "trainable_params": 93202
}