{
  "ambiguity_weight": NaN,
  "attractor_entropy_weight": NaN,
  "batch_size": 8,
  "best_metric": 0.4950000047683716,
  "bits_per_char": 3.793434056797134,
  "char_accuracy": 0.36138615012168884,
  "completed_steps": 200,
  "corruption_resistance_corr": -0.15235641598701477,
  "cuda_available": false,
  "dataset_name": "SyntheticTextEnergyDataset",
  "device": "cpu",
  "early_stop": true,
  "early_stop_step": "",
  "early_stop_triggered": false,
  "final_diagnostics": {
    "attractor_activation_mean": 0.7281153798103333,
    "attractor_activation_std": 0.07472281157970428,
    "attractor_diversity": 0.031218839809298515,
    "drive_mean": -0.6524673104286194,
    "drive_std": 1.898256540298462,
    "energy_mean": -0.0365833044052124,
    "energy_std": 0.4875558912754059,
    "null_weight_mean": 0.5346359014511108,
    "null_weight_std": 0.4199259281158447,
    "resistance_mean": 2.2167820930480957,
    "resistance_std": 2.419818878173828,
    "update_gate_mean": 0.06226363405585289,
    "update_gate_std": 0.0651560127735138,
    "update_strength_mean": 0.46359965205192566,
    "update_strength_std": 0.418969064950943
  },
  "final_metric": 0.36138615012168884,
  "final_train_accuracy": 0.36138615012168884,
  "final_train_loss": 2.629408121109009,
  "git_commit": "9ce7b7d",
  "grad_norm": 1.4636996984481812,
  "hostname": "Mac-mini.local",
  "learning_rate": 0.001,
  "metrics_json": "{\"ambiguity_weight\": NaN, \"attractor_entropy_weight\": NaN, \"best_metric\": 0.4950000047683716, \"bits_per_char\": 3.793434056797134, \"char_accuracy\": 0.36138615012168884, \"completed_steps\": 200, \"corruption_resistance_corr\": -0.15235641598701477, \"early_stop_step\": \"\", \"early_stop_triggered\": false, \"final_diagnostics\": {\"attractor_activation_mean\": 0.7281153798103333, \"attractor_activation_std\": 0.07472281157970428, \"attractor_diversity\": 0.031218839809298515, \"drive_mean\": -0.6524673104286194, \"drive_std\": 1.898256540298462, \"energy_mean\": -0.0365833044052124, \"energy_std\": 0.4875558912754059, \"null_weight_mean\": 0.5346359014511108, \"null_weight_std\": 0.4199259281158447, \"resistance_mean\": 2.2167820930480957, \"resistance_std\": 2.419818878173828, \"update_gate_mean\": 0.06226363405585289, \"update_gate_std\": 0.0651560127735138, \"update_strength_mean\": 0.46359965205192566, \"update_strength_std\": 0.418969064950943}, \"final_metric\": 0.36138615012168884, \"final_train_accuracy\": 0.36138615012168884, \"final_train_loss\": 2.629408121109009, \"grad_norm\": 1.4636996984481812, \"learning_rate\": 0.001, \"next_token_loss\": 2.629408121109009, \"null_threshold\": NaN, \"peak_memory_mb\": 0.0, \"perplexity\": 13.865560740240836, \"precision_update_threshold\": NaN, \"responsibility_temperature\": NaN, \"step\": 200, \"step_time_sec\": 0.008358955383300781, \"token_accuracy\": 0.36138615012168884, \"tokens_per_sec\": 24165.699030233885, \"total_train_time_sec\": 3.2707719802856445, \"train_loss\": 2.629408121109009, \"wall_clock_time_sec\": 3.2605841159820557, \"warmup_eta\": 1.0}",
  "min_delta": 0.001,
  "mode": "ablation",
  "model_name": "EfficientEMLTextEncoder",
  "next_token_loss": 2.629408121109009,
  "null_threshold": NaN,
  "num_params": 92950,
  "num_workers": 0,
  "patience": 12,
  "peak_memory_mb": 0.0,
  "perplexity": 13.865560740240836,
  "platform": "macOS-15.1-arm64-arm-64bit",
  "precision_update_threshold": NaN,
  "python_version": "3.12.7",
  "reason": "",
  "responsibility_temperature": NaN,
  "run_dir": "reports/runs/20260505_123203_kan_compare_text_efficient_eml",
  "run_id": "kan_compare_text_efficient_eml",
  "seed": 12,
  "seq_len": 48,
  "status": "COMPLETED",
  "step": 200,
  "step_time_sec": 0.008358955383300781,
  "steps": 200,
  "task_name": "text_synthetic",
  "timestamp": "2026-05-05T12:32:06Z",
  "token_accuracy": 0.36138615012168884,
  "tokens_per_sec": 24165.699030233885,
  "torch_version": "2.10.0",
  "torchvision_version": "0.25.0",
  "total_train_time_sec": 3.2707719802856445,
  "train_loss": 2.629408121109009,
  "trainable_params": 92950,
  "wall_clock_time_sec": 3.2605841159820557,
  "warmup_eta": 1.0
}