{
  "batch_size": 64,
  "best_metric": 0.517578125,
  "best_step": 200,
  "best_val_accuracy": 0.517578125,
  "cuda_available": true,
  "dataset_name": "cifar10",
  "device": "cuda",
  "experiment_type": "frozen_features",
  "feature_dim": 64,
  "features_dir": "reports/real_cifar_20260424_165937/features/cifar10_medium_seed1",
  "final_metric": 0.4921875,
  "final_train_accuracy": 0.625,
  "final_train_loss": 1.202779769897461,
  "git_commit": "unknown",
  "hostname": "user-NF5468M6",
  "lr": 0.001,
  "metrics_json": "{\"best_metric\": 0.517578125, \"best_step\": 200, \"best_val_accuracy\": 0.517578125, \"final_metric\": 0.4921875, \"final_train_accuracy\": 0.625, \"final_train_loss\": 1.202779769897461, \"test_accuracy\": 0.4921875, \"test_ambiguity_mean\": 0.0, \"test_brier\": 0.6524157524108887, \"test_class_resistance_mean\": 0.20404052734375, \"test_ece\": 0.1038714125752449, \"test_hard_negative_drive_mean\": 5.768949508666992, \"test_hard_negative_logit_mean\": 1.7556496858596802, \"test_hard_negative_resistance_mean\": 17.53388214111328, \"test_loss\": 1.482173204421997, \"test_margin_mean\": -0.1594391018152237, \"test_nll\": 1.482173204421997, \"test_positive_drive_mean\": 5.666196823120117, \"test_positive_logit_mean\": 1.5962104797363281, \"test_positive_resistance_mean\": 17.530385971069336, \"test_resistance_noise_corr\": NaN, \"test_resistance_occlusion_corr\": NaN, \"test_sample_uncertainty_mean\": 17.325469970703125, \"total_train_time_sec\": 6.257176876068115, \"val_accuracy\": 0.515625, \"val_ambiguity_mean\": 0.0, \"val_brier\": 0.6205562353134155, \"val_class_resistance_mean\": 0.20404052734375, \"val_ece\": 0.09680873900651932, \"val_hard_negative_drive_mean\": 5.655335903167725, \"val_hard_negative_logit_mean\": 1.76333749294281, \"val_hard_negative_resistance_mean\": 16.643951416015625, \"val_loss\": 1.3982325792312622, \"val_margin_mean\": -0.049451615661382675, \"val_nll\": 1.3982325792312622, \"val_positive_drive_mean\": 5.8787841796875, \"val_positive_logit_mean\": 1.71388578414917, \"val_positive_resistance_mean\": 16.63522720336914, \"val_resistance_noise_corr\": NaN, \"val_resistance_occlusion_corr\": NaN, \"val_sample_uncertainty_mean\": 16.43384552001953}",
  "mode": "head_ablation",
  "model_class": "EMLPrototypeHeadNoAmbiguity",
  "model_name": "eml_no_ambiguity",
  "num_classes": 10,
  "num_params": 18977,
  "pairwise_margin": 0.0,
  "pairwise_weight": 0.0,
  "platform": "Linux-5.4.0-216-generic-x86_64-with-glibc2.31",
  "python_version": "3.10.20",
  "reason": "",
  "run_dir": "reports/real_cifar_20260424_165937/runs/20260424_090024_frozen_cifar10_eml_no_ambiguity_seed1",
  "run_id": "frozen_cifar10_eml_no_ambiguity_seed1",
  "seed": 1,
  "status": "COMPLETED",
  "steps": 300,
  "task_name": "image_classification",
  "test_accuracy": 0.4921875,
  "test_ambiguity_mean": 0.0,
  "test_brier": 0.6524157524108887,
  "test_class_resistance_mean": 0.20404052734375,
  "test_ece": 0.1038714125752449,
  "test_hard_negative_drive_mean": 5.768949508666992,
  "test_hard_negative_logit_mean": 1.7556496858596802,
  "test_hard_negative_resistance_mean": 17.53388214111328,
  "test_loss": 1.482173204421997,
  "test_margin_mean": -0.1594391018152237,
  "test_nll": 1.482173204421997,
  "test_positive_drive_mean": 5.666196823120117,
  "test_positive_logit_mean": 1.5962104797363281,
  "test_positive_resistance_mean": 17.530385971069336,
  "test_resistance_noise_corr": NaN,
  "test_resistance_occlusion_corr": NaN,
  "test_sample_uncertainty_mean": 17.325469970703125,
  "timestamp": "2026-04-24T09:00:30Z",
  "torch_version": "2.7.1+cu118",
  "torchvision_version": "0.22.1+cu118",
  "total_train_time_sec": 6.257176876068115,
  "trainable_params": 18977,
  "val_accuracy": 0.515625,
  "val_ambiguity_mean": 0.0,
  "val_brier": 0.6205562353134155,
  "val_class_resistance_mean": 0.20404052734375,
  "val_ece": 0.09680873900651932,
  "val_hard_negative_drive_mean": 5.655335903167725,
  "val_hard_negative_logit_mean": 1.76333749294281,
  "val_hard_negative_resistance_mean": 16.643951416015625,
  "val_loss": 1.3982325792312622,
  "val_margin_mean": -0.049451615661382675,
  "val_nll": 1.3982325792312622,
  "val_positive_drive_mean": 5.8787841796875,
  "val_positive_logit_mean": 1.71388578414917,
  "val_positive_resistance_mean": 16.63522720336914,
  "val_resistance_noise_corr": NaN,
  "val_resistance_occlusion_corr": NaN,
  "val_sample_uncertainty_mean": 16.43384552001953
}