{
  "best_metric": 1.0,
  "cuda_available": false,
  "dataset_name": "synthetic_probe_tensors",
  "device": "cpu",
  "final_diagnostics": {
    "drive_mean": -0.0003422037116251886,
    "drive_std": 0.0018263831734657288,
    "energy_mean": -0.8809775114059448,
    "energy_std": 0.2129502147436142,
    "gate_activation_rate": 0.3020247519016266,
    "gate_mean": 0.3020247519016266,
    "gate_std": 0.1510123759508133,
    "message_norm_mean": 0.06584522873163223,
    "message_norm_std": 0.015913354232907295,
    "resistance_mean": -0.00030170651734806597,
    "resistance_std": 0.0022543505765497684,
    "responsibility_entropy_mean": 1.47102952003479,
    "responsibility_entropy_std": 3.8467860576929525e-06,
    "update_gate_mean": 0.26893743872642517,
    "update_gate_std": 3.549718530848622e-05,
    "update_strength_mean": 1.0,
    "update_strength_std": 0.0
  },
  "final_metric": 1.0,
  "git_commit": "19568db",
  "hostname": "BMW-Pro.local",
  "message_norm_mean": 0.06584522873163223,
  "metrics_json": "{\"best_metric\": 1.0, \"final_diagnostics\": {\"drive_mean\": -0.0003422037116251886, \"drive_std\": 0.0018263831734657288, \"energy_mean\": -0.8809775114059448, \"energy_std\": 0.2129502147436142, \"gate_activation_rate\": 0.3020247519016266, \"gate_mean\": 0.3020247519016266, \"gate_std\": 0.1510123759508133, \"message_norm_mean\": 0.06584522873163223, \"message_norm_std\": 0.015913354232907295, \"resistance_mean\": -0.00030170651734806597, \"resistance_std\": 0.0022543505765497684, \"responsibility_entropy_mean\": 1.47102952003479, \"responsibility_entropy_std\": 3.8467860576929525e-06, \"update_gate_mean\": 0.26893743872642517, \"update_gate_std\": 3.549718530848622e-05, \"update_strength_mean\": 1.0, \"update_strength_std\": 0.0}, \"final_metric\": 1.0, \"message_norm_mean\": 0.06584522873163223, \"nan_inf_count\": 0.0, \"peak_memory_mb\": 0.0, \"step\": 1, \"step_time_sec\": 0.000701904296875, \"total_train_time_sec\": 0.000701904296875, \"train_loss\": 0.0, \"update_norm_mean\": 1.0045655965805054, \"wall_clock_time_sec\": 0.000701904296875}",
  "mode": "ablation",
  "model_name": "ablation_gate_sigmoid_seed1",
  "nan_inf_count": 0.0,
  "num_params": 14151,
  "peak_memory_mb": 0.0,
  "platform": "macOS-26.0-arm64-arm-64bit",
  "python_version": "3.12.12",
  "reason": "",
  "responsibility_distribution_mode": "standard",
  "responsibility_mode": false,
  "run_dir": "reports/runs/stabilization_ablation_cpu/20260424_074859_ablation_gate_sigmoid_seed1",
  "run_id": "ablation_gate_sigmoid_seed1",
  "seed": 1,
  "status": "COMPLETED",
  "step": 1,
  "step_time_sec": 0.000701904296875,
  "task_name": "mechanism_probe",
  "timestamp": "2026-04-24T07:48:59Z",
  "torch_version": "2.10.0",
  "torchvision_version": "unavailable",
  "total_train_time_sec": 0.000701904296875,
  "train_loss": 0.0,
  "trainable_params": 14151,
  "update_mode": "sigmoid",
  "update_norm_mean": 1.0045655965805054,
  "use_null": false,
  "wall_clock_time_sec": 0.000701904296875
}