{
  "batch_size": 256,
  "best_eval_accuracy": 0.3857421875,
  "best_metric": 0.3857421875,
  "completed_steps": 800,
  "cuda_available": true,
  "dataset_name": "CIFAR10",
  "device": "cuda",
  "early_stop": true,
  "early_stop_step": "",
  "early_stop_triggered": false,
  "eval_batches": 20,
  "examples_per_sec": 21433.683807090387,
  "final_diagnostics": {
    "drive_mean": -0.10667165368795395,
    "drive_std": 3.000142812728882,
    "energy_mean": -0.7632050514221191,
    "energy_std": 0.6492108702659607,
    "gate_activation_rate": 0.3265700042247772,
    "gate_mean": 0.3265700042247772,
    "gate_std": 0.14525902271270752,
    "resistance_mean": 1.3461118936538696,
    "resistance_std": 4.379549026489258,
    "sample_uncertainty_mean": 0.0010396200232207775,
    "sample_uncertainty_std": 0.001214879099279642
  },
  "final_metric": 0.3857421875,
  "final_train_accuracy": 0.3515625,
  "final_train_loss": 1.689180612564087,
  "git_commit": "ae26ee9",
  "grad_norm": 2.5674097537994385,
  "hostname": "user-NF5468M6",
  "learning_rate": 0.001,
  "metrics_json": "{\"best_eval_accuracy\": 0.3857421875, \"best_metric\": 0.3857421875, \"completed_steps\": 800, \"early_stop_step\": \"\", \"early_stop_triggered\": false, \"examples_per_sec\": 21433.683807090387, \"final_diagnostics\": {\"drive_mean\": -0.10667165368795395, \"drive_std\": 3.000142812728882, \"energy_mean\": -0.7632050514221191, \"energy_std\": 0.6492108702659607, \"gate_activation_rate\": 0.3265700042247772, \"gate_mean\": 0.3265700042247772, \"gate_std\": 0.14525902271270752, \"resistance_mean\": 1.3461118936538696, \"resistance_std\": 4.379549026489258, \"sample_uncertainty_mean\": 0.0010396200232207775, \"sample_uncertainty_std\": 0.001214879099279642}, \"final_metric\": 0.3857421875, \"final_train_accuracy\": 0.3515625, \"final_train_loss\": 1.689180612564087, \"grad_norm\": 2.5674097537994385, \"learning_rate\": 0.001, \"peak_memory_mb\": 477.9833984375, \"step\": 800, \"step_time_sec\": 0.01194143295288086, \"test_accuracy\": 0.3857421875, \"test_loss\": 1.6599148094654084, \"top1_accuracy\": 0.3515625, \"total_train_time_sec\": 48.45666170120239, \"train_accuracy\": 0.3515625, \"train_loss\": 1.689180612564087, \"val_accuracy\": 0.3857421875, \"val_loss\": 1.6599148094654084, \"wall_clock_time_sec\": 48.203890323638916}",
  "min_delta": 0.001,
  "mode": "cifar-medium",
  "model_name": "pure_eml",
  "num_params": 117797,
  "patience": 6,
  "peak_memory_mb": 477.9833984375,
  "platform": "Linux-5.4.0-216-generic-x86_64-with-glibc2.31",
  "python_version": "3.10.20",
  "reason": "",
  "run_dir": "reports/runs_server_ablation_20260424_150157/20260424_070447_cifar_pure_eml",
  "run_id": "cifar_pure_eml",
  "seed": 1,
  "status": "COMPLETED",
  "step": 800,
  "step_time_sec": 0.01194143295288086,
  "steps": 800,
  "task_name": "image_cifar",
  "test_accuracy": 0.3857421875,
  "test_loss": 1.6599148094654084,
  "timestamp": "2026-04-24T07:05:37Z",
  "top1_accuracy": 0.3515625,
  "torch_version": "2.7.1+cu118",
  "torchvision_version": "0.22.1+cu118",
  "total_train_time_sec": 48.45666170120239,
  "train_accuracy": 0.3515625,
  "train_loss": 1.689180612564087,
  "trainable_params": 117797,
  "val_accuracy": 0.3857421875,
  "val_loss": 1.6599148094654084,
  "wall_clock_time_sec": 48.203890323638916
}