{
  "best_metric": 0.990234375,
  "best_step": 275,
  "clean_accuracy": 0.990234375,
  "clean_aurc": 0.0006710194866172969,
  "clean_ece": 0.03711232542991638,
  "clean_resistance_noise_corr": 3.766558265283493e-08,
  "clean_resistance_occlusion_corr": NaN,
  "clean_vs_noisy_auroc": 0.5697364807128906,
  "clean_vs_occluded_auroc": 0.6051340103149414,
  "cuda_available": true,
  "dataset_name": "synthetic_shape_uncertainty",
  "device": "cuda",
  "early_stop_triggered": false,
  "final_metric": 0.990234375,
  "git_commit": "0c0b3db",
  "hostname": "user-NF5468M6",
  "metrics_json": "{\"best_metric\": 0.990234375, \"best_step\": 275, \"clean_accuracy\": 0.990234375, \"clean_aurc\": 0.0006710194866172969, \"clean_ece\": 0.03711232542991638, \"clean_resistance_noise_corr\": 3.766558265283493e-08, \"clean_resistance_occlusion_corr\": NaN, \"clean_vs_noisy_auroc\": 0.5697364807128906, \"clean_vs_occluded_auroc\": 0.6051340103149414, \"early_stop_triggered\": false, \"final_metric\": 0.990234375, \"noisy_accuracy\": 0.98046875, \"noisy_aurc\": 0.002240604255348444, \"noisy_ece\": 0.04580622911453247, \"noisy_resistance_noise_corr\": NaN, \"noisy_resistance_occlusion_corr\": NaN, \"occluded_accuracy\": 0.873046875, \"occluded_aurc\": 0.019113462418317795, \"occluded_ece\": 0.04770631343126297, \"occluded_resistance_noise_corr\": -6.728831891678055e-08, \"occluded_resistance_occlusion_corr\": 0.7289259433746338, \"steps_run\": 300, \"total_train_time_sec\": 25.81772494316101}",
  "mode": "medium",
  "model_name": "cnn_linear",
  "noisy_accuracy": 0.98046875,
  "noisy_aurc": 0.002240604255348444,
  "noisy_ece": 0.04580622911453247,
  "noisy_resistance_noise_corr": NaN,
  "noisy_resistance_occlusion_corr": NaN,
  "occluded_accuracy": 0.873046875,
  "occluded_aurc": 0.019113462418317795,
  "occluded_ece": 0.04770631343126297,
  "occluded_resistance_noise_corr": -6.728831891678055e-08,
  "occluded_resistance_occlusion_corr": 0.7289259433746338,
  "platform": "Linux-5.4.0-216-generic-x86_64-with-glibc2.31",
  "python_version": "3.10.20",
  "reason": "",
  "run_dir": "reports/pluggable_primitive_real_20260427/end_to_end_runs/20260427_042030_uncertainty_e2e_synthetic_shape_uncertainty_cnn_linear_seed0",
  "run_id": "uncertainty_e2e_synthetic_shape_uncertainty_cnn_linear_seed0",
  "seed": 0,
  "status": "COMPLETED",
  "steps_run": 300,
  "task_name": "end_to_end_uncertainty",
  "timestamp": "2026-04-27T04:20:56Z",
  "torch_version": "2.7.1+cu118",
  "torchvision_version": "0.22.1+cu118",
  "total_train_time_sec": 25.81772494316101
}