{
  "batch_size": 16,
  "best_metric": 0.4375,
  "completed_steps": 50,
  "cuda_available": false,
  "dataset_name": "SyntheticShapeEnergyDataset",
  "device": "cpu",
  "early_stop": false,
  "early_stop_step": "",
  "early_stop_triggered": false,
  "examples_per_sec": 283.38096826636826,
  "final_diagnostics": {
    "ambiguity_mean": -1.5498201847076416,
    "ambiguity_std": 0.11438238620758057,
    "ambiguity_weight_mean": 1.0,
    "ambiguity_weight_std": 0.0,
    "attractor_activation_mean": 0.9339460134506226,
    "attractor_activation_std": 5.227134533924982e-05,
    "attractor_diversity": 0.6188259124755859,
    "drive_mean": -0.0038136218208819628,
    "drive_std": 0.07842975109815598,
    "energy_mean": -0.2329445481300354,
    "energy_std": 0.03222515434026718,
    "null_weight_mean": 0.1561766266822815,
    "null_weight_std": 0.04939362406730652,
    "prototype_diversity_penalty_mean": 0.020033815875649452,
    "prototype_diversity_penalty_std": 0.0,
    "resistance_mean": 1.341091513633728,
    "resistance_std": 0.1870473474264145,
    "sample_uncertainty_mean": 0.6698147058486938,
    "sample_uncertainty_std": 3.064716338485596e-07,
    "update_gate_mean": 0.09193434566259384,
    "update_gate_std": 0.005598593037575483,
    "update_strength_mean": 0.8590033054351807,
    "update_strength_std": 0.04140675440430641
  },
  "final_metric": 0.0625,
  "final_train_accuracy": 0.0625,
  "final_train_loss": 1.6139154434204102,
  "git_commit": "19568db",
  "grad_norm": 0.3274277448654175,
  "hostname": "BMW-Pro.local",
  "learning_rate": 0.001,
  "metrics_json": "{\"best_metric\": 0.4375, \"completed_steps\": 50, \"early_stop_step\": \"\", \"early_stop_triggered\": false, \"examples_per_sec\": 283.38096826636826, \"final_diagnostics\": {\"ambiguity_mean\": -1.5498201847076416, \"ambiguity_std\": 0.11438238620758057, \"ambiguity_weight_mean\": 1.0, \"ambiguity_weight_std\": 0.0, \"attractor_activation_mean\": 0.9339460134506226, \"attractor_activation_std\": 5.227134533924982e-05, \"attractor_diversity\": 0.6188259124755859, \"drive_mean\": -0.0038136218208819628, \"drive_std\": 0.07842975109815598, \"energy_mean\": -0.2329445481300354, \"energy_std\": 0.03222515434026718, \"null_weight_mean\": 0.1561766266822815, \"null_weight_std\": 0.04939362406730652, \"prototype_diversity_penalty_mean\": 0.020033815875649452, \"prototype_diversity_penalty_std\": 0.0, \"resistance_mean\": 1.341091513633728, \"resistance_std\": 0.1870473474264145, \"sample_uncertainty_mean\": 0.6698147058486938, \"sample_uncertainty_std\": 3.064716338485596e-07, \"update_gate_mean\": 0.09193434566259384, \"update_gate_std\": 0.005598593037575483, \"update_strength_mean\": 0.8590033054351807, \"update_strength_std\": 0.04140675440430641}, \"final_metric\": 0.0625, \"final_train_accuracy\": 0.0625, \"final_train_loss\": 1.6139154434204102, \"grad_norm\": 0.3274277448654175, \"learning_rate\": 0.001, \"peak_memory_mb\": 0.0, \"resistance_noise_corr\": 0.24612735211849213, \"resistance_occlusion_corr\": 0.16526459157466888, \"step\": 50, \"step_time_sec\": 0.05646109580993652, \"top1_accuracy\": 0.0625, \"top5_accuracy\": 1.0, \"total_train_time_sec\": 2.7060248851776123, \"train_accuracy\": 0.0625, \"train_loss\": 1.6139154434204102, \"wall_clock_time_sec\": 2.703019857406616}",
  "min_delta": 0.0001,
  "mode": "ablation",
  "model_name": "EfficientEMLImageClassifier_attr8",
  "num_params": 115701,
  "num_workers": 0,
  "patience": 20,
  "peak_memory_mb": 0.0,
  "platform": "macOS-26.0-arm64-arm-64bit",
  "python_version": "3.12.12",
  "reason": "",
  "resistance_noise_corr": 0.24612735211849213,
  "resistance_occlusion_corr": 0.16526459157466888,
  "run_dir": "reports/runs/stabilization_ablation_cpu_20260424_155136/20260424_075147_ablation_image_eff_attr8",
  "run_id": "ablation_image_eff_attr8",
  "seed": 34,
  "status": "COMPLETED",
  "step": 50,
  "step_time_sec": 0.05646109580993652,
  "steps": 50,
  "task_name": "image_synthetic",
  "timestamp": "2026-04-24T07:51:49Z",
  "top1_accuracy": 0.0625,
  "top5_accuracy": 1.0,
  "torch_version": "2.10.0",
  "torchvision_version": "unavailable",
  "total_train_time_sec": 2.7060248851776123,
  "train_accuracy": 0.0625,
  "train_loss": 1.6139154434204102,
  "trainable_params": 115701,
  "wall_clock_time_sec": 2.703019857406616,
  "warmup_enabled": true
}