{
  "ambiguity_weight": 1.0,
  "attractor_entropy_weight": 0.0,
  "batch_size": 8,
  "best_metric": 0.375,
  "completed_steps": 4,
  "cuda_available": false,
  "dataset_name": "SyntheticShapeEnergyDataset",
  "device": "cpu",
  "early_stop": false,
  "early_stop_step": "",
  "early_stop_triggered": false,
  "examples_per_sec": 313.4434241623152,
  "final_diagnostics": {
    "ambiguity_mean": 0.7574969530105591,
    "ambiguity_std": 0.6112700700759888,
    "ambiguity_weight_mean": 1.0,
    "ambiguity_weight_std": 0.0,
    "attractor_activation_mean": 0.9318186044692993,
    "attractor_activation_std": 7.689818448852748e-05,
    "attractor_diversity": 0.01918008178472519,
    "drive_mean": 0.013558406382799149,
    "drive_std": 0.05245492607355118,
    "energy_mean": -0.23556563258171082,
    "energy_std": 0.028283920139074326,
    "null_weight_mean": 0.16680335998535156,
    "null_weight_std": 0.0462941937148571,
    "prototype_diversity_penalty_mean": 0.05299926921725273,
    "prototype_diversity_penalty_std": 0.0,
    "resistance_mean": 1.3632835149765015,
    "resistance_std": 0.12041481584310532,
    "sample_uncertainty_mean": 0.6930385828018188,
    "sample_uncertainty_std": 0.0,
    "update_gate_mean": 0.09067787975072861,
    "update_gate_std": 0.004770259838551283,
    "update_strength_mean": 0.8472896814346313,
    "update_strength_std": 0.04005870968103409
  },
  "final_metric": 0.25,
  "final_train_accuracy": 0.25,
  "final_train_loss": 1.6157519817352295,
  "git_commit": "9ce7b7d",
  "grad_norm": 1.7427252531051636,
  "hostname": "Mac-mini.local",
  "learning_rate": 0.001,
  "metrics_json": "{\"ambiguity_weight\": 1.0, \"attractor_entropy_weight\": 0.0, \"best_metric\": 0.375, \"completed_steps\": 4, \"early_stop_step\": \"\", \"early_stop_triggered\": false, \"examples_per_sec\": 313.4434241623152, \"final_diagnostics\": {\"ambiguity_mean\": 0.7574969530105591, \"ambiguity_std\": 0.6112700700759888, \"ambiguity_weight_mean\": 1.0, \"ambiguity_weight_std\": 0.0, \"attractor_activation_mean\": 0.9318186044692993, \"attractor_activation_std\": 7.689818448852748e-05, \"attractor_diversity\": 0.01918008178472519, \"drive_mean\": 0.013558406382799149, \"drive_std\": 0.05245492607355118, \"energy_mean\": -0.23556563258171082, \"energy_std\": 0.028283920139074326, \"null_weight_mean\": 0.16680335998535156, \"null_weight_std\": 0.0462941937148571, \"prototype_diversity_penalty_mean\": 0.05299926921725273, \"prototype_diversity_penalty_std\": 0.0, \"resistance_mean\": 1.3632835149765015, \"resistance_std\": 0.12041481584310532, \"sample_uncertainty_mean\": 0.6930385828018188, \"sample_uncertainty_std\": 0.0, \"update_gate_mean\": 0.09067787975072861, \"update_gate_std\": 0.004770259838551283, \"update_strength_mean\": 0.8472896814346313, \"update_strength_std\": 0.04005870968103409}, \"final_metric\": 0.25, \"final_train_accuracy\": 0.25, \"final_train_loss\": 1.6157519817352295, \"grad_norm\": 1.7427252531051636, \"learning_rate\": 0.001, \"null_threshold\": 0.0, \"peak_memory_mb\": 0.0, \"precision_update_threshold\": 0.0, \"resistance_noise_corr\": -0.3341849148273468, \"resistance_occlusion_corr\": -0.4983343183994293, \"responsibility_temperature\": 0.8, \"step\": 4, \"step_time_sec\": 0.025522947311401367, \"top1_accuracy\": 0.25, \"top5_accuracy\": 1.0, \"total_train_time_sec\": 0.1347339153289795, \"train_accuracy\": 0.25, \"train_loss\": 1.6157519817352295, \"wall_clock_time_sec\": 0.13342905044555664, \"warmup_eta\": 1.0}",
  "min_delta": 0.0001,
  "mode": "smoke",
  "model_name": "EfficientEMLImageClassifier_staged",
  "null_threshold": 0.0,
  "num_params": 115573,
  "num_workers": 0,
  "patience": 20,
  "peak_memory_mb": 0.0,
  "platform": "macOS-15.1-arm64-arm-64bit",
  "precision_update_threshold": 0.0,
  "python_version": "3.12.7",
  "reason": "",
  "resistance_noise_corr": -0.3341849148273468,
  "resistance_occlusion_corr": -0.4983343183994293,
  "responsibility_temperature": 0.8,
  "run_dir": "reports/image_representation_ablation/runs/20260505_123522_efficient_combo_staged_seed0",
  "run_id": "efficient_combo_staged_seed0",
  "seed": 0,
  "status": "COMPLETED",
  "step": 4,
  "step_time_sec": 0.025522947311401367,
  "steps": 4,
  "task_name": "image_synthetic",
  "timestamp": "2026-05-05T12:35:22Z",
  "top1_accuracy": 0.25,
  "top5_accuracy": 1.0,
  "torch_version": "2.10.0",
  "torchvision_version": "0.25.0",
  "total_train_time_sec": 0.1347339153289795,
  "train_accuracy": 0.25,
  "train_loss": 1.6157519817352295,
  "trainable_params": 115573,
  "wall_clock_time_sec": 0.13342905044555664,
  "warmup_enabled": true,
  "warmup_eta": 1.0
}