{
  "batch_size": 64,
  "best_metric": 0.44140625,
  "best_step": 300,
  "best_val_accuracy": 0.44140625,
  "cuda_available": true,
  "dataset_name": "cifar10",
  "device": "cuda",
  "early_stop_triggered": false,
  "experiment_type": "end_to_end",
  "feature_dim": 64,
  "final_metric": 0.419921875,
  "final_train_accuracy": 0.546875,
  "final_train_loss": 1.2664943933486938,
  "git_commit": "unknown",
  "head_name": "eml_centered_ambiguity",
  "hostname": "user-NF5468M6",
  "loss_mode": "ce_pairwise",
  "lr": 0.001,
  "metrics_json": "{\"best_metric\": 0.44140625, \"best_step\": 300, \"best_val_accuracy\": 0.44140625, \"early_stop_triggered\": false, \"final_metric\": 0.419921875, \"final_train_accuracy\": 0.546875, \"final_train_loss\": 1.2664943933486938, \"steps_run\": 300, \"test_accuracy\": 0.419921875, \"test_ambiguity_mean\": 1.0662027597427368, \"test_brier\": 0.7156514525413513, \"test_class_resistance_mean\": 0.2002442181110382, \"test_ece\": 0.038824789226055145, \"test_hard_negative_drive_mean\": 6.05086612701416, \"test_hard_negative_logit_mean\": 2.187939167022705, \"test_hard_negative_resistance_mean\": 0.9442758560180664, \"test_loss\": 1.6198995113372803, \"test_margin_mean\": -0.43542641401290894, \"test_nll\": 1.6198995113372803, \"test_positive_drive_mean\": 4.870654106140137, \"test_positive_logit_mean\": 1.7525126934051514, \"test_positive_resistance_mean\": 0.9418230056762695, \"test_resistance_noise_corr\": NaN, \"test_resistance_occlusion_corr\": NaN, \"test_sample_uncertainty_mean\": 0.000713400833774358, \"total_train_time_sec\": 14.121775388717651, \"val_accuracy\": 0.44140625, \"val_ambiguity_mean\": 1.0969781875610352, \"val_brier\": 0.7033495903015137, \"val_class_resistance_mean\": 0.2002442181110382, \"val_ece\": 0.06823945045471191, \"val_hard_negative_drive_mean\": 6.011537551879883, \"val_hard_negative_logit_mean\": 2.17636775970459, \"val_hard_negative_resistance_mean\": 0.9843484163284302, \"val_loss\": 1.5821843147277832, \"val_margin_mean\": -0.37159454822540283, \"val_nll\": 1.5821843147277832, \"val_positive_drive_mean\": 4.926227569580078, \"val_positive_logit_mean\": 1.8047730922698975, \"val_positive_resistance_mean\": 0.9497867822647095, \"val_resistance_noise_corr\": NaN, \"val_resistance_occlusion_corr\": NaN, \"val_sample_uncertainty_mean\": 0.0006350227631628513}",
  "mode": "head_ablation",
  "model_class": "CNNHeadModel",
  "model_name": "eml_bank_centered_ambiguity",
  "num_classes": 10,
  "num_params": 221443,
  "pairwise_margin": 0.0,
  "pairwise_weight": 0.05,
  "platform": "Linux-5.4.0-216-generic-x86_64-with-glibc2.31",
  "python_version": "3.10.20",
  "reason": "",
  "run_dir": "reports/merc_end_to_end/runs/20260425_031050_e2e_cifar10_eml_bank_centered_ambiguity_ce_pairwise_seed1",
  "run_id": "e2e_cifar10_eml_bank_centered_ambiguity_ce_pairwise_seed1",
  "seed": 1,
  "status": "COMPLETED",
  "steps": 300,
  "steps_run": 300,
  "task_name": "image_classification",
  "test_accuracy": 0.419921875,
  "test_ambiguity_mean": 1.0662027597427368,
  "test_brier": 0.7156514525413513,
  "test_class_resistance_mean": 0.2002442181110382,
  "test_ece": 0.038824789226055145,
  "test_hard_negative_drive_mean": 6.05086612701416,
  "test_hard_negative_logit_mean": 2.187939167022705,
  "test_hard_negative_resistance_mean": 0.9442758560180664,
  "test_loss": 1.6198995113372803,
  "test_margin_mean": -0.43542641401290894,
  "test_nll": 1.6198995113372803,
  "test_positive_drive_mean": 4.870654106140137,
  "test_positive_logit_mean": 1.7525126934051514,
  "test_positive_resistance_mean": 0.9418230056762695,
  "test_resistance_noise_corr": NaN,
  "test_resistance_occlusion_corr": NaN,
  "test_sample_uncertainty_mean": 0.000713400833774358,
  "timestamp": "2026-04-25T03:11:05Z",
  "torch_version": "2.7.1+cu118",
  "torchvision_version": "0.22.1+cu118",
  "total_train_time_sec": 14.121775388717651,
  "trainable_params": 221443,
  "use_eml_residual_bank": true,
  "use_merc_block": false,
  "val_accuracy": 0.44140625,
  "val_ambiguity_mean": 1.0969781875610352,
  "val_brier": 0.7033495903015137,
  "val_class_resistance_mean": 0.2002442181110382,
  "val_ece": 0.06823945045471191,
  "val_hard_negative_drive_mean": 6.011537551879883,
  "val_hard_negative_logit_mean": 2.17636775970459,
  "val_hard_negative_resistance_mean": 0.9843484163284302,
  "val_loss": 1.5821843147277832,
  "val_margin_mean": -0.37159454822540283,
  "val_nll": 1.5821843147277832,
  "val_positive_drive_mean": 4.926227569580078,
  "val_positive_logit_mean": 1.8047730922698975,
  "val_positive_resistance_mean": 0.9497867822647095,
  "val_resistance_noise_corr": NaN,
  "val_resistance_occlusion_corr": NaN,
  "val_sample_uncertainty_mean": 0.0006350227631628513
}