{
  "model_class": "EMLEdgeFunctionNetwork",
  "num_params": 9671,
  "target_mean": -0.457508385181427,
  "target_std": 0.7765651941299438,
  "trainable_params": 9671
}