{
  "backbone_steps": 300,
  "batch_size": 64,
  "best_metric": 0.9765625,
  "best_step": 100,
  "clean_accuracy": 0.9908854365348816,
  "clean_brier": 0.11051119118928909,
  "clean_confidence_mean": 0.8906318545341492,
  "clean_conflict_resistance_corr": NaN,
  "clean_conflict_score_mean": 0.7886061668395996,
  "clean_ece": 0.1051899641752243,
  "clean_nll": 0.1808917373418808,
  "clean_positive_resistance_mean": 0.20799486339092255,
  "clean_resistance_noise_corr": -2.9209326068979635e-09,
  "clean_resistance_occlusion_corr": NaN,
  "clean_risk_at_100_coverage": 0.009114563465118408,
  "clean_risk_at_50_coverage": 0.0078125,
  "clean_risk_at_70_coverage": 0.005576193332672119,
  "clean_risk_at_80_coverage": 0.004878044128417969,
  "clean_risk_at_90_coverage": 0.004335284233093262,
  "clean_score_name": "positive_resistance",
  "clean_selective_aurc": 0.0035194214433431625,
  "clean_support_score_mean": 1.7411680221557617,
  "clean_uncertainty_mean": 0.20799486339092255,
  "clean_vs_noisy_auroc": 0.544586181640625,
  "clean_vs_occluded_auroc": 0.5863876342773438,
  "condition_metrics_path": "reports/pluggable_uncertainty_real_20260427/runs/20260427_031927_uncertainty_synthetic_shape_merc_energy_seed0/uncertainty_eval.pt",
  "cuda_available": true,
  "dataset_name": "synthetic_shape",
  "device": "cuda",
  "early_stop_min_evals": 2,
  "early_stop_patience": 4,
  "early_stop_triggered": true,
  "eval_interval": 25,
  "experiment_type": "frozen_features_uncertainty",
  "feature_dim": 64,
  "final_metric": 0.9908854365348816,
  "final_train_loss": 0.15026263892650604,
  "git_commit": "0c0b3db",
  "head_steps": 1200,
  "hostname": "user-NF5468M6",
  "metrics_json": "{\"best_metric\": 0.9765625, \"best_step\": 100, \"clean_accuracy\": 0.9908854365348816, \"clean_brier\": 0.11051119118928909, \"clean_confidence_mean\": 0.8906318545341492, \"clean_conflict_resistance_corr\": NaN, \"clean_conflict_score_mean\": 0.7886061668395996, \"clean_ece\": 0.1051899641752243, \"clean_nll\": 0.1808917373418808, \"clean_positive_resistance_mean\": 0.20799486339092255, \"clean_resistance_noise_corr\": -2.9209326068979635e-09, \"clean_resistance_occlusion_corr\": NaN, \"clean_risk_at_100_coverage\": 0.009114563465118408, \"clean_risk_at_50_coverage\": 0.0078125, \"clean_risk_at_70_coverage\": 0.005576193332672119, \"clean_risk_at_80_coverage\": 0.004878044128417969, \"clean_risk_at_90_coverage\": 0.004335284233093262, \"clean_score_name\": \"positive_resistance\", \"clean_selective_aurc\": 0.0035194214433431625, \"clean_support_score_mean\": 1.7411680221557617, \"clean_uncertainty_mean\": 0.20799486339092255, \"clean_vs_noisy_auroc\": 0.544586181640625, \"clean_vs_occluded_auroc\": 0.5863876342773438, \"condition_metrics_path\": \"reports/pluggable_uncertainty_real_20260427/runs/20260427_031927_uncertainty_synthetic_shape_merc_energy_seed0/uncertainty_eval.pt\", \"early_stop_patience\": 4, \"early_stop_triggered\": true, \"final_metric\": 0.9908854365348816, \"final_train_loss\": 0.15026263892650604, \"noisy_accuracy\": 0.9580078125, \"noisy_brier\": 0.1482958048582077, \"noisy_confidence_mean\": 0.8833051323890686, \"noisy_conflict_resistance_corr\": 1.3057842807029374e-07, \"noisy_conflict_score_mean\": 0.7111793160438538, \"noisy_ece\": 0.11003295332193375, \"noisy_nll\": 0.2723815441131592, \"noisy_positive_resistance_mean\": 0.3734946846961975, \"noisy_resistance_noise_corr\": NaN, \"noisy_resistance_occlusion_corr\": NaN, \"noisy_risk_at_100_coverage\": 0.0419921875, \"noisy_risk_at_50_coverage\": 0.03515625, \"noisy_risk_at_70_coverage\": 0.02928870916366577, \"noisy_risk_at_80_coverage\": 0.03170734643936157, \"noisy_risk_at_90_coverage\": 0.02819955348968506, \"noisy_score_name\": \"positive_resistance\", \"noisy_selective_aurc\": 0.02130231074988842, \"noisy_support_score_mean\": 2.3956503868103027, \"noisy_uncertainty_mean\": 0.3734946846961975, \"occluded_accuracy\": 0.8857421875, \"occluded_brier\": 0.22642551362514496, \"occluded_confidence_mean\": 0.8539944887161255, \"occluded_conflict_resistance_corr\": -0.1615302860736847, \"occluded_conflict_score_mean\": 0.7867804169654846, \"occluded_ece\": 0.12334426492452621, \"occluded_nll\": 0.474739134311676, \"occluded_positive_resistance_mean\": 0.7089676260948181, \"occluded_resistance_noise_corr\": 2.8509683502875305e-08, \"occluded_resistance_occlusion_corr\": 0.36156165599823, \"occluded_risk_at_100_coverage\": 0.1142578125, \"occluded_risk_at_50_coverage\": 0.01953125, \"occluded_risk_at_70_coverage\": 0.0251045823097229, \"occluded_risk_at_80_coverage\": 0.030487775802612305, \"occluded_risk_at_90_coverage\": 0.05097615718841553, \"occluded_score_name\": \"positive_resistance\", \"occluded_selective_aurc\": 0.023864420130848885, \"occluded_support_score_mean\": 1.9206321239471436, \"occluded_uncertainty_mean\": 0.7089676260948181, \"pooled_conflict_resistance_corr\": -0.09520592540502548, \"pooled_resistance_noise_corr\": -0.03589053452014923, \"pooled_resistance_occlusion_corr\": 0.32111725211143494, \"steps_run\": 200, \"total_train_time_sec\": 11.100142002105713}",
  "mode": "uncertainty_benchmark",
  "model_class": "MERCHeadClassEnergy",
  "model_name": "merc_energy",
  "noisy_accuracy": 0.9580078125,
  "noisy_brier": 0.1482958048582077,
  "noisy_confidence_mean": 0.8833051323890686,
  "noisy_conflict_resistance_corr": 1.3057842807029374e-07,
  "noisy_conflict_score_mean": 0.7111793160438538,
  "noisy_ece": 0.11003295332193375,
  "noisy_nll": 0.2723815441131592,
  "noisy_positive_resistance_mean": 0.3734946846961975,
  "noisy_resistance_noise_corr": NaN,
  "noisy_resistance_occlusion_corr": NaN,
  "noisy_risk_at_100_coverage": 0.0419921875,
  "noisy_risk_at_50_coverage": 0.03515625,
  "noisy_risk_at_70_coverage": 0.02928870916366577,
  "noisy_risk_at_80_coverage": 0.03170734643936157,
  "noisy_risk_at_90_coverage": 0.02819955348968506,
  "noisy_score_name": "positive_resistance",
  "noisy_selective_aurc": 0.02130231074988842,
  "noisy_support_score_mean": 2.3956503868103027,
  "noisy_uncertainty_mean": 0.3734946846961975,
  "num_classes": 5,
  "num_params": 92222,
  "num_workers": 0,
  "occluded_accuracy": 0.8857421875,
  "occluded_brier": 0.22642551362514496,
  "occluded_confidence_mean": 0.8539944887161255,
  "occluded_conflict_resistance_corr": -0.1615302860736847,
  "occluded_conflict_score_mean": 0.7867804169654846,
  "occluded_ece": 0.12334426492452621,
  "occluded_nll": 0.474739134311676,
  "occluded_positive_resistance_mean": 0.7089676260948181,
  "occluded_resistance_noise_corr": 2.8509683502875305e-08,
  "occluded_resistance_occlusion_corr": 0.36156165599823,
  "occluded_risk_at_100_coverage": 0.1142578125,
  "occluded_risk_at_50_coverage": 0.01953125,
  "occluded_risk_at_70_coverage": 0.0251045823097229,
  "occluded_risk_at_80_coverage": 0.030487775802612305,
  "occluded_risk_at_90_coverage": 0.05097615718841553,
  "occluded_score_name": "positive_resistance",
  "occluded_selective_aurc": 0.023864420130848885,
  "occluded_support_score_mean": 1.9206321239471436,
  "occluded_uncertainty_mean": 0.7089676260948181,
  "platform": "Linux-5.4.0-216-generic-x86_64-with-glibc2.31",
  "pooled_conflict_resistance_corr": -0.09520592540502548,
  "pooled_resistance_noise_corr": -0.03589053452014923,
  "pooled_resistance_occlusion_corr": 0.32111725211143494,
  "python_version": "3.10.20",
  "reason": "",
  "run_dir": "reports/pluggable_uncertainty_real_20260427/runs/20260427_031927_uncertainty_synthetic_shape_merc_energy_seed0",
  "run_id": "uncertainty_synthetic_shape_merc_energy_seed0",
  "seed": 0,
  "selected_heads": [
    "linear",
    "mlp",
    "cosine_prototype",
    "eml_no_ambiguity",
    "eml_centered_ambiguity",
    "eml_supervised_resistance",
    "merc_linear",
    "merc_energy"
  ],
  "status": "COMPLETED",
  "steps_run": 200,
  "task_name": "image_uncertainty_selective_classification",
  "test_size": 1024,
  "timestamp": "2026-04-27T03:19:38Z",
  "torch_version": "2.7.1+cu118",