{
  "batch_size": 64,
  "best_metric": 0.984375,
  "best_step": 100,
  "clean_accuracy": 0.9973958134651184,
  "clean_brier": 0.0045438795350492,
  "clean_confidence_mean": 0.9933738708496094,
  "clean_conflict_resistance_corr": NaN,
  "clean_conflict_score_mean": 0.8419535160064697,
  "clean_ece": 0.006019434425979853,
  "clean_nll": 0.015668580308556557,
  "clean_positive_resistance_mean": 0.0026255317497998476,
  "clean_resistance_noise_corr": 9.902686670670846e-09,
  "clean_resistance_occlusion_corr": NaN,
  "clean_risk_at_100_coverage": 0.002604186534881592,
  "clean_risk_at_50_coverage": 0.0,
  "clean_risk_at_70_coverage": 0.0,
  "clean_risk_at_80_coverage": 0.0016260147094726562,
  "clean_risk_at_90_coverage": 0.0014451146125793457,
  "clean_score_name": "positive_resistance",
  "clean_selective_aurc": 0.0003529959649313241,
  "clean_support_score_mean": 1.203481912612915,
  "clean_uncertainty_mean": 0.0026255317497998476,
  "clean_vs_noisy_auroc": 0.534081757068634,
  "clean_vs_occluded_auroc": 0.5984446406364441,
  "condition_metrics_path": "reports/uncertainty_resistance_true_20260427/runs/20260427_015616_uncertainty_synthetic_shape_merc_energy_seed2/uncertainty_eval.pt",
  "cuda_available": true,
  "dataset_name": "synthetic_shape",
  "device": "cuda",
  "early_stop_patience": 4,
  "early_stop_triggered": true,
  "experiment_type": "frozen_features_uncertainty",
  "feature_dim": 64,
  "final_metric": 0.9973958134651184,
  "final_train_loss": 0.022727012634277344,
  "git_commit": "0c0b3db",
  "hostname": "user-NF5468M6",
  "metrics_json": "{\"best_metric\": 0.984375, \"best_step\": 100, \"clean_accuracy\": 0.9973958134651184, \"clean_brier\": 0.0045438795350492, \"clean_confidence_mean\": 0.9933738708496094, \"clean_conflict_resistance_corr\": NaN, \"clean_conflict_score_mean\": 0.8419535160064697, \"clean_ece\": 0.006019434425979853, \"clean_nll\": 0.015668580308556557, \"clean_positive_resistance_mean\": 0.0026255317497998476, \"clean_resistance_noise_corr\": 9.902686670670846e-09, \"clean_resistance_occlusion_corr\": NaN, \"clean_risk_at_100_coverage\": 0.002604186534881592, \"clean_risk_at_50_coverage\": 0.0, \"clean_risk_at_70_coverage\": 0.0, \"clean_risk_at_80_coverage\": 0.0016260147094726562, \"clean_risk_at_90_coverage\": 0.0014451146125793457, \"clean_score_name\": \"positive_resistance\", \"clean_selective_aurc\": 0.0003529959649313241, \"clean_support_score_mean\": 1.203481912612915, \"clean_uncertainty_mean\": 0.0026255317497998476, \"clean_vs_noisy_auroc\": 0.534081757068634, \"clean_vs_occluded_auroc\": 0.5984446406364441, \"condition_metrics_path\": \"reports/uncertainty_resistance_true_20260427/runs/20260427_015616_uncertainty_synthetic_shape_merc_energy_seed2/uncertainty_eval.pt\", \"early_stop_patience\": 4, \"early_stop_triggered\": true, \"final_metric\": 0.9973958134651184, \"final_train_loss\": 0.022727012634277344, \"noisy_accuracy\": 0.9677734375, \"noisy_brier\": 0.04852406680583954, \"noisy_confidence_mean\": 0.985700249671936, \"noisy_conflict_resistance_corr\": 1.6220227383456631e-09, \"noisy_conflict_score_mean\": 0.8125154972076416, \"noisy_ece\": 0.01792680099606514, \"noisy_nll\": 0.11958826333284378, \"noisy_positive_resistance_mean\": 0.05708125978708267, \"noisy_resistance_noise_corr\": NaN, \"noisy_resistance_occlusion_corr\": NaN, \"noisy_risk_at_100_coverage\": 0.0322265625, \"noisy_risk_at_50_coverage\": 0.00390625, \"noisy_risk_at_70_coverage\": 0.004184126853942871, \"noisy_risk_at_80_coverage\": 0.0036585330963134766, \"noisy_risk_at_90_coverage\": 0.0032538175582885742, \"noisy_score_name\": \"positive_resistance\", \"noisy_selective_aurc\": 0.002756226109340787, \"noisy_support_score_mean\": 1.4037913084030151, \"noisy_uncertainty_mean\": 0.05708125978708267, \"occluded_accuracy\": 0.9091796875, \"occluded_brier\": 0.12715891003608704, \"occluded_confidence_mean\": 0.9361069798469543, \"occluded_conflict_resistance_corr\": -0.0494256317615509, \"occluded_conflict_score_mean\": 0.8321228623390198, \"occluded_ece\": 0.035202547907829285, \"occluded_nll\": 0.30400723218917847, \"occluded_positive_resistance_mean\": 0.14793644845485687, \"occluded_resistance_noise_corr\": -2.9687283742418913e-08, \"occluded_resistance_occlusion_corr\": 0.4232017993927002, \"occluded_risk_at_100_coverage\": 0.0908203125, \"occluded_risk_at_50_coverage\": 0.0078125, \"occluded_risk_at_70_coverage\": 0.009762883186340332, \"occluded_risk_at_80_coverage\": 0.008536577224731445, \"occluded_risk_at_90_coverage\": 0.017353594303131104, \"occluded_score_name\": \"positive_resistance\", \"occluded_selective_aurc\": 0.009691205807030201, \"occluded_support_score_mean\": 1.1880877017974854, \"occluded_uncertainty_mean\": 0.14793644845485687, \"pooled_conflict_resistance_corr\": -0.031613897532224655, \"pooled_resistance_noise_corr\": -0.03308846801519394, \"pooled_resistance_occlusion_corr\": 0.36864107847213745, \"steps_run\": 200, \"total_train_time_sec\": 11.515199899673462}",
  "mode": "uncertainty_benchmark",
  "model_class": "MERCHeadClassEnergy",
  "model_name": "merc_energy",
  "noisy_accuracy": 0.9677734375,
  "noisy_brier": 0.04852406680583954,
  "noisy_confidence_mean": 0.985700249671936,
  "noisy_conflict_resistance_corr": 1.6220227383456631e-09,
  "noisy_conflict_score_mean": 0.8125154972076416,
  "noisy_ece": 0.01792680099606514,
  "noisy_nll": 0.11958826333284378,
  "noisy_positive_resistance_mean": 0.05708125978708267,
  "noisy_resistance_noise_corr": NaN,
  "noisy_resistance_occlusion_corr": NaN,
  "noisy_risk_at_100_coverage": 0.0322265625,
  "noisy_risk_at_50_coverage": 0.00390625,
  "noisy_risk_at_70_coverage": 0.004184126853942871,
  "noisy_risk_at_80_coverage": 0.0036585330963134766,
  "noisy_risk_at_90_coverage": 0.0032538175582885742,
  "noisy_score_name": "positive_resistance",
  "noisy_selective_aurc": 0.002756226109340787,
  "noisy_support_score_mean": 1.4037913084030151,
  "noisy_uncertainty_mean": 0.05708125978708267,
  "num_classes": 5,
  "num_params": 92222,
  "num_workers": 0,
  "occluded_accuracy": 0.9091796875,
  "occluded_brier": 0.12715891003608704,
  "occluded_confidence_mean": 0.9361069798469543,
  "occluded_conflict_resistance_corr": -0.0494256317615509,
  "occluded_conflict_score_mean": 0.8321228623390198,
  "occluded_ece": 0.035202547907829285,
  "occluded_nll": 0.30400723218917847,
  "occluded_positive_resistance_mean": 0.14793644845485687,
  "occluded_resistance_noise_corr": -2.9687283742418913e-08,
  "occluded_resistance_occlusion_corr": 0.4232017993927002,
  "occluded_risk_at_100_coverage": 0.0908203125,
  "occluded_risk_at_50_coverage": 0.0078125,
  "occluded_risk_at_70_coverage": 0.009762883186340332,
  "occluded_risk_at_80_coverage": 0.008536577224731445,
  "occluded_risk_at_90_coverage": 0.017353594303131104,
  "occluded_score_name": "positive_resistance",
  "occluded_selective_aurc": 0.009691205807030201,
  "occluded_support_score_mean": 1.1880877017974854,
  "occluded_uncertainty_mean": 0.14793644845485687,
  "platform": "Linux-5.4.0-216-generic-x86_64-with-glibc2.31",
  "pooled_conflict_resistance_corr": -0.031613897532224655,
  "pooled_resistance_noise_corr": -0.03308846801519394,
  "pooled_resistance_occlusion_corr": 0.36864107847213745,
  "python_version": "3.10.20",
  "reason": "",
  "run_dir": "reports/uncertainty_resistance_true_20260427/runs/20260427_015616_uncertainty_synthetic_shape_merc_energy_seed2",
  "run_id": "uncertainty_synthetic_shape_merc_energy_seed2",
  "seed": 2,
  "status": "COMPLETED",
  "steps_run": 200,
  "task_name": "image_uncertainty_selective_classification",
  "test_size": 1024,
  "timestamp": "2026-04-27T01:56:27Z",
  "torch_version": "2.7.1+cu118",
  "torchvision_version": "0.22.1+cu118",
  "total_train_time_sec": 11.515199899673462,
  "train_size": 4096,
  "trainable_params": 92222
}