{
  "ambiguity_weight": NaN,
  "attractor_entropy_weight": NaN,
  "batch_size": 8,
  "best_metric": 0.10795454680919647,
  "bits_per_char": 6.291620678596025,
  "char_accuracy": 0.10795454680919647,
  "completed_steps": 4,
  "corruption_resistance_corr": 0.0426839217543602,
  "cuda_available": false,
  "dataset_name": "SyntheticTextEnergyDataset",
  "device": "cpu",
  "early_stop": false,
  "early_stop_step": "",
  "early_stop_triggered": false,
  "final_diagnostics": {
    "attractor_activation_mean": 0.6897829174995422,
    "attractor_activation_std": 0.08766528218984604,
    "attractor_diversity": 0.05706101283431053,
    "drive_mean": -0.020547930151224136,
    "drive_std": 0.3834875524044037,
    "energy_mean": -0.08157572895288467,
    "energy_std": 0.10445886850357056,
    "null_weight_mean": 0.598718523979187,
    "null_weight_std": 0.40833213925361633,
    "resistance_mean": 1.6092811822891235,
    "resistance_std": 0.24641980230808258,
    "update_gate_mean": 0.043046534061431885,
    "update_gate_std": 0.04366670921444893,
    "update_strength_mean": 0.3978762924671173,
    "update_strength_std": 0.40546491742134094
  },
  "final_metric": 0.10795454680919647,
  "final_train_accuracy": 0.10795454680919647,
  "final_train_loss": 4.361019134521484,
  "git_commit": "9ce7b7d",
  "grad_norm": 1.552194356918335,
  "hostname": "Mac-mini.local",
  "learning_rate": 0.001,
  "metrics_json": "{\"ambiguity_weight\": NaN, \"attractor_entropy_weight\": NaN, \"best_metric\": 0.10795454680919647, \"bits_per_char\": 6.291620678596025, \"char_accuracy\": 0.10795454680919647, \"completed_steps\": 4, \"corruption_resistance_corr\": 0.0426839217543602, \"early_stop_step\": \"\", \"early_stop_triggered\": false, \"final_diagnostics\": {\"attractor_activation_mean\": 0.6897829174995422, \"attractor_activation_std\": 0.08766528218984604, \"attractor_diversity\": 0.05706101283431053, \"drive_mean\": -0.020547930151224136, \"drive_std\": 0.3834875524044037, \"energy_mean\": -0.08157572895288467, \"energy_std\": 0.10445886850357056, \"null_weight_mean\": 0.598718523979187, \"null_weight_std\": 0.40833213925361633, \"resistance_mean\": 1.6092811822891235, \"resistance_std\": 0.24641980230808258, \"update_gate_mean\": 0.043046534061431885, \"update_gate_std\": 0.04366670921444893, \"update_strength_mean\": 0.3978762924671173, \"update_strength_std\": 0.40546491742134094}, \"final_metric\": 0.10795454680919647, \"final_train_accuracy\": 0.10795454680919647, \"final_train_loss\": 4.361019134521484, \"grad_norm\": 1.552194356918335, \"learning_rate\": 0.001, \"next_token_loss\": 4.361019134521484, \"null_threshold\": NaN, \"peak_memory_mb\": 0.0, \"perplexity\": 78.33692962444293, \"precision_update_threshold\": NaN, \"responsibility_temperature\": NaN, \"step\": 4, \"step_time_sec\": 0.014740943908691406, \"token_accuracy\": 0.10795454680919647, \"tokens_per_sec\": 11939.53393284596, \"total_train_time_sec\": 0.06828880310058594, \"train_loss\": 4.361019134521484, \"wall_clock_time_sec\": 0.06744098663330078, \"warmup_eta\": 1.0}",
  "min_delta": 0.0001,
  "mode": "smoke",
  "model_name": "EfficientEMLTextEncoder_window8_chunk_attractor",
  "next_token_loss": 4.361019134521484,
  "null_threshold": NaN,
  "num_params": 92950,
  "num_workers": 0,
  "patience": 20,
  "peak_memory_mb": 0.0,
  "perplexity": 78.33692962444293,
  "platform": "macOS-15.1-arm64-arm-64bit",
  "precision_update_threshold": NaN,
  "python_version": "3.12.7",
  "reason": "",
  "responsibility_temperature": NaN,
  "run_dir": "reports/text_representation_ablation/runs/20260505_123522_efficient_window8_chunk_attractor_seed0",
  "run_id": "efficient_window8_chunk_attractor_seed0",
  "seed": 0,
  "seq_len": 48,
  "status": "COMPLETED",
  "step": 4,
  "step_time_sec": 0.014740943908691406,
  "steps": 4,
  "task_name": "text_synthetic",
  "timestamp": "2026-05-05T12:35:22Z",
  "token_accuracy": 0.10795454680919647,
  "tokens_per_sec": 11939.53393284596,
  "torch_version": "2.10.0",
  "torchvision_version": "0.25.0",
  "total_train_time_sec": 0.06828880310058594,
  "train_loss": 4.361019134521484,
  "trainable_params": 92950,
  "wall_clock_time_sec": 0.06744098663330078,
  "warmup_eta": 1.0
}