{
  "ambiguity_weight": NaN,
  "attractor_entropy_weight": NaN,
  "batch_size": 8,
  "best_metric": 0.21022726595401764,
  "bits_per_char": 6.279995339328303,
  "char_accuracy": 0.21022726595401764,
  "completed_steps": 4,
  "corruption_resistance_corr": -0.007225160486996174,
  "cuda_available": false,
  "dataset_name": "SyntheticTextEnergyDataset",
  "device": "cpu",
  "early_stop": false,
  "early_stop_step": "",
  "early_stop_triggered": false,
  "final_diagnostics": {
    "attractor_activation_mean": 0.4583333432674408,
    "attractor_activation_std": 0.49826085567474365,
    "attractor_diversity": 0.7598978877067566,
    "drive_mean": 0.028967326506972313,
    "drive_std": 0.3785274624824524,
    "energy_mean": -0.07924890518188477,
    "energy_std": 0.10614064335823059,
    "null_weight_mean": 0.6267347931861877,
    "null_weight_std": 0.41174277663230896,
    "resistance_mean": 1.5721080303192139,
    "resistance_std": 0.25166505575180054,
    "update_gate_mean": 0.03984721750020981,
    "update_gate_std": 0.04384664446115494,
    "update_strength_mean": 0.41579923033714294,
    "update_strength_std": 0.4590284824371338
  },
  "final_metric": 0.21022726595401764,
  "final_train_accuracy": 0.21022726595401764,
  "final_train_loss": 4.35296106338501,
  "git_commit": "9ce7b7d",
  "grad_norm": 2.0848376750946045,
  "hostname": "Mac-mini.local",
  "learning_rate": 0.001,
  "metrics_json": "{\"ambiguity_weight\": NaN, \"attractor_entropy_weight\": NaN, \"best_metric\": 0.21022726595401764, \"bits_per_char\": 6.279995339328303, \"char_accuracy\": 0.21022726595401764, \"completed_steps\": 4, \"corruption_resistance_corr\": -0.007225160486996174, \"early_stop_step\": \"\", \"early_stop_triggered\": false, \"final_diagnostics\": {\"attractor_activation_mean\": 0.4583333432674408, \"attractor_activation_std\": 0.49826085567474365, \"attractor_diversity\": 0.7598978877067566, \"drive_mean\": 0.028967326506972313, \"drive_std\": 0.3785274624824524, \"energy_mean\": -0.07924890518188477, \"energy_std\": 0.10614064335823059, \"null_weight_mean\": 0.6267347931861877, \"null_weight_std\": 0.41174277663230896, \"resistance_mean\": 1.5721080303192139, \"resistance_std\": 0.25166505575180054, \"update_gate_mean\": 0.03984721750020981, \"update_gate_std\": 0.04384664446115494, \"update_strength_mean\": 0.41579923033714294, \"update_strength_std\": 0.4590284824371338}, \"final_metric\": 0.21022726595401764, \"final_train_accuracy\": 0.21022726595401764, \"final_train_loss\": 4.35296106338501, \"grad_norm\": 2.0848376750946045, \"learning_rate\": 0.001, \"next_token_loss\": 4.35296106338501, \"null_threshold\": NaN, \"peak_memory_mb\": 0.0, \"perplexity\": 77.70822156202408, \"precision_update_threshold\": NaN, \"responsibility_temperature\": NaN, \"step\": 4, \"step_time_sec\": 0.01235198974609375, \"token_accuracy\": 0.21022726595401764, \"tokens_per_sec\": 14248.71649166152, \"total_train_time_sec\": 0.06563305854797363, \"train_loss\": 4.35296106338501, \"wall_clock_time_sec\": 0.06480836868286133, \"warmup_eta\": 1.0}",
  "min_delta": 0.0001,
  "mode": "smoke",
  "model_name": "EfficientEMLTextEncoder_window8",
  "next_token_loss": 4.35296106338501,
  "null_threshold": NaN,
  "num_params": 72752,
  "num_workers": 0,
  "patience": 20,
  "peak_memory_mb": 0.0,
  "perplexity": 77.70822156202408,
  "platform": "macOS-15.1-arm64-arm-64bit",
  "precision_update_threshold": NaN,
  "python_version": "3.12.7",
  "reason": "",
  "responsibility_temperature": NaN,
  "run_dir": "reports/text_representation_ablation/runs/20260505_123521_efficient_window8_seed0",
  "run_id": "efficient_window8_seed0",
  "seed": 0,
  "seq_len": 48,
  "status": "COMPLETED",
  "step": 4,
  "step_time_sec": 0.01235198974609375,
  "steps": 4,
  "task_name": "text_synthetic",
  "timestamp": "2026-05-05T12:35:21Z",
  "token_accuracy": 0.21022726595401764,
  "tokens_per_sec": 14248.71649166152,
  "torch_version": "2.10.0",
  "torchvision_version": "0.25.0",
  "total_train_time_sec": 0.06563305854797363,
  "train_loss": 4.35296106338501,
  "trainable_params": 72752,
  "wall_clock_time_sec": 0.06480836868286133,
  "warmup_eta": 1.0
}