{
  "batch_size": 64,
  "best_metric": 0.9765625,
  "best_step": 100,
  "clean_accuracy": 0.9947916865348816,
  "clean_brier": 0.11256477981805801,
  "clean_confidence_mean": 0.707078754901886,
  "clean_ece": 0.28961271047592163,
  "clean_nll": 0.354460209608078,
  "clean_positive_resistance_mean": 6.418373107910156,
  "clean_resistance_noise_corr": 1.353648428903398e-07,
  "clean_resistance_occlusion_corr": NaN,
  "clean_risk_at_100_coverage": 0.005208313465118408,
  "clean_risk_at_50_coverage": 0.0,
  "clean_risk_at_70_coverage": 0.005576193332672119,
  "clean_risk_at_80_coverage": 0.004878044128417969,
  "clean_risk_at_90_coverage": 0.005780339241027832,
  "clean_score_name": "positive_resistance",
  "clean_selective_aurc": 0.002247897908091545,
  "clean_uncertainty_mean": 6.418373107910156,
  "clean_vs_noisy_auroc": 0.5000012516975403,
  "clean_vs_occluded_auroc": 0.44113922119140625,
  "condition_metrics_path": "reports/uncertainty_remote_20260424_175558/runs/20260424_095543_uncertainty_synthetic_shape_eml_no_ambiguity_seed1/uncertainty_eval.pt",
  "cuda_available": true,
  "dataset_name": "synthetic_shape",
  "device": "cuda",
  "early_stop_patience": 4,
  "early_stop_triggered": true,
  "experiment_type": "frozen_features_uncertainty",
  "feature_dim": 64,
  "final_metric": 0.9947916865348816,
  "final_train_loss": 0.4429324269294739,
  "git_commit": "unknown",
  "hostname": "user-NF5468M6",
  "metrics_json": "{\"best_metric\": 0.9765625, \"best_step\": 100, \"clean_accuracy\": 0.9947916865348816, \"clean_brier\": 0.11256477981805801, \"clean_confidence_mean\": 0.707078754901886, \"clean_ece\": 0.28961271047592163, \"clean_nll\": 0.354460209608078, \"clean_positive_resistance_mean\": 6.418373107910156, \"clean_resistance_noise_corr\": 1.353648428903398e-07, \"clean_resistance_occlusion_corr\": NaN, \"clean_risk_at_100_coverage\": 0.005208313465118408, \"clean_risk_at_50_coverage\": 0.0, \"clean_risk_at_70_coverage\": 0.005576193332672119, \"clean_risk_at_80_coverage\": 0.004878044128417969, \"clean_risk_at_90_coverage\": 0.005780339241027832, \"clean_score_name\": \"positive_resistance\", \"clean_selective_aurc\": 0.002247897908091545, \"clean_uncertainty_mean\": 6.418373107910156, \"clean_vs_noisy_auroc\": 0.5000012516975403, \"clean_vs_occluded_auroc\": 0.44113922119140625, \"condition_metrics_path\": \"reports/uncertainty_remote_20260424_175558/runs/20260424_095543_uncertainty_synthetic_shape_eml_no_ambiguity_seed1/uncertainty_eval.pt\", \"early_stop_patience\": 4, \"early_stop_triggered\": true, \"final_metric\": 0.9947916865348816, \"final_train_loss\": 0.4429324269294739, \"noisy_accuracy\": 0.986328125, \"noisy_brier\": 0.12267082184553146, \"noisy_confidence_mean\": 0.705511748790741, \"noisy_ece\": 0.2814718186855316, \"noisy_nll\": 0.3717885911464691, \"noisy_positive_resistance_mean\": 6.304320335388184, \"noisy_resistance_noise_corr\": NaN, \"noisy_resistance_occlusion_corr\": NaN, \"noisy_risk_at_100_coverage\": 0.013671875, \"noisy_risk_at_50_coverage\": 0.009765625, \"noisy_risk_at_70_coverage\": 0.012552320957183838, \"noisy_risk_at_80_coverage\": 0.014634132385253906, \"noisy_risk_at_90_coverage\": 0.01409977674484253, \"noisy_score_name\": \"positive_resistance\", \"noisy_selective_aurc\": 0.008068998344242573, \"noisy_uncertainty_mean\": 6.304320335388184, \"occluded_accuracy\": 0.904296875, \"occluded_brier\": 0.20562352240085602, \"occluded_confidence_mean\": 0.6720967888832092, \"occluded_ece\": 0.2394525408744812, \"occluded_nll\": 0.5177637934684753, \"occluded_positive_resistance_mean\": 5.155356407165527, \"occluded_resistance_noise_corr\": -3.054951136505224e-08, \"occluded_resistance_occlusion_corr\": -0.22429385781288147, \"occluded_risk_at_100_coverage\": 0.095703125, \"occluded_risk_at_50_coverage\": 0.146484375, \"occluded_risk_at_70_coverage\": 0.1311017870903015, \"occluded_risk_at_80_coverage\": 0.11829268932342529, \"occluded_risk_at_90_coverage\": 0.10520607233047485, \"occluded_score_name\": \"positive_resistance\", \"occluded_selective_aurc\": 0.12223052978515625, \"occluded_uncertainty_mean\": 5.155356407165527, \"pooled_resistance_noise_corr\": NaN, \"pooled_resistance_occlusion_corr\": NaN, \"steps_run\": 200, \"total_train_time_sec\": 3.471862316131592}",
  "mode": "uncertainty_benchmark",
  "model_class": "EMLPrototypeHeadNoAmbiguity",
  "model_name": "eml_no_ambiguity",
  "noisy_accuracy": 0.986328125,
  "noisy_brier": 0.12267082184553146,
  "noisy_confidence_mean": 0.705511748790741,
  "noisy_ece": 0.2814718186855316,
  "noisy_nll": 0.3717885911464691,
  "noisy_positive_resistance_mean": 6.304320335388184,
  "noisy_resistance_noise_corr": NaN,
  "noisy_resistance_occlusion_corr": NaN,
  "noisy_risk_at_100_coverage": 0.013671875,
  "noisy_risk_at_50_coverage": 0.009765625,
  "noisy_risk_at_70_coverage": 0.012552320957183838,
  "noisy_risk_at_80_coverage": 0.014634132385253906,
  "noisy_risk_at_90_coverage": 0.01409977674484253,
  "noisy_score_name": "positive_resistance",
  "noisy_selective_aurc": 0.008068998344242573,
  "noisy_uncertainty_mean": 6.304320335388184,
  "num_classes": 5,
  "num_params": 18002,
  "num_workers": 0,
  "occluded_accuracy": 0.904296875,
  "occluded_brier": 0.20562352240085602,
  "occluded_confidence_mean": 0.6720967888832092,
  "occluded_ece": 0.2394525408744812,
  "occluded_nll": 0.5177637934684753,
  "occluded_positive_resistance_mean": 5.155356407165527,
  "occluded_resistance_noise_corr": -3.054951136505224e-08,
  "occluded_resistance_occlusion_corr": -0.22429385781288147,
  "occluded_risk_at_100_coverage": 0.095703125,
  "occluded_risk_at_50_coverage": 0.146484375,
  "occluded_risk_at_70_coverage": 0.1311017870903015,
  "occluded_risk_at_80_coverage": 0.11829268932342529,
  "occluded_risk_at_90_coverage": 0.10520607233047485,
  "occluded_score_name": "positive_resistance",
  "occluded_selective_aurc": 0.12223052978515625,
  "occluded_uncertainty_mean": 5.155356407165527,
  "platform": "Linux-5.4.0-216-generic-x86_64-with-glibc2.31",
  "pooled_resistance_noise_corr": NaN,
  "pooled_resistance_occlusion_corr": NaN,
  "python_version": "3.10.20",
  "reason": "",
  "run_dir": "reports/uncertainty_remote_20260424_175558/runs/20260424_095543_uncertainty_synthetic_shape_eml_no_ambiguity_seed1",
  "run_id": "uncertainty_synthetic_shape_eml_no_ambiguity_seed1",
  "seed": 1,
  "status": "COMPLETED",
  "steps_run": 200,
  "task_name": "image_uncertainty_selective_classification",
  "test_size": 1024,
  "timestamp": "2026-04-24T09:55:47Z",
  "torch_version": "2.7.1+cu118",
  "torchvision_version": "0.22.1+cu118",
  "total_train_time_sec": 3.471862316131592,
  "train_size": 4096,
  "trainable_params": 18002
}