{
  "batch_size": 64,
  "best_metric": 0.51171875,
  "best_step": 175,
  "clean_accuracy": 0.4544270932674408,
  "clean_brier": 0.6962621808052063,
  "clean_confidence_mean": 0.36716246604919434,
  "clean_ece": 0.09590179473161697,
  "clean_nll": 1.5375336408615112,
  "clean_risk_at_100_coverage": 0.5455728769302368,
  "clean_risk_at_50_coverage": 0.4322916865348816,
  "clean_risk_at_70_coverage": 0.4869888424873352,
  "clean_risk_at_80_coverage": 0.5040650367736816,
  "clean_risk_at_90_coverage": 0.5202312469482422,
  "clean_score_name": "one_minus_confidence",
  "clean_selective_aurc": 0.4056893289089203,
  "clean_uncertainty_mean": 0.6328375339508057,
  "clean_vs_noisy_auroc": 0.5896695256233215,
  "clean_vs_occluded_auroc": 0.5662269592285156,
  "condition_metrics_path": "reports/uncertainty_remote_20260424_175558/runs/20260424_095627_uncertainty_cifar10_linear_seed0/uncertainty_eval.pt",
  "cuda_available": true,
  "dataset_name": "cifar10",
  "device": "cuda",
  "early_stop_patience": 4,
  "early_stop_triggered": false,
  "experiment_type": "frozen_features_uncertainty",
  "feature_dim": 64,
  "final_metric": 0.4544270932674408,
  "final_train_loss": 1.3698668479919434,
  "git_commit": "unknown",
  "hostname": "user-NF5468M6",
  "metrics_json": "{\"best_metric\": 0.51171875, \"best_step\": 175, \"clean_accuracy\": 0.4544270932674408, \"clean_brier\": 0.6962621808052063, \"clean_confidence_mean\": 0.36716246604919434, \"clean_ece\": 0.09590179473161697, \"clean_nll\": 1.5375336408615112, \"clean_risk_at_100_coverage\": 0.5455728769302368, \"clean_risk_at_50_coverage\": 0.4322916865348816, \"clean_risk_at_70_coverage\": 0.4869888424873352, \"clean_risk_at_80_coverage\": 0.5040650367736816, \"clean_risk_at_90_coverage\": 0.5202312469482422, \"clean_score_name\": \"one_minus_confidence\", \"clean_selective_aurc\": 0.4056893289089203, \"clean_uncertainty_mean\": 0.6328375339508057, \"clean_vs_noisy_auroc\": 0.5896695256233215, \"clean_vs_occluded_auroc\": 0.5662269592285156, \"condition_metrics_path\": \"reports/uncertainty_remote_20260424_175558/runs/20260424_095627_uncertainty_cifar10_linear_seed0/uncertainty_eval.pt\", \"early_stop_patience\": 4, \"early_stop_triggered\": false, \"final_metric\": 0.4544270932674408, \"final_train_loss\": 1.3698668479919434, \"noisy_accuracy\": 0.4208984375, \"noisy_brier\": 0.7224959135055542, \"noisy_confidence_mean\": 0.33792421221733093, \"noisy_ece\": 0.09219922125339508, \"noisy_nll\": 1.624528408050537, \"noisy_risk_at_100_coverage\": 0.5791015625, \"noisy_risk_at_50_coverage\": 0.42578125, \"noisy_risk_at_70_coverage\": 0.49372386932373047, \"noisy_risk_at_80_coverage\": 0.5268292427062988, \"noisy_risk_at_90_coverage\": 0.5563991069793701, \"noisy_score_name\": \"one_minus_confidence\", \"noisy_selective_aurc\": 0.4064273238182068, \"noisy_uncertainty_mean\": 0.6620757579803467, \"occluded_accuracy\": 0.4375, \"occluded_brier\": 0.7228220701217651, \"occluded_confidence_mean\": 0.345456063747406, \"occluded_ece\": 0.09204395115375519, \"occluded_nll\": 1.6310683488845825, \"occluded_risk_at_100_coverage\": 0.5625, \"occluded_risk_at_50_coverage\": 0.46875, \"occluded_risk_at_70_coverage\": 0.5090655088424683, \"occluded_risk_at_80_coverage\": 0.5231707096099854, \"occluded_risk_at_90_coverage\": 0.5390455722808838, \"occluded_score_name\": \"one_minus_confidence\", \"occluded_selective_aurc\": 0.4303225576877594, \"occluded_uncertainty_mean\": 0.654543936252594, \"steps_run\": 250, \"total_train_time_sec\": 1.4914233684539795}",
  "mode": "uncertainty_benchmark",
  "model_class": "LinearHead",
  "model_name": "linear",
  "noisy_accuracy": 0.4208984375,
  "noisy_brier": 0.7224959135055542,
  "noisy_confidence_mean": 0.33792421221733093,
  "noisy_ece": 0.09219922125339508,
  "noisy_nll": 1.624528408050537,
  "noisy_risk_at_100_coverage": 0.5791015625,
  "noisy_risk_at_50_coverage": 0.42578125,
  "noisy_risk_at_70_coverage": 0.49372386932373047,
  "noisy_risk_at_80_coverage": 0.5268292427062988,
  "noisy_risk_at_90_coverage": 0.5563991069793701,
  "noisy_score_name": "one_minus_confidence",
  "noisy_selective_aurc": 0.4064273238182068,
  "noisy_uncertainty_mean": 0.6620757579803467,
  "num_classes": 10,
  "num_params": 650,
  "num_workers": 0,
  "occluded_accuracy": 0.4375,
  "occluded_brier": 0.7228220701217651,
  "occluded_confidence_mean": 0.345456063747406,
  "occluded_ece": 0.09204395115375519,
  "occluded_nll": 1.6310683488845825,
  "occluded_risk_at_100_coverage": 0.5625,
  "occluded_risk_at_50_coverage": 0.46875,
  "occluded_risk_at_70_coverage": 0.5090655088424683,
  "occluded_risk_at_80_coverage": 0.5231707096099854,
  "occluded_risk_at_90_coverage": 0.5390455722808838,
  "occluded_score_name": "one_minus_confidence",
  "occluded_selective_aurc": 0.4303225576877594,
  "occluded_uncertainty_mean": 0.654543936252594,
  "platform": "Linux-5.4.0-216-generic-x86_64-with-glibc2.31",
  "python_version": "3.10.20",
  "reason": "",
  "run_dir": "reports/uncertainty_remote_20260424_175558/runs/20260424_095627_uncertainty_cifar10_linear_seed0",
  "run_id": "uncertainty_cifar10_linear_seed0",
  "seed": 0,
  "status": "COMPLETED",
  "steps_run": 250,
  "task_name": "image_uncertainty_selective_classification",
  "test_size": 1024,
  "timestamp": "2026-04-24T09:56:28Z",
  "torch_version": "2.7.1+cu118",
  "torchvision_version": "0.22.1+cu118",
  "total_train_time_sec": 1.4914233684539795,
  "train_size": 4096,
  "trainable_params": 650
}