{
  "batch_size": 64,
  "best_metric": 0.521484375,
  "best_step": 200,
  "best_val_accuracy": 0.521484375,
  "cuda_available": true,
  "dataset_name": "cifar10",
  "device": "cuda",
  "early_stop_triggered": false,
  "experiment_type": "frozen_features",
  "feature_dim": 64,
  "features_dir": "reports/head_ablation/features/cifar10_medium_seed1",
  "final_metric": 0.498046875,
  "final_train_accuracy": 0.625,
  "final_train_loss": 1.1976855993270874,
  "git_commit": "unknown",
  "hostname": "user-NF5468M6",
  "lr": 0.001,
  "metrics_json": "{\"best_metric\": 0.521484375, \"best_step\": 200, \"best_val_accuracy\": 0.521484375, \"early_stop_triggered\": false, \"final_metric\": 0.498046875, \"final_train_accuracy\": 0.625, \"final_train_loss\": 1.1976855993270874, \"steps_run\": 300, \"test_accuracy\": 0.498046875, \"test_ambiguity_mean\": 2.475247859954834, \"test_brier\": 0.6516904234886169, \"test_class_resistance_mean\": 0.19707012176513672, \"test_conflict_resistance_corr\": NaN, \"test_ece\": 0.10029581934213638, \"test_hard_negative_drive_mean\": 5.824348449707031, \"test_hard_negative_logit_mean\": 1.955245018005371, \"test_hard_negative_resistance_mean\": 2.519726037979126, \"test_loss\": 1.4785418510437012, \"test_margin_mean\": -0.15997937321662903, \"test_nll\": 1.4785418510437012, \"test_positive_drive_mean\": 5.70237922668457, \"test_positive_logit_mean\": 1.7952656745910645, \"test_positive_resistance_mean\": 2.4212987422943115, \"test_precision_mean\": NaN, \"test_resistance_noise_corr\": NaN, \"test_resistance_occlusion_corr\": NaN, \"test_sample_uncertainty_mean\": 0.00011833866301458329, \"test_support_evidence_corr\": NaN, \"test_update_gate_mean\": NaN, \"total_train_time_sec\": 6.3344762325286865, \"val_accuracy\": 0.513671875, \"val_ambiguity_mean\": 2.475083351135254, \"val_brier\": 0.6200791001319885, \"val_class_resistance_mean\": 0.19707012176513672, \"val_conflict_resistance_corr\": NaN, \"val_ece\": 0.10545359551906586, \"val_hard_negative_drive_mean\": 5.6944990158081055, \"val_hard_negative_logit_mean\": 1.9436250925064087, \"val_hard_negative_resistance_mean\": 2.5333354473114014, \"val_loss\": 1.3973954916000366, \"val_margin_mean\": -0.05164273828268051, \"val_nll\": 1.3973954916000366, \"val_positive_drive_mean\": 5.908188343048096, \"val_positive_logit_mean\": 1.8919824361801147, \"val_positive_resistance_mean\": 2.3909733295440674, \"val_precision_mean\": NaN, \"val_resistance_noise_corr\": NaN, \"val_resistance_occlusion_corr\": NaN, \"val_sample_uncertainty_mean\": 0.00012109162344131619, \"val_support_evidence_corr\": NaN, \"val_update_gate_mean\": NaN}",
  "mode": "head_ablation",
  "model_class": "EMLPrototypeHeadRawAmbiguity",
  "model_name": "eml_raw_ambiguity",
  "num_classes": 10,
  "num_params": 18977,
  "pairwise_margin": 0.0,
  "pairwise_weight": 0.0,
  "platform": "Linux-5.4.0-216-generic-x86_64-with-glibc2.31",
  "python_version": "3.10.20",
  "reason": "",
  "run_dir": "reports/merc_head_ablation/runs/20260425_030340_frozen_cifar10_eml_raw_ambiguity_seed1",
  "run_id": "frozen_cifar10_eml_raw_ambiguity_seed1",
  "seed": 1,
  "status": "COMPLETED",
  "steps": 300,
  "steps_run": 300,
  "task_name": "image_classification",
  "test_accuracy": 0.498046875,
  "test_ambiguity_mean": 2.475247859954834,
  "test_brier": 0.6516904234886169,
  "test_class_resistance_mean": 0.19707012176513672,
  "test_conflict_resistance_corr": NaN,
  "test_ece": 0.10029581934213638,
  "test_hard_negative_drive_mean": 5.824348449707031,
  "test_hard_negative_logit_mean": 1.955245018005371,
  "test_hard_negative_resistance_mean": 2.519726037979126,
  "test_loss": 1.4785418510437012,
  "test_margin_mean": -0.15997937321662903,
  "test_nll": 1.4785418510437012,
  "test_positive_drive_mean": 5.70237922668457,
  "test_positive_logit_mean": 1.7952656745910645,
  "test_positive_resistance_mean": 2.4212987422943115,
  "test_precision_mean": NaN,
  "test_resistance_noise_corr": NaN,
  "test_resistance_occlusion_corr": NaN,
  "test_sample_uncertainty_mean": 0.00011833866301458329,
  "test_support_evidence_corr": NaN,
  "test_update_gate_mean": NaN,
  "timestamp": "2026-04-25T03:03:46Z",
  "torch_version": "2.7.1+cu118",
  "torchvision_version": "0.22.1+cu118",
  "total_train_time_sec": 6.3344762325286865,
  "trainable_params": 18977,
  "val_accuracy": 0.513671875,
  "val_ambiguity_mean": 2.475083351135254,
  "val_brier": 0.6200791001319885,
  "val_class_resistance_mean": 0.19707012176513672,
  "val_conflict_resistance_corr": NaN,
  "val_ece": 0.10545359551906586,
  "val_hard_negative_drive_mean": 5.6944990158081055,
  "val_hard_negative_logit_mean": 1.9436250925064087,
  "val_hard_negative_resistance_mean": 2.5333354473114014,
  "val_loss": 1.3973954916000366,
  "val_margin_mean": -0.05164273828268051,
  "val_nll": 1.3973954916000366,
  "val_positive_drive_mean": 5.908188343048096,
  "val_positive_logit_mean": 1.8919824361801147,
  "val_positive_resistance_mean": 2.3909733295440674,
  "val_precision_mean": NaN,
  "val_resistance_noise_corr": NaN,
  "val_resistance_occlusion_corr": NaN,
  "val_sample_uncertainty_mean": 0.00012109162344131619,
  "val_support_evidence_corr": NaN,
  "val_update_gate_mean": NaN
}