{
  "backbone_steps": 300,
  "batch_size": 64,
  "best_metric": 0.46484375,
  "best_step": 150,
  "clean_accuracy": 0.4192708432674408,
  "clean_brier": 0.7294626235961914,
  "clean_confidence_mean": 0.33345770835876465,
  "clean_ece": 0.08614585548639297,
  "clean_nll": 1.6423717737197876,
  "clean_positive_resistance_mean": 0.11056703329086304,
  "clean_resistance_noise_corr": NaN,
  "clean_resistance_occlusion_corr": NaN,
  "clean_risk_at_100_coverage": 0.5807291269302368,
  "clean_risk_at_50_coverage": 0.421875,
  "clean_risk_at_70_coverage": 0.5092936754226685,
  "clean_risk_at_80_coverage": 0.5235772132873535,
  "clean_risk_at_90_coverage": 0.5390173196792603,
  "clean_score_name": "positive_resistance",
  "clean_selective_aurc": 0.39946767687797546,
  "clean_uncertainty_mean": 0.11056703329086304,
  "clean_vs_noisy_auroc": 0.653167724609375,
  "clean_vs_occluded_auroc": 0.5654703974723816,
  "condition_metrics_path": "reports/pluggable_uncertainty_real_20260427/runs/20260427_032527_uncertainty_cifar10_eml_supervised_resistance_seed0/uncertainty_eval.pt",
  "cuda_available": true,
  "dataset_name": "cifar10",
  "device": "cuda",
  "early_stop_min_evals": 2,
  "early_stop_patience": 4,
  "early_stop_triggered": true,
  "eval_interval": 25,
  "experiment_type": "frozen_features_uncertainty",
  "feature_dim": 64,
  "final_metric": 0.4192708432674408,
  "final_train_loss": 1.616914987564087,
  "git_commit": "0c0b3db",
  "head_steps": 1200,
  "hostname": "user-NF5468M6",
  "metrics_json": "{\"best_metric\": 0.46484375, \"best_step\": 150, \"clean_accuracy\": 0.4192708432674408, \"clean_brier\": 0.7294626235961914, \"clean_confidence_mean\": 0.33345770835876465, \"clean_ece\": 0.08614585548639297, \"clean_nll\": 1.6423717737197876, \"clean_positive_resistance_mean\": 0.11056703329086304, \"clean_resistance_noise_corr\": NaN, \"clean_resistance_occlusion_corr\": NaN, \"clean_risk_at_100_coverage\": 0.5807291269302368, \"clean_risk_at_50_coverage\": 0.421875, \"clean_risk_at_70_coverage\": 0.5092936754226685, \"clean_risk_at_80_coverage\": 0.5235772132873535, \"clean_risk_at_90_coverage\": 0.5390173196792603, \"clean_score_name\": \"positive_resistance\", \"clean_selective_aurc\": 0.39946767687797546, \"clean_uncertainty_mean\": 0.11056703329086304, \"clean_vs_noisy_auroc\": 0.653167724609375, \"clean_vs_occluded_auroc\": 0.5654703974723816, \"condition_metrics_path\": \"reports/pluggable_uncertainty_real_20260427/runs/20260427_032527_uncertainty_cifar10_eml_supervised_resistance_seed0/uncertainty_eval.pt\", \"early_stop_patience\": 4, \"early_stop_triggered\": true, \"final_metric\": 0.4192708432674408, \"final_train_loss\": 1.616914987564087, \"noisy_accuracy\": 0.3447265625, \"noisy_brier\": 0.7466883659362793, \"noisy_confidence_mean\": 0.3347666263580322, \"noisy_ece\": 0.023807784542441368, \"noisy_nll\": 1.7063512802124023, \"noisy_positive_resistance_mean\": 0.21429350972175598, \"noisy_resistance_noise_corr\": NaN, \"noisy_resistance_occlusion_corr\": NaN, \"noisy_risk_at_100_coverage\": 0.6552734375, \"noisy_risk_at_50_coverage\": 0.474609375, \"noisy_risk_at_70_coverage\": 0.525801956653595, \"noisy_risk_at_80_coverage\": 0.5719512104988098, \"noisy_risk_at_90_coverage\": 0.6171366572380066, \"noisy_score_name\": \"positive_resistance\", \"noisy_selective_aurc\": 0.46539485454559326, \"noisy_uncertainty_mean\": 0.21429350972175598, \"occluded_accuracy\": 0.390625, \"occluded_brier\": 0.7461146712303162, \"occluded_confidence_mean\": 0.33359238505363464, \"occluded_ece\": 0.061202019453048706, \"occluded_nll\": 1.716068983078003, \"occluded_positive_resistance_mean\": 0.1535114198923111, \"occluded_resistance_noise_corr\": NaN, \"occluded_resistance_occlusion_corr\": NaN, \"occluded_risk_at_100_coverage\": 0.609375, \"occluded_risk_at_50_coverage\": 0.46875, \"occluded_risk_at_70_coverage\": 0.5299860239028931, \"occluded_risk_at_80_coverage\": 0.5451219081878662, \"occluded_risk_at_90_coverage\": 0.5694143176078796, \"occluded_score_name\": \"positive_resistance\", \"occluded_selective_aurc\": 0.44670534133911133, \"occluded_uncertainty_mean\": 0.1535114198923111, \"pooled_resistance_noise_corr\": 0.2035868614912033, \"pooled_resistance_occlusion_corr\": -0.04197847843170166, \"steps_run\": 250, \"total_train_time_sec\": 13.288071155548096}",
  "mode": "uncertainty_benchmark",
  "model_class": "EMLPrototypeHeadSupervisedResistance",
  "model_name": "eml_supervised_resistance",
  "noisy_accuracy": 0.3447265625,
  "noisy_brier": 0.7466883659362793,
  "noisy_confidence_mean": 0.3347666263580322,
  "noisy_ece": 0.023807784542441368,
  "noisy_nll": 1.7063512802124023,
  "noisy_positive_resistance_mean": 0.21429350972175598,
  "noisy_resistance_noise_corr": NaN,
  "noisy_resistance_occlusion_corr": NaN,
  "noisy_risk_at_100_coverage": 0.6552734375,
  "noisy_risk_at_50_coverage": 0.474609375,
  "noisy_risk_at_70_coverage": 0.525801956653595,
  "noisy_risk_at_80_coverage": 0.5719512104988098,
  "noisy_risk_at_90_coverage": 0.6171366572380066,
  "noisy_score_name": "positive_resistance",
  "noisy_selective_aurc": 0.46539485454559326,
  "noisy_uncertainty_mean": 0.21429350972175598,
  "num_classes": 10,
  "num_params": 18977,
  "num_workers": 0,
  "occluded_accuracy": 0.390625,
  "occluded_brier": 0.7461146712303162,
  "occluded_confidence_mean": 0.33359238505363464,
  "occluded_ece": 0.061202019453048706,
  "occluded_nll": 1.716068983078003,
  "occluded_positive_resistance_mean": 0.1535114198923111,
  "occluded_resistance_noise_corr": NaN,
  "occluded_resistance_occlusion_corr": NaN,
  "occluded_risk_at_100_coverage": 0.609375,
  "occluded_risk_at_50_coverage": 0.46875,
  "occluded_risk_at_70_coverage": 0.5299860239028931,
  "occluded_risk_at_80_coverage": 0.5451219081878662,
  "occluded_risk_at_90_coverage": 0.5694143176078796,
  "occluded_score_name": "positive_resistance",
  "occluded_selective_aurc": 0.44670534133911133,
  "occluded_uncertainty_mean": 0.1535114198923111,
  "platform": "Linux-5.4.0-216-generic-x86_64-with-glibc2.31",
  "pooled_resistance_noise_corr": 0.2035868614912033,
  "pooled_resistance_occlusion_corr": -0.04197847843170166,
  "python_version": "3.10.20",
  "reason": "",
  "run_dir": "reports/pluggable_uncertainty_real_20260427/runs/20260427_032527_uncertainty_cifar10_eml_supervised_resistance_seed0",
  "run_id": "uncertainty_cifar10_eml_supervised_resistance_seed0",
  "seed": 0,
  "selected_heads": [
    "linear",
    "mlp",
    "cosine_prototype",
    "eml_no_ambiguity",
    "eml_centered_ambiguity",
    "eml_supervised_resistance",
    "merc_linear",
    "merc_energy"
  ],
  "status": "COMPLETED",
  "steps_run": 250,
  "task_name": "image_uncertainty_selective_classification",
  "test_size": 1024,
  "timestamp": "2026-04-27T03:25:40Z",
  "torch_version": "2.7.1+cu118",
  "torchvision_version": "0.22.1+cu118",
  "total_train_time_sec": 13.288071155548096,
  "train_size": 4096,
  "trainable_params": 18977
}