{
  "batch_size": 64,
  "best_metric": 0.984375,
  "best_step": 100,
  "clean_accuracy": 0.9973958134651184,
  "clean_brier": 0.003982895519584417,
  "clean_confidence_mean": 0.9937047958374023,
  "clean_ece": 0.005434834398329258,
  "clean_nll": 0.01270995382219553,
  "clean_risk_at_100_coverage": 0.002604186534881592,
  "clean_risk_at_50_coverage": 0.0,
  "clean_risk_at_70_coverage": 0.0,
  "clean_risk_at_80_coverage": 0.0,
  "clean_risk_at_90_coverage": 0.0,
  "clean_score_name": "one_minus_confidence",
  "clean_selective_aurc": 2.6041840101242997e-05,
  "clean_uncertainty_mean": 0.006295181345194578,
  "clean_vs_noisy_auroc": 0.5635948181152344,
  "clean_vs_occluded_auroc": 0.6247367858886719,
  "condition_metrics_path": "reports/uncertainty_resistance_true_20260427/runs/20260427_015510_uncertainty_synthetic_shape_mlp_seed2/uncertainty_eval.pt",
  "cuda_available": true,
  "dataset_name": "synthetic_shape",
  "device": "cuda",
  "early_stop_patience": 4,
  "early_stop_triggered": true,
  "experiment_type": "frozen_features_uncertainty",
  "feature_dim": 64,
  "final_metric": 0.9973958134651184,
  "final_train_loss": 0.025352388620376587,
  "git_commit": "0c0b3db",
  "hostname": "user-NF5468M6",
  "metrics_json": "{\"best_metric\": 0.984375, \"best_step\": 100, \"clean_accuracy\": 0.9973958134651184, \"clean_brier\": 0.003982895519584417, \"clean_confidence_mean\": 0.9937047958374023, \"clean_ece\": 0.005434834398329258, \"clean_nll\": 0.01270995382219553, \"clean_risk_at_100_coverage\": 0.002604186534881592, \"clean_risk_at_50_coverage\": 0.0, \"clean_risk_at_70_coverage\": 0.0, \"clean_risk_at_80_coverage\": 0.0, \"clean_risk_at_90_coverage\": 0.0, \"clean_score_name\": \"one_minus_confidence\", \"clean_selective_aurc\": 2.6041840101242997e-05, \"clean_uncertainty_mean\": 0.006295181345194578, \"clean_vs_noisy_auroc\": 0.5635948181152344, \"clean_vs_occluded_auroc\": 0.6247367858886719, \"condition_metrics_path\": \"reports/uncertainty_resistance_true_20260427/runs/20260427_015510_uncertainty_synthetic_shape_mlp_seed2/uncertainty_eval.pt\", \"early_stop_patience\": 4, \"early_stop_triggered\": true, \"final_metric\": 0.9973958134651184, \"final_train_loss\": 0.025352388620376587, \"noisy_accuracy\": 0.966796875, \"noisy_brier\": 0.04833970218896866, \"noisy_confidence_mean\": 0.9783267974853516, \"noisy_ece\": 0.01351566519588232, \"noisy_nll\": 0.09288851171731949, \"noisy_risk_at_100_coverage\": 0.033203125, \"noisy_risk_at_50_coverage\": 0.001953125, \"noisy_risk_at_70_coverage\": 0.0027893781661987305, \"noisy_risk_at_80_coverage\": 0.0024390220642089844, \"noisy_risk_at_90_coverage\": 0.002169191837310791, \"noisy_score_name\": \"one_minus_confidence\", \"noisy_selective_aurc\": 0.0022493205033242702, \"noisy_uncertainty_mean\": 0.0216731708496809, \"occluded_accuracy\": 0.9130859375, \"occluded_brier\": 0.11987514793872833, \"occluded_confidence_mean\": 0.9300320148468018, \"occluded_ece\": 0.026648035272955894, \"occluded_nll\": 0.2621667683124542, \"occluded_risk_at_100_coverage\": 0.0869140625, \"occluded_risk_at_50_coverage\": 0.01171875, \"occluded_risk_at_70_coverage\": 0.011157572269439697, \"occluded_risk_at_80_coverage\": 0.009756088256835938, \"occluded_risk_at_90_coverage\": 0.029284179210662842, \"occluded_score_name\": \"one_minus_confidence\", \"occluded_selective_aurc\": 0.012735346332192421, \"occluded_uncertainty_mean\": 0.06996795535087585, \"steps_run\": 200, \"total_train_time_sec\": 3.6811792850494385}",
  "mode": "uncertainty_benchmark",
  "model_class": "MLPHead",
  "model_name": "mlp",
  "noisy_accuracy": 0.966796875,
  "noisy_brier": 0.04833970218896866,
  "noisy_confidence_mean": 0.9783267974853516,
  "noisy_ece": 0.01351566519588232,
  "noisy_nll": 0.09288851171731949,
  "noisy_risk_at_100_coverage": 0.033203125,
  "noisy_risk_at_50_coverage": 0.001953125,
  "noisy_risk_at_70_coverage": 0.0027893781661987305,
  "noisy_risk_at_80_coverage": 0.0024390220642089844,
  "noisy_risk_at_90_coverage": 0.002169191837310791,
  "noisy_score_name": "one_minus_confidence",
  "noisy_selective_aurc": 0.0022493205033242702,
  "noisy_uncertainty_mean": 0.0216731708496809,
  "num_classes": 5,
  "num_params": 9093,
  "num_workers": 0,
  "occluded_accuracy": 0.9130859375,
  "occluded_brier": 0.11987514793872833,
  "occluded_confidence_mean": 0.9300320148468018,
  "occluded_ece": 0.026648035272955894,
  "occluded_nll": 0.2621667683124542,
  "occluded_risk_at_100_coverage": 0.0869140625,
  "occluded_risk_at_50_coverage": 0.01171875,
  "occluded_risk_at_70_coverage": 0.011157572269439697,
  "occluded_risk_at_80_coverage": 0.009756088256835938,
  "occluded_risk_at_90_coverage": 0.029284179210662842,
  "occluded_score_name": "one_minus_confidence",
  "occluded_selective_aurc": 0.012735346332192421,
  "occluded_uncertainty_mean": 0.06996795535087585,
  "platform": "Linux-5.4.0-216-generic-x86_64-with-glibc2.31",
  "python_version": "3.10.20",
  "reason": "",
  "run_dir": "reports/uncertainty_resistance_true_20260427/runs/20260427_015510_uncertainty_synthetic_shape_mlp_seed2",
  "run_id": "uncertainty_synthetic_shape_mlp_seed2",
  "seed": 2,
  "status": "COMPLETED",
  "steps_run": 200,
  "task_name": "image_uncertainty_selective_classification",
  "test_size": 1024,
  "timestamp": "2026-04-27T01:55:14Z",
  "torch_version": "2.7.1+cu118",
  "torchvision_version": "0.22.1+cu118",
  "total_train_time_sec": 3.6811792850494385,
  "train_size": 4096,
  "trainable_params": 9093
}