{
  "backbone_steps": 300,
  "batch_size": 64,
  "best_metric": 0.5,
  "best_step": 150,
  "clean_accuracy": 0.51171875,
  "clean_brier": 0.6534400582313538,
  "clean_confidence_mean": 0.37497079372406006,
  "clean_ece": 0.1397085338830948,
  "clean_nll": 1.4318528175354004,
  "clean_risk_at_100_coverage": 0.48828125,
  "clean_risk_at_50_coverage": 0.3177083134651184,
  "clean_risk_at_70_coverage": 0.38661712408065796,
  "clean_risk_at_80_coverage": 0.4178861975669861,
  "clean_risk_at_90_coverage": 0.4595375657081604,
  "clean_score_name": "one_minus_confidence",
  "clean_selective_aurc": 0.3044423758983612,
  "clean_uncertainty_mean": 0.6250292062759399,
  "clean_vs_noisy_auroc": 0.5668220520019531,
  "clean_vs_occluded_auroc": 0.5034968256950378,
  "condition_metrics_path": "reports/pluggable_uncertainty_real_20260427/runs/20260427_033130_uncertainty_cifar10_cosine_prototype_seed2/uncertainty_eval.pt",
  "cuda_available": true,
  "dataset_name": "cifar10",
  "device": "cuda",
  "early_stop_min_evals": 2,
  "early_stop_patience": 4,
  "early_stop_triggered": true,
  "eval_interval": 25,
  "experiment_type": "frozen_features_uncertainty",
  "feature_dim": 64,
  "final_metric": 0.51171875,
  "final_train_loss": 1.5576823949813843,
  "git_commit": "0c0b3db",
  "head_steps": 1200,
  "hostname": "user-NF5468M6",
  "metrics_json": "{\"best_metric\": 0.5, \"best_step\": 150, \"clean_accuracy\": 0.51171875, \"clean_brier\": 0.6534400582313538, \"clean_confidence_mean\": 0.37497079372406006, \"clean_ece\": 0.1397085338830948, \"clean_nll\": 1.4318528175354004, \"clean_risk_at_100_coverage\": 0.48828125, \"clean_risk_at_50_coverage\": 0.3177083134651184, \"clean_risk_at_70_coverage\": 0.38661712408065796, \"clean_risk_at_80_coverage\": 0.4178861975669861, \"clean_risk_at_90_coverage\": 0.4595375657081604, \"clean_score_name\": \"one_minus_confidence\", \"clean_selective_aurc\": 0.3044423758983612, \"clean_uncertainty_mean\": 0.6250292062759399, \"clean_vs_noisy_auroc\": 0.5668220520019531, \"clean_vs_occluded_auroc\": 0.5034968256950378, \"condition_metrics_path\": \"reports/pluggable_uncertainty_real_20260427/runs/20260427_033130_uncertainty_cifar10_cosine_prototype_seed2/uncertainty_eval.pt\", \"early_stop_patience\": 4, \"early_stop_triggered\": true, \"final_metric\": 0.51171875, \"final_train_loss\": 1.5576823949813843, \"noisy_accuracy\": 0.3974609375, \"noisy_brier\": 0.7307412028312683, \"noisy_confidence_mean\": 0.345655620098114, \"noisy_ece\": 0.05180530250072479, \"noisy_nll\": 1.651842713356018, \"noisy_risk_at_100_coverage\": 0.6025390625, \"noisy_risk_at_50_coverage\": 0.474609375, \"noisy_risk_at_70_coverage\": 0.5411436557769775, \"noisy_risk_at_80_coverage\": 0.5621951222419739, \"noisy_risk_at_90_coverage\": 0.5878524780273438, \"noisy_score_name\": \"one_minus_confidence\", \"noisy_selective_aurc\": 0.44052720069885254, \"noisy_uncertainty_mean\": 0.6543443202972412, \"occluded_accuracy\": 0.4462890625, \"occluded_brier\": 0.6919221878051758, \"occluded_confidence_mean\": 0.37183451652526855, \"occluded_ece\": 0.07825467735528946, \"occluded_nll\": 1.5340116024017334, \"occluded_risk_at_100_coverage\": 0.5537109375, \"occluded_risk_at_50_coverage\": 0.4296875, \"occluded_risk_at_70_coverage\": 0.47419804334640503, \"occluded_risk_at_80_coverage\": 0.502439022064209, \"occluded_risk_at_90_coverage\": 0.527114987373352, \"occluded_score_name\": \"one_minus_confidence\", \"occluded_selective_aurc\": 0.38772234320640564, \"occluded_uncertainty_mean\": 0.6281654834747314, \"steps_run\": 250, \"total_train_time_sec\": 4.804722547531128}",
  "mode": "uncertainty_benchmark",
  "model_class": "CosinePrototypeHead",
  "model_name": "cosine_prototype",
  "noisy_accuracy": 0.3974609375,
  "noisy_brier": 0.7307412028312683,
  "noisy_confidence_mean": 0.345655620098114,
  "noisy_ece": 0.05180530250072479,
  "noisy_nll": 1.651842713356018,
  "noisy_risk_at_100_coverage": 0.6025390625,
  "noisy_risk_at_50_coverage": 0.474609375,
  "noisy_risk_at_70_coverage": 0.5411436557769775,
  "noisy_risk_at_80_coverage": 0.5621951222419739,
  "noisy_risk_at_90_coverage": 0.5878524780273438,
  "noisy_score_name": "one_minus_confidence",
  "noisy_selective_aurc": 0.44052720069885254,
  "noisy_uncertainty_mean": 0.6543443202972412,
  "num_classes": 10,
  "num_params": 640,
  "num_workers": 0,
  "occluded_accuracy": 0.4462890625,
  "occluded_brier": 0.6919221878051758,
  "occluded_confidence_mean": 0.37183451652526855,
  "occluded_ece": 0.07825467735528946,
  "occluded_nll": 1.5340116024017334,
  "occluded_risk_at_100_coverage": 0.5537109375,
  "occluded_risk_at_50_coverage": 0.4296875,
  "occluded_risk_at_70_coverage": 0.47419804334640503,
  "occluded_risk_at_80_coverage": 0.502439022064209,
  "occluded_risk_at_90_coverage": 0.527114987373352,
  "occluded_score_name": "one_minus_confidence",
  "occluded_selective_aurc": 0.38772234320640564,
  "occluded_uncertainty_mean": 0.6281654834747314,
  "platform": "Linux-5.4.0-216-generic-x86_64-with-glibc2.31",
  "python_version": "3.10.20",
  "reason": "",
  "run_dir": "reports/pluggable_uncertainty_real_20260427/runs/20260427_033130_uncertainty_cifar10_cosine_prototype_seed2",
  "run_id": "uncertainty_cifar10_cosine_prototype_seed2",
  "seed": 2,
  "selected_heads": [
    "linear",
    "mlp",
    "cosine_prototype",
    "eml_no_ambiguity",
    "eml_centered_ambiguity",
    "eml_supervised_resistance",
    "merc_linear",
    "merc_energy"
  ],
  "status": "COMPLETED",
  "steps_run": 250,
  "task_name": "image_uncertainty_selective_classification",
  "test_size": 1024,
  "timestamp": "2026-04-27T03:31:34Z",
  "torch_version": "2.7.1+cu118",
  "torchvision_version": "0.22.1+cu118",
  "total_train_time_sec": 4.804722547531128,
  "train_size": 4096,
  "trainable_params": 640
}