{
  "batch_size": 32,
  "best_metric": 0.1953125,
  "best_step": 10,
  "best_val_accuracy": 0.1953125,
  "cuda_available": false,
  "dataset_name": "synthetic_shape",
  "device": "cpu",
  "early_stop_triggered": true,
  "experiment_type": "end_to_end",
  "feature_dim": 64,
  "final_metric": 0.1953125,
  "final_train_accuracy": 0.21875,
  "final_train_loss": 1.6083444356918335,
  "git_commit": "3d40f93",
  "head_name": "merc_energy",
  "hostname": "BMW-Pro.local",
  "loss_mode": "ce",
  "lr": 0.001,
  "metrics_json": "{\"best_metric\": 0.1953125, \"best_step\": 10, \"best_val_accuracy\": 0.1953125, \"early_stop_triggered\": true, \"final_metric\": 0.1953125, \"final_train_accuracy\": 0.21875, \"final_train_loss\": 1.6083444356918335, \"steps_run\": 30, \"test_accuracy\": 0.1953125, \"test_ambiguity_mean\": NaN, \"test_brier\": 0.7999860048294067, \"test_class_resistance_mean\": NaN, \"test_ece\": 0.014963805675506592, \"test_hard_negative_drive_mean\": 0.14230434596538544, \"test_hard_negative_logit_mean\": -0.015220540575683117, \"test_hard_negative_resistance_mean\": 0.6694503426551819, \"test_loss\": 1.609378695487976, \"test_margin_mean\": -0.04141179472208023, \"test_nll\": 1.609378695487976, \"test_positive_drive_mean\": 0.020988963544368744, \"test_positive_logit_mean\": -0.05663233995437622, \"test_positive_resistance_mean\": 0.6890631914138794, \"test_resistance_noise_corr\": -0.07062351703643799, \"test_resistance_occlusion_corr\": 0.15280383825302124, \"test_sample_uncertainty_mean\": NaN, \"total_train_time_sec\": 6.803821086883545, \"val_accuracy\": 0.1953125, \"val_ambiguity_mean\": NaN, \"val_brier\": 0.8007835745811462, \"val_class_resistance_mean\": NaN, \"val_ece\": 0.014963805675506592, \"val_hard_negative_drive_mean\": 0.14230313897132874, \"val_hard_negative_logit_mean\": -0.015220995992422104, \"val_hard_negative_resistance_mean\": 0.6694502830505371, \"val_loss\": 1.6114082336425781, \"val_margin_mean\": -0.04344097524881363, \"val_nll\": 1.6114082336425781, \"val_positive_drive_mean\": 0.015108638443052769, \"val_positive_logit_mean\": -0.05866197496652603, \"val_positive_resistance_mean\": 0.6903952360153198, \"val_resistance_noise_corr\": 0.08004143834114075, \"val_resistance_occlusion_corr\": -0.057718124240636826, \"val_sample_uncertainty_mean\": NaN}",
  "mode": "head_ablation",
  "model_class": "CNNHeadModel",
  "model_name": "merc_block_energy",
  "num_classes": 5,
  "num_params": 331718,
  "pairwise_margin": 0.0,
  "pairwise_weight": 0.0,
  "platform": "macOS-26.0-arm64-arm-64bit",
  "python_version": "3.12.12",
  "reason": "",
  "run_dir": "reports/merc_block_fix_smoke/runs/20260425_034643_e2e_synthetic_shape_merc_block_energy_ce_seed0",
  "run_id": "e2e_synthetic_shape_merc_block_energy_ce_seed0",
  "seed": 0,
  "status": "COMPLETED",
  "steps": 30,
  "steps_run": 30,
  "task_name": "image_classification",
  "test_accuracy": 0.1953125,
  "test_ambiguity_mean": NaN,
  "test_brier": 0.7999860048294067,
  "test_class_resistance_mean": NaN,
  "test_ece": 0.014963805675506592,
  "test_hard_negative_drive_mean": 0.14230434596538544,
  "test_hard_negative_logit_mean": -0.015220540575683117,
  "test_hard_negative_resistance_mean": 0.6694503426551819,
  "test_loss": 1.609378695487976,
  "test_margin_mean": -0.04141179472208023,
  "test_nll": 1.609378695487976,
  "test_positive_drive_mean": 0.020988963544368744,
  "test_positive_logit_mean": -0.05663233995437622,
  "test_positive_resistance_mean": 0.6890631914138794,
  "test_resistance_noise_corr": -0.07062351703643799,
  "test_resistance_occlusion_corr": 0.15280383825302124,
  "test_sample_uncertainty_mean": NaN,
  "timestamp": "2026-04-25T03:46:50Z",
  "torch_version": "2.10.0",
  "torchvision_version": "unavailable",
  "total_train_time_sec": 6.803821086883545,
  "trainable_params": 331718,
  "use_eml_residual_bank": false,
  "use_merc_block": true,
  "val_accuracy": 0.1953125,
  "val_ambiguity_mean": NaN,
  "val_brier": 0.8007835745811462,
  "val_class_resistance_mean": NaN,
  "val_ece": 0.014963805675506592,
  "val_hard_negative_drive_mean": 0.14230313897132874,
  "val_hard_negative_logit_mean": -0.015220995992422104,
  "val_hard_negative_resistance_mean": 0.6694502830505371,
  "val_loss": 1.6114082336425781,
  "val_margin_mean": -0.04344097524881363,
  "val_nll": 1.6114082336425781,
  "val_positive_drive_mean": 0.015108638443052769,
  "val_positive_logit_mean": -0.05866197496652603,
  "val_positive_resistance_mean": 0.6903952360153198,
  "val_resistance_noise_corr": 0.08004143834114075,
  "val_resistance_occlusion_corr": -0.057718124240636826,
  "val_sample_uncertainty_mean": NaN
}