{
  "batch_size": 32,
  "best_metric": 0.1953125,
  "best_step": 10,
  "best_val_accuracy": 0.1953125,
  "cuda_available": false,
  "dataset_name": "synthetic_shape",
  "device": "cpu",
  "early_stop_triggered": true,
  "experiment_type": "frozen_features",
  "feature_dim": 64,
  "features_dir": "reports/head_ablation/features/synthetic_shape_smoke_seed1",
  "final_metric": 0.203125,
  "final_train_accuracy": 0.21875,
  "final_train_loss": 1.6111609935760498,
  "git_commit": "3d40f93",
  "hostname": "BMW-Pro.local",
  "lr": 0.001,
  "metrics_json": "{\"best_metric\": 0.1953125, \"best_step\": 10, \"best_val_accuracy\": 0.1953125, \"early_stop_triggered\": true, \"final_metric\": 0.203125, \"final_train_accuracy\": 0.21875, \"final_train_loss\": 1.6111609935760498, \"steps_run\": 30, \"test_accuracy\": 0.203125, \"test_ambiguity_mean\": NaN, \"test_brier\": 0.8002599477767944, \"test_class_resistance_mean\": NaN, \"test_conflict_resistance_corr\": NaN, \"test_ece\": 0.021175146102905273, \"test_hard_negative_drive_mean\": 0.31992149353027344, \"test_hard_negative_logit_mean\": 0.06336355209350586, \"test_hard_negative_resistance_mean\": 0.6280533671379089, \"test_loss\": 1.6100844144821167, \"test_margin_mean\": -0.11456525325775146, \"test_nll\": 1.6100844144821167, \"test_positive_drive_mean\": 0.0117972856387496, \"test_positive_logit_mean\": -0.0512017086148262, \"test_positive_resistance_mean\": 0.7044826745986938, \"test_precision_mean\": 0.23307862877845764, \"test_resistance_noise_corr\": -0.00341962743550539, \"test_resistance_occlusion_corr\": 0.13265353441238403, \"test_sample_uncertainty_mean\": NaN, \"test_support_evidence_corr\": NaN, \"test_update_gate_mean\": 0.05482618510723114, \"total_train_time_sec\": 0.2987079620361328, \"val_accuracy\": 0.1875, \"val_ambiguity_mean\": NaN, \"val_brier\": 0.8034094572067261, \"val_class_resistance_mean\": NaN, \"val_conflict_resistance_corr\": NaN, \"val_ece\": 0.0367983877658844, \"val_hard_negative_drive_mean\": 0.32035574316978455, \"val_hard_negative_logit_mean\": 0.06341183930635452, \"val_hard_negative_resistance_mean\": 0.6281127333641052, \"val_loss\": 1.61784029006958, \"val_margin_mean\": -0.12237167358398438, \"val_nll\": 1.61784029006958, \"val_positive_drive_mean\": -0.00809157732874155, \"val_positive_logit_mean\": -0.05895984172821045, \"val_positive_resistance_mean\": 0.7101758718490601, \"val_precision_mean\": 0.23308497667312622, \"val_resistance_noise_corr\": 0.05958928167819977, \"val_resistance_occlusion_corr\": 0.08569608628749847, \"val_sample_uncertainty_mean\": NaN, \"val_support_evidence_corr\": NaN, \"val_update_gate_mean\": 0.05482759326696396}",
  "mode": "head_ablation",
  "model_class": "MERCHeadClassEnergySmall",
  "model_name": "merc_energy_small",
  "num_classes": 5,
  "num_params": 91958,
  "pairwise_margin": 0.0,
  "pairwise_weight": 0.0,
  "platform": "macOS-26.0-arm64-arm-64bit",
  "python_version": "3.12.12",
  "reason": "",
  "run_dir": "reports/head_ablation/runs/20260425_025615_frozen_synthetic_shape_merc_energy_small_seed1",
  "run_id": "frozen_synthetic_shape_merc_energy_small_seed1",
  "seed": 1,
  "status": "COMPLETED",
  "steps": 30,
  "steps_run": 30,
  "task_name": "image_classification",
  "test_accuracy": 0.203125,
  "test_ambiguity_mean": NaN,
  "test_brier": 0.8002599477767944,
  "test_class_resistance_mean": NaN,
  "test_conflict_resistance_corr": NaN,
  "test_ece": 0.021175146102905273,
  "test_hard_negative_drive_mean": 0.31992149353027344,
  "test_hard_negative_logit_mean": 0.06336355209350586,
  "test_hard_negative_resistance_mean": 0.6280533671379089,
  "test_loss": 1.6100844144821167,
  "test_margin_mean": -0.11456525325775146,
  "test_nll": 1.6100844144821167,
  "test_positive_drive_mean": 0.0117972856387496,
  "test_positive_logit_mean": -0.0512017086148262,
  "test_positive_resistance_mean": 0.7044826745986938,
  "test_precision_mean": 0.23307862877845764,
  "test_resistance_noise_corr": -0.00341962743550539,
  "test_resistance_occlusion_corr": 0.13265353441238403,
  "test_sample_uncertainty_mean": NaN,
  "test_support_evidence_corr": NaN,
  "test_update_gate_mean": 0.05482618510723114,
  "timestamp": "2026-04-25T02:56:15Z",
  "torch_version": "2.10.0",
  "torchvision_version": "unavailable",
  "total_train_time_sec": 0.2987079620361328,
  "trainable_params": 91958,
  "val_accuracy": 0.1875,
  "val_ambiguity_mean": NaN,
  "val_brier": 0.8034094572067261,
  "val_class_resistance_mean": NaN,
  "val_conflict_resistance_corr": NaN,
  "val_ece": 0.0367983877658844,
  "val_hard_negative_drive_mean": 0.32035574316978455,
  "val_hard_negative_logit_mean": 0.06341183930635452,
  "val_hard_negative_resistance_mean": 0.6281127333641052,
  "val_loss": 1.61784029006958,
  "val_margin_mean": -0.12237167358398438,
  "val_nll": 1.61784029006958,
  "val_positive_drive_mean": -0.00809157732874155,
  "val_positive_logit_mean": -0.05895984172821045,
  "val_positive_resistance_mean": 0.7101758718490601,
  "val_precision_mean": 0.23308497667312622,
  "val_resistance_noise_corr": 0.05958928167819977,
  "val_resistance_occlusion_corr": 0.08569608628749847,
  "val_sample_uncertainty_mean": NaN,
  "val_support_evidence_corr": NaN,
  "val_update_gate_mean": 0.05482759326696396
}