{
  "batch_size": 64,
  "best_metric": 0.4921875,
  "best_step": 225,
  "clean_accuracy": 0.50390625,
  "clean_brier": 0.6830325722694397,
  "clean_confidence_mean": 0.35997679829597473,
  "clean_ece": 0.15381446480751038,
  "clean_nll": 1.5271848440170288,
  "clean_positive_resistance_mean": 0.7082648277282715,
  "clean_resistance_noise_corr": NaN,
  "clean_resistance_occlusion_corr": NaN,
  "clean_risk_at_100_coverage": 0.49609375,
  "clean_risk_at_50_coverage": 0.1770833134651184,
  "clean_risk_at_70_coverage": 0.3066914677619934,
  "clean_risk_at_80_coverage": 0.3804877996444702,
  "clean_risk_at_90_coverage": 0.4465317726135254,
  "clean_score_name": "positive_resistance",
  "clean_selective_aurc": 0.2006358802318573,
  "clean_uncertainty_mean": 0.7082648277282715,
  "clean_vs_noisy_auroc": 0.570709228515625,
  "clean_vs_occluded_auroc": 0.5398585200309753,
  "condition_metrics_path": "reports/uncertainty_remote_20260424_175558/runs/20260424_095706_uncertainty_cifar10_eml_centered_ambiguity_seed1/uncertainty_eval.pt",
  "cuda_available": true,
  "dataset_name": "cifar10",
  "device": "cuda",
  "early_stop_patience": 4,
  "early_stop_triggered": false,
  "experiment_type": "frozen_features_uncertainty",
  "feature_dim": 64,
  "final_metric": 0.50390625,
  "final_train_loss": 1.4801454544067383,
  "git_commit": "unknown",
  "hostname": "user-NF5468M6",
  "metrics_json": "{\"best_metric\": 0.4921875, \"best_step\": 225, \"clean_accuracy\": 0.50390625, \"clean_brier\": 0.6830325722694397, \"clean_confidence_mean\": 0.35997679829597473, \"clean_ece\": 0.15381446480751038, \"clean_nll\": 1.5271848440170288, \"clean_positive_resistance_mean\": 0.7082648277282715, \"clean_resistance_noise_corr\": NaN, \"clean_resistance_occlusion_corr\": NaN, \"clean_risk_at_100_coverage\": 0.49609375, \"clean_risk_at_50_coverage\": 0.1770833134651184, \"clean_risk_at_70_coverage\": 0.3066914677619934, \"clean_risk_at_80_coverage\": 0.3804877996444702, \"clean_risk_at_90_coverage\": 0.4465317726135254, \"clean_score_name\": \"positive_resistance\", \"clean_selective_aurc\": 0.2006358802318573, \"clean_uncertainty_mean\": 0.7082648277282715, \"clean_vs_noisy_auroc\": 0.570709228515625, \"clean_vs_occluded_auroc\": 0.5398585200309753, \"condition_metrics_path\": \"reports/uncertainty_remote_20260424_175558/runs/20260424_095706_uncertainty_cifar10_eml_centered_ambiguity_seed1/uncertainty_eval.pt\", \"early_stop_patience\": 4, \"early_stop_triggered\": false, \"final_metric\": 0.50390625, \"final_train_loss\": 1.4801454544067383, \"noisy_accuracy\": 0.421875, \"noisy_brier\": 0.7298130393028259, \"noisy_confidence_mean\": 0.34954723715782166, \"noisy_ece\": 0.07731661200523376, \"noisy_nll\": 1.6515307426452637, \"noisy_positive_resistance_mean\": 0.7517483234405518, \"noisy_resistance_noise_corr\": NaN, \"noisy_resistance_occlusion_corr\": NaN, \"noisy_risk_at_100_coverage\": 0.578125, \"noisy_risk_at_50_coverage\": 0.24609375, \"noisy_risk_at_70_coverage\": 0.42398881912231445, \"noisy_risk_at_80_coverage\": 0.4804878234863281, \"noisy_risk_at_90_coverage\": 0.5314533710479736, \"noisy_score_name\": \"positive_resistance\", \"noisy_selective_aurc\": 0.27059146761894226, \"noisy_uncertainty_mean\": 0.7517483234405518, \"occluded_accuracy\": 0.443359375, \"occluded_brier\": 0.7121495604515076, \"occluded_confidence_mean\": 0.36066222190856934, \"occluded_ece\": 0.08775551617145538, \"occluded_nll\": 1.6075891256332397, \"occluded_positive_resistance_mean\": 0.7302628755569458, \"occluded_resistance_noise_corr\": NaN, \"occluded_resistance_occlusion_corr\": NaN, \"occluded_risk_at_100_coverage\": 0.556640625, \"occluded_risk_at_50_coverage\": 0.220703125, \"occluded_risk_at_70_coverage\": 0.3863319158554077, \"occluded_risk_at_80_coverage\": 0.45121949911117554, \"occluded_risk_at_90_coverage\": 0.5075922012329102, \"occluded_score_name\": \"positive_resistance\", \"occluded_selective_aurc\": 0.2462601214647293, \"occluded_uncertainty_mean\": 0.7302628755569458, \"pooled_resistance_noise_corr\": NaN, \"pooled_resistance_occlusion_corr\": NaN, \"steps_run\": 250, \"total_train_time_sec\": 5.333373785018921}",
  "mode": "uncertainty_benchmark",
  "model_class": "EMLPrototypeHeadCenteredAmbiguity",
  "model_name": "eml_centered_ambiguity",
  "noisy_accuracy": 0.421875,
  "noisy_brier": 0.7298130393028259,
  "noisy_confidence_mean": 0.34954723715782166,
  "noisy_ece": 0.07731661200523376,
  "noisy_nll": 1.6515307426452637,
  "noisy_positive_resistance_mean": 0.7517483234405518,
  "noisy_resistance_noise_corr": NaN,
  "noisy_resistance_occlusion_corr": NaN,
  "noisy_risk_at_100_coverage": 0.578125,
  "noisy_risk_at_50_coverage": 0.24609375,
  "noisy_risk_at_70_coverage": 0.42398881912231445,
  "noisy_risk_at_80_coverage": 0.4804878234863281,
  "noisy_risk_at_90_coverage": 0.5314533710479736,
  "noisy_score_name": "positive_resistance",
  "noisy_selective_aurc": 0.27059146761894226,
  "noisy_uncertainty_mean": 0.7517483234405518,
  "num_classes": 10,
  "num_params": 18977,
  "num_workers": 0,
  "occluded_accuracy": 0.443359375,
  "occluded_brier": 0.7121495604515076,
  "occluded_confidence_mean": 0.36066222190856934,
  "occluded_ece": 0.08775551617145538,
  "occluded_nll": 1.6075891256332397,
  "occluded_positive_resistance_mean": 0.7302628755569458,
  "occluded_resistance_noise_corr": NaN,
  "occluded_resistance_occlusion_corr": NaN,
  "occluded_risk_at_100_coverage": 0.556640625,
  "occluded_risk_at_50_coverage": 0.220703125,
  "occluded_risk_at_70_coverage": 0.3863319158554077,
  "occluded_risk_at_80_coverage": 0.45121949911117554,
  "occluded_risk_at_90_coverage": 0.5075922012329102,
  "occluded_score_name": "positive_resistance",
  "occluded_selective_aurc": 0.2462601214647293,
  "occluded_uncertainty_mean": 0.7302628755569458,
  "platform": "Linux-5.4.0-216-generic-x86_64-with-glibc2.31",
  "pooled_resistance_noise_corr": NaN,
  "pooled_resistance_occlusion_corr": NaN,
  "python_version": "3.10.20",
  "reason": "",
  "run_dir": "reports/uncertainty_remote_20260424_175558/runs/20260424_095706_uncertainty_cifar10_eml_centered_ambiguity_seed1",
  "run_id": "uncertainty_cifar10_eml_centered_ambiguity_seed1",
  "seed": 1,
  "status": "COMPLETED",
  "steps_run": 250,
  "task_name": "image_uncertainty_selective_classification",
  "test_size": 1024,
  "timestamp": "2026-04-24T09:57:11Z",
  "torch_version": "2.7.1+cu118",
  "torchvision_version": "0.22.1+cu118",
  "total_train_time_sec": 5.333373785018921,
  "train_size": 4096,
  "trainable_params": 18977
}