{
  "batch_size": 64,
  "best_metric": 0.345703125,
  "best_step": 300,
  "best_val_accuracy": 0.345703125,
  "cuda_available": true,
  "dataset_name": "cifar10",
  "device": "cuda",
  "early_stop_triggered": false,
  "experiment_type": "end_to_end",
  "feature_dim": 64,
  "final_metric": 0.37890625,
  "final_train_accuracy": 0.4375,
  "final_train_loss": 1.565293312072754,
  "git_commit": "unknown",
  "head_name": "eml_no_ambiguity",
  "hostname": "user-NF5468M6",
  "loss_mode": "ce",
  "lr": 0.001,
  "metrics_json": "{\"best_metric\": 0.345703125, \"best_step\": 300, \"best_val_accuracy\": 0.345703125, \"early_stop_triggered\": false, \"final_metric\": 0.37890625, \"final_train_accuracy\": 0.4375, \"final_train_loss\": 1.565293312072754, \"steps_run\": 300, \"test_accuracy\": 0.37890625, \"test_ambiguity_mean\": 0.0, \"test_brier\": 0.742774486541748, \"test_class_resistance_mean\": 0.20165057480335236, \"test_ece\": 0.04251775145530701, \"test_hard_negative_drive_mean\": 6.07541561126709, \"test_hard_negative_logit_mean\": 1.9357407093048096, \"test_hard_negative_resistance_mean\": 21.138608932495117, \"test_loss\": 1.7203280925750732, \"test_margin_mean\": -0.5392452478408813, \"test_nll\": 1.7203280925750732, \"test_positive_drive_mean\": 4.4190673828125, \"test_positive_logit_mean\": 1.3964953422546387, \"test_positive_resistance_mean\": 21.136974334716797, \"test_resistance_noise_corr\": NaN, \"test_resistance_occlusion_corr\": NaN, \"test_sample_uncertainty_mean\": 20.93529510498047, \"total_train_time_sec\": 16.285404443740845, \"val_accuracy\": 0.345703125, \"val_ambiguity_mean\": 0.0, \"val_brier\": 0.7827953100204468, \"val_class_resistance_mean\": 0.20165057480335236, \"val_ece\": 0.04525664821267128, \"val_hard_negative_drive_mean\": 6.2342658042907715, \"val_hard_negative_logit_mean\": 1.9624378681182861, \"val_hard_negative_resistance_mean\": 21.960004806518555, \"val_loss\": 1.8562562465667725, \"val_margin_mean\": -0.6988352537155151, \"val_nll\": 1.8562562465667725, \"val_positive_drive_mean\": 3.964430809020996, \"val_positive_logit_mean\": 1.263602614402771, \"val_positive_resistance_mean\": 21.958209991455078, \"val_resistance_noise_corr\": NaN, \"val_resistance_occlusion_corr\": NaN, \"val_sample_uncertainty_mean\": 21.756507873535156}",
  "mode": "head_ablation",
  "model_class": "CNNHeadModel",
  "model_name": "eml_no_ambiguity",
  "num_classes": 10,
  "num_params": 167233,
  "pairwise_margin": 0.0,
  "pairwise_weight": 0.0,
  "platform": "Linux-5.4.0-216-generic-x86_64-with-glibc2.31",
  "python_version": "3.10.20",
  "reason": "",
  "run_dir": "reports/merc_end_to_end/runs/20260425_030658_e2e_cifar10_eml_no_ambiguity_ce_seed0",
  "run_id": "e2e_cifar10_eml_no_ambiguity_ce_seed0",
  "seed": 0,
  "status": "COMPLETED",
  "steps": 300,
  "steps_run": 300,
  "task_name": "image_classification",
  "test_accuracy": 0.37890625,
  "test_ambiguity_mean": 0.0,
  "test_brier": 0.742774486541748,
  "test_class_resistance_mean": 0.20165057480335236,
  "test_ece": 0.04251775145530701,
  "test_hard_negative_drive_mean": 6.07541561126709,
  "test_hard_negative_logit_mean": 1.9357407093048096,
  "test_hard_negative_resistance_mean": 21.138608932495117,
  "test_loss": 1.7203280925750732,
  "test_margin_mean": -0.5392452478408813,
  "test_nll": 1.7203280925750732,
  "test_positive_drive_mean": 4.4190673828125,
  "test_positive_logit_mean": 1.3964953422546387,
  "test_positive_resistance_mean": 21.136974334716797,
  "test_resistance_noise_corr": NaN,
  "test_resistance_occlusion_corr": NaN,
  "test_sample_uncertainty_mean": 20.93529510498047,
  "timestamp": "2026-04-25T03:07:14Z",
  "torch_version": "2.7.1+cu118",
  "torchvision_version": "0.22.1+cu118",
  "total_train_time_sec": 16.285404443740845,
  "trainable_params": 167233,
  "use_eml_residual_bank": false,
  "use_merc_block": false,
  "val_accuracy": 0.345703125,
  "val_ambiguity_mean": 0.0,
  "val_brier": 0.7827953100204468,
  "val_class_resistance_mean": 0.20165057480335236,
  "val_ece": 0.04525664821267128,
  "val_hard_negative_drive_mean": 6.2342658042907715,
  "val_hard_negative_logit_mean": 1.9624378681182861,
  "val_hard_negative_resistance_mean": 21.960004806518555,
  "val_loss": 1.8562562465667725,
  "val_margin_mean": -0.6988352537155151,
  "val_nll": 1.8562562465667725,
  "val_positive_drive_mean": 3.964430809020996,
  "val_positive_logit_mean": 1.263602614402771,
  "val_positive_resistance_mean": 21.958209991455078,
  "val_resistance_noise_corr": NaN,
  "val_resistance_occlusion_corr": NaN,
  "val_sample_uncertainty_mean": 21.756507873535156
}