{
  "backbone_steps": 300,
  "batch_size": 64,
  "best_metric": 0.4609375,
  "best_step": 50,
  "clean_accuracy": 0.40234375,
  "clean_brier": 0.7579579949378967,
  "clean_confidence_mean": 0.2544853687286377,
  "clean_ece": 0.1478583961725235,
  "clean_nll": 1.7386184930801392,
  "clean_positive_resistance_mean": 0.9044709205627441,
  "clean_resistance_noise_corr": NaN,
  "clean_resistance_occlusion_corr": NaN,
  "clean_risk_at_100_coverage": 0.59765625,
  "clean_risk_at_50_coverage": 0.5442708730697632,
  "clean_risk_at_70_coverage": 0.5855018496513367,
  "clean_risk_at_80_coverage": 0.590243935585022,
  "clean_risk_at_90_coverage": 0.5852601528167725,
  "clean_score_name": "positive_resistance",
  "clean_selective_aurc": 0.5304001569747925,
  "clean_uncertainty_mean": 0.9044709205627441,
  "clean_vs_noisy_auroc": 0.49149832129478455,
  "clean_vs_occluded_auroc": 0.482391357421875,
  "condition_metrics_path": "reports/pluggable_uncertainty_real_20260427/runs/20260427_032842_uncertainty_cifar10_eml_no_ambiguity_seed1/uncertainty_eval.pt",
  "cuda_available": true,
  "dataset_name": "cifar10",
  "device": "cuda",
  "early_stop_min_evals": 2,
  "early_stop_patience": 4,
  "early_stop_triggered": true,
  "eval_interval": 25,
  "experiment_type": "frozen_features_uncertainty",
  "feature_dim": 64,
  "final_metric": 0.40234375,
  "final_train_loss": 1.829013705253601,
  "git_commit": "0c0b3db",
  "head_steps": 1200,
  "hostname": "user-NF5468M6",
  "metrics_json": "{\"best_metric\": 0.4609375, \"best_step\": 50, \"clean_accuracy\": 0.40234375, \"clean_brier\": 0.7579579949378967, \"clean_confidence_mean\": 0.2544853687286377, \"clean_ece\": 0.1478583961725235, \"clean_nll\": 1.7386184930801392, \"clean_positive_resistance_mean\": 0.9044709205627441, \"clean_resistance_noise_corr\": NaN, \"clean_resistance_occlusion_corr\": NaN, \"clean_risk_at_100_coverage\": 0.59765625, \"clean_risk_at_50_coverage\": 0.5442708730697632, \"clean_risk_at_70_coverage\": 0.5855018496513367, \"clean_risk_at_80_coverage\": 0.590243935585022, \"clean_risk_at_90_coverage\": 0.5852601528167725, \"clean_score_name\": \"positive_resistance\", \"clean_selective_aurc\": 0.5304001569747925, \"clean_uncertainty_mean\": 0.9044709205627441, \"clean_vs_noisy_auroc\": 0.49149832129478455, \"clean_vs_occluded_auroc\": 0.482391357421875, \"condition_metrics_path\": \"reports/pluggable_uncertainty_real_20260427/runs/20260427_032842_uncertainty_cifar10_eml_no_ambiguity_seed1/uncertainty_eval.pt\", \"early_stop_patience\": 4, \"early_stop_triggered\": true, \"final_metric\": 0.40234375, \"final_train_loss\": 1.829013705253601, \"noisy_accuracy\": 0.33203125, \"noisy_brier\": 0.7926695346832275, \"noisy_confidence_mean\": 0.25023138523101807, \"noisy_ece\": 0.085187628865242, \"noisy_nll\": 1.8583141565322876, \"noisy_positive_resistance_mean\": 0.9038650393486023, \"noisy_resistance_noise_corr\": NaN, \"noisy_resistance_occlusion_corr\": NaN, \"noisy_risk_at_100_coverage\": 0.66796875, \"noisy_risk_at_50_coverage\": 0.6171875, \"noisy_risk_at_70_coverage\": 0.6401673555374146, \"noisy_risk_at_80_coverage\": 0.6548780202865601, \"noisy_risk_at_90_coverage\": 0.660520613193512, \"noisy_score_name\": \"positive_resistance\", \"noisy_selective_aurc\": 0.5758993625640869, \"noisy_uncertainty_mean\": 0.9038650393486023, \"occluded_accuracy\": 0.3701171875, \"occluded_brier\": 0.7790664434432983, \"occluded_confidence_mean\": 0.25021272897720337, \"occluded_ece\": 0.11990445852279663, \"occluded_nll\": 1.8088748455047607, \"occluded_positive_resistance_mean\": 0.9032604098320007, \"occluded_resistance_noise_corr\": NaN, \"occluded_resistance_occlusion_corr\": NaN, \"occluded_risk_at_100_coverage\": 0.6298828125, \"occluded_risk_at_50_coverage\": 0.5625, \"occluded_risk_at_70_coverage\": 0.5955369472503662, \"occluded_risk_at_80_coverage\": 0.6097561120986938, \"occluded_risk_at_90_coverage\": 0.6160520315170288, \"occluded_score_name\": \"positive_resistance\", \"occluded_selective_aurc\": 0.5574781894683838, \"occluded_uncertainty_mean\": 0.9032604098320007, \"pooled_resistance_noise_corr\": 0.0016788147622719407, \"pooled_resistance_occlusion_corr\": -0.0168995913118124, \"steps_run\": 150, \"total_train_time_sec\": 8.833515882492065}",
  "mode": "uncertainty_benchmark",
  "model_class": "EMLPrototypeHeadNoAmbiguity",
  "model_name": "eml_no_ambiguity",
  "noisy_accuracy": 0.33203125,
  "noisy_brier": 0.7926695346832275,
  "noisy_confidence_mean": 0.25023138523101807,
  "noisy_ece": 0.085187628865242,
  "noisy_nll": 1.8583141565322876,
  "noisy_positive_resistance_mean": 0.9038650393486023,
  "noisy_resistance_noise_corr": NaN,
  "noisy_resistance_occlusion_corr": NaN,
  "noisy_risk_at_100_coverage": 0.66796875,
  "noisy_risk_at_50_coverage": 0.6171875,
  "noisy_risk_at_70_coverage": 0.6401673555374146,
  "noisy_risk_at_80_coverage": 0.6548780202865601,
  "noisy_risk_at_90_coverage": 0.660520613193512,
  "noisy_score_name": "positive_resistance",
  "noisy_selective_aurc": 0.5758993625640869,
  "noisy_uncertainty_mean": 0.9038650393486023,
  "num_classes": 10,
  "num_params": 18977,
  "num_workers": 0,
  "occluded_accuracy": 0.3701171875,
  "occluded_brier": 0.7790664434432983,
  "occluded_confidence_mean": 0.25021272897720337,
  "occluded_ece": 0.11990445852279663,
  "occluded_nll": 1.8088748455047607,
  "occluded_positive_resistance_mean": 0.9032604098320007,
  "occluded_resistance_noise_corr": NaN,
  "occluded_resistance_occlusion_corr": NaN,
  "occluded_risk_at_100_coverage": 0.6298828125,
  "occluded_risk_at_50_coverage": 0.5625,
  "occluded_risk_at_70_coverage": 0.5955369472503662,
  "occluded_risk_at_80_coverage": 0.6097561120986938,
  "occluded_risk_at_90_coverage": 0.6160520315170288,
  "occluded_score_name": "positive_resistance",
  "occluded_selective_aurc": 0.5574781894683838,
  "occluded_uncertainty_mean": 0.9032604098320007,
  "platform": "Linux-5.4.0-216-generic-x86_64-with-glibc2.31",
  "pooled_resistance_noise_corr": 0.0016788147622719407,
  "pooled_resistance_occlusion_corr": -0.0168995913118124,
  "python_version": "3.10.20",
  "reason": "",
  "run_dir": "reports/pluggable_uncertainty_real_20260427/runs/20260427_032842_uncertainty_cifar10_eml_no_ambiguity_seed1",
  "run_id": "uncertainty_cifar10_eml_no_ambiguity_seed1",
  "seed": 1,
  "selected_heads": [
    "linear",
    "mlp",
    "cosine_prototype",
    "eml_no_ambiguity",
    "eml_centered_ambiguity",
    "eml_supervised_resistance",
    "merc_linear",
    "merc_energy"
  ],
  "status": "COMPLETED",
  "steps_run": 150,
  "task_name": "image_uncertainty_selective_classification",
  "test_size": 1024,
  "timestamp": "2026-04-27T03:28:51Z",
  "torch_version": "2.7.1+cu118",
  "torchvision_version": "0.22.1+cu118",
  "total_train_time_sec": 8.833515882492065,
  "train_size": 4096,
  "trainable_params": 18977
}