{
  "batch_size": 64,
  "best_metric": 0.484375,
  "best_step": 225,
  "clean_accuracy": 0.4635416567325592,
  "clean_brier": 0.7162888646125793,
  "clean_confidence_mean": 0.3443300426006317,
  "clean_ece": 0.12047060579061508,
  "clean_nll": 1.5931710004806519,
  "clean_positive_resistance_mean": 0.7064428925514221,
  "clean_resistance_noise_corr": NaN,
  "clean_resistance_occlusion_corr": NaN,
  "clean_risk_at_100_coverage": 0.5364583730697632,
  "clean_risk_at_50_coverage": 0.2395833134651184,
  "clean_risk_at_70_coverage": 0.37360596656799316,
  "clean_risk_at_80_coverage": 0.42601627111434937,
  "clean_risk_at_90_coverage": 0.4855491518974304,
  "clean_score_name": "positive_resistance",
  "clean_selective_aurc": 0.24128811061382294,
  "clean_uncertainty_mean": 0.7064428925514221,
  "clean_vs_noisy_auroc": 0.5393447875976562,
  "clean_vs_occluded_auroc": 0.5188929438591003,
  "condition_metrics_path": "reports/uncertainty_resistance_true_20260427/runs/20260427_015747_uncertainty_cifar10_eml_centered_ambiguity_seed0/uncertainty_eval.pt",
  "cuda_available": true,
  "dataset_name": "cifar10",
  "device": "cuda",
  "early_stop_patience": 4,
  "early_stop_triggered": false,
  "experiment_type": "frozen_features_uncertainty",
  "feature_dim": 64,
  "final_metric": 0.4635416567325592,
  "final_train_loss": 1.3890390396118164,
  "git_commit": "0c0b3db",
  "hostname": "user-NF5468M6",
  "metrics_json": "{\"best_metric\": 0.484375, \"best_step\": 225, \"clean_accuracy\": 0.4635416567325592, \"clean_brier\": 0.7162888646125793, \"clean_confidence_mean\": 0.3443300426006317, \"clean_ece\": 0.12047060579061508, \"clean_nll\": 1.5931710004806519, \"clean_positive_resistance_mean\": 0.7064428925514221, \"clean_resistance_noise_corr\": NaN, \"clean_resistance_occlusion_corr\": NaN, \"clean_risk_at_100_coverage\": 0.5364583730697632, \"clean_risk_at_50_coverage\": 0.2395833134651184, \"clean_risk_at_70_coverage\": 0.37360596656799316, \"clean_risk_at_80_coverage\": 0.42601627111434937, \"clean_risk_at_90_coverage\": 0.4855491518974304, \"clean_score_name\": \"positive_resistance\", \"clean_selective_aurc\": 0.24128811061382294, \"clean_uncertainty_mean\": 0.7064428925514221, \"clean_vs_noisy_auroc\": 0.5393447875976562, \"clean_vs_occluded_auroc\": 0.5188929438591003, \"condition_metrics_path\": \"reports/uncertainty_resistance_true_20260427/runs/20260427_015747_uncertainty_cifar10_eml_centered_ambiguity_seed0/uncertainty_eval.pt\", \"early_stop_patience\": 4, \"early_stop_triggered\": false, \"final_metric\": 0.4635416567325592, \"final_train_loss\": 1.3890390396118164, \"noisy_accuracy\": 0.4208984375, \"noisy_brier\": 0.7324804067611694, \"noisy_confidence_mean\": 0.3451078534126282, \"noisy_ece\": 0.07596851885318756, \"noisy_nll\": 1.6510480642318726, \"noisy_positive_resistance_mean\": 0.7332714200019836, \"noisy_resistance_noise_corr\": NaN, \"noisy_resistance_occlusion_corr\": NaN, \"noisy_risk_at_100_coverage\": 0.5791015625, \"noisy_risk_at_50_coverage\": 0.2578125, \"noisy_risk_at_70_coverage\": 0.4225941300392151, \"noisy_risk_at_80_coverage\": 0.4865853786468506, \"noisy_risk_at_90_coverage\": 0.5325379371643066, \"noisy_score_name\": \"positive_resistance\", \"noisy_selective_aurc\": 0.26962876319885254, \"noisy_uncertainty_mean\": 0.7332714200019836, \"occluded_accuracy\": 0.4501953125, \"occluded_brier\": 0.7322384715080261, \"occluded_confidence_mean\": 0.34186938405036926, \"occluded_ece\": 0.10832590609788895, \"occluded_nll\": 1.6660252809524536, \"occluded_positive_resistance_mean\": 0.7184920310974121, \"occluded_resistance_noise_corr\": NaN, \"occluded_resistance_occlusion_corr\": NaN, \"occluded_risk_at_100_coverage\": 0.5498046875, \"occluded_risk_at_50_coverage\": 0.271484375, \"occluded_risk_at_70_coverage\": 0.3933054208755493, \"occluded_risk_at_80_coverage\": 0.4439024329185486, \"occluded_risk_at_90_coverage\": 0.5, \"occluded_score_name\": \"positive_resistance\", \"occluded_selective_aurc\": 0.26040974259376526, \"occluded_uncertainty_mean\": 0.7184920310974121, \"pooled_resistance_noise_corr\": 0.05311553180217743, \"pooled_resistance_occlusion_corr\": -0.008739328943192959, \"steps_run\": 250, \"total_train_time_sec\": 34.442651987075806}",
  "mode": "uncertainty_benchmark",
  "model_class": "EMLPrototypeHeadCenteredAmbiguity",
  "model_name": "eml_centered_ambiguity",
  "noisy_accuracy": 0.4208984375,
  "noisy_brier": 0.7324804067611694,
  "noisy_confidence_mean": 0.3451078534126282,
  "noisy_ece": 0.07596851885318756,
  "noisy_nll": 1.6510480642318726,
  "noisy_positive_resistance_mean": 0.7332714200019836,
  "noisy_resistance_noise_corr": NaN,
  "noisy_resistance_occlusion_corr": NaN,
  "noisy_risk_at_100_coverage": 0.5791015625,
  "noisy_risk_at_50_coverage": 0.2578125,
  "noisy_risk_at_70_coverage": 0.4225941300392151,
  "noisy_risk_at_80_coverage": 0.4865853786468506,
  "noisy_risk_at_90_coverage": 0.5325379371643066,
  "noisy_score_name": "positive_resistance",
  "noisy_selective_aurc": 0.26962876319885254,
  "noisy_uncertainty_mean": 0.7332714200019836,
  "num_classes": 10,
  "num_params": 18977,
  "num_workers": 0,
  "occluded_accuracy": 0.4501953125,
  "occluded_brier": 0.7322384715080261,
  "occluded_confidence_mean": 0.34186938405036926,
  "occluded_ece": 0.10832590609788895,
  "occluded_nll": 1.6660252809524536,
  "occluded_positive_resistance_mean": 0.7184920310974121,
  "occluded_resistance_noise_corr": NaN,
  "occluded_resistance_occlusion_corr": NaN,
  "occluded_risk_at_100_coverage": 0.5498046875,
  "occluded_risk_at_50_coverage": 0.271484375,
  "occluded_risk_at_70_coverage": 0.3933054208755493,
  "occluded_risk_at_80_coverage": 0.4439024329185486,
  "occluded_risk_at_90_coverage": 0.5,
  "occluded_score_name": "positive_resistance",
  "occluded_selective_aurc": 0.26040974259376526,
  "occluded_uncertainty_mean": 0.7184920310974121,
  "platform": "Linux-5.4.0-216-generic-x86_64-with-glibc2.31",
  "pooled_resistance_noise_corr": 0.05311553180217743,
  "pooled_resistance_occlusion_corr": -0.008739328943192959,
  "python_version": "3.10.20",
  "reason": "",
  "run_dir": "reports/uncertainty_resistance_true_20260427/runs/20260427_015747_uncertainty_cifar10_eml_centered_ambiguity_seed0",
  "run_id": "uncertainty_cifar10_eml_centered_ambiguity_seed0",
  "seed": 0,
  "status": "COMPLETED",
  "steps_run": 250,
  "task_name": "image_uncertainty_selective_classification",
  "test_size": 1024,
  "timestamp": "2026-04-27T01:58:21Z",
  "torch_version": "2.7.1+cu118",
  "torchvision_version": "0.22.1+cu118",
  "total_train_time_sec": 34.442651987075806,
  "train_size": 4096,
  "trainable_params": 18977
}