{
  "batch_size": 64,
  "best_metric": 0.51171875,
  "best_step": 125,
  "clean_accuracy": 0.4427083432674408,
  "clean_brier": 0.6912280917167664,
  "clean_confidence_mean": 0.4104992151260376,
  "clean_conflict_resistance_corr": NaN,
  "clean_conflict_score_mean": 0.479518860578537,
  "clean_ece": 0.05861978977918625,
  "clean_nll": 1.5116325616836548,
  "clean_positive_resistance_mean": 0.7262446284294128,
  "clean_resistance_noise_corr": NaN,
  "clean_resistance_occlusion_corr": NaN,
  "clean_risk_at_100_coverage": 0.5572916269302368,
  "clean_risk_at_50_coverage": 0.484375,
  "clean_risk_at_70_coverage": 0.5501858592033386,
  "clean_risk_at_80_coverage": 0.5528455376625061,
  "clean_risk_at_90_coverage": 0.5491329431533813,
  "clean_score_name": "positive_resistance",
  "clean_selective_aurc": 0.49780890345573425,
  "clean_support_score_mean": 1.3176032304763794,
  "clean_uncertainty_mean": 0.7262446284294128,
  "clean_vs_noisy_auroc": 0.515740692615509,
  "clean_vs_occluded_auroc": 0.48846563696861267,
  "condition_metrics_path": "reports/uncertainty_resistance_true_20260427/runs/20260427_020851_uncertainty_cifar10_merc_linear_seed2/uncertainty_eval.pt",
  "cuda_available": true,
  "dataset_name": "cifar10",
  "device": "cuda",
  "early_stop_patience": 4,
  "early_stop_triggered": true,
  "experiment_type": "frozen_features_uncertainty",
  "feature_dim": 64,
  "final_metric": 0.4427083432674408,
  "final_train_loss": 1.2885830402374268,
  "git_commit": "0c0b3db",
  "hostname": "user-NF5468M6",
  "metrics_json": "{\"best_metric\": 0.51171875, \"best_step\": 125, \"clean_accuracy\": 0.4427083432674408, \"clean_brier\": 0.6912280917167664, \"clean_confidence_mean\": 0.4104992151260376, \"clean_conflict_resistance_corr\": NaN, \"clean_conflict_score_mean\": 0.479518860578537, \"clean_ece\": 0.05861978977918625, \"clean_nll\": 1.5116325616836548, \"clean_positive_resistance_mean\": 0.7262446284294128, \"clean_resistance_noise_corr\": NaN, \"clean_resistance_occlusion_corr\": NaN, \"clean_risk_at_100_coverage\": 0.5572916269302368, \"clean_risk_at_50_coverage\": 0.484375, \"clean_risk_at_70_coverage\": 0.5501858592033386, \"clean_risk_at_80_coverage\": 0.5528455376625061, \"clean_risk_at_90_coverage\": 0.5491329431533813, \"clean_score_name\": \"positive_resistance\", \"clean_selective_aurc\": 0.49780890345573425, \"clean_support_score_mean\": 1.3176032304763794, \"clean_uncertainty_mean\": 0.7262446284294128, \"clean_vs_noisy_auroc\": 0.515740692615509, \"clean_vs_occluded_auroc\": 0.48846563696861267, \"condition_metrics_path\": \"reports/uncertainty_resistance_true_20260427/runs/20260427_020851_uncertainty_cifar10_merc_linear_seed2/uncertainty_eval.pt\", \"early_stop_patience\": 4, \"early_stop_triggered\": true, \"final_metric\": 0.4427083432674408, \"final_train_loss\": 1.2885830402374268, \"noisy_accuracy\": 0.33984375, \"noisy_brier\": 0.7677265405654907, \"noisy_confidence_mean\": 0.38188061118125916, \"noisy_conflict_resistance_corr\": NaN, \"noisy_conflict_score_mean\": 0.4208960235118866, \"noisy_ece\": 0.06041289120912552, \"noisy_nll\": 1.7917295694351196, \"noisy_positive_resistance_mean\": 0.7327175140380859, \"noisy_resistance_noise_corr\": NaN, \"noisy_resistance_occlusion_corr\": NaN, \"noisy_risk_at_100_coverage\": 0.66015625, \"noisy_risk_at_50_coverage\": 0.6328125, \"noisy_risk_at_70_coverage\": 0.6471408605575562, \"noisy_risk_at_80_coverage\": 0.6548780202865601, \"noisy_risk_at_90_coverage\": 0.6540130376815796, \"noisy_score_name\": \"positive_resistance\", \"noisy_selective_aurc\": 0.6402312517166138, \"noisy_support_score_mean\": 1.341571569442749, \"noisy_uncertainty_mean\": 0.7327175140380859, \"occluded_accuracy\": 0.404296875, \"occluded_brier\": 0.7326492071151733, \"occluded_confidence_mean\": 0.40673917531967163, \"occluded_conflict_resistance_corr\": NaN, \"occluded_conflict_score_mean\": 0.4987242519855499, \"occluded_ece\": 0.040421634912490845, \"occluded_nll\": 1.6661139726638794, \"occluded_positive_resistance_mean\": 0.7189890146255493, \"occluded_resistance_noise_corr\": NaN, \"occluded_resistance_occlusion_corr\": NaN, \"occluded_risk_at_100_coverage\": 0.595703125, \"occluded_risk_at_50_coverage\": 0.53515625, \"occluded_risk_at_70_coverage\": 0.5843793153762817, \"occluded_risk_at_80_coverage\": 0.5963414907455444, \"occluded_risk_at_90_coverage\": 0.5845986604690552, \"occluded_score_name\": \"positive_resistance\", \"occluded_selective_aurc\": 0.5636795163154602, \"occluded_support_score_mean\": 1.321299433708191, \"occluded_uncertainty_mean\": 0.7189890146255493, \"pooled_conflict_resistance_corr\": -0.10917159914970398, \"pooled_resistance_noise_corr\": 0.03440092131495476, \"pooled_resistance_occlusion_corr\": -0.03548765927553177, \"steps_run\": 225, \"total_train_time_sec\": 15.08257269859314}",
  "mode": "uncertainty_benchmark",
  "model_class": "MERCHeadLinearReadout",
  "model_name": "merc_linear",
  "noisy_accuracy": 0.33984375,
  "noisy_brier": 0.7677265405654907,
  "noisy_confidence_mean": 0.38188061118125916,
  "noisy_conflict_resistance_corr": NaN,
  "noisy_conflict_score_mean": 0.4208960235118866,
  "noisy_ece": 0.06041289120912552,
  "noisy_nll": 1.7917295694351196,
  "noisy_positive_resistance_mean": 0.7327175140380859,
  "noisy_resistance_noise_corr": NaN,
  "noisy_resistance_occlusion_corr": NaN,
  "noisy_risk_at_100_coverage": 0.66015625,
  "noisy_risk_at_50_coverage": 0.6328125,
  "noisy_risk_at_70_coverage": 0.6471408605575562,
  "noisy_risk_at_80_coverage": 0.6548780202865601,
  "noisy_risk_at_90_coverage": 0.6540130376815796,
  "noisy_score_name": "positive_resistance",
  "noisy_selective_aurc": 0.6402312517166138,
  "noisy_support_score_mean": 1.341571569442749,
  "noisy_uncertainty_mean": 0.7327175140380859,
  "num_classes": 10,
  "num_params": 93202,
  "num_workers": 0,
  "occluded_accuracy": 0.404296875,
  "occluded_brier": 0.7326492071151733,
  "occluded_confidence_mean": 0.40673917531967163,
  "occluded_conflict_resistance_corr": NaN,
  "occluded_conflict_score_mean": 0.4987242519855499,
  "occluded_ece": 0.040421634912490845,
  "occluded_nll": 1.6661139726638794,
  "occluded_positive_resistance_mean": 0.7189890146255493,
  "occluded_resistance_noise_corr": NaN,
  "occluded_resistance_occlusion_corr": NaN,
  "occluded_risk_at_100_coverage": 0.595703125,
  "occluded_risk_at_50_coverage": 0.53515625,
  "occluded_risk_at_70_coverage": 0.5843793153762817,
  "occluded_risk_at_80_coverage": 0.5963414907455444,
  "occluded_risk_at_90_coverage": 0.5845986604690552,
  "occluded_score_name": "positive_resistance",
  "occluded_selective_aurc": 0.5636795163154602,
  "occluded_support_score_mean": 1.321299433708191,
  "occluded_uncertainty_mean": 0.7189890146255493,
  "platform": "Linux-5.4.0-216-generic-x86_64-with-glibc2.31",
  "pooled_conflict_resistance_corr": -0.10917159914970398,
  "pooled_resistance_noise_corr": 0.03440092131495476,
  "pooled_resistance_occlusion_corr": -0.03548765927553177,
  "python_version": "3.10.20",
  "reason": "",
  "run_dir": "reports/uncertainty_resistance_true_20260427/runs/20260427_020851_uncertainty_cifar10_merc_linear_seed2",
  "run_id": "uncertainty_cifar10_merc_linear_seed2",
  "seed": 2,
  "status": "COMPLETED",
  "steps_run": 225,
  "task_name": "image_uncertainty_selective_classification",
  "test_size": 1024,
  "timestamp": "2026-04-27T02:09:06Z",
  "torch_version": "2.7.1+cu118",
  "torchvision_version": "0.22.1+cu118",
  "total_train_time_sec": 15.08257269859314,
  "train_size": 4096,
  "trainable_params": 93202
}