{
  "batch_size": 64,
  "best_metric": 0.98828125,
  "best_step": 75,
  "clean_accuracy": 0.9934895634651184,
  "clean_brier": 0.1155935749411583,
  "clean_confidence_mean": 0.7040397524833679,
  "clean_ece": 0.292082279920578,
  "clean_nll": 0.3607437312602997,
  "clean_positive_resistance_mean": 0.04755442962050438,
  "clean_resistance_noise_corr": 3.0566791764385925e-08,
  "clean_resistance_occlusion_corr": NaN,
  "clean_risk_at_100_coverage": 0.006510436534881592,
  "clean_risk_at_50_coverage": 0.0,
  "clean_risk_at_70_coverage": 0.0,
  "clean_risk_at_80_coverage": 0.0,
  "clean_risk_at_90_coverage": 0.0,
  "clean_score_name": "positive_resistance",
  "clean_selective_aurc": 6.510430102935061e-05,
  "clean_uncertainty_mean": 0.04755442962050438,
  "clean_vs_noisy_auroc": 0.6023139953613281,
  "clean_vs_occluded_auroc": 0.6255314946174622,
  "condition_metrics_path": "reports/uncertainty_remote_20260424_175558/runs/20260424_095615_uncertainty_synthetic_shape_eml_supervised_resistance_seed2/uncertainty_eval.pt",
  "cuda_available": true,
  "dataset_name": "synthetic_shape",
  "device": "cuda",
  "early_stop_patience": 4,
  "early_stop_triggered": true,
  "experiment_type": "frozen_features_uncertainty",
  "feature_dim": 64,
  "final_metric": 0.9934895634651184,
  "final_train_loss": 0.2894833981990814,
  "git_commit": "unknown",
  "hostname": "user-NF5468M6",
  "metrics_json": "{\"best_metric\": 0.98828125, \"best_step\": 75, \"clean_accuracy\": 0.9934895634651184, \"clean_brier\": 0.1155935749411583, \"clean_confidence_mean\": 0.7040397524833679, \"clean_ece\": 0.292082279920578, \"clean_nll\": 0.3607437312602997, \"clean_positive_resistance_mean\": 0.04755442962050438, \"clean_resistance_noise_corr\": 3.0566791764385925e-08, \"clean_resistance_occlusion_corr\": NaN, \"clean_risk_at_100_coverage\": 0.006510436534881592, \"clean_risk_at_50_coverage\": 0.0, \"clean_risk_at_70_coverage\": 0.0, \"clean_risk_at_80_coverage\": 0.0, \"clean_risk_at_90_coverage\": 0.0, \"clean_score_name\": \"positive_resistance\", \"clean_selective_aurc\": 6.510430102935061e-05, \"clean_uncertainty_mean\": 0.04755442962050438, \"clean_vs_noisy_auroc\": 0.6023139953613281, \"clean_vs_occluded_auroc\": 0.6255314946174622, \"condition_metrics_path\": \"reports/uncertainty_remote_20260424_175558/runs/20260424_095615_uncertainty_synthetic_shape_eml_supervised_resistance_seed2/uncertainty_eval.pt\", \"early_stop_patience\": 4, \"early_stop_triggered\": true, \"final_metric\": 0.9934895634651184, \"final_train_loss\": 0.2894833981990814, \"noisy_accuracy\": 0.95703125, \"noisy_brier\": 0.15884298086166382, \"noisy_confidence_mean\": 0.6917893886566162, \"noisy_ece\": 0.27121037244796753, \"noisy_nll\": 0.43162259459495544, \"noisy_positive_resistance_mean\": 0.12747493386268616, \"noisy_resistance_noise_corr\": NaN, \"noisy_resistance_occlusion_corr\": NaN, \"noisy_risk_at_100_coverage\": 0.04296875, \"noisy_risk_at_50_coverage\": 0.0, \"noisy_risk_at_70_coverage\": 0.0, \"noisy_risk_at_80_coverage\": 0.0, \"noisy_risk_at_90_coverage\": 0.0, \"noisy_score_name\": \"positive_resistance\", \"noisy_selective_aurc\": 0.0012347851879894733, \"noisy_uncertainty_mean\": 0.12747493386268616, \"occluded_accuracy\": 0.9052734375, \"occluded_brier\": 0.21013076603412628, \"occluded_confidence_mean\": 0.6644630432128906, \"occluded_ece\": 0.25263461470603943, \"occluded_nll\": 0.524023175239563, \"occluded_positive_resistance_mean\": 0.17204207181930542, \"occluded_resistance_noise_corr\": -4.3135443661412864e-08, \"occluded_resistance_occlusion_corr\": 0.5532446503639221, \"occluded_risk_at_100_coverage\": 0.0947265625, \"occluded_risk_at_50_coverage\": 0.0, \"occluded_risk_at_70_coverage\": 0.0, \"occluded_risk_at_80_coverage\": 0.0, \"occluded_risk_at_90_coverage\": 0.015184402465820312, \"occluded_score_name\": \"positive_resistance\", \"occluded_selective_aurc\": 0.005436304956674576, \"occluded_uncertainty_mean\": 0.17204207181930542, \"pooled_resistance_noise_corr\": NaN, \"pooled_resistance_occlusion_corr\": NaN, \"steps_run\": 175, \"total_train_time_sec\": 3.205005645751953}",
  "mode": "uncertainty_benchmark",
  "model_class": "EMLPrototypeHeadSupervisedResistance",
  "model_name": "eml_supervised_resistance",
  "noisy_accuracy": 0.95703125,
  "noisy_brier": 0.15884298086166382,
  "noisy_confidence_mean": 0.6917893886566162,
  "noisy_ece": 0.27121037244796753,
  "noisy_nll": 0.43162259459495544,
  "noisy_positive_resistance_mean": 0.12747493386268616,
  "noisy_resistance_noise_corr": NaN,
  "noisy_resistance_occlusion_corr": NaN,
  "noisy_risk_at_100_coverage": 0.04296875,
  "noisy_risk_at_50_coverage": 0.0,
  "noisy_risk_at_70_coverage": 0.0,
  "noisy_risk_at_80_coverage": 0.0,
  "noisy_risk_at_90_coverage": 0.0,
  "noisy_score_name": "positive_resistance",
  "noisy_selective_aurc": 0.0012347851879894733,
  "noisy_uncertainty_mean": 0.12747493386268616,
  "num_classes": 5,
  "num_params": 18002,
  "num_workers": 0,
  "occluded_accuracy": 0.9052734375,
  "occluded_brier": 0.21013076603412628,
  "occluded_confidence_mean": 0.6644630432128906,
  "occluded_ece": 0.25263461470603943,
  "occluded_nll": 0.524023175239563,
  "occluded_positive_resistance_mean": 0.17204207181930542,
  "occluded_resistance_noise_corr": -4.3135443661412864e-08,
  "occluded_resistance_occlusion_corr": 0.5532446503639221,
  "occluded_risk_at_100_coverage": 0.0947265625,
  "occluded_risk_at_50_coverage": 0.0,
  "occluded_risk_at_70_coverage": 0.0,
  "occluded_risk_at_80_coverage": 0.0,
  "occluded_risk_at_90_coverage": 0.015184402465820312,
  "occluded_score_name": "positive_resistance",
  "occluded_selective_aurc": 0.005436304956674576,
  "occluded_uncertainty_mean": 0.17204207181930542,
  "platform": "Linux-5.4.0-216-generic-x86_64-with-glibc2.31",
  "pooled_resistance_noise_corr": NaN,
  "pooled_resistance_occlusion_corr": NaN,
  "python_version": "3.10.20",
  "reason": "",
  "run_dir": "reports/uncertainty_remote_20260424_175558/runs/20260424_095615_uncertainty_synthetic_shape_eml_supervised_resistance_seed2",
  "run_id": "uncertainty_synthetic_shape_eml_supervised_resistance_seed2",
  "seed": 2,
  "status": "COMPLETED",
  "steps_run": 175,
  "task_name": "image_uncertainty_selective_classification",
  "test_size": 1024,
  "timestamp": "2026-04-24T09:56:19Z",
  "torch_version": "2.7.1+cu118",
  "torchvision_version": "0.22.1+cu118",
  "total_train_time_sec": 3.205005645751953,
  "train_size": 4096,
  "trainable_params": 18002
}