{
  "batch_size": 16,
  "best_metric": 0.5,
  "completed_steps": 50,
  "cuda_available": false,
  "dataset_name": "SyntheticShapeEnergyDataset",
  "device": "cpu",
  "early_stop": false,
  "early_stop_step": "",
  "early_stop_triggered": false,
  "examples_per_sec": 285.22008772228077,
  "final_diagnostics": {
    "ambiguity_mean": -0.09465180337429047,
    "ambiguity_std": 0.32556480169296265,
    "ambiguity_weight_mean": 1.0,
    "ambiguity_weight_std": 0.0,
    "attractor_activation_mean": 0.983012318611145,
    "attractor_activation_std": 2.8377929993439466e-05,
    "attractor_diversity": 0.5686927437782288,
    "drive_mean": 0.00015709828585386276,
    "drive_std": 0.057707834988832474,
    "energy_mean": -0.23088282346725464,
    "energy_std": 0.04627620428800583,
    "null_weight_mean": 0.14319472014904022,
    "null_weight_std": 0.04555866867303848,
    "prototype_diversity_penalty_mean": 0.03752898424863815,
    "prototype_diversity_penalty_std": 0.0,
    "resistance_mean": 1.3143326044082642,
    "resistance_std": 0.22518593072891235,
    "sample_uncertainty_mean": 0.6988805532455444,
    "sample_uncertainty_std": 7.300048565639372e-08,
    "update_gate_mean": 0.09116875380277634,
    "update_gate_std": 0.006133966147899628,
    "update_strength_mean": 0.8568053245544434,
    "update_strength_std": 0.04555866867303848
  },
  "final_metric": 0.3125,
  "final_train_accuracy": 0.3125,
  "final_train_loss": 1.5911905765533447,
  "git_commit": "19568db",
  "grad_norm": 0.4202805757522583,
  "hostname": "BMW-Pro.local",
  "learning_rate": 0.001,
  "metrics_json": "{\"best_metric\": 0.5, \"completed_steps\": 50, \"early_stop_step\": \"\", \"early_stop_triggered\": false, \"examples_per_sec\": 285.22008772228077, \"final_diagnostics\": {\"ambiguity_mean\": -0.09465180337429047, \"ambiguity_std\": 0.32556480169296265, \"ambiguity_weight_mean\": 1.0, \"ambiguity_weight_std\": 0.0, \"attractor_activation_mean\": 0.983012318611145, \"attractor_activation_std\": 2.8377929993439466e-05, \"attractor_diversity\": 0.5686927437782288, \"drive_mean\": 0.00015709828585386276, \"drive_std\": 0.057707834988832474, \"energy_mean\": -0.23088282346725464, \"energy_std\": 0.04627620428800583, \"null_weight_mean\": 0.14319472014904022, \"null_weight_std\": 0.04555866867303848, \"prototype_diversity_penalty_mean\": 0.03752898424863815, \"prototype_diversity_penalty_std\": 0.0, \"resistance_mean\": 1.3143326044082642, \"resistance_std\": 0.22518593072891235, \"sample_uncertainty_mean\": 0.6988805532455444, \"sample_uncertainty_std\": 7.300048565639372e-08, \"update_gate_mean\": 0.09116875380277634, \"update_gate_std\": 0.006133966147899628, \"update_strength_mean\": 0.8568053245544434, \"update_strength_std\": 0.04555866867303848}, \"final_metric\": 0.3125, \"final_train_accuracy\": 0.3125, \"final_train_loss\": 1.5911905765533447, \"grad_norm\": 0.4202805757522583, \"learning_rate\": 0.001, \"peak_memory_mb\": 0.0, \"resistance_noise_corr\": -0.0468282513320446, \"resistance_occlusion_corr\": -0.5338160395622253, \"step\": 50, \"step_time_sec\": 0.05609703063964844, \"top1_accuracy\": 0.3125, \"top5_accuracy\": 1.0, \"total_train_time_sec\": 3.072420835494995, \"train_accuracy\": 0.3125, \"train_loss\": 1.5911905765533447, \"wall_clock_time_sec\": 3.069068670272827}",
  "min_delta": 0.0001,
  "mode": "ablation",
  "model_name": "EfficientEMLImageClassifier_no_composition",
  "num_params": 115573,
  "num_workers": 0,
  "patience": 20,
  "peak_memory_mb": 0.0,
  "platform": "macOS-26.0-arm64-arm-64bit",
  "python_version": "3.12.12",
  "reason": "",
  "resistance_noise_corr": -0.0468282513320446,
  "resistance_occlusion_corr": -0.5338160395622253,
  "run_dir": "reports/runs/stabilization_ablation_cpu_20260424_155136/20260424_075156_ablation_no_composition",
  "run_id": "ablation_no_composition",
  "seed": 37,
  "status": "COMPLETED",
  "step": 50,
  "step_time_sec": 0.05609703063964844,
  "steps": 50,
  "task_name": "image_synthetic",
  "timestamp": "2026-04-24T07:51:59Z",
  "top1_accuracy": 0.3125,
  "top5_accuracy": 1.0,
  "torch_version": "2.10.0",
  "torchvision_version": "unavailable",
  "total_train_time_sec": 3.072420835494995,
  "train_accuracy": 0.3125,
  "train_loss": 1.5911905765533447,
  "trainable_params": 115573,
  "wall_clock_time_sec": 3.069068670272827,
  "warmup_enabled": true
}