{
  "batch_size": 64,
  "best_metric": 0.427734375,
  "best_step": 200,
  "best_val_accuracy": 0.427734375,
  "cuda_available": true,
  "dataset_name": "cifar10",
  "device": "cuda",
  "experiment_type": "end_to_end",
  "feature_dim": 64,
  "final_metric": 0.4453125,
  "final_train_accuracy": 0.453125,
  "final_train_loss": 1.4778661727905273,
  "git_commit": "unknown",
  "head_name": "eml_centered_ambiguity",
  "hostname": "user-NF5468M6",
  "loss_mode": "ce",
  "lr": 0.001,
  "metrics_json": "{\"best_metric\": 0.427734375, \"best_step\": 200, \"best_val_accuracy\": 0.427734375, \"final_metric\": 0.4453125, \"final_train_accuracy\": 0.453125, \"final_train_loss\": 1.4778661727905273, \"test_accuracy\": 0.4453125, \"test_ambiguity_mean\": 1.203523874282837, \"test_brier\": 0.7162259221076965, \"test_class_resistance_mean\": 0.2000339776277542, \"test_ece\": 0.10517529398202896, \"test_hard_negative_drive_mean\": 6.149537086486816, \"test_hard_negative_logit_mean\": 1.9865654706954956, \"test_hard_negative_resistance_mean\": 1.0119316577911377, \"test_loss\": 1.6213676929473877, \"test_margin_mean\": -0.3739137351512909, \"test_nll\": 1.6213676929473877, \"test_positive_drive_mean\": 5.052305698394775, \"test_positive_logit_mean\": 1.6126518249511719, \"test_positive_resistance_mean\": 1.0057439804077148, \"test_resistance_noise_corr\": NaN, \"test_resistance_occlusion_corr\": NaN, \"test_sample_uncertainty_mean\": 0.001488251844421029, \"total_train_time_sec\": 7.2526469230651855, \"val_accuracy\": 0.427734375, \"val_ambiguity_mean\": 1.1975712776184082, \"val_brier\": 0.7022398710250854, \"val_class_resistance_mean\": 0.2000339776277542, \"val_ece\": 0.08586561679840088, \"val_hard_negative_drive_mean\": 6.324039459228516, \"val_hard_negative_logit_mean\": 2.01904296875, \"val_hard_negative_resistance_mean\": 0.9703702926635742, \"val_loss\": 1.5473086833953857, \"val_margin_mean\": -0.3181530237197876, \"val_nll\": 1.5473086833953857, \"val_positive_drive_mean\": 5.285582542419434, \"val_positive_logit_mean\": 1.7008898258209229, \"val_positive_resistance_mean\": 1.0352604389190674, \"val_resistance_noise_corr\": NaN, \"val_resistance_occlusion_corr\": NaN, \"val_sample_uncertainty_mean\": 0.001460675965063274}",
  "mode": "head_ablation",
  "model_class": "CNNHeadModel",
  "model_name": "eml_bank_centered_ambiguity",
  "num_classes": 10,
  "num_params": 221443,
  "pairwise_margin": 0.0,
  "pairwise_weight": 0.0,
  "platform": "Linux-5.4.0-216-generic-x86_64-with-glibc2.31",
  "python_version": "3.10.20",
  "reason": "",
  "run_dir": "reports/head_ablation/runs/20260424_083005_e2e_cifar10_eml_bank_centered_ambiguity_ce_seed2",
  "run_id": "e2e_cifar10_eml_bank_centered_ambiguity_ce_seed2",
  "seed": 2,
  "status": "COMPLETED",
  "steps": 200,
  "task_name": "image_classification",
  "test_accuracy": 0.4453125,
  "test_ambiguity_mean": 1.203523874282837,
  "test_brier": 0.7162259221076965,
  "test_class_resistance_mean": 0.2000339776277542,
  "test_ece": 0.10517529398202896,
  "test_hard_negative_drive_mean": 6.149537086486816,
  "test_hard_negative_logit_mean": 1.9865654706954956,
  "test_hard_negative_resistance_mean": 1.0119316577911377,
  "test_loss": 1.6213676929473877,
  "test_margin_mean": -0.3739137351512909,
  "test_nll": 1.6213676929473877,
  "test_positive_drive_mean": 5.052305698394775,
  "test_positive_logit_mean": 1.6126518249511719,
  "test_positive_resistance_mean": 1.0057439804077148,
  "test_resistance_noise_corr": NaN,
  "test_resistance_occlusion_corr": NaN,
  "test_sample_uncertainty_mean": 0.001488251844421029,
  "timestamp": "2026-04-24T08:30:12Z",
  "torch_version": "2.7.1+cu118",
  "torchvision_version": "0.22.1+cu118",
  "total_train_time_sec": 7.2526469230651855,
  "trainable_params": 221443,
  "use_eml_residual_bank": true,
  "val_accuracy": 0.427734375,
  "val_ambiguity_mean": 1.1975712776184082,
  "val_brier": 0.7022398710250854,
  "val_class_resistance_mean": 0.2000339776277542,
  "val_ece": 0.08586561679840088,
  "val_hard_negative_drive_mean": 6.324039459228516,
  "val_hard_negative_logit_mean": 2.01904296875,
  "val_hard_negative_resistance_mean": 0.9703702926635742,
  "val_loss": 1.5473086833953857,
  "val_margin_mean": -0.3181530237197876,
  "val_nll": 1.5473086833953857,
  "val_positive_drive_mean": 5.285582542419434,
  "val_positive_logit_mean": 1.7008898258209229,
  "val_positive_resistance_mean": 1.0352604389190674,
  "val_resistance_noise_corr": NaN,
  "val_resistance_occlusion_corr": NaN,
  "val_sample_uncertainty_mean": 0.001460675965063274
}