{
  "backbone_steps": 300,
  "batch_size": 64,
  "best_metric": 0.98046875,
  "best_step": 100,
  "clean_accuracy": 0.9973958134651184,
  "clean_brier": 0.0066911582835018635,
  "clean_confidence_mean": 0.9932146072387695,
  "clean_conflict_resistance_corr": NaN,
  "clean_conflict_score_mean": 0.6913127303123474,
  "clean_ece": 0.004181340802460909,
  "clean_nll": 0.02356172911822796,
  "clean_positive_resistance_mean": 0.6281790733337402,
  "clean_resistance_noise_corr": -2.035515045406555e-08,
  "clean_resistance_occlusion_corr": NaN,
  "clean_risk_at_100_coverage": 0.002604186534881592,
  "clean_risk_at_50_coverage": 0.005208313465118408,
  "clean_risk_at_70_coverage": 0.003717482089996338,
  "clean_risk_at_80_coverage": 0.0032520294189453125,
  "clean_risk_at_90_coverage": 0.002890169620513916,
  "clean_score_name": "positive_resistance",
  "clean_selective_aurc": 0.00460464134812355,
  "clean_support_score_mean": 1.3079336881637573,
  "clean_uncertainty_mean": 0.6281790733337402,
  "clean_vs_noisy_auroc": 0.4760856628417969,
  "clean_vs_occluded_auroc": 0.5264880061149597,
  "condition_metrics_path": "reports/pluggable_uncertainty_real_20260427/runs/20260427_032051_uncertainty_synthetic_shape_merc_linear_seed1/uncertainty_eval.pt",
  "cuda_available": true,
  "dataset_name": "synthetic_shape",
  "device": "cuda",
  "early_stop_min_evals": 2,
  "early_stop_patience": 4,
  "early_stop_triggered": true,
  "eval_interval": 25,
  "experiment_type": "frozen_features_uncertainty",
  "feature_dim": 64,
  "final_metric": 0.9973958134651184,
  "final_train_loss": 0.0953780859708786,
  "git_commit": "0c0b3db",
  "head_steps": 1200,
  "hostname": "user-NF5468M6",
  "metrics_json": "{\"best_metric\": 0.98046875, \"best_step\": 100, \"clean_accuracy\": 0.9973958134651184, \"clean_brier\": 0.0066911582835018635, \"clean_confidence_mean\": 0.9932146072387695, \"clean_conflict_resistance_corr\": NaN, \"clean_conflict_score_mean\": 0.6913127303123474, \"clean_ece\": 0.004181340802460909, \"clean_nll\": 0.02356172911822796, \"clean_positive_resistance_mean\": 0.6281790733337402, \"clean_resistance_noise_corr\": -2.035515045406555e-08, \"clean_resistance_occlusion_corr\": NaN, \"clean_risk_at_100_coverage\": 0.002604186534881592, \"clean_risk_at_50_coverage\": 0.005208313465118408, \"clean_risk_at_70_coverage\": 0.003717482089996338, \"clean_risk_at_80_coverage\": 0.0032520294189453125, \"clean_risk_at_90_coverage\": 0.002890169620513916, \"clean_score_name\": \"positive_resistance\", \"clean_selective_aurc\": 0.00460464134812355, \"clean_support_score_mean\": 1.3079336881637573, \"clean_uncertainty_mean\": 0.6281790733337402, \"clean_vs_noisy_auroc\": 0.4760856628417969, \"clean_vs_occluded_auroc\": 0.5264880061149597, \"condition_metrics_path\": \"reports/pluggable_uncertainty_real_20260427/runs/20260427_032051_uncertainty_synthetic_shape_merc_linear_seed1/uncertainty_eval.pt\", \"early_stop_patience\": 4, \"early_stop_triggered\": true, \"final_metric\": 0.9973958134651184, \"final_train_loss\": 0.0953780859708786, \"noisy_accuracy\": 0.9853515625, \"noisy_brier\": 0.022780632600188255, \"noisy_confidence_mean\": 0.9875388741493225, \"noisy_conflict_resistance_corr\": -1.6911272382458264e-08, \"noisy_conflict_score_mean\": 0.6475995182991028, \"noisy_ece\": 0.006834037601947784, \"noisy_nll\": 0.0512838251888752, \"noisy_positive_resistance_mean\": 0.6187155842781067, \"noisy_resistance_noise_corr\": NaN, \"noisy_resistance_occlusion_corr\": NaN, \"noisy_risk_at_100_coverage\": 0.0146484375, \"noisy_risk_at_50_coverage\": 0.021484375, \"noisy_risk_at_70_coverage\": 0.0181310772895813, \"noisy_risk_at_80_coverage\": 0.0158536434173584, \"noisy_risk_at_90_coverage\": 0.01409977674484253, \"noisy_score_name\": \"positive_resistance\", \"noisy_selective_aurc\": 0.019167620688676834, \"noisy_support_score_mean\": 1.5262689590454102, \"noisy_uncertainty_mean\": 0.6187155842781067, \"occluded_accuracy\": 0.9091796875, \"occluded_brier\": 0.1240459531545639, \"occluded_confidence_mean\": 0.9406716823577881, \"occluded_conflict_resistance_corr\": -0.11122411489486694, \"occluded_conflict_score_mean\": 0.6820673942565918, \"occluded_ece\": 0.031638242304325104, \"occluded_nll\": 0.27018314599990845, \"occluded_positive_resistance_mean\": 0.64711993932724, \"occluded_resistance_noise_corr\": -2.9565514481078026e-08, \"occluded_resistance_occlusion_corr\": 0.11817260086536407, \"occluded_risk_at_100_coverage\": 0.0908203125, \"occluded_risk_at_50_coverage\": 0.103515625, \"occluded_risk_at_70_coverage\": 0.11018133163452148, \"occluded_risk_at_80_coverage\": 0.1012195348739624, \"occluded_risk_at_90_coverage\": 0.09110629558563232, \"occluded_score_name\": \"positive_resistance\", \"occluded_selective_aurc\": 0.07753827422857285, \"occluded_support_score_mean\": 1.301900029182434, \"occluded_uncertainty_mean\": 0.64711993932724, \"pooled_conflict_resistance_corr\": -0.061024028807878494, \"pooled_resistance_noise_corr\": -0.05173344165086746, \"pooled_resistance_occlusion_corr\": 0.09203513711690903, \"steps_run\": 200, \"total_train_time_sec\": 13.221027612686157}",
  "mode": "uncertainty_benchmark",
  "model_class": "MERCHeadLinearReadout",
  "model_name": "merc_linear",
  "noisy_accuracy": 0.9853515625,
  "noisy_brier": 0.022780632600188255,
  "noisy_confidence_mean": 0.9875388741493225,
  "noisy_conflict_resistance_corr": -1.6911272382458264e-08,
  "noisy_conflict_score_mean": 0.6475995182991028,
  "noisy_ece": 0.006834037601947784,
  "noisy_nll": 0.0512838251888752,
  "noisy_positive_resistance_mean": 0.6187155842781067,
  "noisy_resistance_noise_corr": NaN,
  "noisy_resistance_occlusion_corr": NaN,
  "noisy_risk_at_100_coverage": 0.0146484375,
  "noisy_risk_at_50_coverage": 0.021484375,
  "noisy_risk_at_70_coverage": 0.0181310772895813,
  "noisy_risk_at_80_coverage": 0.0158536434173584,
  "noisy_risk_at_90_coverage": 0.01409977674484253,
  "noisy_score_name": "positive_resistance",
  "noisy_selective_aurc": 0.019167620688676834,
  "noisy_support_score_mean": 1.5262689590454102,
  "noisy_uncertainty_mean": 0.6187155842781067,
  "num_classes": 5,
  "num_params": 92222,
  "num_workers": 0,
  "occluded_accuracy": 0.9091796875,
  "occluded_brier": 0.1240459531545639,
  "occluded_confidence_mean": 0.9406716823577881,
  "occluded_conflict_resistance_corr": -0.11122411489486694,
  "occluded_conflict_score_mean": 0.6820673942565918,
  "occluded_ece": 0.031638242304325104,
  "occluded_nll": 0.27018314599990845,
  "occluded_positive_resistance_mean": 0.64711993932724,
  "occluded_resistance_noise_corr": -2.9565514481078026e-08,
  "occluded_resistance_occlusion_corr": 0.11817260086536407,
  "occluded_risk_at_100_coverage": 0.0908203125,
  "occluded_risk_at_50_coverage": 0.103515625,
  "occluded_risk_at_70_coverage": 0.11018133163452148,
  "occluded_risk_at_80_coverage": 0.1012195348739624,
  "occluded_risk_at_90_coverage": 0.09110629558563232,
  "occluded_score_name": "positive_resistance",
  "occluded_selective_aurc": 0.07753827422857285,
  "occluded_support_score_mean": 1.301900029182434,
  "occluded_uncertainty_mean": 0.64711993932724,
  "platform": "Linux-5.4.0-216-generic-x86_64-with-glibc2.31",
  "pooled_conflict_resistance_corr": -0.061024028807878494,
  "pooled_resistance_noise_corr": -0.05173344165086746,
  "pooled_resistance_occlusion_corr": 0.09203513711690903,
  "python_version": "3.10.20",
  "reason": "",
  "run_dir": "reports/pluggable_uncertainty_real_20260427/runs/20260427_032051_uncertainty_synthetic_shape_merc_linear_seed1",
  "run_id": "uncertainty_synthetic_shape_merc_linear_seed1",
  "seed": 1,
  "selected_heads": [
    "linear",
    "mlp",
    "cosine_prototype",
    "eml_no_ambiguity",
    "eml_centered_ambiguity",
    "eml_supervised_resistance",
    "merc_linear",
    "merc_energy"
  ],
  "status": "COMPLETED",
  "steps_run": 200,
  "task_name": "image_uncertainty_selective_classification",
  "test_size": 1024,
  "timestamp": "2026-04-27T03:21:04Z",