{
  "model_class": "EMLEdgeFunctionNetwork",
  "num_params": 35719,
  "target_mean": 0.005044509656727314,
  "target_std": 0.7211684584617615,
  "trainable_params": 35719
}