{
  "backbone_steps": 300,
  "batch_size": 64,
  "best_metric": 0.9765625,
  "best_step": 25,
  "clean_accuracy": 0.9934895634651184,
  "clean_brier": 0.5124623775482178,
  "clean_confidence_mean": 0.362560898065567,
  "clean_ece": 0.630928635597229,
  "clean_nll": 1.0272271633148193,
  "clean_positive_resistance_mean": -0.003340228693559766,
  "clean_resistance_noise_corr": 1.090812951076714e-08,
  "clean_resistance_occlusion_corr": NaN,
  "clean_risk_at_100_coverage": 0.006510436534881592,
  "clean_risk_at_50_coverage": 0.0,
  "clean_risk_at_70_coverage": 0.003717482089996338,
  "clean_risk_at_80_coverage": 0.0032520294189453125,
  "clean_risk_at_90_coverage": 0.004335284233093262,
  "clean_score_name": "positive_resistance",
  "clean_selective_aurc": 0.0012885527685284615,
  "clean_uncertainty_mean": -0.003340228693559766,
  "clean_vs_noisy_auroc": 0.3324368894100189,
  "clean_vs_occluded_auroc": 0.5241559147834778,
  "condition_metrics_path": "reports/pluggable_primitive_real_20260427/frozen_runs/20260427_041459_uncertainty_synthetic_shape_eml_supervised_resistance_seed2/uncertainty_eval.pt",
  "cuda_available": true,
  "dataset_name": "synthetic_shape",
  "device": "cuda",
  "early_stop_min_evals": 2,
  "early_stop_patience": 4,
  "early_stop_triggered": true,
  "eval_interval": 25,
  "experiment_type": "frozen_features_uncertainty",
  "feature_dim": 64,
  "final_metric": 0.9934895634651184,
  "final_train_loss": 0.9179534912109375,
  "git_commit": "0c0b3db",
  "head_steps": 1200,
  "hostname": "user-NF5468M6",
  "metrics_json": "{\"best_metric\": 0.9765625, \"best_step\": 25, \"clean_accuracy\": 0.9934895634651184, \"clean_brier\": 0.5124623775482178, \"clean_confidence_mean\": 0.362560898065567, \"clean_ece\": 0.630928635597229, \"clean_nll\": 1.0272271633148193, \"clean_positive_resistance_mean\": -0.003340228693559766, \"clean_resistance_noise_corr\": 1.090812951076714e-08, \"clean_resistance_occlusion_corr\": NaN, \"clean_risk_at_100_coverage\": 0.006510436534881592, \"clean_risk_at_50_coverage\": 0.0, \"clean_risk_at_70_coverage\": 0.003717482089996338, \"clean_risk_at_80_coverage\": 0.0032520294189453125, \"clean_risk_at_90_coverage\": 0.004335284233093262, \"clean_score_name\": \"positive_resistance\", \"clean_selective_aurc\": 0.0012885527685284615, \"clean_uncertainty_mean\": -0.003340228693559766, \"clean_vs_noisy_auroc\": 0.3324368894100189, \"clean_vs_occluded_auroc\": 0.5241559147834778, \"condition_metrics_path\": \"reports/pluggable_primitive_real_20260427/frozen_runs/20260427_041459_uncertainty_synthetic_shape_eml_supervised_resistance_seed2/uncertainty_eval.pt\", \"early_stop_patience\": 4, \"early_stop_triggered\": true, \"final_metric\": 0.9934895634651184, \"final_train_loss\": 0.9179534912109375, \"noisy_accuracy\": 0.896484375, \"noisy_brier\": 0.5898649096488953, \"noisy_confidence_mean\": 0.321359783411026, \"noisy_ece\": 0.5751245617866516, \"noisy_nll\": 1.1724008321762085, \"noisy_positive_resistance_mean\": -0.10497964173555374, \"noisy_resistance_noise_corr\": NaN, \"noisy_resistance_occlusion_corr\": NaN, \"noisy_risk_at_100_coverage\": 0.103515625, \"noisy_risk_at_50_coverage\": 0.05078125, \"noisy_risk_at_70_coverage\": 0.06136679649353027, \"noisy_risk_at_80_coverage\": 0.07073169946670532, \"noisy_risk_at_90_coverage\": 0.08242952823638916, \"noisy_score_name\": \"positive_resistance\", \"noisy_selective_aurc\": 0.04952223598957062, \"noisy_uncertainty_mean\": -0.10497964173555374, \"occluded_accuracy\": 0.8974609375, \"occluded_brier\": 0.5730217695236206, \"occluded_confidence_mean\": 0.3310302197933197, \"occluded_ece\": 0.5664306879043579, \"occluded_nll\": 1.1436843872070312, \"occluded_positive_resistance_mean\": 0.03470810130238533, \"occluded_resistance_noise_corr\": -1.1211286121692865e-08, \"occluded_resistance_occlusion_corr\": 0.318620890378952, \"occluded_risk_at_100_coverage\": 0.1025390625, \"occluded_risk_at_50_coverage\": 0.0234375, \"occluded_risk_at_70_coverage\": 0.027894020080566406, \"occluded_risk_at_80_coverage\": 0.03780490159988403, \"occluded_risk_at_90_coverage\": 0.04772233963012695, \"occluded_score_name\": \"positive_resistance\", \"occluded_selective_aurc\": 0.03104339726269245, \"occluded_uncertainty_mean\": 0.03470810130238533, \"pooled_resistance_noise_corr\": -0.27506375312805176, \"pooled_resistance_occlusion_corr\": 0.2959042489528656, \"steps_run\": 125, \"total_train_time_sec\": 4.098154783248901}",
  "mode": "uncertainty_benchmark",
  "model_class": "EMLPrototypeHeadSupervisedResistance",
  "model_name": "eml_supervised_resistance",
  "noisy_accuracy": 0.896484375,
  "noisy_brier": 0.5898649096488953,
  "noisy_confidence_mean": 0.321359783411026,
  "noisy_ece": 0.5751245617866516,
  "noisy_nll": 1.1724008321762085,
  "noisy_positive_resistance_mean": -0.10497964173555374,
  "noisy_resistance_noise_corr": NaN,
  "noisy_resistance_occlusion_corr": NaN,
  "noisy_risk_at_100_coverage": 0.103515625,
  "noisy_risk_at_50_coverage": 0.05078125,
  "noisy_risk_at_70_coverage": 0.06136679649353027,
  "noisy_risk_at_80_coverage": 0.07073169946670532,
  "noisy_risk_at_90_coverage": 0.08242952823638916,
  "noisy_score_name": "positive_resistance",
  "noisy_selective_aurc": 0.04952223598957062,
  "noisy_uncertainty_mean": -0.10497964173555374,
  "num_classes": 5,
  "num_params": 18002,
  "num_workers": 0,
  "occluded_accuracy": 0.8974609375,
  "occluded_brier": 0.5730217695236206,
  "occluded_confidence_mean": 0.3310302197933197,
  "occluded_ece": 0.5664306879043579,
  "occluded_nll": 1.1436843872070312,
  "occluded_positive_resistance_mean": 0.03470810130238533,
  "occluded_resistance_noise_corr": -1.1211286121692865e-08,
  "occluded_resistance_occlusion_corr": 0.318620890378952,
  "occluded_risk_at_100_coverage": 0.1025390625,
  "occluded_risk_at_50_coverage": 0.0234375,
  "occluded_risk_at_70_coverage": 0.027894020080566406,
  "occluded_risk_at_80_coverage": 0.03780490159988403,
  "occluded_risk_at_90_coverage": 0.04772233963012695,
  "occluded_score_name": "positive_resistance",
  "occluded_selective_aurc": 0.03104339726269245,
  "occluded_uncertainty_mean": 0.03470810130238533,
  "platform": "Linux-5.4.0-216-generic-x86_64-with-glibc2.31",
  "pooled_resistance_noise_corr": -0.27506375312805176,
  "pooled_resistance_occlusion_corr": 0.2959042489528656,
  "python_version": "3.10.20",
  "reason": "",
  "run_dir": "reports/pluggable_primitive_real_20260427/frozen_runs/20260427_041459_uncertainty_synthetic_shape_eml_supervised_resistance_seed2",
  "run_id": "uncertainty_synthetic_shape_eml_supervised_resistance_seed2",
  "seed": 2,
  "selected_heads": [
    "linear",
    "mlp",
    "cosine_prototype",
    "eml_no_ambiguity",
    "eml_centered_ambiguity",
    "eml_supervised_resistance",
    "merc_linear",
    "merc_energy"
  ],
  "status": "COMPLETED",
  "steps_run": 125,
  "task_name": "image_uncertainty_selective_classification",
  "test_size": 1024,
  "timestamp": "2026-04-27T04:15:04Z",
  "torch_version": "2.7.1+cu118",
  "torchvision_version": "0.22.1+cu118",
  "total_train_time_sec": 4.098154783248901,
  "train_size": 4096,
  "trainable_params": 18002
}