{
  "backbone_steps": 300,
  "batch_size": 64,
  "best_metric": 0.9765625,
  "best_step": 150,
  "clean_accuracy": 0.9947916865348816,
  "clean_brier": 0.02225787378847599,
  "clean_confidence_mean": 0.9031810164451599,
  "clean_ece": 0.09273049235343933,
  "clean_nll": 0.11179598420858383,
  "clean_risk_at_100_coverage": 0.005208313465118408,
  "clean_risk_at_50_coverage": 0.0,
  "clean_risk_at_70_coverage": 0.0,
  "clean_risk_at_80_coverage": 0.0,
  "clean_risk_at_90_coverage": 0.0,
  "clean_score_name": "one_minus_confidence",
  "clean_selective_aurc": 0.00010520395881030709,
  "clean_uncertainty_mean": 0.09681898355484009,
  "clean_vs_noisy_auroc": 0.8163731694221497,
  "clean_vs_occluded_auroc": 0.6497764587402344,
  "condition_metrics_path": "reports/pluggable_primitive_real_20260427/frozen_runs/20260427_041443_uncertainty_synthetic_shape_linear_seed2/uncertainty_eval.pt",
  "cuda_available": true,
  "dataset_name": "synthetic_shape",
  "device": "cuda",
  "early_stop_min_evals": 2,
  "early_stop_patience": 4,
  "early_stop_triggered": true,
  "eval_interval": 25,
  "experiment_type": "frozen_features_uncertainty",
  "feature_dim": 64,
  "final_metric": 0.9947916865348816,
  "final_train_loss": 0.18884681165218353,
  "git_commit": "0c0b3db",
  "head_steps": 1200,
  "hostname": "user-NF5468M6",
  "metrics_json": "{\"best_metric\": 0.9765625, \"best_step\": 150, \"clean_accuracy\": 0.9947916865348816, \"clean_brier\": 0.02225787378847599, \"clean_confidence_mean\": 0.9031810164451599, \"clean_ece\": 0.09273049235343933, \"clean_nll\": 0.11179598420858383, \"clean_risk_at_100_coverage\": 0.005208313465118408, \"clean_risk_at_50_coverage\": 0.0, \"clean_risk_at_70_coverage\": 0.0, \"clean_risk_at_80_coverage\": 0.0, \"clean_risk_at_90_coverage\": 0.0, \"clean_score_name\": \"one_minus_confidence\", \"clean_selective_aurc\": 0.00010520395881030709, \"clean_uncertainty_mean\": 0.09681898355484009, \"clean_vs_noisy_auroc\": 0.8163731694221497, \"clean_vs_occluded_auroc\": 0.6497764587402344, \"condition_metrics_path\": \"reports/pluggable_primitive_real_20260427/frozen_runs/20260427_041443_uncertainty_synthetic_shape_linear_seed2/uncertainty_eval.pt\", \"early_stop_patience\": 4, \"early_stop_triggered\": true, \"final_metric\": 0.9947916865348816, \"final_train_loss\": 0.18884681165218353, \"noisy_accuracy\": 0.9296875, \"noisy_brier\": 0.12975665926933289, \"noisy_confidence_mean\": 0.8014766573905945, \"noisy_ece\": 0.1305243819952011, \"noisy_nll\": 0.31735751032829285, \"noisy_risk_at_100_coverage\": 0.0703125, \"noisy_risk_at_50_coverage\": 0.001953125, \"noisy_risk_at_70_coverage\": 0.009762883186340332, \"noisy_risk_at_80_coverage\": 0.014634132385253906, \"noisy_risk_at_90_coverage\": 0.03470712900161743, \"noisy_score_name\": \"one_minus_confidence\", \"noisy_selective_aurc\": 0.009887591004371643, \"noisy_uncertainty_mean\": 0.1985234022140503, \"occluded_accuracy\": 0.9072265625, \"occluded_brier\": 0.1359441876411438, \"occluded_confidence_mean\": 0.8274258375167847, \"occluded_ece\": 0.0964740514755249, \"occluded_nll\": 0.32492178678512573, \"occluded_risk_at_100_coverage\": 0.0927734375, \"occluded_risk_at_50_coverage\": 0.0, \"occluded_risk_at_70_coverage\": 0.0069735050201416016, \"occluded_risk_at_80_coverage\": 0.01097559928894043, \"occluded_risk_at_90_coverage\": 0.03470712900161743, \"occluded_score_name\": \"one_minus_confidence\", \"occluded_selective_aurc\": 0.009225594811141491, \"occluded_uncertainty_mean\": 0.17257414758205414, \"steps_run\": 250, \"total_train_time_sec\": 2.9259908199310303}",
  "mode": "uncertainty_benchmark",
  "model_class": "LinearHead",
  "model_name": "linear",
  "noisy_accuracy": 0.9296875,
  "noisy_brier": 0.12975665926933289,
  "noisy_confidence_mean": 0.8014766573905945,
  "noisy_ece": 0.1305243819952011,
  "noisy_nll": 0.31735751032829285,
  "noisy_risk_at_100_coverage": 0.0703125,
  "noisy_risk_at_50_coverage": 0.001953125,
  "noisy_risk_at_70_coverage": 0.009762883186340332,
  "noisy_risk_at_80_coverage": 0.014634132385253906,
  "noisy_risk_at_90_coverage": 0.03470712900161743,
  "noisy_score_name": "one_minus_confidence",
  "noisy_selective_aurc": 0.009887591004371643,
  "noisy_uncertainty_mean": 0.1985234022140503,
  "num_classes": 5,
  "num_params": 325,
  "num_workers": 0,
  "occluded_accuracy": 0.9072265625,
  "occluded_brier": 0.1359441876411438,
  "occluded_confidence_mean": 0.8274258375167847,
  "occluded_ece": 0.0964740514755249,
  "occluded_nll": 0.32492178678512573,
  "occluded_risk_at_100_coverage": 0.0927734375,
  "occluded_risk_at_50_coverage": 0.0,
  "occluded_risk_at_70_coverage": 0.0069735050201416016,
  "occluded_risk_at_80_coverage": 0.01097559928894043,
  "occluded_risk_at_90_coverage": 0.03470712900161743,
  "occluded_score_name": "one_minus_confidence",
  "occluded_selective_aurc": 0.009225594811141491,
  "occluded_uncertainty_mean": 0.17257414758205414,
  "platform": "Linux-5.4.0-216-generic-x86_64-with-glibc2.31",
  "python_version": "3.10.20",
  "reason": "",
  "run_dir": "reports/pluggable_primitive_real_20260427/frozen_runs/20260427_041443_uncertainty_synthetic_shape_linear_seed2",
  "run_id": "uncertainty_synthetic_shape_linear_seed2",
  "seed": 2,
  "selected_heads": [
    "linear",
    "mlp",
    "cosine_prototype",
    "eml_no_ambiguity",
    "eml_centered_ambiguity",
    "eml_supervised_resistance",
    "merc_linear",
    "merc_energy"
  ],
  "status": "COMPLETED",
  "steps_run": 250,
  "task_name": "image_uncertainty_selective_classification",
  "test_size": 1024,
  "timestamp": "2026-04-27T04:14:46Z",
  "torch_version": "2.7.1+cu118",
  "torchvision_version": "0.22.1+cu118",
  "total_train_time_sec": 2.9259908199310303,
  "train_size": 4096,
  "trainable_params": 325
}