{
  "ambiguity_weight": NaN,
  "attractor_entropy_weight": NaN,
  "batch_size": 4,
  "best_metric": 0.04854368790984154,
  "bits_per_char": 6.396953860874064,
  "char_accuracy": 0.0,
  "completed_steps": 2,
  "corruption_resistance_corr": 0.09129621088504791,
  "cuda_available": false,
  "dataset_name": "SyntheticTextEnergyDataset",
  "device": "cpu",
  "early_stop": false,
  "early_stop_step": "",
  "early_stop_triggered": false,
  "final_diagnostics": {
    "drive_mean": 0.0003033350221812725,
    "drive_std": 0.0898859053850174,
    "energy_mean": -0.003344085533171892,
    "energy_std": 0.010309576988220215,
    "resistance_mean": 0.1251639872789383,
    "resistance_std": 0.17029538750648499
  },
  "final_metric": 0.0,
  "final_train_accuracy": 0.0,
  "final_train_loss": 4.434030532836914,
  "git_commit": "9ce7b7d",
  "grad_norm": 3.967068672180176,
  "hostname": "Mac-mini.local",
  "learning_rate": 0.001,
  "metrics_json": "{\"ambiguity_weight\": NaN, \"attractor_entropy_weight\": NaN, \"best_metric\": 0.04854368790984154, \"bits_per_char\": 6.396953860874064, \"char_accuracy\": 0.0, \"completed_steps\": 2, \"corruption_resistance_corr\": 0.09129621088504791, \"early_stop_step\": \"\", \"early_stop_triggered\": false, \"final_diagnostics\": {\"drive_mean\": 0.0003033350221812725, \"drive_std\": 0.0898859053850174, \"energy_mean\": -0.003344085533171892, \"energy_std\": 0.010309576988220215, \"resistance_mean\": 0.1251639872789383, \"resistance_std\": 0.17029538750648499}, \"final_metric\": 0.0, \"final_train_accuracy\": 0.0, \"final_train_loss\": 4.434030532836914, \"grad_norm\": 3.967068672180176, \"learning_rate\": 0.001, \"next_token_loss\": 4.434030532836914, \"null_threshold\": NaN, \"peak_memory_mb\": 0.0, \"perplexity\": 84.27038790013975, \"precision_update_threshold\": NaN, \"responsibility_temperature\": NaN, \"step\": 2, \"step_time_sec\": 0.026515960693359375, \"token_accuracy\": 0.0, \"tokens_per_sec\": 2451.3537620486263, \"total_train_time_sec\": 0.07332515716552734, \"train_loss\": 4.434030532836914, \"wall_clock_time_sec\": 0.06552815437316895, \"warmup_eta\": 1.0}",
  "min_delta": 0.0001,
  "mode": "smoke",
  "model_name": "EMLEdgeTextLM_kan_style",
  "next_token_loss": 4.434030532836914,
  "null_threshold": NaN,
  "num_params": 53736,
  "num_workers": 0,
  "patience": 20,
  "peak_memory_mb": 0.0,
  "perplexity": 84.27038790013975,
  "platform": "macOS-15.1-arm64-arm-64bit",
  "precision_update_threshold": NaN,
  "python_version": "3.12.7",
  "reason": "",
  "responsibility_temperature": NaN,
  "run_dir": "reports/runs/20260505_123107_kan_compare_text_eml_edge",
  "run_id": "kan_compare_text_eml_edge",
  "seed": 13,
  "seq_len": 48,
  "status": "COMPLETED",
  "step": 2,
  "step_time_sec": 0.026515960693359375,
  "steps": 2,
  "task_name": "text_synthetic",
  "timestamp": "2026-05-05T12:31:07Z",
  "token_accuracy": 0.0,
  "tokens_per_sec": 2451.3537620486263,
  "torch_version": "2.10.0",
  "torchvision_version": "0.25.0",
  "total_train_time_sec": 0.07332515716552734,
  "train_loss": 4.434030532836914,
  "trainable_params": 53736,
  "wall_clock_time_sec": 0.06552815437316895,
  "warmup_eta": 1.0
}