{
  "ambiguity_weight": NaN,
  "attractor_entropy_weight": NaN,
  "batch_size": 8,
  "best_metric": 0.375,
  "completed_steps": 4,
  "cuda_available": false,
  "dataset_name": "SyntheticShapeEnergyDataset",
  "device": "cpu",
  "early_stop": false,
  "early_stop_step": "",
  "early_stop_triggered": false,
  "examples_per_sec": 315.96700440694565,
  "final_diagnostics": {
    "ambiguity_mean": 1.1883442401885986,
    "ambiguity_std": 0.4086880087852478,
    "ambiguity_weight_mean": 1.0,
    "ambiguity_weight_std": 0.0,
    "attractor_activation_mean": 0.9827268123626709,
    "attractor_activation_std": 1.5080740922712721e-05,
    "attractor_diversity": 0.031145477667450905,
    "drive_mean": 0.002229429315775633,
    "drive_std": 0.062386274337768555,
    "energy_mean": -0.22968867421150208,
    "energy_std": 0.04379355534911156,
    "null_weight_mean": 0.14286324381828308,
    "null_weight_std": 0.04540650174021721,
    "prototype_diversity_penalty_mean": 0.014189088717103004,
    "prototype_diversity_penalty_std": 0.0,
    "resistance_mean": 1.316763162612915,
    "resistance_std": 0.2176283895969391,
    "sample_uncertainty_mean": 0.6931717395782471,
    "sample_uncertainty_std": 0.0,
    "update_gate_mean": 0.09145990759134293,
    "update_gate_std": 0.005755019374191761,
    "update_strength_mean": 0.8571366667747498,
    "update_strength_std": 0.04540650174021721
  },
  "final_metric": 0.0,
  "final_train_accuracy": 0.0,
  "final_train_loss": 1.7518303394317627,
  "git_commit": "19568db",
  "grad_norm": 10.075632095336914,
  "hostname": "BMW-Pro.local",
  "learning_rate": 0.001,
  "metrics_json": "{\"ambiguity_weight\": NaN, \"attractor_entropy_weight\": NaN, \"best_metric\": 0.375, \"completed_steps\": 4, \"early_stop_step\": \"\", \"early_stop_triggered\": false, \"examples_per_sec\": 315.96700440694565, \"final_diagnostics\": {\"ambiguity_mean\": 1.1883442401885986, \"ambiguity_std\": 0.4086880087852478, \"ambiguity_weight_mean\": 1.0, \"ambiguity_weight_std\": 0.0, \"attractor_activation_mean\": 0.9827268123626709, \"attractor_activation_std\": 1.5080740922712721e-05, \"attractor_diversity\": 0.031145477667450905, \"drive_mean\": 0.002229429315775633, \"drive_std\": 0.062386274337768555, \"energy_mean\": -0.22968867421150208, \"energy_std\": 0.04379355534911156, \"null_weight_mean\": 0.14286324381828308, \"null_weight_std\": 0.04540650174021721, \"prototype_diversity_penalty_mean\": 0.014189088717103004, \"prototype_diversity_penalty_std\": 0.0, \"resistance_mean\": 1.316763162612915, \"resistance_std\": 0.2176283895969391, \"sample_uncertainty_mean\": 0.6931717395782471, \"sample_uncertainty_std\": 0.0, \"update_gate_mean\": 0.09145990759134293, \"update_gate_std\": 0.005755019374191761, \"update_strength_mean\": 0.8571366667747498, \"update_strength_std\": 0.04540650174021721}, \"final_metric\": 0.0, \"final_train_accuracy\": 0.0, \"final_train_loss\": 1.7518303394317627, \"grad_norm\": 10.075632095336914, \"learning_rate\": 0.001, \"null_threshold\": NaN, \"peak_memory_mb\": 0.0, \"precision_update_threshold\": NaN, \"resistance_noise_corr\": -0.22665823996067047, \"resistance_occlusion_corr\": 0.12375875562429428, \"responsibility_temperature\": NaN, \"step\": 4, \"step_time_sec\": 0.02531909942626953, \"top1_accuracy\": 0.0, \"top5_accuracy\": 1.0, \"total_train_time_sec\": 0.1117410659790039, \"train_accuracy\": 0.0, \"train_loss\": 1.7518303394317627, \"wall_clock_time_sec\": 0.11087512969970703, \"warmup_eta\": 1.0}",
  "min_delta": 0.0001,
  "mode": "smoke",
  "model_name": "EfficientEMLImageClassifier_no_composition",
  "null_threshold": NaN,
  "num_params": 115573,
  "num_workers": 0,
  "patience": 20,
  "peak_memory_mb": 0.0,
  "platform": "macOS-26.0-arm64-arm-64bit",
  "precision_update_threshold": NaN,
  "python_version": "3.12.12",
  "reason": "",
  "resistance_noise_corr": -0.22665823996067047,
  "resistance_occlusion_corr": 0.12375875562429428,
  "responsibility_temperature": NaN,
  "run_dir": "reports/image_representation_ablation/runs/20260424_085200_efficient_combo_no_composition_seed1",
  "run_id": "efficient_combo_no_composition_seed1",
  "seed": 1,
  "status": "COMPLETED",
  "step": 4,
  "step_time_sec": 0.02531909942626953,
  "steps": 4,
  "task_name": "image_synthetic",
  "timestamp": "2026-04-24T08:52:00Z",
  "top1_accuracy": 0.0,
  "top5_accuracy": 1.0,
  "torch_version": "2.10.0",
  "torchvision_version": "unavailable",
  "total_train_time_sec": 0.1117410659790039,
  "train_accuracy": 0.0,
  "train_loss": 1.7518303394317627,
  "trainable_params": 115573,
  "wall_clock_time_sec": 0.11087512969970703,
  "warmup_enabled": true,
  "warmup_eta": 1.0
}