{
  "batch_size": 256,
  "best_eval_accuracy": 0.3833984375,
  "best_metric": 0.3833984375,
  "completed_steps": 800,
  "cuda_available": true,
  "dataset_name": "CIFAR10",
  "device": "cuda",
  "early_stop": true,
  "early_stop_step": "",
  "early_stop_triggered": false,
  "eval_batches": 20,
  "examples_per_sec": 3766.5107690580758,
  "final_diagnostics": {
    "drive_mean": -1.0609525442123413,
    "drive_std": 3.747519016265869,
    "energy_mean": -0.16940715909004211,
    "energy_std": 0.6891821026802063,
    "gate_activation_rate": 0.4503157138824463,
    "gate_mean": 0.4503157138824463,
    "gate_std": 0.13967932760715485,
    "resistance_mean": 1.5547153949737549,
    "resistance_std": 4.723979473114014,
    "sample_uncertainty_mean": 0.00609753280878067,
    "sample_uncertainty_std": 0.004516172222793102
  },
  "final_metric": 0.3431640625,
  "final_train_accuracy": 0.375,
  "final_train_loss": 1.6664942502975464,
  "git_commit": "ae26ee9",
  "grad_norm": 2.0843183994293213,
  "hostname": "user-NF5468M6",
  "learning_rate": 0.001,
  "metrics_json": "{\"best_eval_accuracy\": 0.3833984375, \"best_metric\": 0.3833984375, \"completed_steps\": 800, \"early_stop_step\": \"\", \"early_stop_triggered\": false, \"examples_per_sec\": 3766.5107690580758, \"final_diagnostics\": {\"drive_mean\": -1.0609525442123413, \"drive_std\": 3.747519016265869, \"energy_mean\": -0.16940715909004211, \"energy_std\": 0.6891821026802063, \"gate_activation_rate\": 0.4503157138824463, \"gate_mean\": 0.4503157138824463, \"gate_std\": 0.13967932760715485, \"resistance_mean\": 1.5547153949737549, \"resistance_std\": 4.723979473114014, \"sample_uncertainty_mean\": 0.00609753280878067, \"sample_uncertainty_std\": 0.004516172222793102}, \"final_metric\": 0.3431640625, \"final_train_accuracy\": 0.375, \"final_train_loss\": 1.6664942502975464, \"grad_norm\": 2.0843183994293213, \"learning_rate\": 0.001, \"peak_memory_mb\": 4817.4462890625, \"step\": 800, \"step_time_sec\": 0.06796574592590332, \"test_accuracy\": 0.3431640625, \"test_loss\": 1.7123291432857513, \"top1_accuracy\": 0.375, \"total_train_time_sec\": 102.29234170913696, \"train_accuracy\": 0.375, \"train_loss\": 1.6664942502975464, \"val_accuracy\": 0.3431640625, \"val_loss\": 1.7123291432857513, \"wall_clock_time_sec\": 101.6867048740387}",
  "min_delta": 0.001,
  "mode": "cifar-medium",
  "model_name": "pure_eml_v2",
  "num_params": 220228,
  "patience": 6,
  "peak_memory_mb": 4817.4462890625,
  "platform": "Linux-5.4.0-216-generic-x86_64-with-glibc2.31",
  "python_version": "3.10.20",
  "reason": "",
  "run_dir": "reports/runs_server_ablation_20260424_150157/20260424_070537_cifar_pure_eml_v2",
  "run_id": "cifar_pure_eml_v2",
  "seed": 2,
  "status": "COMPLETED",
  "step": 800,
  "step_time_sec": 0.06796574592590332,
  "steps": 800,
  "task_name": "image_cifar",
  "test_accuracy": 0.3431640625,
  "test_loss": 1.7123291432857513,
  "timestamp": "2026-04-24T07:07:21Z",
  "top1_accuracy": 0.375,
  "torch_version": "2.7.1+cu118",
  "torchvision_version": "0.22.1+cu118",
  "total_train_time_sec": 102.29234170913696,
  "train_accuracy": 0.375,
  "train_loss": 1.6664942502975464,
  "trainable_params": 220228,
  "val_accuracy": 0.3431640625,
  "val_loss": 1.7123291432857513,
  "wall_clock_time_sec": 101.6867048740387
}