{
  "batch_size": 64,
  "best_metric": 0.5390625,
  "best_step": 300,
  "best_val_accuracy": 0.5390625,
  "cuda_available": true,
  "dataset_name": "cifar10",
  "device": "cuda",
  "early_stop_triggered": false,
  "experiment_type": "frozen_features",
  "feature_dim": 64,
  "features_dir": "reports/head_ablation/features/cifar10_medium_seed0",
  "final_metric": 0.515625,
  "final_train_accuracy": 0.578125,
  "final_train_loss": 1.2808754444122314,
  "git_commit": "unknown",
  "hostname": "user-NF5468M6",
  "lr": 0.001,
  "metrics_json": "{\"best_metric\": 0.5390625, \"best_step\": 300, \"best_val_accuracy\": 0.5390625, \"early_stop_triggered\": false, \"final_metric\": 0.515625, \"final_train_accuracy\": 0.578125, \"final_train_loss\": 1.2808754444122314, \"steps_run\": 300, \"test_accuracy\": 0.515625, \"test_ambiguity_mean\": 0.14659136533737183, \"test_brier\": 0.645702600479126, \"test_class_resistance_mean\": 0.20098339021205902, \"test_conflict_resistance_corr\": NaN, \"test_ece\": 0.08769204467535019, \"test_hard_negative_drive_mean\": 5.499000549316406, \"test_hard_negative_logit_mean\": 1.9402601718902588, \"test_hard_negative_resistance_mean\": 0.7624726891517639, \"test_loss\": 1.4750568866729736, \"test_margin_mean\": -0.17159488797187805, \"test_nll\": 1.4750568866729736, \"test_positive_drive_mean\": 5.221360206604004, \"test_positive_logit_mean\": 1.7686653137207031, \"test_positive_resistance_mean\": 0.677577793598175, \"test_precision_mean\": NaN, \"test_resistance_noise_corr\": NaN, \"test_resistance_occlusion_corr\": NaN, \"test_sample_uncertainty_mean\": 0.5524272918701172, \"test_support_evidence_corr\": NaN, \"test_update_gate_mean\": NaN, \"total_train_time_sec\": 6.545288324356079, \"val_accuracy\": 0.5390625, \"val_ambiguity_mean\": 0.14694109559059143, \"val_brier\": 0.6418652534484863, \"val_class_resistance_mean\": 0.20098339021205902, \"val_conflict_resistance_corr\": NaN, \"val_ece\": 0.0902264416217804, \"val_hard_negative_drive_mean\": 5.535857677459717, \"val_hard_negative_logit_mean\": 1.9368321895599365, \"val_hard_negative_resistance_mean\": 0.7585299015045166, \"val_loss\": 1.4668856859207153, \"val_margin_mean\": -0.15339332818984985, \"val_nll\": 1.4668856859207153, \"val_positive_drive_mean\": 5.187711238861084, \"val_positive_logit_mean\": 1.7834389209747314, \"val_positive_resistance_mean\": 0.6846715211868286, \"val_precision_mean\": NaN, \"val_resistance_noise_corr\": NaN, \"val_resistance_occlusion_corr\": NaN, \"val_sample_uncertainty_mean\": 0.549454391002655, \"val_support_evidence_corr\": NaN, \"val_update_gate_mean\": NaN}",
  "mode": "head_ablation",
  "model_class": "EMLPrototypeHeadCenteredAmbiguity",
  "model_name": "eml_centered_ambiguity",
  "num_classes": 10,
  "num_params": 18977,
  "pairwise_margin": 0.0,
  "pairwise_weight": 0.0,
  "platform": "Linux-5.4.0-216-generic-x86_64-with-glibc2.31",
  "python_version": "3.10.20",
  "reason": "",
  "run_dir": "reports/merc_head_ablation/runs/20260425_030236_frozen_cifar10_eml_centered_ambiguity_seed0",
  "run_id": "frozen_cifar10_eml_centered_ambiguity_seed0",
  "seed": 0,
  "status": "COMPLETED",
  "steps": 300,
  "steps_run": 300,
  "task_name": "image_classification",
  "test_accuracy": 0.515625,
  "test_ambiguity_mean": 0.14659136533737183,
  "test_brier": 0.645702600479126,
  "test_class_resistance_mean": 0.20098339021205902,
  "test_conflict_resistance_corr": NaN,
  "test_ece": 0.08769204467535019,
  "test_hard_negative_drive_mean": 5.499000549316406,
  "test_hard_negative_logit_mean": 1.9402601718902588,
  "test_hard_negative_resistance_mean": 0.7624726891517639,
  "test_loss": 1.4750568866729736,
  "test_margin_mean": -0.17159488797187805,
  "test_nll": 1.4750568866729736,
  "test_positive_drive_mean": 5.221360206604004,
  "test_positive_logit_mean": 1.7686653137207031,
  "test_positive_resistance_mean": 0.677577793598175,
  "test_precision_mean": NaN,
  "test_resistance_noise_corr": NaN,
  "test_resistance_occlusion_corr": NaN,
  "test_sample_uncertainty_mean": 0.5524272918701172,
  "test_support_evidence_corr": NaN,
  "test_update_gate_mean": NaN,
  "timestamp": "2026-04-25T03:02:42Z",
  "torch_version": "2.7.1+cu118",
  "torchvision_version": "0.22.1+cu118",
  "total_train_time_sec": 6.545288324356079,
  "trainable_params": 18977,
  "val_accuracy": 0.5390625,
  "val_ambiguity_mean": 0.14694109559059143,
  "val_brier": 0.6418652534484863,
  "val_class_resistance_mean": 0.20098339021205902,
  "val_conflict_resistance_corr": NaN,
  "val_ece": 0.0902264416217804,
  "val_hard_negative_drive_mean": 5.535857677459717,
  "val_hard_negative_logit_mean": 1.9368321895599365,
  "val_hard_negative_resistance_mean": 0.7585299015045166,
  "val_loss": 1.4668856859207153,
  "val_margin_mean": -0.15339332818984985,
  "val_nll": 1.4668856859207153,
  "val_positive_drive_mean": 5.187711238861084,
  "val_positive_logit_mean": 1.7834389209747314,
  "val_positive_resistance_mean": 0.6846715211868286,
  "val_precision_mean": NaN,
  "val_resistance_noise_corr": NaN,
  "val_resistance_occlusion_corr": NaN,
  "val_sample_uncertainty_mean": 0.549454391002655,
  "val_support_evidence_corr": NaN,
  "val_update_gate_mean": NaN
}