{
  "batch_size": 32,
  "best_metric": 0.1953125,
  "best_step": 20,
  "best_val_accuracy": 0.1953125,
  "cuda_available": false,
  "dataset_name": "synthetic_shape",
  "device": "cpu",
  "early_stop_triggered": false,
  "experiment_type": "end_to_end",
  "feature_dim": 64,
  "final_metric": 0.1953125,
  "final_train_accuracy": 0.125,
  "final_train_loss": 1.6540964841842651,
  "git_commit": "3d40f93",
  "head_name": "merc_linear",
  "hostname": "BMW-Pro.local",
  "loss_mode": "ce",
  "lr": 0.001,
  "metrics_json": "{\"best_metric\": 0.1953125, \"best_step\": 20, \"best_val_accuracy\": 0.1953125, \"early_stop_triggered\": false, \"final_metric\": 0.1953125, \"final_train_accuracy\": 0.125, \"final_train_loss\": 1.6540964841842651, \"steps_run\": 30, \"test_accuracy\": 0.1953125, \"test_ambiguity_mean\": NaN, \"test_brier\": 1.0584238767623901, \"test_class_resistance_mean\": NaN, \"test_ece\": 0.422687828540802, \"test_hard_negative_drive_mean\": 0.05034051463007927, \"test_hard_negative_logit_mean\": 1.5301827192306519, \"test_hard_negative_resistance_mean\": 0.7258071899414062, \"test_loss\": 2.297210454940796, \"test_margin_mean\": -1.6473510265350342, \"test_nll\": 2.297210454940796, \"test_positive_drive_mean\": -0.03162485361099243, \"test_positive_logit_mean\": -0.11716827750205994, \"test_positive_resistance_mean\": 0.7078239321708679, \"test_resistance_noise_corr\": 0.04914560914039612, \"test_resistance_occlusion_corr\": -0.04583155736327171, \"test_sample_uncertainty_mean\": NaN, \"total_train_time_sec\": 3.1336472034454346, \"val_accuracy\": 0.1953125, \"val_ambiguity_mean\": NaN, \"val_brier\": 1.0663487911224365, \"val_class_resistance_mean\": NaN, \"val_ece\": 0.4227104187011719, \"val_hard_negative_drive_mean\": 0.050343748182058334, \"val_hard_negative_logit_mean\": 1.5302863121032715, \"val_hard_negative_resistance_mean\": 0.7258097529411316, \"val_loss\": 2.3393938541412354, \"val_margin_mean\": -1.6895607709884644, \"val_nll\": 2.3393938541412354, \"val_positive_drive_mean\": -0.03562266752123833, \"val_positive_logit_mean\": -0.15927447378635406, \"val_positive_resistance_mean\": 0.7080313563346863, \"val_resistance_noise_corr\": -0.035096511244773865, \"val_resistance_occlusion_corr\": 0.13976815342903137, \"val_sample_uncertainty_mean\": NaN}",
  "mode": "head_ablation",
  "model_class": "CNNHeadModel",
  "model_name": "merc_linear",
  "num_classes": 5,
  "num_params": 240478,
  "pairwise_margin": 0.0,
  "pairwise_weight": 0.0,
  "platform": "macOS-26.0-arm64-arm-64bit",
  "python_version": "3.12.12",
  "reason": "",
  "run_dir": "reports/head_ablation/runs/20260425_025730_e2e_synthetic_shape_merc_linear_ce_seed1",
  "run_id": "e2e_synthetic_shape_merc_linear_ce_seed1",
  "seed": 1,
  "status": "COMPLETED",
  "steps": 30,
  "steps_run": 30,
  "task_name": "image_classification",
  "test_accuracy": 0.1953125,
  "test_ambiguity_mean": NaN,
  "test_brier": 1.0584238767623901,
  "test_class_resistance_mean": NaN,
  "test_ece": 0.422687828540802,
  "test_hard_negative_drive_mean": 0.05034051463007927,
  "test_hard_negative_logit_mean": 1.5301827192306519,
  "test_hard_negative_resistance_mean": 0.7258071899414062,
  "test_loss": 2.297210454940796,
  "test_margin_mean": -1.6473510265350342,
  "test_nll": 2.297210454940796,
  "test_positive_drive_mean": -0.03162485361099243,
  "test_positive_logit_mean": -0.11716827750205994,
  "test_positive_resistance_mean": 0.7078239321708679,
  "test_resistance_noise_corr": 0.04914560914039612,
  "test_resistance_occlusion_corr": -0.04583155736327171,
  "test_sample_uncertainty_mean": NaN,
  "timestamp": "2026-04-25T02:57:33Z",
  "torch_version": "2.10.0",
  "torchvision_version": "unavailable",
  "total_train_time_sec": 3.1336472034454346,
  "trainable_params": 240478,
  "use_eml_residual_bank": false,
  "use_merc_block": false,
  "val_accuracy": 0.1953125,
  "val_ambiguity_mean": NaN,
  "val_brier": 1.0663487911224365,
  "val_class_resistance_mean": NaN,
  "val_ece": 0.4227104187011719,
  "val_hard_negative_drive_mean": 0.050343748182058334,
  "val_hard_negative_logit_mean": 1.5302863121032715,
  "val_hard_negative_resistance_mean": 0.7258097529411316,
  "val_loss": 2.3393938541412354,
  "val_margin_mean": -1.6895607709884644,
  "val_nll": 2.3393938541412354,
  "val_positive_drive_mean": -0.03562266752123833,
  "val_positive_logit_mean": -0.15927447378635406,
  "val_positive_resistance_mean": 0.7080313563346863,
  "val_resistance_noise_corr": -0.035096511244773865,
  "val_resistance_occlusion_corr": 0.13976815342903137,
  "val_sample_uncertainty_mean": NaN
}