{
  "best_metric": 0.9873046875,
  "best_step": 425,
  "clean_accuracy": 0.9873046875,
  "clean_aurc": 0.019455745816230774,
  "clean_ece": 0.03491472452878952,
  "clean_resistance_noise_corr": -2.1191168819711947e-09,
  "clean_resistance_occlusion_corr": NaN,
  "clean_vs_noisy_auroc": 0.49980640411376953,
  "clean_vs_occluded_auroc": 0.5558433532714844,
  "cuda_available": true,
  "dataset_name": "synthetic_shape_uncertainty",
  "device": "cuda",
  "early_stop_triggered": true,
  "final_metric": 0.9873046875,
  "git_commit": "0c0b3db",
  "hostname": "user-NF5468M6",
  "metrics_json": "{\"best_metric\": 0.9873046875, \"best_step\": 425, \"clean_accuracy\": 0.9873046875, \"clean_aurc\": 0.019455745816230774, \"clean_ece\": 0.03491472452878952, \"clean_resistance_noise_corr\": -2.1191168819711947e-09, \"clean_resistance_occlusion_corr\": NaN, \"clean_vs_noisy_auroc\": 0.49980640411376953, \"clean_vs_occluded_auroc\": 0.5558433532714844, \"early_stop_triggered\": true, \"final_metric\": 0.9873046875, \"noisy_accuracy\": 0.9287109375, \"noisy_aurc\": 0.12816332280635834, \"noisy_ece\": 0.031877510249614716, \"noisy_resistance_noise_corr\": NaN, \"noisy_resistance_occlusion_corr\": NaN, \"occluded_accuracy\": 0.849609375, \"occluded_aurc\": 0.17046445608139038, \"occluded_ece\": 0.04977835714817047, \"occluded_resistance_noise_corr\": 2.299071155675847e-08, \"occluded_resistance_occlusion_corr\": 0.2286483496427536, \"steps_run\": 525, \"total_train_time_sec\": 54.99292755126953}",
  "mode": "medium",
  "model_name": "cnn_merc_energy",
  "noisy_accuracy": 0.9287109375,
  "noisy_aurc": 0.12816332280635834,
  "noisy_ece": 0.031877510249614716,
  "noisy_resistance_noise_corr": NaN,
  "noisy_resistance_occlusion_corr": NaN,
  "occluded_accuracy": 0.849609375,
  "occluded_aurc": 0.17046445608139038,
  "occluded_ece": 0.04977835714817047,
  "occluded_resistance_noise_corr": 2.299071155675847e-08,
  "occluded_resistance_occlusion_corr": 0.2286483496427536,
  "platform": "Linux-5.4.0-216-generic-x86_64-with-glibc2.31",
  "python_version": "3.10.20",
  "reason": "",
  "run_dir": "reports/pluggable_primitive_real_20260427/end_to_end_runs/20260427_050600_uncertainty_e2e_synthetic_shape_uncertainty_cnn_merc_energy_seed2",
  "run_id": "uncertainty_e2e_synthetic_shape_uncertainty_cnn_merc_energy_seed2",
  "seed": 2,
  "status": "COMPLETED",
  "steps_run": 525,
  "task_name": "end_to_end_uncertainty",
  "timestamp": "2026-04-27T05:06:55Z",
  "torch_version": "2.7.1+cu118",
  "torchvision_version": "0.22.1+cu118",
  "total_train_time_sec": 54.99292755126953
}