{
  "best_metric": 0.9853515625,
  "best_step": 200,
  "clean_accuracy": 0.9853515625,
  "clean_aurc": 0.010950160212814808,
  "clean_ece": 0.106401726603508,
  "clean_resistance_noise_corr": 5.944403724811309e-08,
  "clean_resistance_occlusion_corr": NaN,
  "clean_vs_noisy_auroc": 0.9201450347900391,
  "clean_vs_occluded_auroc": 0.6227083206176758,
  "cuda_available": true,
  "dataset_name": "synthetic_shape_uncertainty",
  "device": "cuda",
  "early_stop_triggered": true,
  "final_metric": 0.9853515625,
  "git_commit": "0c0b3db",
  "hostname": "user-NF5468M6",
  "metrics_json": "{\"best_metric\": 0.9853515625, \"best_step\": 200, \"clean_accuracy\": 0.9853515625, \"clean_aurc\": 0.010950160212814808, \"clean_ece\": 0.106401726603508, \"clean_resistance_noise_corr\": 5.944403724811309e-08, \"clean_resistance_occlusion_corr\": NaN, \"clean_vs_noisy_auroc\": 0.9201450347900391, \"clean_vs_occluded_auroc\": 0.6227083206176758, \"early_stop_triggered\": true, \"final_metric\": 0.9853515625, \"noisy_accuracy\": 0.9658203125, \"noisy_aurc\": 0.006909526884555817, \"noisy_ece\": 0.09618145227432251, \"noisy_resistance_noise_corr\": NaN, \"noisy_resistance_occlusion_corr\": NaN, \"occluded_accuracy\": 0.859375, \"occluded_aurc\": 0.07217055559158325, \"occluded_ece\": 0.0555153526365757, \"occluded_resistance_noise_corr\": 5.998939656137736e-08, \"occluded_resistance_occlusion_corr\": 0.6780527234077454, \"steps_run\": 300, \"total_train_time_sec\": 32.377445936203}",
  "mode": "medium",
  "model_name": "cnn_cosine_eml_aux_resistance",
  "noisy_accuracy": 0.9658203125,
  "noisy_aurc": 0.006909526884555817,
  "noisy_ece": 0.09618145227432251,
  "noisy_resistance_noise_corr": NaN,
  "noisy_resistance_occlusion_corr": NaN,
  "occluded_accuracy": 0.859375,
  "occluded_aurc": 0.07217055559158325,
  "occluded_ece": 0.0555153526365757,
  "occluded_resistance_noise_corr": 5.998939656137736e-08,
  "occluded_resistance_occlusion_corr": 0.6780527234077454,
  "platform": "Linux-5.4.0-216-generic-x86_64-with-glibc2.31",
  "python_version": "3.10.20",
  "reason": "",
  "run_dir": "reports/pluggable_primitive_real_20260427/end_to_end_runs/20260427_042936_uncertainty_e2e_synthetic_shape_uncertainty_cnn_cosine_eml_aux_resistance_seed2",
  "run_id": "uncertainty_e2e_synthetic_shape_uncertainty_cnn_cosine_eml_aux_resistance_seed2",
  "seed": 2,
  "status": "COMPLETED",
  "steps_run": 300,
  "task_name": "end_to_end_uncertainty",
  "timestamp": "2026-04-27T04:30:08Z",
  "torch_version": "2.7.1+cu118",
  "torchvision_version": "0.22.1+cu118",
  "total_train_time_sec": 32.377445936203
}