{
  "ambiguity_weight": NaN,
  "attractor_entropy_weight": NaN,
  "batch_size": 8,
  "best_metric": 0.21022726595401764,
  "bits_per_char": 6.279995339328303,
  "char_accuracy": 0.21022726595401764,
  "completed_steps": 4,
  "corruption_resistance_corr": -0.007225173991173506,
  "cuda_available": false,
  "dataset_name": "SyntheticTextEnergyDataset",
  "device": "cpu",
  "early_stop": false,
  "early_stop_step": "",
  "early_stop_triggered": false,
  "final_diagnostics": {
    "attractor_activation_mean": 0.5,
    "attractor_activation_std": 0.5,
    "attractor_diversity": 0.9716184139251709,
    "drive_mean": 0.029433060437440872,
    "drive_std": 0.3813468813896179,
    "energy_mean": -0.08011577278375626,
    "energy_std": 0.1066993996500969,
    "null_weight_mean": 0.6203582286834717,
    "null_weight_std": 0.4143337309360504,
    "resistance_mean": 1.5853403806686401,
    "resistance_std": 0.22909015417099,
    "update_gate_mean": 0.03984721750020981,
    "update_gate_std": 0.04384664446115494,
    "update_strength_mean": 0.3873468339443207,
    "update_strength_std": 0.42433398962020874
  },
  "final_metric": 0.21022726595401764,
  "final_train_accuracy": 0.21022726595401764,
  "final_train_loss": 4.35296106338501,
  "git_commit": "19568db",
  "grad_norm": 2.0848379135131836,
  "hostname": "BMW-Pro.local",
  "learning_rate": 0.001,
  "metrics_json": "{\"ambiguity_weight\": NaN, \"attractor_entropy_weight\": NaN, \"best_metric\": 0.21022726595401764, \"bits_per_char\": 6.279995339328303, \"char_accuracy\": 0.21022726595401764, \"completed_steps\": 4, \"corruption_resistance_corr\": -0.007225173991173506, \"early_stop_step\": \"\", \"early_stop_triggered\": false, \"final_diagnostics\": {\"attractor_activation_mean\": 0.5, \"attractor_activation_std\": 0.5, \"attractor_diversity\": 0.9716184139251709, \"drive_mean\": 0.029433060437440872, \"drive_std\": 0.3813468813896179, \"energy_mean\": -0.08011577278375626, \"energy_std\": 0.1066993996500969, \"null_weight_mean\": 0.6203582286834717, \"null_weight_std\": 0.4143337309360504, \"resistance_mean\": 1.5853403806686401, \"resistance_std\": 0.22909015417099, \"update_gate_mean\": 0.03984721750020981, \"update_gate_std\": 0.04384664446115494, \"update_strength_mean\": 0.3873468339443207, \"update_strength_std\": 0.42433398962020874}, \"final_metric\": 0.21022726595401764, \"final_train_accuracy\": 0.21022726595401764, \"final_train_loss\": 4.35296106338501, \"grad_norm\": 2.0848379135131836, \"learning_rate\": 0.001, \"next_token_loss\": 4.35296106338501, \"null_threshold\": NaN, \"peak_memory_mb\": 0.0, \"perplexity\": 77.70822156202408, \"precision_update_threshold\": NaN, \"responsibility_temperature\": NaN, \"step\": 4, \"step_time_sec\": 0.008311748504638672, \"token_accuracy\": 0.21022726595401764, \"tokens_per_sec\": 21174.846652515633, \"total_train_time_sec\": 0.047743797302246094, \"train_loss\": 4.35296106338501, \"wall_clock_time_sec\": 0.04704403877258301, \"warmup_eta\": 1.0}",
  "min_delta": 0.0001,
  "mode": "smoke",
  "model_name": "EfficientEMLTextEncoder_window8_chunk",
  "next_token_loss": 4.35296106338501,
  "null_threshold": NaN,
  "num_params": 72752,
  "num_workers": 0,
  "patience": 20,
  "peak_memory_mb": 0.0,
  "perplexity": 77.70822156202408,
  "platform": "macOS-26.0-arm64-arm-64bit",
  "precision_update_threshold": NaN,
  "python_version": "3.12.12",
  "reason": "",
  "responsibility_temperature": NaN,
  "run_dir": "reports/text_representation_ablation/runs/20260424_085214_efficient_window8_chunk_seed0",
  "run_id": "efficient_window8_chunk_seed0",
  "seed": 0,
  "seq_len": 48,
  "status": "COMPLETED",
  "step": 4,
  "step_time_sec": 0.008311748504638672,
  "steps": 4,
  "task_name": "text_synthetic",
  "timestamp": "2026-04-24T08:52:14Z",
  "token_accuracy": 0.21022726595401764,
  "tokens_per_sec": 21174.846652515633,
  "torch_version": "2.10.0",
  "torchvision_version": "unavailable",
  "total_train_time_sec": 0.047743797302246094,
  "train_loss": 4.35296106338501,
  "trainable_params": 72752,
  "wall_clock_time_sec": 0.04704403877258301,
  "warmup_eta": 1.0
}