{
  "batch_size": 64,
  "best_metric": 0.421875,
  "best_step": 200,
  "best_val_accuracy": 0.421875,
  "cuda_available": true,
  "dataset_name": "cifar10",
  "device": "cuda",
  "experiment_type": "end_to_end",
  "feature_dim": 64,
  "final_metric": 0.3984375,
  "final_train_accuracy": 0.53125,
  "final_train_loss": 1.3460737466812134,
  "git_commit": "unknown",
  "head_name": "eml_centered_ambiguity",
  "hostname": "user-NF5468M6",
  "loss_mode": "ce_pairwise",
  "lr": 0.001,
  "metrics_json": "{\"best_metric\": 0.421875, \"best_step\": 200, \"best_val_accuracy\": 0.421875, \"final_metric\": 0.3984375, \"final_train_accuracy\": 0.53125, \"final_train_loss\": 1.3460737466812134, \"test_accuracy\": 0.3984375, \"test_ambiguity_mean\": 1.1121383905410767, \"test_brier\": 0.7384911775588989, \"test_class_resistance_mean\": 0.20031563937664032, \"test_ece\": 0.0518992617726326, \"test_hard_negative_drive_mean\": 5.948855400085449, \"test_hard_negative_logit_mean\": 2.1280086040496826, \"test_hard_negative_resistance_mean\": 0.9240419864654541, \"test_loss\": 1.7194805145263672, \"test_margin_mean\": -0.5069599747657776, \"test_nll\": 1.7194805145263672, \"test_positive_drive_mean\": 4.430096626281738, \"test_positive_logit_mean\": 1.6210486888885498, \"test_positive_resistance_mean\": 0.9941087961196899, \"test_resistance_noise_corr\": NaN, \"test_resistance_occlusion_corr\": NaN, \"test_sample_uncertainty_mean\": 0.003204075386747718, \"total_train_time_sec\": 12.490394353866577, \"val_accuracy\": 0.365234375, \"val_ambiguity_mean\": 1.1133992671966553, \"val_brier\": 0.7562737464904785, \"val_class_resistance_mean\": 0.20031563937664032, \"val_ece\": 0.058934617787599564, \"val_hard_negative_drive_mean\": 6.1866350173950195, \"val_hard_negative_logit_mean\": 2.2050414085388184, \"val_hard_negative_resistance_mean\": 0.8786669373512268, \"val_loss\": 1.7270511388778687, \"val_margin_mean\": -0.5749474763870239, \"val_nll\": 1.7270511388778687, \"val_positive_drive_mean\": 4.432823657989502, \"val_positive_logit_mean\": 1.630094051361084, \"val_positive_resistance_mean\": 1.032720923423767, \"val_resistance_noise_corr\": NaN, \"val_resistance_occlusion_corr\": NaN, \"val_sample_uncertainty_mean\": 0.003419645130634308}",
  "mode": "head_ablation",
  "model_class": "CNNHeadModel",
  "model_name": "eml_bank_centered_ambiguity",
  "num_classes": 10,
  "num_params": 221443,
  "pairwise_margin": 0.0,
  "pairwise_weight": 0.05,
  "platform": "Linux-5.4.0-216-generic-x86_64-with-glibc2.31",
  "python_version": "3.10.20",
  "reason": "",
  "run_dir": "reports/real_cifar_20260424_165937/runs/20260424_090642_e2e_cifar10_eml_bank_centered_ambiguity_ce_pairwise_seed2",
  "run_id": "e2e_cifar10_eml_bank_centered_ambiguity_ce_pairwise_seed2",
  "seed": 2,
  "status": "COMPLETED",
  "steps": 300,
  "task_name": "image_classification",
  "test_accuracy": 0.3984375,
  "test_ambiguity_mean": 1.1121383905410767,
  "test_brier": 0.7384911775588989,
  "test_class_resistance_mean": 0.20031563937664032,
  "test_ece": 0.0518992617726326,
  "test_hard_negative_drive_mean": 5.948855400085449,
  "test_hard_negative_logit_mean": 2.1280086040496826,
  "test_hard_negative_resistance_mean": 0.9240419864654541,
  "test_loss": 1.7194805145263672,
  "test_margin_mean": -0.5069599747657776,
  "test_nll": 1.7194805145263672,
  "test_positive_drive_mean": 4.430096626281738,
  "test_positive_logit_mean": 1.6210486888885498,
  "test_positive_resistance_mean": 0.9941087961196899,
  "test_resistance_noise_corr": NaN,
  "test_resistance_occlusion_corr": NaN,
  "test_sample_uncertainty_mean": 0.003204075386747718,
  "timestamp": "2026-04-24T09:06:55Z",
  "torch_version": "2.7.1+cu118",
  "torchvision_version": "0.22.1+cu118",
  "total_train_time_sec": 12.490394353866577,
  "trainable_params": 221443,
  "use_eml_residual_bank": true,
  "val_accuracy": 0.365234375,
  "val_ambiguity_mean": 1.1133992671966553,
  "val_brier": 0.7562737464904785,
  "val_class_resistance_mean": 0.20031563937664032,
  "val_ece": 0.058934617787599564,
  "val_hard_negative_drive_mean": 6.1866350173950195,
  "val_hard_negative_logit_mean": 2.2050414085388184,
  "val_hard_negative_resistance_mean": 0.8786669373512268,
  "val_loss": 1.7270511388778687,
  "val_margin_mean": -0.5749474763870239,
  "val_nll": 1.7270511388778687,
  "val_positive_drive_mean": 4.432823657989502,
  "val_positive_logit_mean": 1.630094051361084,
  "val_positive_resistance_mean": 1.032720923423767,
  "val_resistance_noise_corr": NaN,
  "val_resistance_occlusion_corr": NaN,
  "val_sample_uncertainty_mean": 0.003419645130634308
}