{
  "backbone_steps": 300,
  "batch_size": 64,
  "best_metric": 0.984375,
  "best_step": 100,
  "clean_accuracy": 0.9934895634651184,
  "clean_brier": 0.011302829720079899,
  "clean_confidence_mean": 0.992991030216217,
  "clean_conflict_resistance_corr": NaN,
  "clean_conflict_score_mean": 0.747175931930542,
  "clean_ece": 0.004335001576691866,
  "clean_nll": 0.029496824368834496,
  "clean_positive_resistance_mean": 0.6803633570671082,
  "clean_resistance_noise_corr": 8.654084382442306e-08,
  "clean_resistance_occlusion_corr": NaN,
  "clean_risk_at_100_coverage": 0.006510436534881592,
  "clean_risk_at_50_coverage": 0.010416686534881592,
  "clean_risk_at_70_coverage": 0.007434964179992676,
  "clean_risk_at_80_coverage": 0.006504058837890625,
  "clean_risk_at_90_coverage": 0.005780339241027832,
  "clean_score_name": "positive_resistance",
  "clean_selective_aurc": 0.006122969090938568,
  "clean_support_score_mean": 1.1938985586166382,
  "clean_uncertainty_mean": 0.6803633570671082,
  "clean_vs_noisy_auroc": 0.48777899146080017,
  "clean_vs_occluded_auroc": 0.509649932384491,
  "condition_metrics_path": "reports/pluggable_primitive_real_20260427/frozen_runs/20260427_041412_uncertainty_synthetic_shape_merc_linear_seed1/uncertainty_eval.pt",
  "cuda_available": true,
  "dataset_name": "synthetic_shape",
  "device": "cuda",
  "early_stop_min_evals": 2,
  "early_stop_patience": 4,
  "early_stop_triggered": true,
  "eval_interval": 25,
  "experiment_type": "frozen_features_uncertainty",
  "feature_dim": 64,
  "final_metric": 0.9934895634651184,
  "final_train_loss": 0.0770513042807579,
  "git_commit": "0c0b3db",
  "head_steps": 1200,
  "hostname": "user-NF5468M6",
  "metrics_json": "{\"best_metric\": 0.984375, \"best_step\": 100, \"clean_accuracy\": 0.9934895634651184, \"clean_brier\": 0.011302829720079899, \"clean_confidence_mean\": 0.992991030216217, \"clean_conflict_resistance_corr\": NaN, \"clean_conflict_score_mean\": 0.747175931930542, \"clean_ece\": 0.004335001576691866, \"clean_nll\": 0.029496824368834496, \"clean_positive_resistance_mean\": 0.6803633570671082, \"clean_resistance_noise_corr\": 8.654084382442306e-08, \"clean_resistance_occlusion_corr\": NaN, \"clean_risk_at_100_coverage\": 0.006510436534881592, \"clean_risk_at_50_coverage\": 0.010416686534881592, \"clean_risk_at_70_coverage\": 0.007434964179992676, \"clean_risk_at_80_coverage\": 0.006504058837890625, \"clean_risk_at_90_coverage\": 0.005780339241027832, \"clean_score_name\": \"positive_resistance\", \"clean_selective_aurc\": 0.006122969090938568, \"clean_support_score_mean\": 1.1938985586166382, \"clean_uncertainty_mean\": 0.6803633570671082, \"clean_vs_noisy_auroc\": 0.48777899146080017, \"clean_vs_occluded_auroc\": 0.509649932384491, \"condition_metrics_path\": \"reports/pluggable_primitive_real_20260427/frozen_runs/20260427_041412_uncertainty_synthetic_shape_merc_linear_seed1/uncertainty_eval.pt\", \"early_stop_patience\": 4, \"early_stop_triggered\": true, \"final_metric\": 0.9934895634651184, \"final_train_loss\": 0.0770513042807579, \"noisy_accuracy\": 0.9853515625, \"noisy_brier\": 0.02538413181900978, \"noisy_confidence_mean\": 0.9890761375427246, \"noisy_conflict_resistance_corr\": 3.8457315554296656e-08, \"noisy_conflict_score_mean\": 0.7336467504501343, \"noisy_ece\": 0.008884841576218605, \"noisy_nll\": 0.07099927216768265, \"noisy_positive_resistance_mean\": 0.6787354350090027, \"noisy_resistance_noise_corr\": NaN, \"noisy_resistance_occlusion_corr\": NaN, \"noisy_risk_at_100_coverage\": 0.0146484375, \"noisy_risk_at_50_coverage\": 0.01953125, \"noisy_risk_at_70_coverage\": 0.013947010040283203, \"noisy_risk_at_80_coverage\": 0.012195110321044922, \"noisy_risk_at_90_coverage\": 0.015184402465820312, \"noisy_score_name\": \"positive_resistance\", \"noisy_selective_aurc\": 0.011599039658904076, \"noisy_support_score_mean\": 1.2546725273132324, \"noisy_uncertainty_mean\": 0.6787354350090027, \"occluded_accuracy\": 0.8994140625, \"occluded_brier\": 0.13544780015945435, \"occluded_confidence_mean\": 0.9421062469482422, \"occluded_conflict_resistance_corr\": -0.19555425643920898, \"occluded_conflict_score_mean\": 0.7317755818367004, \"occluded_ece\": 0.04388686269521713, \"occluded_nll\": 0.3230224847793579, \"occluded_positive_resistance_mean\": 0.6984022259712219, \"occluded_resistance_noise_corr\": -9.306983628221133e-08, \"occluded_resistance_occlusion_corr\": 0.05184294283390045, \"occluded_risk_at_100_coverage\": 0.1005859375, \"occluded_risk_at_50_coverage\": 0.16015625, \"occluded_risk_at_70_coverage\": 0.11854952573776245, \"occluded_risk_at_80_coverage\": 0.11341464519500732, \"occluded_risk_at_90_coverage\": 0.10303688049316406, \"occluded_score_name\": \"positive_resistance\", \"occluded_selective_aurc\": 0.09027174115180969, \"occluded_support_score_mean\": 1.1355351209640503, \"occluded_uncertainty_mean\": 0.6984022259712219, \"pooled_conflict_resistance_corr\": -0.061764031648635864, \"pooled_resistance_noise_corr\": -0.02260473556816578, \"pooled_resistance_occlusion_corr\": 0.04392644017934799, \"steps_run\": 200, \"total_train_time_sec\": 7.326479434967041}",
  "mode": "uncertainty_benchmark",
  "model_class": "MERCHeadLinearReadout",
  "model_name": "merc_linear",
  "noisy_accuracy": 0.9853515625,
  "noisy_brier": 0.02538413181900978,
  "noisy_confidence_mean": 0.9890761375427246,
  "noisy_conflict_resistance_corr": 3.8457315554296656e-08,
  "noisy_conflict_score_mean": 0.7336467504501343,
  "noisy_ece": 0.008884841576218605,
  "noisy_nll": 0.07099927216768265,
  "noisy_positive_resistance_mean": 0.6787354350090027,
  "noisy_resistance_noise_corr": NaN,
  "noisy_resistance_occlusion_corr": NaN,
  "noisy_risk_at_100_coverage": 0.0146484375,
  "noisy_risk_at_50_coverage": 0.01953125,
  "noisy_risk_at_70_coverage": 0.013947010040283203,
  "noisy_risk_at_80_coverage": 0.012195110321044922,
  "noisy_risk_at_90_coverage": 0.015184402465820312,
  "noisy_score_name": "positive_resistance",
  "noisy_selective_aurc": 0.011599039658904076,
  "noisy_support_score_mean": 1.2546725273132324,
  "noisy_uncertainty_mean": 0.6787354350090027,
  "num_classes": 5,
  "num_params": 92222,
  "num_workers": 0,
  "occluded_accuracy": 0.8994140625,
  "occluded_brier": 0.13544780015945435,
  "occluded_confidence_mean": 0.9421062469482422,
  "occluded_conflict_resistance_corr": -0.19555425643920898,
  "occluded_conflict_score_mean": 0.7317755818367004,
  "occluded_ece": 0.04388686269521713,
  "occluded_nll": 0.3230224847793579,
  "occluded_positive_resistance_mean": 0.6984022259712219,
  "occluded_resistance_noise_corr": -9.306983628221133e-08,
  "occluded_resistance_occlusion_corr": 0.05184294283390045,
  "occluded_risk_at_100_coverage": 0.1005859375,
  "occluded_risk_at_50_coverage": 0.16015625,
  "occluded_risk_at_70_coverage": 0.11854952573776245,
  "occluded_risk_at_80_coverage": 0.11341464519500732,
  "occluded_risk_at_90_coverage": 0.10303688049316406,
  "occluded_score_name": "positive_resistance",
  "occluded_selective_aurc": 0.09027174115180969,
  "occluded_support_score_mean": 1.1355351209640503,
  "occluded_uncertainty_mean": 0.6984022259712219,
  "platform": "Linux-5.4.0-216-generic-x86_64-with-glibc2.31",
  "pooled_conflict_resistance_corr": -0.061764031648635864,
  "pooled_resistance_noise_corr": -0.02260473556816578,
  "pooled_resistance_occlusion_corr": 0.04392644017934799,
  "python_version": "3.10.20",
  "reason": "",
  "run_dir": "reports/pluggable_primitive_real_20260427/frozen_runs/20260427_041412_uncertainty_synthetic_shape_merc_linear_seed1",
  "run_id": "uncertainty_synthetic_shape_merc_linear_seed1",
  "seed": 1,
  "selected_heads": [
    "linear",
    "mlp",
    "cosine_prototype",
    "eml_no_ambiguity",
    "eml_centered_ambiguity",
    "eml_supervised_resistance",
    "merc_linear",
    "merc_energy"
  ],
  "status": "COMPLETED",
  "steps_run": 200,
  "task_name": "image_uncertainty_selective_classification",
  "test_size": 1024,