{
  "batch_size": 8,
  "best_metric": 0.375,
  "completed_steps": 4,
  "cuda_available": false,
  "dataset_name": "SyntheticShapeEnergyDataset",
  "device": "cpu",
  "early_stop": false,
  "early_stop_step": "",
  "early_stop_triggered": false,
  "examples_per_sec": 971.8035217794254,
  "final_diagnostics": {
    "ambiguity_mean": 0.4257372319698334,
    "ambiguity_std": 0.5018336176872253,
    "ambiguity_weight_mean": 1.0,
    "ambiguity_weight_std": 0.0,
    "drive_mean": -0.013147840276360512,
    "drive_std": 0.4099748134613037,
    "energy_mean": -0.8633110523223877,
    "energy_std": 0.3525879681110382,
    "gate_activation_rate": 0.26889359951019287,
    "gate_mean": 0.26889359951019287,
    "gate_std": 0.0003006493207067251,
    "resistance_mean": 0.17800776660442352,
    "resistance_std": 0.4874899387359619,
    "sample_uncertainty_mean": 0.6938701868057251,
    "sample_uncertainty_std": 0.00012016654363833368
  },
  "final_metric": 0.25,
  "final_train_accuracy": 0.25,
  "final_train_loss": 1.6120940446853638,
  "git_commit": "19568db",
  "grad_norm": 1.1174590587615967,
  "hostname": "BMW-Pro.local",
  "learning_rate": 0.001,
  "metrics_json": "{\"best_metric\": 0.375, \"completed_steps\": 4, \"early_stop_step\": \"\", \"early_stop_triggered\": false, \"examples_per_sec\": 971.8035217794254, \"final_diagnostics\": {\"ambiguity_mean\": 0.4257372319698334, \"ambiguity_std\": 0.5018336176872253, \"ambiguity_weight_mean\": 1.0, \"ambiguity_weight_std\": 0.0, \"drive_mean\": -0.013147840276360512, \"drive_std\": 0.4099748134613037, \"energy_mean\": -0.8633110523223877, \"energy_std\": 0.3525879681110382, \"gate_activation_rate\": 0.26889359951019287, \"gate_mean\": 0.26889359951019287, \"gate_std\": 0.0003006493207067251, \"resistance_mean\": 0.17800776660442352, \"resistance_std\": 0.4874899387359619, \"sample_uncertainty_mean\": 0.6938701868057251, \"sample_uncertainty_std\": 0.00012016654363833368}, \"final_metric\": 0.25, \"final_train_accuracy\": 0.25, \"final_train_loss\": 1.6120940446853638, \"grad_norm\": 1.1174590587615967, \"learning_rate\": 0.001, \"peak_memory_mb\": 0.0, \"resistance_noise_corr\": -0.4302140772342682, \"resistance_occlusion_corr\": -0.31940656900405884, \"step\": 4, \"step_time_sec\": 0.00823211669921875, \"top1_accuracy\": 0.25, \"top5_accuracy\": 1.0, \"total_train_time_sec\": 0.05374407768249512, \"train_accuracy\": 0.25, \"train_loss\": 1.6120940446853638, \"wall_clock_time_sec\": 0.05313825607299805}",
  "min_delta": 0.0001,
  "mode": "ablation",
  "model_name": "cnn_eml",
  "num_params": 162644,
  "num_workers": 0,
  "patience": 20,
  "peak_memory_mb": 0.0,
  "platform": "macOS-26.0-arm64-arm-64bit",
  "python_version": "3.12.12",
  "reason": "",
  "resistance_noise_corr": -0.4302140772342682,
  "resistance_occlusion_corr": -0.31940656900405884,
  "run_dir": "reports/runs/stabilization_ablation_cpu/20260424_074859_ablation_image_cnn_eml",
  "run_id": "ablation_image_cnn_eml",
  "seed": 30,
  "status": "COMPLETED",
  "step": 4,
  "step_time_sec": 0.00823211669921875,
  "steps": 4,
  "task_name": "image_synthetic",
  "timestamp": "2026-04-24T07:48:59Z",
  "top1_accuracy": 0.25,
  "top5_accuracy": 1.0,
  "torch_version": "2.10.0",
  "torchvision_version": "unavailable",
  "total_train_time_sec": 0.05374407768249512,
  "train_accuracy": 0.25,
  "train_loss": 1.6120940446853638,
  "trainable_params": 162644,
  "wall_clock_time_sec": 0.05313825607299805,
  "warmup_enabled": true
}