{
  "batch_size": 32,
  "best_metric": 0.1953125,
  "best_step": 10,
  "best_val_accuracy": 0.1953125,
  "cuda_available": false,
  "dataset_name": "synthetic_shape",
  "device": "cpu",
  "early_stop_triggered": true,
  "experiment_type": "end_to_end",
  "feature_dim": 64,
  "final_metric": 0.1953125,
  "final_train_accuracy": 0.53125,
  "final_train_loss": 1.4085578918457031,
  "git_commit": "3d40f93",
  "head_name": "eml_centered_ambiguity",
  "hostname": "BMW-Pro.local",
  "loss_mode": "ce",
  "lr": 0.001,
  "metrics_json": "{\"best_metric\": 0.1953125, \"best_step\": 10, \"best_val_accuracy\": 0.1953125, \"early_stop_triggered\": true, \"final_metric\": 0.1953125, \"final_train_accuracy\": 0.53125, \"final_train_loss\": 1.4085578918457031, \"steps_run\": 30, \"test_accuracy\": 0.1953125, \"test_ambiguity_mean\": 1.2184134721755981, \"test_brier\": 0.8608378171920776, \"test_class_resistance_mean\": 0.19993096590042114, \"test_ece\": 0.21881425380706787, \"test_hard_negative_drive_mean\": 2.922285318374634, \"test_hard_negative_logit_mean\": 0.8489313125610352, \"test_hard_negative_resistance_mean\": 0.964974582195282, \"test_loss\": 1.7235981225967407, \"test_margin_mean\": -0.6850192546844482, \"test_nll\": 1.7235981225967407, \"test_positive_drive_mean\": 0.3788096308708191, \"test_positive_logit_mean\": 0.1639120876789093, \"test_positive_resistance_mean\": 1.8949129581451416, \"test_resistance_noise_corr\": -0.035828713327646255, \"test_resistance_occlusion_corr\": 0.02831326611340046, \"test_sample_uncertainty_mean\": 0.47136011719703674, \"total_train_time_sec\": 3.314836025238037, \"val_accuracy\": 0.1953125, \"val_ambiguity_mean\": 1.2193495035171509, \"val_brier\": 0.8626646399497986, \"val_class_resistance_mean\": 0.19993096590042114, \"val_ece\": 0.2187202274799347, \"val_hard_negative_drive_mean\": 2.9251580238342285, \"val_hard_negative_logit_mean\": 0.8499141931533813, \"val_hard_negative_resistance_mean\": 0.9679973125457764, \"val_loss\": 1.729313611984253, \"val_margin_mean\": -0.6908879280090332, \"val_nll\": 1.729313611984253, \"val_positive_drive_mean\": 0.3630563020706177, \"val_positive_logit_mean\": 0.15902620553970337, \"val_positive_resistance_mean\": 1.897560477256775, \"val_resistance_noise_corr\": 0.06623353064060211, \"val_resistance_occlusion_corr\": -0.03796795755624771, \"val_sample_uncertainty_mean\": 0.4715708792209625}",
  "mode": "head_ablation",
  "model_class": "CNNHeadModel",
  "model_name": "eml_centered_ambiguity",
  "num_classes": 5,
  "num_params": 166258,
  "pairwise_margin": 0.0,
  "pairwise_weight": 0.0,
  "platform": "macOS-26.0-arm64-arm-64bit",
  "python_version": "3.12.12",
  "reason": "",
  "run_dir": "reports/head_ablation/runs/20260425_025717_e2e_synthetic_shape_eml_centered_ambiguity_ce_seed1",
  "run_id": "e2e_synthetic_shape_eml_centered_ambiguity_ce_seed1",
  "seed": 1,
  "status": "COMPLETED",
  "steps": 30,
  "steps_run": 30,
  "task_name": "image_classification",
  "test_accuracy": 0.1953125,
  "test_ambiguity_mean": 1.2184134721755981,
  "test_brier": 0.8608378171920776,
  "test_class_resistance_mean": 0.19993096590042114,
  "test_ece": 0.21881425380706787,
  "test_hard_negative_drive_mean": 2.922285318374634,
  "test_hard_negative_logit_mean": 0.8489313125610352,
  "test_hard_negative_resistance_mean": 0.964974582195282,
  "test_loss": 1.7235981225967407,
  "test_margin_mean": -0.6850192546844482,
  "test_nll": 1.7235981225967407,
  "test_positive_drive_mean": 0.3788096308708191,
  "test_positive_logit_mean": 0.1639120876789093,
  "test_positive_resistance_mean": 1.8949129581451416,
  "test_resistance_noise_corr": -0.035828713327646255,
  "test_resistance_occlusion_corr": 0.02831326611340046,
  "test_sample_uncertainty_mean": 0.47136011719703674,
  "timestamp": "2026-04-25T02:57:21Z",
  "torch_version": "2.10.0",
  "torchvision_version": "unavailable",
  "total_train_time_sec": 3.314836025238037,
  "trainable_params": 166258,
  "use_eml_residual_bank": false,
  "use_merc_block": false,
  "val_accuracy": 0.1953125,
  "val_ambiguity_mean": 1.2193495035171509,
  "val_brier": 0.8626646399497986,
  "val_class_resistance_mean": 0.19993096590042114,
  "val_ece": 0.2187202274799347,
  "val_hard_negative_drive_mean": 2.9251580238342285,
  "val_hard_negative_logit_mean": 0.8499141931533813,
  "val_hard_negative_resistance_mean": 0.9679973125457764,
  "val_loss": 1.729313611984253,
  "val_margin_mean": -0.6908879280090332,
  "val_nll": 1.729313611984253,
  "val_positive_drive_mean": 0.3630563020706177,
  "val_positive_logit_mean": 0.15902620553970337,
  "val_positive_resistance_mean": 1.897560477256775,
  "val_resistance_noise_corr": 0.06623353064060211,
  "val_resistance_occlusion_corr": -0.03796795755624771,
  "val_sample_uncertainty_mean": 0.4715708792209625
}