{
  "batch_size": 16,
  "best_metric": 0.5,
  "completed_steps": 50,
  "cuda_available": false,
  "dataset_name": "SyntheticShapeEnergyDataset",
  "device": "cpu",
  "early_stop": false,
  "early_stop_step": "",
  "early_stop_triggered": false,
  "examples_per_sec": 2658.408493107273,
  "final_diagnostics": {
    "ambiguity_mean": -0.41140127182006836,
    "ambiguity_std": 0.2138839066028595,
    "ambiguity_weight_mean": 1.0,
    "ambiguity_weight_std": 0.0,
    "drive_mean": -0.001913821673952043,
    "drive_std": 0.0586727038025856,
    "energy_mean": -0.9980289340019226,
    "energy_std": 0.03900226205587387,
    "gate_activation_rate": 0.26902705430984497,
    "gate_mean": 0.26902705430984497,
    "gate_std": 0.0013375106500461698,
    "resistance_mean": 0.001318773371167481,
    "resistance_std": 0.022058725357055664,
    "sample_uncertainty_mean": 0.7056421637535095,
    "sample_uncertainty_std": 0.0003764068242162466
  },
  "final_metric": 0.125,
  "final_train_accuracy": 0.125,
  "final_train_loss": 1.6295130252838135,
  "git_commit": "19568db",
  "grad_norm": 0.9617037177085876,
  "hostname": "BMW-Pro.local",
  "learning_rate": 0.001,
  "metrics_json": "{\"best_metric\": 0.5, \"completed_steps\": 50, \"early_stop_step\": \"\", \"early_stop_triggered\": false, \"examples_per_sec\": 2658.408493107273, \"final_diagnostics\": {\"ambiguity_mean\": -0.41140127182006836, \"ambiguity_std\": 0.2138839066028595, \"ambiguity_weight_mean\": 1.0, \"ambiguity_weight_std\": 0.0, \"drive_mean\": -0.001913821673952043, \"drive_std\": 0.0586727038025856, \"energy_mean\": -0.9980289340019226, \"energy_std\": 0.03900226205587387, \"gate_activation_rate\": 0.26902705430984497, \"gate_mean\": 0.26902705430984497, \"gate_std\": 0.0013375106500461698, \"resistance_mean\": 0.001318773371167481, \"resistance_std\": 0.022058725357055664, \"sample_uncertainty_mean\": 0.7056421637535095, \"sample_uncertainty_std\": 0.0003764068242162466}, \"final_metric\": 0.125, \"final_train_accuracy\": 0.125, \"final_train_loss\": 1.6295130252838135, \"grad_norm\": 0.9617037177085876, \"learning_rate\": 0.001, \"peak_memory_mb\": 0.0, \"resistance_noise_corr\": 0.3378143906593323, \"resistance_occlusion_corr\": 0.010612725280225277, \"step\": 50, \"step_time_sec\": 0.006018638610839844, \"top1_accuracy\": 0.125, \"top5_accuracy\": 1.0, \"total_train_time_sec\": 0.4889950752258301, \"train_accuracy\": 0.125, \"train_loss\": 1.6295130252838135, \"wall_clock_time_sec\": 0.48668432235717773}",
  "min_delta": 0.0001,
  "mode": "ablation",
  "model_name": "pure_eml",
  "num_params": 47638,
  "num_workers": 0,
  "patience": 20,
  "peak_memory_mb": 0.0,
  "platform": "macOS-26.0-arm64-arm-64bit",
  "python_version": "3.12.12",
  "reason": "",
  "resistance_noise_corr": 0.3378143906593323,
  "resistance_occlusion_corr": 0.010612725280225277,
  "run_dir": "reports/runs/stabilization_ablation_cpu_20260424_155136/20260424_075139_ablation_image_pure_eml",
  "run_id": "ablation_image_pure_eml",
  "seed": 31,
  "status": "COMPLETED",
  "step": 50,
  "step_time_sec": 0.006018638610839844,
  "steps": 50,
  "task_name": "image_synthetic",
  "timestamp": "2026-04-24T07:51:40Z",
  "top1_accuracy": 0.125,
  "top5_accuracy": 1.0,
  "torch_version": "2.10.0",
  "torchvision_version": "unavailable",
  "total_train_time_sec": 0.4889950752258301,
  "train_accuracy": 0.125,
  "train_loss": 1.6295130252838135,
  "trainable_params": 47638,
  "wall_clock_time_sec": 0.48668432235717773,
  "warmup_enabled": true
}