{
  "batch_size": 64,
  "best_metric": 0.4140625,
  "best_step": 200,
  "best_val_accuracy": 0.4140625,
  "cuda_available": true,
  "dataset_name": "cifar10",
  "device": "cuda",
  "experiment_type": "frozen_features",
  "feature_dim": 64,
  "features_dir": "reports/head_ablation/features/cifar10_medium_seed1",
  "final_metric": 0.400390625,
  "final_train_accuracy": 0.421875,
  "final_train_loss": 1.52173912525177,
  "git_commit": "unknown",
  "hostname": "user-NF5468M6",
  "lr": 0.001,
  "metrics_json": "{\"best_metric\": 0.4140625, \"best_step\": 200, \"best_val_accuracy\": 0.4140625, \"final_metric\": 0.400390625, \"final_train_accuracy\": 0.421875, \"final_train_loss\": 1.52173912525177, \"test_accuracy\": 0.400390625, \"test_ambiguity_mean\": 2.4994797706604004, \"test_brier\": 0.7477881908416748, \"test_class_resistance_mean\": 0.1997416764497757, \"test_ece\": 0.08375715464353561, \"test_hard_negative_drive_mean\": 6.154848575592041, \"test_hard_negative_logit_mean\": 1.945931077003479, \"test_hard_negative_resistance_mean\": 2.5147337913513184, \"test_loss\": 1.7022045850753784, \"test_margin_mean\": -0.45173847675323486, \"test_nll\": 1.7022045850753784, \"test_positive_drive_mean\": 4.8379364013671875, \"test_positive_logit_mean\": 1.4941926002502441, \"test_positive_resistance_mean\": 2.5452158451080322, \"test_resistance_noise_corr\": NaN, \"test_resistance_occlusion_corr\": NaN, \"test_sample_uncertainty_mean\": 0.0003732989134732634, \"total_train_time_sec\": 2.910236358642578, \"val_accuracy\": 0.4140625, \"val_ambiguity_mean\": 2.5226216316223145, \"val_brier\": 0.7377749085426331, \"val_class_resistance_mean\": 0.1997416764497757, \"val_ece\": 0.09017175436019897, \"val_hard_negative_drive_mean\": 6.433550834655762, \"val_hard_negative_logit_mean\": 1.9750359058380127, \"val_hard_negative_resistance_mean\": 2.5436391830444336, \"val_loss\": 1.6611661911010742, \"val_margin_mean\": -0.43271544575691223, \"val_nll\": 1.6611661911010742, \"val_positive_drive_mean\": 4.986919403076172, \"val_positive_logit_mean\": 1.5423204898834229, \"val_positive_resistance_mean\": 2.5534446239471436, \"val_resistance_noise_corr\": NaN, \"val_resistance_occlusion_corr\": NaN, \"val_sample_uncertainty_mean\": 0.00037152800359763205}",
  "mode": "head_ablation",
  "model_class": "EMLPrototypeHeadRawAmbiguity",
  "model_name": "eml_raw_ambiguity",
  "num_classes": 10,
  "num_params": 18977,
  "pairwise_margin": 0.0,
  "pairwise_weight": 0.0,
  "platform": "Linux-5.4.0-216-generic-x86_64-with-glibc2.31",
  "python_version": "3.10.20",
  "reason": "",
  "run_dir": "reports/head_ablation/runs/20260424_082702_frozen_cifar10_eml_raw_ambiguity_seed1",
  "run_id": "frozen_cifar10_eml_raw_ambiguity_seed1",
  "seed": 1,
  "status": "COMPLETED",
  "steps": 200,
  "task_name": "image_classification",
  "test_accuracy": 0.400390625,
  "test_ambiguity_mean": 2.4994797706604004,
  "test_brier": 0.7477881908416748,
  "test_class_resistance_mean": 0.1997416764497757,
  "test_ece": 0.08375715464353561,
  "test_hard_negative_drive_mean": 6.154848575592041,
  "test_hard_negative_logit_mean": 1.945931077003479,
  "test_hard_negative_resistance_mean": 2.5147337913513184,
  "test_loss": 1.7022045850753784,
  "test_margin_mean": -0.45173847675323486,
  "test_nll": 1.7022045850753784,
  "test_positive_drive_mean": 4.8379364013671875,
  "test_positive_logit_mean": 1.4941926002502441,
  "test_positive_resistance_mean": 2.5452158451080322,
  "test_resistance_noise_corr": NaN,
  "test_resistance_occlusion_corr": NaN,
  "test_sample_uncertainty_mean": 0.0003732989134732634,
  "timestamp": "2026-04-24T08:27:05Z",
  "torch_version": "2.7.1+cu118",
  "torchvision_version": "0.22.1+cu118",
  "total_train_time_sec": 2.910236358642578,
  "trainable_params": 18977,
  "val_accuracy": 0.4140625,
  "val_ambiguity_mean": 2.5226216316223145,
  "val_brier": 0.7377749085426331,
  "val_class_resistance_mean": 0.1997416764497757,
  "val_ece": 0.09017175436019897,
  "val_hard_negative_drive_mean": 6.433550834655762,
  "val_hard_negative_logit_mean": 1.9750359058380127,
  "val_hard_negative_resistance_mean": 2.5436391830444336,
  "val_loss": 1.6611661911010742,
  "val_margin_mean": -0.43271544575691223,
  "val_nll": 1.6611661911010742,
  "val_positive_drive_mean": 4.986919403076172,
  "val_positive_logit_mean": 1.5423204898834229,
  "val_positive_resistance_mean": 2.5534446239471436,
  "val_resistance_noise_corr": NaN,
  "val_resistance_occlusion_corr": NaN,
  "val_sample_uncertainty_mean": 0.00037152800359763205
}