{
  "batch_size": 32,
  "best_metric": 0.234375,
  "best_step": 10,
  "best_val_accuracy": 0.234375,
  "cuda_available": false,
  "dataset_name": "synthetic_shape",
  "device": "cpu",
  "experiment_type": "frozen_features",
  "feature_dim": 64,
  "features_dir": "reports/head_ablation/features/synthetic_shape_smoke_seed0",
  "final_metric": 0.2109375,
  "final_train_accuracy": 0.09375,
  "final_train_loss": 1.611176609992981,
  "git_commit": "19568db",
  "hostname": "BMW-Pro.local",
  "lr": 0.001,
  "metrics_json": "{\"best_metric\": 0.234375, \"best_step\": 10, \"best_val_accuracy\": 0.234375, \"final_metric\": 0.2109375, \"final_train_accuracy\": 0.09375, \"final_train_loss\": 1.611176609992981, \"test_accuracy\": 0.2109375, \"test_ambiguity_mean\": 0.2966160178184509, \"test_brier\": 0.799681544303894, \"test_class_resistance_mean\": 0.20031699538230896, \"test_ece\": 0.004052966833114624, \"test_hard_negative_drive_mean\": 0.481916606426239, \"test_hard_negative_logit_mean\": 0.026631053537130356, \"test_hard_negative_resistance_mean\": 1.21553373336792, \"test_loss\": 1.6086421012878418, \"test_margin_mean\": -0.03199196979403496, \"test_nll\": 1.6086421012878418, \"test_positive_drive_mean\": 0.28420817852020264, \"test_positive_logit_mean\": -0.00536091485992074, \"test_positive_resistance_mean\": 1.2610282897949219, \"test_resistance_noise_corr\": 0.07982783019542694, \"test_resistance_occlusion_corr\": 0.029458163306117058, \"test_sample_uncertainty_mean\": 0.7655959129333496, \"total_train_time_sec\": 0.07035708427429199, \"val_accuracy\": 0.1796875, \"val_ambiguity_mean\": 0.2969385087490082, \"val_brier\": 0.800571084022522, \"val_class_resistance_mean\": 0.20031699538230896, \"val_ece\": 0.027223706245422363, \"val_hard_negative_drive_mean\": 0.48346203565597534, \"val_hard_negative_logit_mean\": 0.02691795490682125, \"val_hard_negative_resistance_mean\": 1.215459942817688, \"val_loss\": 1.610851764678955, \"val_margin_mean\": -0.03445577248930931, \"val_nll\": 1.610851764678955, \"val_positive_drive_mean\": 0.2722737789154053, \"val_positive_logit_mean\": -0.00753781758248806, \"val_positive_resistance_mean\": 1.2638931274414062, \"val_resistance_noise_corr\": -0.057999301701784134, \"val_resistance_occlusion_corr\": 0.01604405790567398, \"val_sample_uncertainty_mean\": 0.765576958656311}",
  "mode": "head_ablation",
  "model_class": "EMLPrototypeHeadCenteredAmbiguity",
  "model_name": "eml_centered_ambiguity",
  "num_classes": 5,
  "num_params": 18002,
  "pairwise_margin": 0.0,
  "pairwise_weight": 0.0,
  "platform": "macOS-26.0-arm64-arm-64bit",
  "python_version": "3.12.12",
  "reason": "",
  "run_dir": "reports/head_ablation/runs/20260424_085044_frozen_synthetic_shape_eml_centered_ambiguity_seed0",
  "run_id": "frozen_synthetic_shape_eml_centered_ambiguity_seed0",
  "seed": 0,
  "status": "COMPLETED",
  "steps": 30,
  "task_name": "image_classification",
  "test_accuracy": 0.2109375,
  "test_ambiguity_mean": 0.2966160178184509,
  "test_brier": 0.799681544303894,
  "test_class_resistance_mean": 0.20031699538230896,
  "test_ece": 0.004052966833114624,
  "test_hard_negative_drive_mean": 0.481916606426239,
  "test_hard_negative_logit_mean": 0.026631053537130356,
  "test_hard_negative_resistance_mean": 1.21553373336792,
  "test_loss": 1.6086421012878418,
  "test_margin_mean": -0.03199196979403496,
  "test_nll": 1.6086421012878418,
  "test_positive_drive_mean": 0.28420817852020264,
  "test_positive_logit_mean": -0.00536091485992074,
  "test_positive_resistance_mean": 1.2610282897949219,
  "test_resistance_noise_corr": 0.07982783019542694,
  "test_resistance_occlusion_corr": 0.029458163306117058,
  "test_sample_uncertainty_mean": 0.7655959129333496,
  "timestamp": "2026-04-24T08:50:44Z",
  "torch_version": "2.10.0",
  "torchvision_version": "unavailable",
  "total_train_time_sec": 0.07035708427429199,
  "trainable_params": 18002,
  "val_accuracy": 0.1796875,
  "val_ambiguity_mean": 0.2969385087490082,
  "val_brier": 0.800571084022522,
  "val_class_resistance_mean": 0.20031699538230896,
  "val_ece": 0.027223706245422363,
  "val_hard_negative_drive_mean": 0.48346203565597534,
  "val_hard_negative_logit_mean": 0.02691795490682125,
  "val_hard_negative_resistance_mean": 1.215459942817688,
  "val_loss": 1.610851764678955,
  "val_margin_mean": -0.03445577248930931,
  "val_nll": 1.610851764678955,
  "val_positive_drive_mean": 0.2722737789154053,
  "val_positive_logit_mean": -0.00753781758248806,
  "val_positive_resistance_mean": 1.2638931274414062,
  "val_resistance_noise_corr": -0.057999301701784134,
  "val_resistance_occlusion_corr": 0.01604405790567398,
  "val_sample_uncertainty_mean": 0.765576958656311
}