{
  "batch_size": 64,
  "best_metric": 0.98828125,
  "best_step": 75,
  "clean_accuracy": 0.9934895634651184,
  "clean_brier": 0.1151263490319252,
  "clean_confidence_mean": 0.7046856880187988,
  "clean_ece": 0.2914302349090576,
  "clean_nll": 0.35987362265586853,
  "clean_positive_resistance_mean": -0.06004819646477699,
  "clean_resistance_noise_corr": 5.28236654417924e-09,
  "clean_resistance_occlusion_corr": NaN,
  "clean_risk_at_100_coverage": 0.006510436534881592,
  "clean_risk_at_50_coverage": 0.0,
  "clean_risk_at_70_coverage": 0.0,
  "clean_risk_at_80_coverage": 0.0,
  "clean_risk_at_90_coverage": 0.0,
  "clean_score_name": "positive_resistance",
  "clean_selective_aurc": 6.510430102935061e-05,
  "clean_uncertainty_mean": -0.06004819646477699,
  "clean_vs_noisy_auroc": 0.5782254338264465,
  "clean_vs_occluded_auroc": 0.6297747492790222,
  "condition_metrics_path": "reports/uncertainty_remote_20260424_175558/runs/20260424_095612_uncertainty_synthetic_shape_eml_centered_ambiguity_seed2/uncertainty_eval.pt",
  "cuda_available": true,
  "dataset_name": "synthetic_shape",
  "device": "cuda",
  "early_stop_patience": 4,
  "early_stop_triggered": true,
  "experiment_type": "frozen_features_uncertainty",
  "feature_dim": 64,
  "final_metric": 0.9934895634651184,
  "final_train_loss": 0.2738550305366516,
  "git_commit": "unknown",
  "hostname": "user-NF5468M6",
  "metrics_json": "{\"best_metric\": 0.98828125, \"best_step\": 75, \"clean_accuracy\": 0.9934895634651184, \"clean_brier\": 0.1151263490319252, \"clean_confidence_mean\": 0.7046856880187988, \"clean_ece\": 0.2914302349090576, \"clean_nll\": 0.35987362265586853, \"clean_positive_resistance_mean\": -0.06004819646477699, \"clean_resistance_noise_corr\": 5.28236654417924e-09, \"clean_resistance_occlusion_corr\": NaN, \"clean_risk_at_100_coverage\": 0.006510436534881592, \"clean_risk_at_50_coverage\": 0.0, \"clean_risk_at_70_coverage\": 0.0, \"clean_risk_at_80_coverage\": 0.0, \"clean_risk_at_90_coverage\": 0.0, \"clean_score_name\": \"positive_resistance\", \"clean_selective_aurc\": 6.510430102935061e-05, \"clean_uncertainty_mean\": -0.06004819646477699, \"clean_vs_noisy_auroc\": 0.5782254338264465, \"clean_vs_occluded_auroc\": 0.6297747492790222, \"condition_metrics_path\": \"reports/uncertainty_remote_20260424_175558/runs/20260424_095612_uncertainty_synthetic_shape_eml_centered_ambiguity_seed2/uncertainty_eval.pt\", \"early_stop_patience\": 4, \"early_stop_triggered\": true, \"final_metric\": 0.9934895634651184, \"final_train_loss\": 0.2738550305366516, \"noisy_accuracy\": 0.9580078125, \"noisy_brier\": 0.1580779105424881, \"noisy_confidence_mean\": 0.6924020648002625, \"noisy_ece\": 0.27174702286720276, \"noisy_nll\": 0.4305341839790344, \"noisy_positive_resistance_mean\": 0.030972475185990334, \"noisy_resistance_noise_corr\": NaN, \"noisy_resistance_occlusion_corr\": NaN, \"noisy_risk_at_100_coverage\": 0.0419921875, \"noisy_risk_at_50_coverage\": 0.0, \"noisy_risk_at_70_coverage\": 0.0, \"noisy_risk_at_80_coverage\": 0.0, \"noisy_risk_at_90_coverage\": 0.0, \"noisy_score_name\": \"positive_resistance\", \"noisy_selective_aurc\": 0.0010614597704261541, \"noisy_uncertainty_mean\": 0.030972475185990334, \"occluded_accuracy\": 0.90625, \"occluded_brier\": 0.20967771112918854, \"occluded_confidence_mean\": 0.6648265719413757, \"occluded_ece\": 0.25274935364723206, \"occluded_nll\": 0.5233808755874634, \"occluded_positive_resistance_mean\": 0.10697337239980698, \"occluded_resistance_noise_corr\": 0.0, \"occluded_resistance_occlusion_corr\": 0.5517760515213013, \"occluded_risk_at_100_coverage\": 0.09375, \"occluded_risk_at_50_coverage\": 0.0, \"occluded_risk_at_70_coverage\": 0.0, \"occluded_risk_at_80_coverage\": 0.0, \"occluded_risk_at_90_coverage\": 0.010845959186553955, \"occluded_score_name\": \"positive_resistance\", \"occluded_selective_aurc\": 0.005129246972501278, \"occluded_uncertainty_mean\": 0.10697337239980698, \"pooled_resistance_noise_corr\": NaN, \"pooled_resistance_occlusion_corr\": NaN, \"steps_run\": 175, \"total_train_time_sec\": 3.1523773670196533}",
  "mode": "uncertainty_benchmark",
  "model_class": "EMLPrototypeHeadCenteredAmbiguity",
  "model_name": "eml_centered_ambiguity",
  "noisy_accuracy": 0.9580078125,
  "noisy_brier": 0.1580779105424881,
  "noisy_confidence_mean": 0.6924020648002625,
  "noisy_ece": 0.27174702286720276,
  "noisy_nll": 0.4305341839790344,
  "noisy_positive_resistance_mean": 0.030972475185990334,
  "noisy_resistance_noise_corr": NaN,
  "noisy_resistance_occlusion_corr": NaN,
  "noisy_risk_at_100_coverage": 0.0419921875,
  "noisy_risk_at_50_coverage": 0.0,
  "noisy_risk_at_70_coverage": 0.0,
  "noisy_risk_at_80_coverage": 0.0,
  "noisy_risk_at_90_coverage": 0.0,
  "noisy_score_name": "positive_resistance",
  "noisy_selective_aurc": 0.0010614597704261541,
  "noisy_uncertainty_mean": 0.030972475185990334,
  "num_classes": 5,
  "num_params": 18002,
  "num_workers": 0,
  "occluded_accuracy": 0.90625,
  "occluded_brier": 0.20967771112918854,
  "occluded_confidence_mean": 0.6648265719413757,
  "occluded_ece": 0.25274935364723206,
  "occluded_nll": 0.5233808755874634,
  "occluded_positive_resistance_mean": 0.10697337239980698,
  "occluded_resistance_noise_corr": 0.0,
  "occluded_resistance_occlusion_corr": 0.5517760515213013,
  "occluded_risk_at_100_coverage": 0.09375,
  "occluded_risk_at_50_coverage": 0.0,
  "occluded_risk_at_70_coverage": 0.0,
  "occluded_risk_at_80_coverage": 0.0,
  "occluded_risk_at_90_coverage": 0.010845959186553955,
  "occluded_score_name": "positive_resistance",
  "occluded_selective_aurc": 0.005129246972501278,
  "occluded_uncertainty_mean": 0.10697337239980698,
  "platform": "Linux-5.4.0-216-generic-x86_64-with-glibc2.31",
  "pooled_resistance_noise_corr": NaN,
  "pooled_resistance_occlusion_corr": NaN,
  "python_version": "3.10.20",
  "reason": "",
  "run_dir": "reports/uncertainty_remote_20260424_175558/runs/20260424_095612_uncertainty_synthetic_shape_eml_centered_ambiguity_seed2",
  "run_id": "uncertainty_synthetic_shape_eml_centered_ambiguity_seed2",
  "seed": 2,
  "status": "COMPLETED",
  "steps_run": 175,
  "task_name": "image_uncertainty_selective_classification",
  "test_size": 1024,
  "timestamp": "2026-04-24T09:56:15Z",
  "torch_version": "2.7.1+cu118",
  "torchvision_version": "0.22.1+cu118",
  "total_train_time_sec": 3.1523773670196533,
  "train_size": 4096,
  "trainable_params": 18002
}