{
  "batch_size": 32,
  "best_metric": 0.3515625,
  "best_step": 40,
  "clean_accuracy": 0.359375,
  "clean_brier": 0.7033805847167969,
  "clean_confidence_mean": 0.3074149787425995,
  "clean_ece": 0.20580913126468658,
  "clean_nll": 1.391469120979309,
  "clean_positive_resistance_mean": 1.066319227218628,
  "clean_resistance_noise_corr": 3.9935872564456076e-07,
  "clean_resistance_occlusion_corr": NaN,
  "clean_risk_at_100_coverage": 0.640625,
  "clean_risk_at_50_coverage": 0.359375,
  "clean_risk_at_70_coverage": 0.5111111402511597,
  "clean_risk_at_80_coverage": 0.5631067752838135,
  "clean_risk_at_90_coverage": 0.6120689511299133,
  "clean_score_name": "positive_resistance",
  "clean_selective_aurc": 0.34587350487709045,
  "clean_uncertainty_mean": 1.066319227218628,
  "clean_vs_noisy_auroc": 0.523406982421875,
  "clean_vs_occluded_auroc": 0.49310302734375,
  "condition_metrics_path": "reports/uncertainty_resistance_benchmark/runs/20260427_013053_uncertainty_synthetic_shape_eml_centered_ambiguity_seed0/uncertainty_eval.pt",
  "cuda_available": false,
  "dataset_name": "synthetic_shape",
  "device": "cpu",
  "early_stop_patience": 4,
  "early_stop_triggered": false,
  "experiment_type": "frozen_features_uncertainty",
  "feature_dim": 64,
  "final_metric": 0.359375,
  "final_train_loss": 1.4808980226516724,
  "git_commit": "0948008",
  "hostname": "Mac",
  "metrics_json": "{\"best_metric\": 0.3515625, \"best_step\": 40, \"clean_accuracy\": 0.359375, \"clean_brier\": 0.7033805847167969, \"clean_confidence_mean\": 0.3074149787425995, \"clean_ece\": 0.20580913126468658, \"clean_nll\": 1.391469120979309, \"clean_positive_resistance_mean\": 1.066319227218628, \"clean_resistance_noise_corr\": 3.9935872564456076e-07, \"clean_resistance_occlusion_corr\": NaN, \"clean_risk_at_100_coverage\": 0.640625, \"clean_risk_at_50_coverage\": 0.359375, \"clean_risk_at_70_coverage\": 0.5111111402511597, \"clean_risk_at_80_coverage\": 0.5631067752838135, \"clean_risk_at_90_coverage\": 0.6120689511299133, \"clean_score_name\": \"positive_resistance\", \"clean_selective_aurc\": 0.34587350487709045, \"clean_uncertainty_mean\": 1.066319227218628, \"clean_vs_noisy_auroc\": 0.523406982421875, \"clean_vs_occluded_auroc\": 0.49310302734375, \"condition_metrics_path\": \"reports/uncertainty_resistance_benchmark/runs/20260427_013053_uncertainty_synthetic_shape_eml_centered_ambiguity_seed0/uncertainty_eval.pt\", \"early_stop_patience\": 4, \"early_stop_triggered\": false, \"final_metric\": 0.359375, \"final_train_loss\": 1.4808980226516724, \"noisy_accuracy\": 0.421875, \"noisy_brier\": 0.6997743844985962, \"noisy_confidence_mean\": 0.2968446612358093, \"noisy_ece\": 0.22293567657470703, \"noisy_nll\": 1.3855680227279663, \"noisy_positive_resistance_mean\": 1.0829966068267822, \"noisy_resistance_noise_corr\": NaN, \"noisy_resistance_occlusion_corr\": NaN, \"noisy_risk_at_100_coverage\": 0.578125, \"noisy_risk_at_50_coverage\": 0.234375, \"noisy_risk_at_70_coverage\": 0.4277777671813965, \"noisy_risk_at_80_coverage\": 0.4829268455505371, \"noisy_risk_at_90_coverage\": 0.5324675440788269, \"noisy_score_name\": \"positive_resistance\", \"noisy_selective_aurc\": 0.32764461636543274, \"noisy_uncertainty_mean\": 1.0829966068267822, \"occluded_accuracy\": 0.421875, \"occluded_brier\": 0.6977970004081726, \"occluded_confidence_mean\": 0.32241877913475037, \"occluded_ece\": 0.15476873517036438, \"occluded_nll\": 1.3832212686538696, \"occluded_positive_resistance_mean\": 1.0720367431640625, \"occluded_resistance_noise_corr\": -5.756255063715798e-07, \"occluded_resistance_occlusion_corr\": 0.18350312113761902, \"occluded_risk_at_100_coverage\": 0.578125, \"occluded_risk_at_50_coverage\": 0.21875, \"occluded_risk_at_70_coverage\": 0.4166666865348816, \"occluded_risk_at_80_coverage\": 0.47804880142211914, \"occluded_risk_at_90_coverage\": 0.5324675440788269, \"occluded_score_name\": \"positive_resistance\", \"occluded_selective_aurc\": 0.2700856029987335, \"occluded_uncertainty_mean\": 1.0720367431640625, \"pooled_resistance_noise_corr\": 0.05518147349357605, \"pooled_resistance_occlusion_corr\": 0.10212375968694687, \"steps_run\": 40, \"total_train_time_sec\": 0.10274505615234375}",
  "mode": "uncertainty_benchmark",
  "model_class": "EMLPrototypeHeadCenteredAmbiguity",
  "model_name": "eml_centered_ambiguity",
  "noisy_accuracy": 0.421875,
  "noisy_brier": 0.6997743844985962,
  "noisy_confidence_mean": 0.2968446612358093,
  "noisy_ece": 0.22293567657470703,
  "noisy_nll": 1.3855680227279663,
  "noisy_positive_resistance_mean": 1.0829966068267822,
  "noisy_resistance_noise_corr": NaN,
  "noisy_resistance_occlusion_corr": NaN,
  "noisy_risk_at_100_coverage": 0.578125,
  "noisy_risk_at_50_coverage": 0.234375,
  "noisy_risk_at_70_coverage": 0.4277777671813965,
  "noisy_risk_at_80_coverage": 0.4829268455505371,
  "noisy_risk_at_90_coverage": 0.5324675440788269,
  "noisy_score_name": "positive_resistance",
  "noisy_selective_aurc": 0.32764461636543274,
  "noisy_uncertainty_mean": 1.0829966068267822,
  "num_classes": 5,
  "num_params": 18002,
  "num_workers": 0,
  "occluded_accuracy": 0.421875,
  "occluded_brier": 0.6977970004081726,
  "occluded_confidence_mean": 0.32241877913475037,
  "occluded_ece": 0.15476873517036438,
  "occluded_nll": 1.3832212686538696,
  "occluded_positive_resistance_mean": 1.0720367431640625,
  "occluded_resistance_noise_corr": -5.756255063715798e-07,
  "occluded_resistance_occlusion_corr": 0.18350312113761902,
  "occluded_risk_at_100_coverage": 0.578125,
  "occluded_risk_at_50_coverage": 0.21875,
  "occluded_risk_at_70_coverage": 0.4166666865348816,
  "occluded_risk_at_80_coverage": 0.47804880142211914,
  "occluded_risk_at_90_coverage": 0.5324675440788269,
  "occluded_score_name": "positive_resistance",
  "occluded_selective_aurc": 0.2700856029987335,
  "occluded_uncertainty_mean": 1.0720367431640625,
  "platform": "macOS-26.0-arm64-arm-64bit",
  "pooled_resistance_noise_corr": 0.05518147349357605,
  "pooled_resistance_occlusion_corr": 0.10212375968694687,
  "python_version": "3.12.12",
  "reason": "",
  "run_dir": "reports/uncertainty_resistance_benchmark/runs/20260427_013053_uncertainty_synthetic_shape_eml_centered_ambiguity_seed0",
  "run_id": "uncertainty_synthetic_shape_eml_centered_ambiguity_seed0",
  "seed": 0,
  "status": "COMPLETED",
  "steps_run": 40,
  "task_name": "image_uncertainty_selective_classification",
  "test_size": 256,
  "timestamp": "2026-04-27T01:30:53Z",
  "torch_version": "2.10.0",
  "torchvision_version": "unavailable",
  "total_train_time_sec": 0.10274505615234375,
  "train_size": 768,
  "trainable_params": 18002
}