{
  "ambiguity_weight": NaN,
  "attractor_entropy_weight": NaN,
  "batch_size": 8,
  "best_metric": 0.5,
  "completed_steps": 4,
  "cuda_available": false,
  "dataset_name": "SyntheticShapeEnergyDataset",
  "device": "cpu",
  "early_stop": false,
  "early_stop_step": "",
  "early_stop_triggered": false,
  "examples_per_sec": 299.5262843115376,
  "final_diagnostics": {
    "ambiguity_mean": 0.9635408520698547,
    "ambiguity_std": 0.48371532559394836,
    "ambiguity_weight_mean": 1.0,
    "ambiguity_weight_std": 0.0,
    "drive_mean": 0.05582795292139053,
    "drive_std": 0.46408137679100037,
    "energy_mean": -0.8540414571762085,
    "energy_std": 0.37969082593917847,
    "gate_activation_rate": 0.26888909935951233,
    "gate_mean": 0.26888909935951233,
    "gate_std": 0.00030721956863999367,
    "resistance_mean": 0.2508636713027954,
    "resistance_std": 0.658973753452301,
    "sample_uncertainty_mean": 0.6925013065338135,
    "sample_uncertainty_std": 0.00020095575018785894
  },
  "final_metric": 0.375,
  "final_train_accuracy": 0.375,
  "final_train_loss": 1.574501395225525,
  "git_commit": "9ce7b7d",
  "grad_norm": 1.847592830657959,
  "hostname": "Mac-mini.local",
  "learning_rate": 0.001,
  "metrics_json": "{\"ambiguity_weight\": NaN, \"attractor_entropy_weight\": NaN, \"best_metric\": 0.5, \"completed_steps\": 4, \"early_stop_step\": \"\", \"early_stop_triggered\": false, \"examples_per_sec\": 299.5262843115376, \"final_diagnostics\": {\"ambiguity_mean\": 0.9635408520698547, \"ambiguity_std\": 0.48371532559394836, \"ambiguity_weight_mean\": 1.0, \"ambiguity_weight_std\": 0.0, \"drive_mean\": 0.05582795292139053, \"drive_std\": 0.46408137679100037, \"energy_mean\": -0.8540414571762085, \"energy_std\": 0.37969082593917847, \"gate_activation_rate\": 0.26888909935951233, \"gate_mean\": 0.26888909935951233, \"gate_std\": 0.00030721956863999367, \"resistance_mean\": 0.2508636713027954, \"resistance_std\": 0.658973753452301, \"sample_uncertainty_mean\": 0.6925013065338135, \"sample_uncertainty_std\": 0.00020095575018785894}, \"final_metric\": 0.375, \"final_train_accuracy\": 0.375, \"final_train_loss\": 1.574501395225525, \"grad_norm\": 1.847592830657959, \"learning_rate\": 0.001, \"null_threshold\": NaN, \"peak_memory_mb\": 0.0, \"precision_update_threshold\": NaN, \"resistance_noise_corr\": 0.12480193376541138, \"resistance_occlusion_corr\": 0.17184244096279144, \"responsibility_temperature\": NaN, \"step\": 4, \"step_time_sec\": 0.02670884132385254, \"top1_accuracy\": 0.375, \"top5_accuracy\": 1.0, \"total_train_time_sec\": 0.8756721019744873, \"train_accuracy\": 0.375, \"train_loss\": 1.574501395225525, \"wall_clock_time_sec\": 0.8743391036987305, \"warmup_eta\": 1.0}",
  "min_delta": 0.0001,
  "mode": "smoke",
  "model_name": "cnn_eml",
  "null_threshold": NaN,
  "num_params": 162644,
  "num_workers": 0,
  "patience": 20,
  "peak_memory_mb": 0.0,
  "platform": "macOS-15.1-arm64-arm-64bit",
  "precision_update_threshold": NaN,
  "python_version": "3.12.7",
  "reason": "",
  "resistance_noise_corr": 0.12480193376541138,
  "resistance_occlusion_corr": 0.17184244096279144,
  "responsibility_temperature": NaN,
  "run_dir": "reports/runs/20260505_123422_smoke_image_cnn_eml_baseline",
  "run_id": "smoke_image_cnn_eml_baseline",
  "seed": 0,
  "status": "COMPLETED",
  "step": 4,
  "step_time_sec": 0.02670884132385254,
  "steps": 4,
  "task_name": "image_synthetic",
  "timestamp": "2026-05-05T12:34:25Z",
  "top1_accuracy": 0.375,
  "top5_accuracy": 1.0,
  "torch_version": "2.10.0",
  "torchvision_version": "0.25.0",
  "total_train_time_sec": 0.8756721019744873,
  "train_accuracy": 0.375,
  "train_loss": 1.574501395225525,
  "trainable_params": 162644,
  "wall_clock_time_sec": 0.8743391036987305,
  "warmup_enabled": true,
  "warmup_eta": 1.0
}