{
  "backbone_steps": 300,
  "batch_size": 64,
  "best_metric": 0.98046875,
  "best_step": 100,
  "clean_accuracy": 0.9934895634651184,
  "clean_brier": 0.11275268346071243,
  "clean_confidence_mean": 0.7092720866203308,
  "clean_ece": 0.28795236349105835,
  "clean_nll": 0.35447707772254944,
  "clean_positive_resistance_mean": -0.09981978684663773,
  "clean_resistance_noise_corr": 1.3005749366357122e-08,
  "clean_resistance_occlusion_corr": NaN,
  "clean_risk_at_100_coverage": 0.006510436534881592,
  "clean_risk_at_50_coverage": 0.0,
  "clean_risk_at_70_coverage": 0.0,
  "clean_risk_at_80_coverage": 0.0,
  "clean_risk_at_90_coverage": 0.0,
  "clean_score_name": "positive_resistance",
  "clean_selective_aurc": 6.510430102935061e-05,
  "clean_uncertainty_mean": -0.09981978684663773,
  "clean_vs_noisy_auroc": 0.7003428339958191,
  "clean_vs_occluded_auroc": 0.6419830322265625,
  "condition_metrics_path": "reports/pluggable_uncertainty_real_20260427/runs/20260427_031836_uncertainty_synthetic_shape_eml_centered_ambiguity_seed0/uncertainty_eval.pt",
  "cuda_available": true,
  "dataset_name": "synthetic_shape",
  "device": "cuda",
  "early_stop_min_evals": 2,
  "early_stop_patience": 4,
  "early_stop_triggered": true,
  "eval_interval": 25,
  "experiment_type": "frozen_features_uncertainty",
  "feature_dim": 64,
  "final_metric": 0.9934895634651184,
  "final_train_loss": 0.7223413586616516,
  "git_commit": "0c0b3db",
  "head_steps": 1200,
  "hostname": "user-NF5468M6",
  "metrics_json": "{\"best_metric\": 0.98046875, \"best_step\": 100, \"clean_accuracy\": 0.9934895634651184, \"clean_brier\": 0.11275268346071243, \"clean_confidence_mean\": 0.7092720866203308, \"clean_ece\": 0.28795236349105835, \"clean_nll\": 0.35447707772254944, \"clean_positive_resistance_mean\": -0.09981978684663773, \"clean_resistance_noise_corr\": 1.3005749366357122e-08, \"clean_resistance_occlusion_corr\": NaN, \"clean_risk_at_100_coverage\": 0.006510436534881592, \"clean_risk_at_50_coverage\": 0.0, \"clean_risk_at_70_coverage\": 0.0, \"clean_risk_at_80_coverage\": 0.0, \"clean_risk_at_90_coverage\": 0.0, \"clean_score_name\": \"positive_resistance\", \"clean_selective_aurc\": 6.510430102935061e-05, \"clean_uncertainty_mean\": -0.09981978684663773, \"clean_vs_noisy_auroc\": 0.7003428339958191, \"clean_vs_occluded_auroc\": 0.6419830322265625, \"condition_metrics_path\": \"reports/pluggable_uncertainty_real_20260427/runs/20260427_031836_uncertainty_synthetic_shape_eml_centered_ambiguity_seed0/uncertainty_eval.pt\", \"early_stop_patience\": 4, \"early_stop_triggered\": true, \"final_metric\": 0.9934895634651184, \"final_train_loss\": 0.7223413586616516, \"noisy_accuracy\": 0.935546875, \"noisy_brier\": 0.1782483458518982, \"noisy_confidence_mean\": 0.6793259978294373, \"noisy_ece\": 0.26128730177879333, \"noisy_nll\": 0.467390239238739, \"noisy_positive_resistance_mean\": 0.09082730859518051, \"noisy_resistance_noise_corr\": NaN, \"noisy_resistance_occlusion_corr\": NaN, \"noisy_risk_at_100_coverage\": 0.064453125, \"noisy_risk_at_50_coverage\": 0.0, \"noisy_risk_at_70_coverage\": 0.0, \"noisy_risk_at_80_coverage\": 0.0, \"noisy_risk_at_90_coverage\": 0.0032538175582885742, \"noisy_score_name\": \"positive_resistance\", \"noisy_selective_aurc\": 0.0024690888822078705, \"noisy_uncertainty_mean\": 0.09082730859518051, \"occluded_accuracy\": 0.90234375, \"occluded_brier\": 0.21638622879981995, \"occluded_confidence_mean\": 0.6623683571815491, \"occluded_ece\": 0.24468225240707397, \"occluded_nll\": 0.5373242497444153, \"occluded_positive_resistance_mean\": 0.06751155853271484, \"occluded_resistance_noise_corr\": 1.0884478207628945e-08, \"occluded_resistance_occlusion_corr\": 0.6222605109214783, \"occluded_risk_at_100_coverage\": 0.09765625, \"occluded_risk_at_50_coverage\": 0.0, \"occluded_risk_at_70_coverage\": 0.0, \"occluded_risk_at_80_coverage\": 0.0, \"occluded_risk_at_90_coverage\": 0.008676767349243164, \"occluded_score_name\": \"positive_resistance\", \"occluded_selective_aurc\": 0.00528607377782464, \"occluded_uncertainty_mean\": 0.06751155853271484, \"pooled_resistance_noise_corr\": 0.1508549153804779, \"pooled_resistance_occlusion_corr\": 0.41855567693710327, \"steps_run\": 200, \"total_train_time_sec\": 13.01071810722351}",
  "mode": "uncertainty_benchmark",
  "model_class": "EMLPrototypeHeadCenteredAmbiguity",
  "model_name": "eml_centered_ambiguity",
  "noisy_accuracy": 0.935546875,
  "noisy_brier": 0.1782483458518982,
  "noisy_confidence_mean": 0.6793259978294373,
  "noisy_ece": 0.26128730177879333,
  "noisy_nll": 0.467390239238739,
  "noisy_positive_resistance_mean": 0.09082730859518051,
  "noisy_resistance_noise_corr": NaN,
  "noisy_resistance_occlusion_corr": NaN,
  "noisy_risk_at_100_coverage": 0.064453125,
  "noisy_risk_at_50_coverage": 0.0,
  "noisy_risk_at_70_coverage": 0.0,
  "noisy_risk_at_80_coverage": 0.0,
  "noisy_risk_at_90_coverage": 0.0032538175582885742,
  "noisy_score_name": "positive_resistance",
  "noisy_selective_aurc": 0.0024690888822078705,
  "noisy_uncertainty_mean": 0.09082730859518051,
  "num_classes": 5,
  "num_params": 18002,
  "num_workers": 0,
  "occluded_accuracy": 0.90234375,
  "occluded_brier": 0.21638622879981995,
  "occluded_confidence_mean": 0.6623683571815491,
  "occluded_ece": 0.24468225240707397,
  "occluded_nll": 0.5373242497444153,
  "occluded_positive_resistance_mean": 0.06751155853271484,
  "occluded_resistance_noise_corr": 1.0884478207628945e-08,
  "occluded_resistance_occlusion_corr": 0.6222605109214783,
  "occluded_risk_at_100_coverage": 0.09765625,
  "occluded_risk_at_50_coverage": 0.0,
  "occluded_risk_at_70_coverage": 0.0,
  "occluded_risk_at_80_coverage": 0.0,
  "occluded_risk_at_90_coverage": 0.008676767349243164,
  "occluded_score_name": "positive_resistance",
  "occluded_selective_aurc": 0.00528607377782464,
  "occluded_uncertainty_mean": 0.06751155853271484,
  "platform": "Linux-5.4.0-216-generic-x86_64-with-glibc2.31",
  "pooled_resistance_noise_corr": 0.1508549153804779,
  "pooled_resistance_occlusion_corr": 0.41855567693710327,
  "python_version": "3.10.20",
  "reason": "",
  "run_dir": "reports/pluggable_uncertainty_real_20260427/runs/20260427_031836_uncertainty_synthetic_shape_eml_centered_ambiguity_seed0",
  "run_id": "uncertainty_synthetic_shape_eml_centered_ambiguity_seed0",
  "seed": 0,
  "selected_heads": [
    "linear",
    "mlp",
    "cosine_prototype",
    "eml_no_ambiguity",
    "eml_centered_ambiguity",
    "eml_supervised_resistance",
    "merc_linear",
    "merc_energy"
  ],
  "status": "COMPLETED",
  "steps_run": 200,
  "task_name": "image_uncertainty_selective_classification",
  "test_size": 1024,
  "timestamp": "2026-04-27T03:18:49Z",
  "torch_version": "2.7.1+cu118",
  "torchvision_version": "0.22.1+cu118",
  "total_train_time_sec": 13.01071810722351,
  "train_size": 4096,
  "trainable_params": 18002
}