{
  "backbone_steps": 300,
  "batch_size": 64,
  "best_metric": 0.44140625,
  "best_step": 225,
  "clean_accuracy": 0.4427083432674408,
  "clean_brier": 0.696679413318634,
  "clean_confidence_mean": 0.38227882981300354,
  "clean_ece": 0.07737824320793152,
  "clean_nll": 1.5492841005325317,
  "clean_positive_resistance_mean": 0.6181730628013611,
  "clean_resistance_noise_corr": NaN,
  "clean_resistance_occlusion_corr": NaN,
  "clean_risk_at_100_coverage": 0.5572916269302368,
  "clean_risk_at_50_coverage": 0.3333333134651184,
  "clean_risk_at_70_coverage": 0.43308550119400024,
  "clean_risk_at_80_coverage": 0.4796748161315918,
  "clean_risk_at_90_coverage": 0.5245664715766907,
  "clean_score_name": "positive_resistance",
  "clean_selective_aurc": 0.29812413454055786,
  "clean_uncertainty_mean": 0.6181730628013611,
  "clean_vs_noisy_auroc": 0.5580241084098816,
  "clean_vs_occluded_auroc": 0.5374119877815247,
  "condition_metrics_path": "reports/pluggable_primitive_real_20260427/frozen_runs/20260427_042001_uncertainty_cifar10_eml_centered_ambiguity_seed2/uncertainty_eval.pt",
  "cuda_available": true,
  "dataset_name": "cifar10",
  "device": "cuda",
  "early_stop_min_evals": 2,
  "early_stop_patience": 4,
  "early_stop_triggered": true,
  "eval_interval": 25,
  "experiment_type": "frozen_features_uncertainty",
  "feature_dim": 64,
  "final_metric": 0.4427083432674408,
  "final_train_loss": 1.4753974676132202,
  "git_commit": "0c0b3db",
  "head_steps": 1200,
  "hostname": "user-NF5468M6",
  "metrics_json": "{\"best_metric\": 0.44140625, \"best_step\": 225, \"clean_accuracy\": 0.4427083432674408, \"clean_brier\": 0.696679413318634, \"clean_confidence_mean\": 0.38227882981300354, \"clean_ece\": 0.07737824320793152, \"clean_nll\": 1.5492841005325317, \"clean_positive_resistance_mean\": 0.6181730628013611, \"clean_resistance_noise_corr\": NaN, \"clean_resistance_occlusion_corr\": NaN, \"clean_risk_at_100_coverage\": 0.5572916269302368, \"clean_risk_at_50_coverage\": 0.3333333134651184, \"clean_risk_at_70_coverage\": 0.43308550119400024, \"clean_risk_at_80_coverage\": 0.4796748161315918, \"clean_risk_at_90_coverage\": 0.5245664715766907, \"clean_score_name\": \"positive_resistance\", \"clean_selective_aurc\": 0.29812413454055786, \"clean_uncertainty_mean\": 0.6181730628013611, \"clean_vs_noisy_auroc\": 0.5580241084098816, \"clean_vs_occluded_auroc\": 0.5374119877815247, \"condition_metrics_path\": \"reports/pluggable_primitive_real_20260427/frozen_runs/20260427_042001_uncertainty_cifar10_eml_centered_ambiguity_seed2/uncertainty_eval.pt\", \"early_stop_patience\": 4, \"early_stop_triggered\": true, \"final_metric\": 0.4427083432674408, \"final_train_loss\": 1.4753974676132202, \"noisy_accuracy\": 0.3505859375, \"noisy_brier\": 0.7629398107528687, \"noisy_confidence_mean\": 0.37188515067100525, \"noisy_ece\": 0.041245248168706894, \"noisy_nll\": 1.760817050933838, \"noisy_positive_resistance_mean\": 0.6547619104385376, \"noisy_resistance_noise_corr\": NaN, \"noisy_resistance_occlusion_corr\": NaN, \"noisy_risk_at_100_coverage\": 0.6494140625, \"noisy_risk_at_50_coverage\": 0.4140625, \"noisy_risk_at_70_coverage\": 0.5202231407165527, \"noisy_risk_at_80_coverage\": 0.5670731663703918, \"noisy_risk_at_90_coverage\": 0.6106290817260742, \"noisy_score_name\": \"positive_resistance\", \"noisy_selective_aurc\": 0.37631016969680786, \"noisy_uncertainty_mean\": 0.6547619104385376, \"occluded_accuracy\": 0.388671875, \"occluded_brier\": 0.7310382127761841, \"occluded_confidence_mean\": 0.3847416043281555, \"occluded_ece\": 0.034488096833229065, \"occluded_nll\": 1.6633930206298828, \"occluded_positive_resistance_mean\": 0.6425741910934448, \"occluded_resistance_noise_corr\": NaN, \"occluded_resistance_occlusion_corr\": NaN, \"occluded_risk_at_100_coverage\": 0.611328125, \"occluded_risk_at_50_coverage\": 0.4140625, \"occluded_risk_at_70_coverage\": 0.5006973743438721, \"occluded_risk_at_80_coverage\": 0.5402438640594482, \"occluded_risk_at_90_coverage\": 0.5791757106781006, \"occluded_score_name\": \"positive_resistance\", \"occluded_selective_aurc\": 0.3546363115310669, \"occluded_uncertainty_mean\": 0.6425741910934448, \"pooled_resistance_noise_corr\": 0.05958050116896629, \"pooled_resistance_occlusion_corr\": 0.009190861135721207, \"steps_run\": 325, \"total_train_time_sec\": 10.641300916671753}",
  "mode": "uncertainty_benchmark",
  "model_class": "EMLPrototypeHeadCenteredAmbiguity",
  "model_name": "eml_centered_ambiguity",
  "noisy_accuracy": 0.3505859375,
  "noisy_brier": 0.7629398107528687,
  "noisy_confidence_mean": 0.37188515067100525,
  "noisy_ece": 0.041245248168706894,
  "noisy_nll": 1.760817050933838,
  "noisy_positive_resistance_mean": 0.6547619104385376,
  "noisy_resistance_noise_corr": NaN,
  "noisy_resistance_occlusion_corr": NaN,
  "noisy_risk_at_100_coverage": 0.6494140625,
  "noisy_risk_at_50_coverage": 0.4140625,
  "noisy_risk_at_70_coverage": 0.5202231407165527,
  "noisy_risk_at_80_coverage": 0.5670731663703918,
  "noisy_risk_at_90_coverage": 0.6106290817260742,
  "noisy_score_name": "positive_resistance",
  "noisy_selective_aurc": 0.37631016969680786,
  "noisy_uncertainty_mean": 0.6547619104385376,
  "num_classes": 10,
  "num_params": 18977,
  "num_workers": 0,
  "occluded_accuracy": 0.388671875,
  "occluded_brier": 0.7310382127761841,
  "occluded_confidence_mean": 0.3847416043281555,
  "occluded_ece": 0.034488096833229065,
  "occluded_nll": 1.6633930206298828,
  "occluded_positive_resistance_mean": 0.6425741910934448,
  "occluded_resistance_noise_corr": NaN,
  "occluded_resistance_occlusion_corr": NaN,
  "occluded_risk_at_100_coverage": 0.611328125,
  "occluded_risk_at_50_coverage": 0.4140625,
  "occluded_risk_at_70_coverage": 0.5006973743438721,
  "occluded_risk_at_80_coverage": 0.5402438640594482,
  "occluded_risk_at_90_coverage": 0.5791757106781006,
  "occluded_score_name": "positive_resistance",
  "occluded_selective_aurc": 0.3546363115310669,
  "occluded_uncertainty_mean": 0.6425741910934448,
  "platform": "Linux-5.4.0-216-generic-x86_64-with-glibc2.31",
  "pooled_resistance_noise_corr": 0.05958050116896629,
  "pooled_resistance_occlusion_corr": 0.009190861135721207,
  "python_version": "3.10.20",
  "reason": "",
  "run_dir": "reports/pluggable_primitive_real_20260427/frozen_runs/20260427_042001_uncertainty_cifar10_eml_centered_ambiguity_seed2",
  "run_id": "uncertainty_cifar10_eml_centered_ambiguity_seed2",
  "seed": 2,
  "selected_heads": [
    "linear",
    "mlp",
    "cosine_prototype",
    "eml_no_ambiguity",
    "eml_centered_ambiguity",
    "eml_supervised_resistance",
    "merc_linear",
    "merc_energy"
  ],
  "status": "COMPLETED",
  "steps_run": 325,
  "task_name": "image_uncertainty_selective_classification",
  "test_size": 1024,
  "timestamp": "2026-04-27T04:20:12Z",
  "torch_version": "2.7.1+cu118",
  "torchvision_version": "0.22.1+cu118",
  "total_train_time_sec": 10.641300916671753,
  "train_size": 4096,
  "trainable_params": 18977
}