{
  "batch_size": 32,
  "best_metric": 0.1953125,
  "best_step": 10,
  "best_val_accuracy": 0.1953125,
  "cuda_available": false,
  "dataset_name": "synthetic_shape",
  "device": "cpu",
  "experiment_type": "end_to_end",
  "feature_dim": 64,
  "final_metric": 0.1953125,
  "final_train_accuracy": 0.5625,
  "final_train_loss": 1.2340234518051147,
  "git_commit": "19568db",
  "head_name": "eml_centered_ambiguity",
  "hostname": "BMW-Pro.local",
  "loss_mode": "ce_pairwise",
  "lr": 0.001,
  "metrics_json": "{\"best_metric\": 0.1953125, \"best_step\": 10, \"best_val_accuracy\": 0.1953125, \"final_metric\": 0.1953125, \"final_train_accuracy\": 0.5625, \"final_train_loss\": 1.2340234518051147, \"test_accuracy\": 0.1953125, \"test_ambiguity_mean\": 1.2220652103424072, \"test_brier\": 0.856756329536438, \"test_class_resistance_mean\": 0.19993863999843597, \"test_ece\": 0.2064214050769806, \"test_hard_negative_drive_mean\": 3.0826680660247803, \"test_hard_negative_logit_mean\": 0.8976978063583374, \"test_hard_negative_resistance_mean\": 1.286818265914917, \"test_loss\": 1.7226325273513794, \"test_margin_mean\": -0.6921901702880859, \"test_nll\": 1.7226325273513794, \"test_positive_drive_mean\": 0.402273565530777, \"test_positive_logit_mean\": 0.20550766587257385, \"test_positive_resistance_mean\": 1.9329283237457275, \"test_resistance_noise_corr\": -0.04323071613907814, \"test_resistance_occlusion_corr\": 0.04842532053589821, \"test_sample_uncertainty_mean\": 0.5090501308441162, \"total_train_time_sec\": 1.239933729171753, \"val_accuracy\": 0.1953125, \"val_ambiguity_mean\": 1.2227675914764404, \"val_brier\": 0.8597574830055237, \"val_class_resistance_mean\": 0.19993863999843597, \"val_ece\": 0.20635941624641418, \"val_hard_negative_drive_mean\": 3.0803182125091553, \"val_hard_negative_logit_mean\": 0.8967025876045227, \"val_hard_negative_resistance_mean\": 1.290804386138916, \"val_loss\": 1.7329696416854858, \"val_margin_mean\": -0.7010968923568726, \"val_nll\": 1.7329696416854858, \"val_positive_drive_mean\": 0.2868921756744385, \"val_positive_logit_mean\": 0.19560569524765015, \"val_positive_resistance_mean\": 1.937434434890747, \"val_resistance_noise_corr\": 0.042443402111530304, \"val_resistance_occlusion_corr\": -0.04871601238846779, \"val_sample_uncertainty_mean\": 0.5093380212783813}",
  "mode": "head_ablation",
  "model_class": "CNNHeadModel",
  "model_name": "eml_bank_centered_ambiguity",
  "num_classes": 5,
  "num_params": 220468,
  "pairwise_margin": 0.0,
  "pairwise_weight": 0.05,
  "platform": "macOS-26.0-arm64-arm-64bit",
  "python_version": "3.12.12",
  "reason": "",
  "run_dir": "reports/head_ablation/runs/20260424_081533_e2e_synthetic_shape_eml_bank_centered_ambiguity_ce_pairwise_seed1",
  "run_id": "e2e_synthetic_shape_eml_bank_centered_ambiguity_ce_pairwise_seed1",
  "seed": 1,
  "status": "COMPLETED",
  "steps": 30,
  "task_name": "image_classification",
  "test_accuracy": 0.1953125,
  "test_ambiguity_mean": 1.2220652103424072,
  "test_brier": 0.856756329536438,
  "test_class_resistance_mean": 0.19993863999843597,
  "test_ece": 0.2064214050769806,
  "test_hard_negative_drive_mean": 3.0826680660247803,
  "test_hard_negative_logit_mean": 0.8976978063583374,
  "test_hard_negative_resistance_mean": 1.286818265914917,
  "test_loss": 1.7226325273513794,
  "test_margin_mean": -0.6921901702880859,
  "test_nll": 1.7226325273513794,
  "test_positive_drive_mean": 0.402273565530777,
  "test_positive_logit_mean": 0.20550766587257385,
  "test_positive_resistance_mean": 1.9329283237457275,
  "test_resistance_noise_corr": -0.04323071613907814,
  "test_resistance_occlusion_corr": 0.04842532053589821,
  "test_sample_uncertainty_mean": 0.5090501308441162,
  "timestamp": "2026-04-24T08:15:34Z",
  "torch_version": "2.10.0",
  "torchvision_version": "unavailable",
  "total_train_time_sec": 1.239933729171753,
  "trainable_params": 220468,
  "use_eml_residual_bank": true,
  "val_accuracy": 0.1953125,
  "val_ambiguity_mean": 1.2227675914764404,
  "val_brier": 0.8597574830055237,
  "val_class_resistance_mean": 0.19993863999843597,
  "val_ece": 0.20635941624641418,
  "val_hard_negative_drive_mean": 3.0803182125091553,
  "val_hard_negative_logit_mean": 0.8967025876045227,
  "val_hard_negative_resistance_mean": 1.290804386138916,
  "val_loss": 1.7329696416854858,
  "val_margin_mean": -0.7010968923568726,
  "val_nll": 1.7329696416854858,
  "val_positive_drive_mean": 0.2868921756744385,
  "val_positive_logit_mean": 0.19560569524765015,
  "val_positive_resistance_mean": 1.937434434890747,
  "val_resistance_noise_corr": 0.042443402111530304,
  "val_resistance_occlusion_corr": -0.04871601238846779,
  "val_sample_uncertainty_mean": 0.5093380212783813
}