{
  "backbone_steps": 300,
  "batch_size": 64,
  "best_metric": 0.546875,
  "best_step": 150,
  "clean_accuracy": 0.49609375,
  "clean_brier": 0.66557377576828,
  "clean_confidence_mean": 0.4860337972640991,
  "clean_ece": 0.03374992311000824,
  "clean_nll": 1.478920817375183,
  "clean_risk_at_100_coverage": 0.50390625,
  "clean_risk_at_50_coverage": 0.390625,
  "clean_risk_at_70_coverage": 0.44423794746398926,
  "clean_risk_at_80_coverage": 0.4536585211753845,
  "clean_risk_at_90_coverage": 0.4855491518974304,
  "clean_score_name": "one_minus_confidence",
  "clean_selective_aurc": 0.3631301522254944,
  "clean_uncertainty_mean": 0.5139661431312561,
  "clean_vs_noisy_auroc": 0.4933128356933594,
  "clean_vs_occluded_auroc": 0.4945869445800781,
  "condition_metrics_path": "reports/pluggable_primitive_real_20260427/frozen_runs/20260427_041629_uncertainty_cifar10_mlp_seed0/uncertainty_eval.pt",
  "cuda_available": true,
  "dataset_name": "cifar10",
  "device": "cuda",
  "early_stop_min_evals": 2,
  "early_stop_patience": 4,
  "early_stop_triggered": true,
  "eval_interval": 25,
  "experiment_type": "frozen_features_uncertainty",
  "feature_dim": 64,
  "final_metric": 0.49609375,
  "final_train_loss": 1.232433795928955,
  "git_commit": "0c0b3db",
  "head_steps": 1200,
  "hostname": "user-NF5468M6",
  "metrics_json": "{\"best_metric\": 0.546875, \"best_step\": 150, \"clean_accuracy\": 0.49609375, \"clean_brier\": 0.66557377576828, \"clean_confidence_mean\": 0.4860337972640991, \"clean_ece\": 0.03374992311000824, \"clean_nll\": 1.478920817375183, \"clean_risk_at_100_coverage\": 0.50390625, \"clean_risk_at_50_coverage\": 0.390625, \"clean_risk_at_70_coverage\": 0.44423794746398926, \"clean_risk_at_80_coverage\": 0.4536585211753845, \"clean_risk_at_90_coverage\": 0.4855491518974304, \"clean_score_name\": \"one_minus_confidence\", \"clean_selective_aurc\": 0.3631301522254944, \"clean_uncertainty_mean\": 0.5139661431312561, \"clean_vs_noisy_auroc\": 0.4933128356933594, \"clean_vs_occluded_auroc\": 0.4945869445800781, \"condition_metrics_path\": \"reports/pluggable_primitive_real_20260427/frozen_runs/20260427_041629_uncertainty_cifar10_mlp_seed0/uncertainty_eval.pt\", \"early_stop_patience\": 4, \"early_stop_triggered\": true, \"final_metric\": 0.49609375, \"final_train_loss\": 1.232433795928955, \"noisy_accuracy\": 0.3955078125, \"noisy_brier\": 0.7204545736312866, \"noisy_confidence_mean\": 0.4873542785644531, \"noisy_ece\": 0.10519919544458389, \"noisy_nll\": 1.610142707824707, \"noisy_risk_at_100_coverage\": 0.6044921875, \"noisy_risk_at_50_coverage\": 0.470703125, \"noisy_risk_at_70_coverage\": 0.525801956653595, \"noisy_risk_at_80_coverage\": 0.5536585450172424, \"noisy_risk_at_90_coverage\": 0.5791757106781006, \"noisy_score_name\": \"one_minus_confidence\", \"noisy_selective_aurc\": 0.44093355536460876, \"noisy_uncertainty_mean\": 0.5126456618309021, \"occluded_accuracy\": 0.4501953125, \"occluded_brier\": 0.7016347050666809, \"occluded_confidence_mean\": 0.48505210876464844, \"occluded_ece\": 0.04370264336466789, \"occluded_nll\": 1.6007479429244995, \"occluded_risk_at_100_coverage\": 0.5498046875, \"occluded_risk_at_50_coverage\": 0.43359375, \"occluded_risk_at_70_coverage\": 0.4853556752204895, \"occluded_risk_at_80_coverage\": 0.5060975551605225, \"occluded_risk_at_90_coverage\": 0.5260303616523743, \"occluded_score_name\": \"one_minus_confidence\", \"occluded_selective_aurc\": 0.4028632640838623, \"occluded_uncertainty_mean\": 0.5149478912353516, \"steps_run\": 250, \"total_train_time_sec\": 3.8085336685180664}",
  "mode": "uncertainty_benchmark",
  "model_class": "MLPHead",
  "model_name": "mlp",
  "noisy_accuracy": 0.3955078125,
  "noisy_brier": 0.7204545736312866,
  "noisy_confidence_mean": 0.4873542785644531,
  "noisy_ece": 0.10519919544458389,
  "noisy_nll": 1.610142707824707,
  "noisy_risk_at_100_coverage": 0.6044921875,
  "noisy_risk_at_50_coverage": 0.470703125,
  "noisy_risk_at_70_coverage": 0.525801956653595,
  "noisy_risk_at_80_coverage": 0.5536585450172424,
  "noisy_risk_at_90_coverage": 0.5791757106781006,
  "noisy_score_name": "one_minus_confidence",
  "noisy_selective_aurc": 0.44093355536460876,
  "noisy_uncertainty_mean": 0.5126456618309021,
  "num_classes": 10,
  "num_params": 9738,
  "num_workers": 0,
  "occluded_accuracy": 0.4501953125,
  "occluded_brier": 0.7016347050666809,
  "occluded_confidence_mean": 0.48505210876464844,
  "occluded_ece": 0.04370264336466789,
  "occluded_nll": 1.6007479429244995,
  "occluded_risk_at_100_coverage": 0.5498046875,
  "occluded_risk_at_50_coverage": 0.43359375,
  "occluded_risk_at_70_coverage": 0.4853556752204895,
  "occluded_risk_at_80_coverage": 0.5060975551605225,
  "occluded_risk_at_90_coverage": 0.5260303616523743,
  "occluded_score_name": "one_minus_confidence",
  "occluded_selective_aurc": 0.4028632640838623,
  "occluded_uncertainty_mean": 0.5149478912353516,
  "platform": "Linux-5.4.0-216-generic-x86_64-with-glibc2.31",
  "python_version": "3.10.20",
  "reason": "",
  "run_dir": "reports/pluggable_primitive_real_20260427/frozen_runs/20260427_041629_uncertainty_cifar10_mlp_seed0",
  "run_id": "uncertainty_cifar10_mlp_seed0",
  "seed": 0,
  "selected_heads": [
    "linear",
    "mlp",
    "cosine_prototype",
    "eml_no_ambiguity",
    "eml_centered_ambiguity",
    "eml_supervised_resistance",
    "merc_linear",
    "merc_energy"
  ],
  "status": "COMPLETED",
  "steps_run": 250,
  "task_name": "image_uncertainty_selective_classification",
  "test_size": 1024,
  "timestamp": "2026-04-27T04:16:32Z",
  "torch_version": "2.7.1+cu118",
  "torchvision_version": "0.22.1+cu118",
  "total_train_time_sec": 3.8085336685180664,
  "train_size": 4096,
  "trainable_params": 9738
}