{
  "batch_size": 64,
  "best_metric": 0.396484375,
  "best_step": 300,
  "best_val_accuracy": 0.396484375,
  "cuda_available": true,
  "dataset_name": "cifar10",
  "device": "cuda",
  "early_stop_triggered": false,
  "experiment_type": "end_to_end",
  "feature_dim": 64,
  "final_metric": 0.4296875,
  "final_train_accuracy": 0.53125,
  "final_train_loss": 1.483875036239624,
  "git_commit": "unknown",
  "head_name": "eml_no_ambiguity",
  "hostname": "user-NF5468M6",
  "loss_mode": "ce_pairwise",
  "lr": 0.001,
  "metrics_json": "{\"best_metric\": 0.396484375, \"best_step\": 300, \"best_val_accuracy\": 0.396484375, \"early_stop_triggered\": false, \"final_metric\": 0.4296875, \"final_train_accuracy\": 0.53125, \"final_train_loss\": 1.483875036239624, \"steps_run\": 300, \"test_accuracy\": 0.4296875, \"test_ambiguity_mean\": 0.0, \"test_brier\": 0.6990785002708435, \"test_class_resistance_mean\": 0.20144811272621155, \"test_ece\": 0.05735008791089058, \"test_hard_negative_drive_mean\": 6.351674556732178, \"test_hard_negative_logit_mean\": 2.000708818435669, \"test_hard_negative_resistance_mean\": 17.864755630493164, \"test_loss\": 1.5769691467285156, \"test_margin_mean\": -0.3698998689651489, \"test_nll\": 1.5769691467285156, \"test_positive_drive_mean\": 5.31901741027832, \"test_positive_logit_mean\": 1.6308090686798096, \"test_positive_resistance_mean\": 17.864337921142578, \"test_resistance_noise_corr\": NaN, \"test_resistance_occlusion_corr\": NaN, \"test_sample_uncertainty_mean\": 17.66284942626953, \"total_train_time_sec\": 12.098341226577759, \"val_accuracy\": 0.396484375, \"val_ambiguity_mean\": 0.0, \"val_brier\": 0.7118093967437744, \"val_class_resistance_mean\": 0.20144811272621155, \"val_ece\": 0.04257863759994507, \"val_hard_negative_drive_mean\": 6.4211812019348145, \"val_hard_negative_logit_mean\": 2.0067524909973145, \"val_hard_negative_resistance_mean\": 18.62944793701172, \"val_loss\": 1.6004638671875, \"val_margin_mean\": -0.40005040168762207, \"val_nll\": 1.6004638671875, \"val_positive_drive_mean\": 5.101572513580322, \"val_positive_logit_mean\": 1.6067019701004028, \"val_positive_resistance_mean\": 18.628772735595703, \"val_resistance_noise_corr\": NaN, \"val_resistance_occlusion_corr\": NaN, \"val_sample_uncertainty_mean\": 18.427276611328125}",
  "mode": "head_ablation",
  "model_class": "CNNHeadModel",
  "model_name": "eml_no_ambiguity",
  "num_classes": 10,
  "num_params": 167233,
  "pairwise_margin": 0.0,
  "pairwise_weight": 0.05,
  "platform": "Linux-5.4.0-216-generic-x86_64-with-glibc2.31",
  "python_version": "3.10.20",
  "reason": "",
  "run_dir": "reports/merc_end_to_end/runs/20260425_030714_e2e_cifar10_eml_no_ambiguity_ce_pairwise_seed0",
  "run_id": "e2e_cifar10_eml_no_ambiguity_ce_pairwise_seed0",
  "seed": 0,
  "status": "COMPLETED",
  "steps": 300,
  "steps_run": 300,
  "task_name": "image_classification",
  "test_accuracy": 0.4296875,
  "test_ambiguity_mean": 0.0,
  "test_brier": 0.6990785002708435,
  "test_class_resistance_mean": 0.20144811272621155,
  "test_ece": 0.05735008791089058,
  "test_hard_negative_drive_mean": 6.351674556732178,
  "test_hard_negative_logit_mean": 2.000708818435669,
  "test_hard_negative_resistance_mean": 17.864755630493164,
  "test_loss": 1.5769691467285156,
  "test_margin_mean": -0.3698998689651489,
  "test_nll": 1.5769691467285156,
  "test_positive_drive_mean": 5.31901741027832,
  "test_positive_logit_mean": 1.6308090686798096,
  "test_positive_resistance_mean": 17.864337921142578,
  "test_resistance_noise_corr": NaN,
  "test_resistance_occlusion_corr": NaN,
  "test_sample_uncertainty_mean": 17.66284942626953,
  "timestamp": "2026-04-25T03:07:26Z",
  "torch_version": "2.7.1+cu118",
  "torchvision_version": "0.22.1+cu118",
  "total_train_time_sec": 12.098341226577759,
  "trainable_params": 167233,
  "use_eml_residual_bank": false,
  "use_merc_block": false,
  "val_accuracy": 0.396484375,
  "val_ambiguity_mean": 0.0,
  "val_brier": 0.7118093967437744,
  "val_class_resistance_mean": 0.20144811272621155,
  "val_ece": 0.04257863759994507,
  "val_hard_negative_drive_mean": 6.4211812019348145,
  "val_hard_negative_logit_mean": 2.0067524909973145,
  "val_hard_negative_resistance_mean": 18.62944793701172,
  "val_loss": 1.6004638671875,
  "val_margin_mean": -0.40005040168762207,
  "val_nll": 1.6004638671875,
  "val_positive_drive_mean": 5.101572513580322,
  "val_positive_logit_mean": 1.6067019701004028,
  "val_positive_resistance_mean": 18.628772735595703,
  "val_resistance_noise_corr": NaN,
  "val_resistance_occlusion_corr": NaN,
  "val_sample_uncertainty_mean": 18.427276611328125
}