{
  "batch_size": 64,
  "best_metric": 0.416015625,
  "best_step": 198,
  "best_val_accuracy": 0.416015625,
  "cuda_available": true,
  "dataset_name": "cifar10",
  "device": "cuda",
  "experiment_type": "end_to_end",
  "feature_dim": 64,
  "final_metric": 0.416015625,
  "final_train_accuracy": 0.5,
  "final_train_loss": 1.3530594110488892,
  "git_commit": "unknown",
  "head_name": "eml_no_ambiguity",
  "hostname": "user-NF5468M6",
  "loss_mode": "ce",
  "lr": 0.001,
  "metrics_json": "{\"best_metric\": 0.416015625, \"best_step\": 198, \"best_val_accuracy\": 0.416015625, \"final_metric\": 0.416015625, \"final_train_accuracy\": 0.5, \"final_train_loss\": 1.3530594110488892, \"test_accuracy\": 0.416015625, \"test_ambiguity_mean\": 0.0, \"test_brier\": 0.7401368618011475, \"test_class_resistance_mean\": 0.20054207742214203, \"test_ece\": 0.08756846934556961, \"test_hard_negative_drive_mean\": 6.8492865562438965, \"test_hard_negative_logit_mean\": 2.0950658321380615, \"test_hard_negative_resistance_mean\": 0.9370258450508118, \"test_loss\": 1.681872010231018, \"test_margin_mean\": -0.4470711052417755, \"test_nll\": 1.681872010231018, \"test_positive_drive_mean\": 5.341348648071289, \"test_positive_logit_mean\": 1.6479947566986084, \"test_positive_resistance_mean\": 0.9365842342376709, \"test_resistance_noise_corr\": NaN, \"test_resistance_occlusion_corr\": NaN, \"test_sample_uncertainty_mean\": 0.7359635829925537, \"total_train_time_sec\": 6.185659885406494, \"val_accuracy\": 0.412109375, \"val_ambiguity_mean\": 0.0, \"val_brier\": 0.7182594537734985, \"val_class_resistance_mean\": 0.20054207742214203, \"val_ece\": 0.09027448296546936, \"val_hard_negative_drive_mean\": 6.941605567932129, \"val_hard_negative_logit_mean\": 2.0928525924682617, \"val_hard_negative_resistance_mean\": 0.9378368258476257, \"val_loss\": 1.6114953756332397, \"val_margin_mean\": -0.36924540996551514, \"val_nll\": 1.6114953756332397, \"val_positive_drive_mean\": 5.612595081329346, \"val_positive_logit_mean\": 1.723607063293457, \"val_positive_resistance_mean\": 0.9368892312049866, \"val_resistance_noise_corr\": NaN, \"val_resistance_occlusion_corr\": NaN, \"val_sample_uncertainty_mean\": 0.7366723418235779}",
  "mode": "head_ablation",
  "model_class": "CNNHeadModel",
  "model_name": "eml_no_ambiguity",
  "num_classes": 10,
  "num_params": 167233,
  "pairwise_margin": 0.0,
  "pairwise_weight": 0.0,
  "platform": "Linux-5.4.0-216-generic-x86_64-with-glibc2.31",
  "python_version": "3.10.20",
  "reason": "",
  "run_dir": "reports/head_ablation/runs/20260424_082843_e2e_cifar10_eml_no_ambiguity_ce_seed1",
  "run_id": "e2e_cifar10_eml_no_ambiguity_ce_seed1",
  "seed": 1,
  "status": "COMPLETED",
  "steps": 200,
  "task_name": "image_classification",
  "test_accuracy": 0.416015625,
  "test_ambiguity_mean": 0.0,
  "test_brier": 0.7401368618011475,
  "test_class_resistance_mean": 0.20054207742214203,
  "test_ece": 0.08756846934556961,
  "test_hard_negative_drive_mean": 6.8492865562438965,
  "test_hard_negative_logit_mean": 2.0950658321380615,
  "test_hard_negative_resistance_mean": 0.9370258450508118,
  "test_loss": 1.681872010231018,
  "test_margin_mean": -0.4470711052417755,
  "test_nll": 1.681872010231018,
  "test_positive_drive_mean": 5.341348648071289,
  "test_positive_logit_mean": 1.6479947566986084,
  "test_positive_resistance_mean": 0.9365842342376709,
  "test_resistance_noise_corr": NaN,
  "test_resistance_occlusion_corr": NaN,
  "test_sample_uncertainty_mean": 0.7359635829925537,
  "timestamp": "2026-04-24T08:28:49Z",
  "torch_version": "2.7.1+cu118",
  "torchvision_version": "0.22.1+cu118",
  "total_train_time_sec": 6.185659885406494,
  "trainable_params": 167233,
  "use_eml_residual_bank": false,
  "val_accuracy": 0.412109375,
  "val_ambiguity_mean": 0.0,
  "val_brier": 0.7182594537734985,
  "val_class_resistance_mean": 0.20054207742214203,
  "val_ece": 0.09027448296546936,
  "val_hard_negative_drive_mean": 6.941605567932129,
  "val_hard_negative_logit_mean": 2.0928525924682617,
  "val_hard_negative_resistance_mean": 0.9378368258476257,
  "val_loss": 1.6114953756332397,
  "val_margin_mean": -0.36924540996551514,
  "val_nll": 1.6114953756332397,
  "val_positive_drive_mean": 5.612595081329346,
  "val_positive_logit_mean": 1.723607063293457,
  "val_positive_resistance_mean": 0.9368892312049866,
  "val_resistance_noise_corr": NaN,
  "val_resistance_occlusion_corr": NaN,
  "val_sample_uncertainty_mean": 0.7366723418235779
}