{
  "batch_size": 64,
  "best_metric": 0.5703125,
  "best_step": 300,
  "best_val_accuracy": 0.5703125,
  "cuda_available": true,
  "dataset_name": "cifar10",
  "device": "cuda",
  "early_stop_triggered": false,
  "experiment_type": "frozen_features",
  "feature_dim": 64,
  "features_dir": "reports/head_ablation/features/cifar10_medium_seed2",
  "final_metric": 0.529296875,
  "final_train_accuracy": 0.578125,
  "final_train_loss": 1.292320728302002,
  "git_commit": "unknown",
  "hostname": "user-NF5468M6",
  "lr": 0.001,
  "metrics_json": "{\"best_metric\": 0.5703125, \"best_step\": 300, \"best_val_accuracy\": 0.5703125, \"early_stop_triggered\": false, \"final_metric\": 0.529296875, \"final_train_accuracy\": 0.578125, \"final_train_loss\": 1.292320728302002, \"steps_run\": 300, \"test_accuracy\": 0.529296875, \"test_ambiguity_mean\": 0.12040434777736664, \"test_brier\": 0.6369974613189697, \"test_class_resistance_mean\": 0.20122955739498138, \"test_conflict_resistance_corr\": NaN, \"test_ece\": 0.08078968524932861, \"test_hard_negative_drive_mean\": 5.519130706787109, \"test_hard_negative_logit_mean\": 1.9116674661636353, \"test_hard_negative_resistance_mean\": 0.7610664367675781, \"test_loss\": 1.4549264907836914, \"test_margin_mean\": -0.06285811960697174, \"test_nll\": 1.4549264907836914, \"test_positive_drive_mean\": 5.594704627990723, \"test_positive_logit_mean\": 1.8488094806671143, \"test_positive_resistance_mean\": 0.6885923743247986, \"test_precision_mean\": NaN, \"test_resistance_noise_corr\": NaN, \"test_resistance_occlusion_corr\": NaN, \"test_sample_uncertainty_mean\": 0.5583739876747131, \"test_support_evidence_corr\": NaN, \"test_update_gate_mean\": NaN, \"total_train_time_sec\": 13.635581254959106, \"val_accuracy\": 0.5703125, \"val_ambiguity_mean\": 0.13822871446609497, \"val_brier\": 0.6166239976882935, \"val_class_resistance_mean\": 0.20122955739498138, \"val_conflict_resistance_corr\": NaN, \"val_ece\": 0.11961635202169418, \"val_hard_negative_drive_mean\": 5.462944030761719, \"val_hard_negative_logit_mean\": 1.9098317623138428, \"val_hard_negative_resistance_mean\": 0.7536331415176392, \"val_loss\": 1.4081509113311768, \"val_margin_mean\": -0.0008868668228387833, \"val_nll\": 1.4081509113311768, \"val_positive_drive_mean\": 5.776804447174072, \"val_positive_logit_mean\": 1.908944845199585, \"val_positive_resistance_mean\": 0.6816269755363464, \"val_precision_mean\": NaN, \"val_resistance_noise_corr\": NaN, \"val_resistance_occlusion_corr\": NaN, \"val_sample_uncertainty_mean\": 0.5407087206840515, \"val_support_evidence_corr\": NaN, \"val_update_gate_mean\": NaN}",
  "mode": "head_ablation",
  "model_class": "EMLPrototypeHeadCenteredAmbiguity",
  "model_name": "eml_centered_ambiguity",
  "num_classes": 10,
  "num_params": 18977,
  "pairwise_margin": 0.0,
  "pairwise_weight": 0.0,
  "platform": "Linux-5.4.0-216-generic-x86_64-with-glibc2.31",
  "python_version": "3.10.20",
  "reason": "",
  "run_dir": "reports/merc_head_ablation/runs/20260425_030513_frozen_cifar10_eml_centered_ambiguity_seed2",
  "run_id": "frozen_cifar10_eml_centered_ambiguity_seed2",
  "seed": 2,
  "status": "COMPLETED",
  "steps": 300,
  "steps_run": 300,
  "task_name": "image_classification",
  "test_accuracy": 0.529296875,
  "test_ambiguity_mean": 0.12040434777736664,
  "test_brier": 0.6369974613189697,
  "test_class_resistance_mean": 0.20122955739498138,
  "test_conflict_resistance_corr": NaN,
  "test_ece": 0.08078968524932861,
  "test_hard_negative_drive_mean": 5.519130706787109,
  "test_hard_negative_logit_mean": 1.9116674661636353,
  "test_hard_negative_resistance_mean": 0.7610664367675781,
  "test_loss": 1.4549264907836914,
  "test_margin_mean": -0.06285811960697174,
  "test_nll": 1.4549264907836914,
  "test_positive_drive_mean": 5.594704627990723,
  "test_positive_logit_mean": 1.8488094806671143,
  "test_positive_resistance_mean": 0.6885923743247986,
  "test_precision_mean": NaN,
  "test_resistance_noise_corr": NaN,
  "test_resistance_occlusion_corr": NaN,
  "test_sample_uncertainty_mean": 0.5583739876747131,
  "test_support_evidence_corr": NaN,
  "test_update_gate_mean": NaN,
  "timestamp": "2026-04-25T03:05:26Z",
  "torch_version": "2.7.1+cu118",
  "torchvision_version": "0.22.1+cu118",
  "total_train_time_sec": 13.635581254959106,
  "trainable_params": 18977,
  "val_accuracy": 0.5703125,
  "val_ambiguity_mean": 0.13822871446609497,
  "val_brier": 0.6166239976882935,
  "val_class_resistance_mean": 0.20122955739498138,
  "val_conflict_resistance_corr": NaN,
  "val_ece": 0.11961635202169418,
  "val_hard_negative_drive_mean": 5.462944030761719,
  "val_hard_negative_logit_mean": 1.9098317623138428,
  "val_hard_negative_resistance_mean": 0.7536331415176392,
  "val_loss": 1.4081509113311768,
  "val_margin_mean": -0.0008868668228387833,
  "val_nll": 1.4081509113311768,
  "val_positive_drive_mean": 5.776804447174072,
  "val_positive_logit_mean": 1.908944845199585,
  "val_positive_resistance_mean": 0.6816269755363464,
  "val_precision_mean": NaN,
  "val_resistance_noise_corr": NaN,
  "val_resistance_occlusion_corr": NaN,
  "val_sample_uncertainty_mean": 0.5407087206840515,
  "val_support_evidence_corr": NaN,
  "val_update_gate_mean": NaN
}