{
  "batch_size": 64,
  "best_metric": 0.98046875,
  "best_step": 125,
  "clean_accuracy": 0.984375,
  "clean_brier": 0.06415484845638275,
  "clean_confidence_mean": 0.8122299313545227,
  "clean_ece": 0.17499123513698578,
  "clean_nll": 0.2230103760957718,
  "clean_risk_at_100_coverage": 0.015625,
  "clean_risk_at_50_coverage": 0.0,
  "clean_risk_at_70_coverage": 0.0,
  "clean_risk_at_80_coverage": 0.0,
  "clean_risk_at_90_coverage": 0.0,
  "clean_score_name": "one_minus_confidence",
  "clean_selective_aurc": 0.0002895914949476719,
  "clean_uncertainty_mean": 0.1877700239419937,
  "clean_vs_noisy_auroc": 0.6510722041130066,
  "clean_vs_occluded_auroc": 0.6624336242675781,
  "condition_metrics_path": "reports/uncertainty_remote_20260424_175558/runs/20260424_095515_uncertainty_synthetic_shape_cosine_prototype_seed0/uncertainty_eval.pt",
  "cuda_available": true,
  "dataset_name": "synthetic_shape",
  "device": "cuda",
  "early_stop_patience": 4,
  "early_stop_triggered": true,
  "experiment_type": "frozen_features_uncertainty",
  "feature_dim": 64,
  "final_metric": 0.984375,
  "final_train_loss": 0.3467285633087158,
  "git_commit": "unknown",
  "hostname": "user-NF5468M6",
  "metrics_json": "{\"best_metric\": 0.98046875, \"best_step\": 125, \"clean_accuracy\": 0.984375, \"clean_brier\": 0.06415484845638275, \"clean_confidence_mean\": 0.8122299313545227, \"clean_ece\": 0.17499123513698578, \"clean_nll\": 0.2230103760957718, \"clean_risk_at_100_coverage\": 0.015625, \"clean_risk_at_50_coverage\": 0.0, \"clean_risk_at_70_coverage\": 0.0, \"clean_risk_at_80_coverage\": 0.0, \"clean_risk_at_90_coverage\": 0.0, \"clean_score_name\": \"one_minus_confidence\", \"clean_selective_aurc\": 0.0002895914949476719, \"clean_uncertainty_mean\": 0.1877700239419937, \"clean_vs_noisy_auroc\": 0.6510722041130066, \"clean_vs_occluded_auroc\": 0.6624336242675781, \"condition_metrics_path\": \"reports/uncertainty_remote_20260424_175558/runs/20260424_095515_uncertainty_synthetic_shape_cosine_prototype_seed0/uncertainty_eval.pt\", \"early_stop_patience\": 4, \"early_stop_triggered\": true, \"final_metric\": 0.984375, \"final_train_loss\": 0.3467285633087158, \"noisy_accuracy\": 0.9287109375, \"noisy_brier\": 0.14381474256515503, \"noisy_confidence_mean\": 0.7567276358604431, \"noisy_ece\": 0.1746395379304886, \"noisy_nll\": 0.3578447103500366, \"noisy_risk_at_100_coverage\": 0.0712890625, \"noisy_risk_at_50_coverage\": 0.005859375, \"noisy_risk_at_70_coverage\": 0.0069735050201416016, \"noisy_risk_at_80_coverage\": 0.012195110321044922, \"noisy_risk_at_90_coverage\": 0.02819955348968506, \"noisy_score_name\": \"one_minus_confidence\", \"noisy_selective_aurc\": 0.008979851379990578, \"noisy_uncertainty_mean\": 0.24327236413955688, \"occluded_accuracy\": 0.853515625, \"occluded_brier\": 0.21323946118354797, \"occluded_confidence_mean\": 0.7241017818450928, \"occluded_ece\": 0.14077860116958618, \"occluded_nll\": 0.48206695914268494, \"occluded_risk_at_100_coverage\": 0.146484375, \"occluded_risk_at_50_coverage\": 0.001953125, \"occluded_risk_at_70_coverage\": 0.004184126853942871, \"occluded_risk_at_80_coverage\": 0.03414636850357056, \"occluded_risk_at_90_coverage\": 0.09002166986465454, \"occluded_score_name\": \"one_minus_confidence\", \"occluded_selective_aurc\": 0.01995646394789219, \"occluded_uncertainty_mean\": 0.2758982181549072, \"steps_run\": 225, \"total_train_time_sec\": 2.087939500808716}",
  "mode": "uncertainty_benchmark",
  "model_class": "CosinePrototypeHead",
  "model_name": "cosine_prototype",
  "noisy_accuracy": 0.9287109375,
  "noisy_brier": 0.14381474256515503,
  "noisy_confidence_mean": 0.7567276358604431,
  "noisy_ece": 0.1746395379304886,
  "noisy_nll": 0.3578447103500366,
  "noisy_risk_at_100_coverage": 0.0712890625,
  "noisy_risk_at_50_coverage": 0.005859375,
  "noisy_risk_at_70_coverage": 0.0069735050201416016,
  "noisy_risk_at_80_coverage": 0.012195110321044922,
  "noisy_risk_at_90_coverage": 0.02819955348968506,
  "noisy_score_name": "one_minus_confidence",
  "noisy_selective_aurc": 0.008979851379990578,
  "noisy_uncertainty_mean": 0.24327236413955688,
  "num_classes": 5,
  "num_params": 320,
  "num_workers": 0,
  "occluded_accuracy": 0.853515625,
  "occluded_brier": 0.21323946118354797,
  "occluded_confidence_mean": 0.7241017818450928,
  "occluded_ece": 0.14077860116958618,
  "occluded_nll": 0.48206695914268494,
  "occluded_risk_at_100_coverage": 0.146484375,
  "occluded_risk_at_50_coverage": 0.001953125,
  "occluded_risk_at_70_coverage": 0.004184126853942871,
  "occluded_risk_at_80_coverage": 0.03414636850357056,
  "occluded_risk_at_90_coverage": 0.09002166986465454,
  "occluded_score_name": "one_minus_confidence",
  "occluded_selective_aurc": 0.01995646394789219,
  "occluded_uncertainty_mean": 0.2758982181549072,
  "platform": "Linux-5.4.0-216-generic-x86_64-with-glibc2.31",
  "python_version": "3.10.20",
  "reason": "",
  "run_dir": "reports/uncertainty_remote_20260424_175558/runs/20260424_095515_uncertainty_synthetic_shape_cosine_prototype_seed0",
  "run_id": "uncertainty_synthetic_shape_cosine_prototype_seed0",
  "seed": 0,
  "status": "COMPLETED",
  "steps_run": 225,
  "task_name": "image_uncertainty_selective_classification",
  "test_size": 1024,
  "timestamp": "2026-04-24T09:55:18Z",
  "torch_version": "2.7.1+cu118",
  "torchvision_version": "0.22.1+cu118",
  "total_train_time_sec": 2.087939500808716,
  "train_size": 4096,
  "trainable_params": 320
}