{
  "backbone_steps": 300,
  "batch_size": 64,
  "best_metric": 0.4921875,
  "best_step": 200,
  "clean_accuracy": 0.4388020932674408,
  "clean_brier": 0.6955657005310059,
  "clean_confidence_mean": 0.4772428572177887,
  "clean_conflict_resistance_corr": NaN,
  "clean_conflict_score_mean": 0.5332755446434021,
  "clean_ece": 0.05328258126974106,
  "clean_nll": 1.5497771501541138,
  "clean_positive_resistance_mean": 0.7083398699760437,
  "clean_resistance_noise_corr": NaN,
  "clean_resistance_occlusion_corr": NaN,
  "clean_risk_at_100_coverage": 0.5611978769302368,
  "clean_risk_at_50_coverage": 0.6119791269302368,
  "clean_risk_at_70_coverage": 0.5873606204986572,
  "clean_risk_at_80_coverage": 0.5869919061660767,
  "clean_risk_at_90_coverage": 0.5823699235916138,
  "clean_score_name": "positive_resistance",
  "clean_selective_aurc": 0.59390789270401,
  "clean_support_score_mean": 1.0267194509506226,
  "clean_uncertainty_mean": 0.7083398699760437,
  "clean_vs_noisy_auroc": 0.47660064697265625,
  "clean_vs_occluded_auroc": 0.47697576880455017,
  "condition_metrics_path": "reports/uncertainty_resistance_true_earlystop_rerun_20260427/runs/20260427_022930_uncertainty_cifar10_merc_linear_seed0/uncertainty_eval.pt",
  "cuda_available": true,
  "dataset_name": "cifar10",
  "device": "cuda",
  "early_stop_min_evals": 2,
  "early_stop_patience": 4,
  "early_stop_triggered": true,
  "eval_interval": 25,
  "experiment_type": "frozen_features_uncertainty",
  "feature_dim": 64,
  "final_metric": 0.4388020932674408,
  "final_train_loss": 1.454038143157959,
  "git_commit": "0c0b3db",
  "head_steps": 800,
  "hostname": "user-NF5468M6",
  "metrics_json": "{\"best_metric\": 0.4921875, \"best_step\": 200, \"clean_accuracy\": 0.4388020932674408, \"clean_brier\": 0.6955657005310059, \"clean_confidence_mean\": 0.4772428572177887, \"clean_conflict_resistance_corr\": NaN, \"clean_conflict_score_mean\": 0.5332755446434021, \"clean_ece\": 0.05328258126974106, \"clean_nll\": 1.5497771501541138, \"clean_positive_resistance_mean\": 0.7083398699760437, \"clean_resistance_noise_corr\": NaN, \"clean_resistance_occlusion_corr\": NaN, \"clean_risk_at_100_coverage\": 0.5611978769302368, \"clean_risk_at_50_coverage\": 0.6119791269302368, \"clean_risk_at_70_coverage\": 0.5873606204986572, \"clean_risk_at_80_coverage\": 0.5869919061660767, \"clean_risk_at_90_coverage\": 0.5823699235916138, \"clean_score_name\": \"positive_resistance\", \"clean_selective_aurc\": 0.59390789270401, \"clean_support_score_mean\": 1.0267194509506226, \"clean_uncertainty_mean\": 0.7083398699760437, \"clean_vs_noisy_auroc\": 0.47660064697265625, \"clean_vs_occluded_auroc\": 0.47697576880455017, \"condition_metrics_path\": \"reports/uncertainty_resistance_true_earlystop_rerun_20260427/runs/20260427_022930_uncertainty_cifar10_merc_linear_seed0/uncertainty_eval.pt\", \"early_stop_patience\": 4, \"early_stop_triggered\": true, \"final_metric\": 0.4388020932674408, \"final_train_loss\": 1.454038143157959, \"noisy_accuracy\": 0.396484375, \"noisy_brier\": 0.7282055020332336, \"noisy_confidence_mean\": 0.4659557342529297, \"noisy_conflict_resistance_corr\": NaN, \"noisy_conflict_score_mean\": 0.5855907797813416, \"noisy_ece\": 0.08073065429925919, \"noisy_nll\": 1.6475722789764404, \"noisy_positive_resistance_mean\": 0.6976260542869568, \"noisy_resistance_noise_corr\": NaN, \"noisy_resistance_occlusion_corr\": NaN, \"noisy_risk_at_100_coverage\": 0.603515625, \"noisy_risk_at_50_coverage\": 0.65234375, \"noisy_risk_at_70_coverage\": 0.6262203454971313, \"noisy_risk_at_80_coverage\": 0.6304877996444702, \"noisy_risk_at_90_coverage\": 0.6290672421455383, \"noisy_score_name\": \"positive_resistance\", \"noisy_selective_aurc\": 0.632149875164032, \"noisy_support_score_mean\": 1.2843976020812988, \"noisy_uncertainty_mean\": 0.6976260542869568, \"occluded_accuracy\": 0.384765625, \"occluded_brier\": 0.7286165952682495, \"occluded_confidence_mean\": 0.4664839506149292, \"occluded_conflict_resistance_corr\": NaN, \"occluded_conflict_score_mean\": 0.5009650588035583, \"occluded_ece\": 0.08205142617225647, \"occluded_nll\": 1.6486048698425293, \"occluded_positive_resistance_mean\": 0.6986315846443176, \"occluded_resistance_noise_corr\": NaN, \"occluded_resistance_occlusion_corr\": NaN, \"occluded_risk_at_100_coverage\": 0.615234375, \"occluded_risk_at_50_coverage\": 0.63671875, \"occluded_risk_at_70_coverage\": 0.6066945791244507, \"occluded_risk_at_80_coverage\": 0.6292682886123657, \"occluded_risk_at_90_coverage\": 0.6344902515411377, \"occluded_score_name\": \"positive_resistance\", \"occluded_selective_aurc\": 0.6142230033874512, \"occluded_support_score_mean\": 1.1590094566345215, \"occluded_uncertainty_mean\": 0.6986315846443176, \"pooled_conflict_resistance_corr\": 0.1063312217593193, \"pooled_resistance_noise_corr\": -0.018904920667409897, \"pooled_resistance_occlusion_corr\": -0.013122995384037495, \"steps_run\": 300, \"total_train_time_sec\": 44.363853931427}",
  "mode": "uncertainty_benchmark",
  "model_class": "MERCHeadLinearReadout",
  "model_name": "merc_linear",
  "noisy_accuracy": 0.396484375,
  "noisy_brier": 0.7282055020332336,
  "noisy_confidence_mean": 0.4659557342529297,
  "noisy_conflict_resistance_corr": NaN,
  "noisy_conflict_score_mean": 0.5855907797813416,
  "noisy_ece": 0.08073065429925919,
  "noisy_nll": 1.6475722789764404,
  "noisy_positive_resistance_mean": 0.6976260542869568,
  "noisy_resistance_noise_corr": NaN,
  "noisy_resistance_occlusion_corr": NaN,
  "noisy_risk_at_100_coverage": 0.603515625,
  "noisy_risk_at_50_coverage": 0.65234375,
  "noisy_risk_at_70_coverage": 0.6262203454971313,
  "noisy_risk_at_80_coverage": 0.6304877996444702,
  "noisy_risk_at_90_coverage": 0.6290672421455383,
  "noisy_score_name": "positive_resistance",
  "noisy_selective_aurc": 0.632149875164032,
  "noisy_support_score_mean": 1.2843976020812988,
  "noisy_uncertainty_mean": 0.6976260542869568,
  "num_classes": 10,
  "num_params": 93202,
  "num_workers": 0,
  "occluded_accuracy": 0.384765625,
  "occluded_brier": 0.7286165952682495,
  "occluded_confidence_mean": 0.4664839506149292,
  "occluded_conflict_resistance_corr": NaN,
  "occluded_conflict_score_mean": 0.5009650588035583,
  "occluded_ece": 0.08205142617225647,
  "occluded_nll": 1.6486048698425293,
  "occluded_positive_resistance_mean": 0.6986315846443176,
  "occluded_resistance_noise_corr": NaN,
  "occluded_resistance_occlusion_corr": NaN,
  "occluded_risk_at_100_coverage": 0.615234375,
  "occluded_risk_at_50_coverage": 0.63671875,
  "occluded_risk_at_70_coverage": 0.6066945791244507,
  "occluded_risk_at_80_coverage": 0.6292682886123657,
  "occluded_risk_at_90_coverage": 0.6344902515411377,
  "occluded_score_name": "positive_resistance",
  "occluded_selective_aurc": 0.6142230033874512,
  "occluded_support_score_mean": 1.1590094566345215,
  "occluded_uncertainty_mean": 0.6986315846443176,
  "platform": "Linux-5.4.0-216-generic-x86_64-with-glibc2.31",
  "pooled_conflict_resistance_corr": 0.1063312217593193,
  "pooled_resistance_noise_corr": -0.018904920667409897,
  "pooled_resistance_occlusion_corr": -0.013122995384037495,
  "python_version": "3.10.20",
  "reason": "",
  "run_dir": "reports/uncertainty_resistance_true_earlystop_rerun_20260427/runs/20260427_022930_uncertainty_cifar10_merc_linear_seed0",
  "run_id": "uncertainty_cifar10_merc_linear_seed0",
  "seed": 0,
  "selected_heads": [
    "linear",
    "cosine_prototype",
    "eml_no_ambiguity",
    "eml_centered_ambiguity",
    "eml_supervised_resistance",
    "merc_linear",
    "merc_energy"
  ],
  "status": "COMPLETED",
  "steps_run": 300,
  "task_name": "image_uncertainty_selective_classification",
  "test_size": 1024,
  "timestamp": "2026-04-27T02:30:14Z",
  "torch_version": "2.7.1+cu118",
  "torchvision_version": "0.22.1+cu118",
  "total_train_time_sec": 44.363853931427,
  "train_size": 4096,
  "trainable_params": 93202
}