{
  "batch_size": 64,
  "best_metric": 0.435546875,
  "best_step": 200,
  "best_val_accuracy": 0.435546875,
  "cuda_available": true,
  "dataset_name": "cifar10",
  "device": "cuda",
  "experiment_type": "end_to_end",
  "feature_dim": 64,
  "final_metric": 0.390625,
  "final_train_accuracy": 0.4375,
  "final_train_loss": 1.57871413230896,
  "git_commit": "unknown",
  "head_name": "eml_centered_ambiguity",
  "hostname": "user-NF5468M6",
  "loss_mode": "ce",
  "lr": 0.001,
  "metrics_json": "{\"best_metric\": 0.435546875, \"best_step\": 200, \"best_val_accuracy\": 0.435546875, \"final_metric\": 0.390625, \"final_train_accuracy\": 0.4375, \"final_train_loss\": 1.57871413230896, \"test_accuracy\": 0.390625, \"test_ambiguity_mean\": 1.2433873414993286, \"test_brier\": 0.7463271021842957, \"test_class_resistance_mean\": 0.2000197470188141, \"test_ece\": 0.06814883649349213, \"test_hard_negative_drive_mean\": 6.580653190612793, \"test_hard_negative_logit_mean\": 2.085744619369507, \"test_hard_negative_resistance_mean\": 1.0698082447052002, \"test_loss\": 1.700509786605835, \"test_margin_mean\": -0.4441380500793457, \"test_nll\": 1.700509786605835, \"test_positive_drive_mean\": 5.151638031005859, \"test_positive_logit_mean\": 1.6416066884994507, \"test_positive_resistance_mean\": 1.1562225818634033, \"test_resistance_noise_corr\": NaN, \"test_resistance_occlusion_corr\": NaN, \"test_sample_uncertainty_mean\": 0.0041035376489162445, \"total_train_time_sec\": 7.26674485206604, \"val_accuracy\": 0.435546875, \"val_ambiguity_mean\": 1.2551156282424927, \"val_brier\": 0.7325279712677002, \"val_class_resistance_mean\": 0.2000197470188141, \"val_ece\": 0.11178789287805557, \"val_hard_negative_drive_mean\": 6.533018112182617, \"val_hard_negative_logit_mean\": 2.065302610397339, \"val_hard_negative_resistance_mean\": 1.0900678634643555, \"val_loss\": 1.6737949848175049, \"val_margin_mean\": -0.4017091691493988, \"val_nll\": 1.6737949848175049, \"val_positive_drive_mean\": 5.195713043212891, \"val_positive_logit_mean\": 1.6635934114456177, \"val_positive_resistance_mean\": 1.144635558128357, \"val_resistance_noise_corr\": NaN, \"val_resistance_occlusion_corr\": NaN, \"val_sample_uncertainty_mean\": 0.004644086118787527}",
  "mode": "head_ablation",
  "model_class": "CNNHeadModel",
  "model_name": "eml_bank_centered_ambiguity",
  "num_classes": 10,
  "num_params": 221443,
  "pairwise_margin": 0.0,
  "pairwise_weight": 0.0,
  "platform": "Linux-5.4.0-216-generic-x86_64-with-glibc2.31",
  "python_version": "3.10.20",
  "reason": "",
  "run_dir": "reports/head_ablation/runs/20260424_082908_e2e_cifar10_eml_bank_centered_ambiguity_ce_seed1",
  "run_id": "e2e_cifar10_eml_bank_centered_ambiguity_ce_seed1",
  "seed": 1,
  "status": "COMPLETED",
  "steps": 200,
  "task_name": "image_classification",
  "test_accuracy": 0.390625,
  "test_ambiguity_mean": 1.2433873414993286,
  "test_brier": 0.7463271021842957,
  "test_class_resistance_mean": 0.2000197470188141,
  "test_ece": 0.06814883649349213,
  "test_hard_negative_drive_mean": 6.580653190612793,
  "test_hard_negative_logit_mean": 2.085744619369507,
  "test_hard_negative_resistance_mean": 1.0698082447052002,
  "test_loss": 1.700509786605835,
  "test_margin_mean": -0.4441380500793457,
  "test_nll": 1.700509786605835,
  "test_positive_drive_mean": 5.151638031005859,
  "test_positive_logit_mean": 1.6416066884994507,
  "test_positive_resistance_mean": 1.1562225818634033,
  "test_resistance_noise_corr": NaN,
  "test_resistance_occlusion_corr": NaN,
  "test_sample_uncertainty_mean": 0.0041035376489162445,
  "timestamp": "2026-04-24T08:29:15Z",
  "torch_version": "2.7.1+cu118",
  "torchvision_version": "0.22.1+cu118",
  "total_train_time_sec": 7.26674485206604,
  "trainable_params": 221443,
  "use_eml_residual_bank": true,
  "val_accuracy": 0.435546875,
  "val_ambiguity_mean": 1.2551156282424927,
  "val_brier": 0.7325279712677002,
  "val_class_resistance_mean": 0.2000197470188141,
  "val_ece": 0.11178789287805557,
  "val_hard_negative_drive_mean": 6.533018112182617,
  "val_hard_negative_logit_mean": 2.065302610397339,
  "val_hard_negative_resistance_mean": 1.0900678634643555,
  "val_loss": 1.6737949848175049,
  "val_margin_mean": -0.4017091691493988,
  "val_nll": 1.6737949848175049,
  "val_positive_drive_mean": 5.195713043212891,
  "val_positive_logit_mean": 1.6635934114456177,
  "val_positive_resistance_mean": 1.144635558128357,
  "val_resistance_noise_corr": NaN,
  "val_resistance_occlusion_corr": NaN,
  "val_sample_uncertainty_mean": 0.004644086118787527
}