{
  "batch_size": 64,
  "best_metric": 0.412109375,
  "best_step": 132,
  "best_val_accuracy": 0.412109375,
  "cuda_available": true,
  "dataset_name": "cifar10",
  "device": "cuda",
  "experiment_type": "frozen_features",
  "feature_dim": 64,
  "features_dir": "reports/head_ablation/features/cifar10_medium_seed1",
  "final_metric": 0.390625,
  "final_train_accuracy": 0.40625,
  "final_train_loss": 1.525150179862976,
  "git_commit": "unknown",
  "hostname": "user-NF5468M6",
  "lr": 0.001,
  "metrics_json": "{\"best_metric\": 0.412109375, \"best_step\": 132, \"best_val_accuracy\": 0.412109375, \"final_metric\": 0.390625, \"final_train_accuracy\": 0.40625, \"final_train_loss\": 1.525150179862976, \"test_accuracy\": 0.390625, \"test_ambiguity_mean\": 0.0, \"test_brier\": 0.748500406742096, \"test_class_resistance_mean\": 0.20173440873622894, \"test_ece\": 0.08031096309423447, \"test_hard_negative_drive_mean\": 6.162495136260986, \"test_hard_negative_logit_mean\": 1.8705323934555054, \"test_hard_negative_resistance_mean\": 10.972772598266602, \"test_loss\": 1.703934907913208, \"test_margin_mean\": -0.45209771394729614, \"test_nll\": 1.703934907913208, \"test_positive_drive_mean\": 4.841763019561768, \"test_positive_logit_mean\": 1.418434739112854, \"test_positive_resistance_mean\": 10.972423553466797, \"test_resistance_noise_corr\": NaN, \"test_resistance_occlusion_corr\": NaN, \"test_sample_uncertainty_mean\": 10.770634651184082, \"total_train_time_sec\": 2.747469425201416, \"val_accuracy\": 0.404296875, \"val_ambiguity_mean\": 0.0, \"val_brier\": 0.7386086583137512, \"val_class_resistance_mean\": 0.20173440873622894, \"val_ece\": 0.07488765567541122, \"val_hard_negative_drive_mean\": 6.443939208984375, \"val_hard_negative_logit_mean\": 1.890229344367981, \"val_hard_negative_resistance_mean\": 11.795166015625, \"val_loss\": 1.662786841392517, \"val_margin_mean\": -0.4332659840583801, \"val_nll\": 1.662786841392517, \"val_positive_drive_mean\": 4.990170478820801, \"val_positive_logit_mean\": 1.456963300704956, \"val_positive_resistance_mean\": 11.794577598571777, \"val_resistance_noise_corr\": NaN, \"val_resistance_occlusion_corr\": NaN, \"val_sample_uncertainty_mean\": 11.592414855957031}",
  "mode": "head_ablation",
  "model_class": "EMLPrototypeHeadNoAmbiguity",
  "model_name": "eml_no_ambiguity",
  "num_classes": 10,
  "num_params": 18977,
  "pairwise_margin": 0.0,
  "pairwise_weight": 0.0,
  "platform": "Linux-5.4.0-216-generic-x86_64-with-glibc2.31",
  "python_version": "3.10.20",
  "reason": "",
  "run_dir": "reports/head_ablation/runs/20260424_082659_frozen_cifar10_eml_no_ambiguity_seed1",
  "run_id": "frozen_cifar10_eml_no_ambiguity_seed1",
  "seed": 1,
  "status": "COMPLETED",
  "steps": 200,
  "task_name": "image_classification",
  "test_accuracy": 0.390625,
  "test_ambiguity_mean": 0.0,
  "test_brier": 0.748500406742096,
  "test_class_resistance_mean": 0.20173440873622894,
  "test_ece": 0.08031096309423447,
  "test_hard_negative_drive_mean": 6.162495136260986,
  "test_hard_negative_logit_mean": 1.8705323934555054,
  "test_hard_negative_resistance_mean": 10.972772598266602,
  "test_loss": 1.703934907913208,
  "test_margin_mean": -0.45209771394729614,
  "test_nll": 1.703934907913208,
  "test_positive_drive_mean": 4.841763019561768,
  "test_positive_logit_mean": 1.418434739112854,
  "test_positive_resistance_mean": 10.972423553466797,
  "test_resistance_noise_corr": NaN,
  "test_resistance_occlusion_corr": NaN,
  "test_sample_uncertainty_mean": 10.770634651184082,
  "timestamp": "2026-04-24T08:27:02Z",
  "torch_version": "2.7.1+cu118",
  "torchvision_version": "0.22.1+cu118",
  "total_train_time_sec": 2.747469425201416,
  "trainable_params": 18977,
  "val_accuracy": 0.404296875,
  "val_ambiguity_mean": 0.0,
  "val_brier": 0.7386086583137512,
  "val_class_resistance_mean": 0.20173440873622894,
  "val_ece": 0.07488765567541122,
  "val_hard_negative_drive_mean": 6.443939208984375,
  "val_hard_negative_logit_mean": 1.890229344367981,
  "val_hard_negative_resistance_mean": 11.795166015625,
  "val_loss": 1.662786841392517,
  "val_margin_mean": -0.4332659840583801,
  "val_nll": 1.662786841392517,
  "val_positive_drive_mean": 4.990170478820801,
  "val_positive_logit_mean": 1.456963300704956,
  "val_positive_resistance_mean": 11.794577598571777,
  "val_resistance_noise_corr": NaN,
  "val_resistance_occlusion_corr": NaN,
  "val_sample_uncertainty_mean": 11.592414855957031
}