{
  "backbone_steps": 300,
  "batch_size": 64,
  "best_metric": 0.98828125,
  "best_step": 100,
  "clean_accuracy": 0.9934895634651184,
  "clean_brier": 0.009427464567124844,
  "clean_confidence_mean": 0.9786553978919983,
  "clean_ece": 0.022856835275888443,
  "clean_nll": 0.03210179880261421,
  "clean_risk_at_100_coverage": 0.006510436534881592,
  "clean_risk_at_50_coverage": 0.0,
  "clean_risk_at_70_coverage": 0.0,
  "clean_risk_at_80_coverage": 0.0,
  "clean_risk_at_90_coverage": 0.0,
  "clean_score_name": "one_minus_confidence",
  "clean_selective_aurc": 6.510430102935061e-05,
  "clean_uncertainty_mean": 0.0213445033878088,
  "clean_vs_noisy_auroc": 0.5410792231559753,
  "clean_vs_occluded_auroc": 0.5940983891487122,
  "condition_metrics_path": "reports/pluggable_primitive_real_20260427/frozen_runs/20260427_040906_uncertainty_synthetic_shape_mlp_seed0/uncertainty_eval.pt",
  "cuda_available": true,
  "dataset_name": "synthetic_shape",
  "device": "cuda",
  "early_stop_min_evals": 2,
  "early_stop_patience": 4,
  "early_stop_triggered": true,
  "eval_interval": 25,
  "experiment_type": "frozen_features_uncertainty",
  "feature_dim": 64,
  "final_metric": 0.9934895634651184,
  "final_train_loss": 0.04598207399249077,
  "git_commit": "0c0b3db",
  "head_steps": 1200,
  "hostname": "user-NF5468M6",
  "metrics_json": "{\"best_metric\": 0.98828125, \"best_step\": 100, \"clean_accuracy\": 0.9934895634651184, \"clean_brier\": 0.009427464567124844, \"clean_confidence_mean\": 0.9786553978919983, \"clean_ece\": 0.022856835275888443, \"clean_nll\": 0.03210179880261421, \"clean_risk_at_100_coverage\": 0.006510436534881592, \"clean_risk_at_50_coverage\": 0.0, \"clean_risk_at_70_coverage\": 0.0, \"clean_risk_at_80_coverage\": 0.0, \"clean_risk_at_90_coverage\": 0.0, \"clean_score_name\": \"one_minus_confidence\", \"clean_selective_aurc\": 6.510430102935061e-05, \"clean_uncertainty_mean\": 0.0213445033878088, \"clean_vs_noisy_auroc\": 0.5410792231559753, \"clean_vs_occluded_auroc\": 0.5940983891487122, \"condition_metrics_path\": \"reports/pluggable_primitive_real_20260427/frozen_runs/20260427_040906_uncertainty_synthetic_shape_mlp_seed0/uncertainty_eval.pt\", \"early_stop_patience\": 4, \"early_stop_triggered\": true, \"final_metric\": 0.9934895634651184, \"final_train_loss\": 0.04598207399249077, \"noisy_accuracy\": 0.98046875, \"noisy_brier\": 0.031871967017650604, \"noisy_confidence_mean\": 0.9676476716995239, \"noisy_ece\": 0.01861358992755413, \"noisy_nll\": 0.07254589349031448, \"noisy_risk_at_100_coverage\": 0.01953125, \"noisy_risk_at_50_coverage\": 0.0, \"noisy_risk_at_70_coverage\": 0.0, \"noisy_risk_at_80_coverage\": 0.0036585330963134766, \"noisy_risk_at_90_coverage\": 0.0032538175582885742, \"noisy_score_name\": \"one_minus_confidence\", \"noisy_selective_aurc\": 0.0014647673815488815, \"noisy_uncertainty_mean\": 0.032352376729249954, \"occluded_accuracy\": 0.9091796875, \"occluded_brier\": 0.11940287798643112, \"occluded_confidence_mean\": 0.9148085117340088, \"occluded_ece\": 0.018829980865120888, \"occluded_nll\": 0.2666656970977783, \"occluded_risk_at_100_coverage\": 0.0908203125, \"occluded_risk_at_50_coverage\": 0.0078125, \"occluded_risk_at_70_coverage\": 0.012552320957183838, \"occluded_risk_at_80_coverage\": 0.012195110321044922, \"occluded_risk_at_90_coverage\": 0.03036874532699585, \"occluded_score_name\": \"one_minus_confidence\", \"occluded_selective_aurc\": 0.01233708206564188, \"occluded_uncertainty_mean\": 0.08519149571657181, \"steps_run\": 200, \"total_train_time_sec\": 3.8453171253204346}",
  "mode": "uncertainty_benchmark",
  "model_class": "MLPHead",
  "model_name": "mlp",
  "noisy_accuracy": 0.98046875,
  "noisy_brier": 0.031871967017650604,
  "noisy_confidence_mean": 0.9676476716995239,
  "noisy_ece": 0.01861358992755413,
  "noisy_nll": 0.07254589349031448,
  "noisy_risk_at_100_coverage": 0.01953125,
  "noisy_risk_at_50_coverage": 0.0,
  "noisy_risk_at_70_coverage": 0.0,
  "noisy_risk_at_80_coverage": 0.0036585330963134766,
  "noisy_risk_at_90_coverage": 0.0032538175582885742,
  "noisy_score_name": "one_minus_confidence",
  "noisy_selective_aurc": 0.0014647673815488815,
  "noisy_uncertainty_mean": 0.032352376729249954,
  "num_classes": 5,
  "num_params": 9093,
  "num_workers": 0,
  "occluded_accuracy": 0.9091796875,
  "occluded_brier": 0.11940287798643112,
  "occluded_confidence_mean": 0.9148085117340088,
  "occluded_ece": 0.018829980865120888,
  "occluded_nll": 0.2666656970977783,
  "occluded_risk_at_100_coverage": 0.0908203125,
  "occluded_risk_at_50_coverage": 0.0078125,
  "occluded_risk_at_70_coverage": 0.012552320957183838,
  "occluded_risk_at_80_coverage": 0.012195110321044922,
  "occluded_risk_at_90_coverage": 0.03036874532699585,
  "occluded_score_name": "one_minus_confidence",
  "occluded_selective_aurc": 0.01233708206564188,
  "occluded_uncertainty_mean": 0.08519149571657181,
  "platform": "Linux-5.4.0-216-generic-x86_64-with-glibc2.31",
  "python_version": "3.10.20",
  "reason": "",
  "run_dir": "reports/pluggable_primitive_real_20260427/frozen_runs/20260427_040906_uncertainty_synthetic_shape_mlp_seed0",
  "run_id": "uncertainty_synthetic_shape_mlp_seed0",
  "seed": 0,
  "selected_heads": [
    "linear",
    "mlp",
    "cosine_prototype",
    "eml_no_ambiguity",
    "eml_centered_ambiguity",
    "eml_supervised_resistance",
    "merc_linear",
    "merc_energy"
  ],
  "status": "COMPLETED",
  "steps_run": 200,
  "task_name": "image_uncertainty_selective_classification",
  "test_size": 1024,
  "timestamp": "2026-04-27T04:09:10Z",
  "torch_version": "2.7.1+cu118",
  "torchvision_version": "0.22.1+cu118",
  "total_train_time_sec": 3.8453171253204346,
  "train_size": 4096,
  "trainable_params": 9093
}