{
  "model_class": "EMLEdgeFunctionNetwork",
  "num_params": 9671,
  "target_mean": 0.24519899487495422,
  "target_std": 0.36075103282928467,
  "trainable_params": 9671
}