{
  "batch_size": 8,
  "best_metric": 0.375,
  "completed_steps": 4,
  "cuda_available": false,
  "dataset_name": "SyntheticShapeEnergyDataset",
  "device": "cpu",
  "early_stop": false,
  "early_stop_step": "",
  "early_stop_triggered": false,
  "examples_per_sec": 198.26420311862964,
  "final_diagnostics": {
    "ambiguity_mean": 0.7131558060646057,
    "ambiguity_std": 0.7273727655410767,
    "ambiguity_weight_mean": 1.0,
    "ambiguity_weight_std": 0.0,
    "drive_mean": 0.0003011763037648052,
    "drive_std": 0.02182607538998127,
    "energy_mean": -0.14367946982383728,
    "energy_std": 0.08283551037311554,
    "gate_activation_rate": 0.46420779824256897,
    "gate_mean": 0.46420779824256897,
    "gate_std": 0.020448993891477585,
    "resistance_mean": 0.0006082033505663276,
    "resistance_std": 0.02732018567621708,
    "sample_uncertainty_mean": 0.6931016445159912,
    "sample_uncertainty_std": 6.844869494671002e-05
  },
  "final_metric": 0.25,
  "final_train_accuracy": 0.25,
  "final_train_loss": 1.608843207359314,
  "git_commit": "19568db",
  "grad_norm": 3.8737924098968506,
  "hostname": "BMW-Pro.local",
  "learning_rate": 0.001,
  "metrics_json": "{\"best_metric\": 0.375, \"completed_steps\": 4, \"early_stop_step\": \"\", \"early_stop_triggered\": false, \"examples_per_sec\": 198.26420311862964, \"final_diagnostics\": {\"ambiguity_mean\": 0.7131558060646057, \"ambiguity_std\": 0.7273727655410767, \"ambiguity_weight_mean\": 1.0, \"ambiguity_weight_std\": 0.0, \"drive_mean\": 0.0003011763037648052, \"drive_std\": 0.02182607538998127, \"energy_mean\": -0.14367946982383728, \"energy_std\": 0.08283551037311554, \"gate_activation_rate\": 0.46420779824256897, \"gate_mean\": 0.46420779824256897, \"gate_std\": 0.020448993891477585, \"resistance_mean\": 0.0006082033505663276, \"resistance_std\": 0.02732018567621708, \"sample_uncertainty_mean\": 0.6931016445159912, \"sample_uncertainty_std\": 6.844869494671002e-05}, \"final_metric\": 0.25, \"final_train_accuracy\": 0.25, \"final_train_loss\": 1.608843207359314, \"grad_norm\": 3.8737924098968506, \"learning_rate\": 0.001, \"peak_memory_mb\": 0.0, \"resistance_noise_corr\": 0.7296304106712341, \"resistance_occlusion_corr\": -0.16542479395866394, \"step\": 4, \"step_time_sec\": 0.04035019874572754, \"top1_accuracy\": 0.25, \"top5_accuracy\": 1.0, \"total_train_time_sec\": 0.17482900619506836, \"train_accuracy\": 0.25, \"train_loss\": 1.608843207359314, \"wall_clock_time_sec\": 0.1733250617980957}",
  "min_delta": 0.0001,
  "mode": "ablation",
  "model_name": "pure_eml_v2",
  "num_params": 71189,
  "num_workers": 0,
  "patience": 20,
  "peak_memory_mb": 0.0,
  "platform": "macOS-26.0-arm64-arm-64bit",
  "python_version": "3.12.12",
  "reason": "",
  "resistance_noise_corr": 0.7296304106712341,
  "resistance_occlusion_corr": -0.16542479395866394,
  "run_dir": "reports/runs/stabilization_ablation_cpu/20260424_074859_ablation_image_pure_eml_v2",
  "run_id": "ablation_image_pure_eml_v2",
  "seed": 32,
  "status": "COMPLETED",
  "step": 4,
  "step_time_sec": 0.04035019874572754,
  "steps": 4,
  "task_name": "image_synthetic",
  "timestamp": "2026-04-24T07:49:00Z",
  "top1_accuracy": 0.25,
  "top5_accuracy": 1.0,
  "torch_version": "2.10.0",
  "torchvision_version": "unavailable",
  "total_train_time_sec": 0.17482900619506836,
  "train_accuracy": 0.25,
  "train_loss": 1.608843207359314,
  "trainable_params": 71189,
  "wall_clock_time_sec": 0.1733250617980957,
  "warmup_enabled": true
}