{
  "best_metric": 0.9921875,
  "best_step": 275,
  "clean_accuracy": 0.9921875,
  "clean_aurc": 0.0014123583678156137,
  "clean_ece": 0.04797303304076195,
  "clean_resistance_noise_corr": 4.503010586631717e-08,
  "clean_resistance_occlusion_corr": NaN,
  "clean_vs_noisy_auroc": 0.6050882339477539,
  "clean_vs_occluded_auroc": 0.5862340927124023,
  "cuda_available": true,
  "dataset_name": "synthetic_shape_uncertainty",
  "device": "cuda",
  "early_stop_triggered": false,
  "final_metric": 0.9921875,
  "git_commit": "0c0b3db",
  "hostname": "user-NF5468M6",
  "metrics_json": "{\"best_metric\": 0.9921875, \"best_step\": 275, \"clean_accuracy\": 0.9921875, \"clean_aurc\": 0.0014123583678156137, \"clean_ece\": 0.04797303304076195, \"clean_resistance_noise_corr\": 4.503010586631717e-08, \"clean_resistance_occlusion_corr\": NaN, \"clean_vs_noisy_auroc\": 0.6050882339477539, \"clean_vs_occluded_auroc\": 0.5862340927124023, \"early_stop_triggered\": false, \"final_metric\": 0.9921875, \"noisy_accuracy\": 0.96484375, \"noisy_aurc\": 0.004090681206434965, \"noisy_ece\": 0.05035921186208725, \"noisy_resistance_noise_corr\": NaN, \"noisy_resistance_occlusion_corr\": NaN, \"occluded_accuracy\": 0.859375, \"occluded_aurc\": 0.02152785286307335, \"occluded_ece\": 0.0582544207572937, \"occluded_resistance_noise_corr\": -5.693721405464203e-08, \"occluded_resistance_occlusion_corr\": 0.6864656805992126, \"steps_run\": 300, \"total_train_time_sec\": 25.777097702026367}",
  "mode": "medium",
  "model_name": "cnn_linear",
  "noisy_accuracy": 0.96484375,
  "noisy_aurc": 0.004090681206434965,
  "noisy_ece": 0.05035921186208725,
  "noisy_resistance_noise_corr": NaN,
  "noisy_resistance_occlusion_corr": NaN,
  "occluded_accuracy": 0.859375,
  "occluded_aurc": 0.02152785286307335,
  "occluded_ece": 0.0582544207572937,
  "occluded_resistance_noise_corr": -5.693721405464203e-08,
  "occluded_resistance_occlusion_corr": 0.6864656805992126,
  "platform": "Linux-5.4.0-216-generic-x86_64-with-glibc2.31",
  "python_version": "3.10.20",
  "reason": "",
  "run_dir": "reports/pluggable_primitive_real_20260427/end_to_end_runs/20260427_042346_uncertainty_e2e_synthetic_shape_uncertainty_cnn_linear_seed1",
  "run_id": "uncertainty_e2e_synthetic_shape_uncertainty_cnn_linear_seed1",
  "seed": 1,
  "status": "COMPLETED",
  "steps_run": 300,
  "task_name": "end_to_end_uncertainty",
  "timestamp": "2026-04-27T04:24:12Z",
  "torch_version": "2.7.1+cu118",
  "torchvision_version": "0.22.1+cu118",
  "total_train_time_sec": 25.777097702026367
}