{
  "batch_size": 32,
  "best_metric": 0.1953125,
  "best_step": 10,
  "best_val_accuracy": 0.1953125,
  "cuda_available": false,
  "dataset_name": "synthetic_shape",
  "device": "cpu",
  "early_stop_triggered": true,
  "experiment_type": "frozen_features",
  "feature_dim": 64,
  "features_dir": "reports/head_ablation/features/synthetic_shape_smoke_seed0",
  "final_metric": 0.203125,
  "final_train_accuracy": 0.09375,
  "final_train_loss": 1.611845850944519,
  "git_commit": "3d40f93",
  "hostname": "BMW-Pro.local",
  "lr": 0.001,
  "metrics_json": "{\"best_metric\": 0.1953125, \"best_step\": 10, \"best_val_accuracy\": 0.1953125, \"early_stop_triggered\": true, \"final_metric\": 0.203125, \"final_train_accuracy\": 0.09375, \"final_train_loss\": 1.611845850944519, \"steps_run\": 30, \"test_accuracy\": 0.203125, \"test_ambiguity_mean\": NaN, \"test_brier\": 0.7999510169029236, \"test_class_resistance_mean\": NaN, \"test_conflict_resistance_corr\": NaN, \"test_ece\": 0.0014103949069976807, \"test_hard_negative_drive_mean\": 0.011997933499515057, \"test_hard_negative_logit_mean\": -0.05556162819266319, \"test_hard_negative_resistance_mean\": 0.6895127892494202, \"test_loss\": 1.6093155145645142, \"test_margin_mean\": -0.007844526320695877, \"test_nll\": 1.6093155145645142, \"test_positive_drive_mean\": 0.0002785669930744916, \"test_positive_logit_mean\": -0.06340614706277847, \"test_positive_resistance_mean\": 0.692737340927124, \"test_precision_mean\": 0.2706916332244873, \"test_resistance_noise_corr\": 0.0011705969227477908, \"test_resistance_occlusion_corr\": 0.09177374094724655, \"test_sample_uncertainty_mean\": NaN, \"test_support_evidence_corr\": NaN, \"test_update_gate_mean\": 0.06311532855033875, \"total_train_time_sec\": 0.33105897903442383, \"val_accuracy\": 0.1953125, \"val_ambiguity_mean\": NaN, \"val_brier\": 0.8000710010528564, \"val_class_resistance_mean\": NaN, \"val_conflict_resistance_corr\": NaN, \"val_ece\": 0.006402149796485901, \"val_hard_negative_drive_mean\": 0.012034891173243523, \"val_hard_negative_logit_mean\": -0.055539533495903015, \"val_hard_negative_resistance_mean\": 0.6894977688789368, \"val_loss\": 1.609615445137024, \"val_margin_mean\": -0.008166318759322166, \"val_nll\": 1.609615445137024, \"val_positive_drive_mean\": 0.00014882662799209356, \"val_positive_logit_mean\": -0.06370584666728973, \"val_positive_resistance_mean\": 0.6928194165229797, \"val_precision_mean\": 0.2706870138645172, \"val_resistance_noise_corr\": 0.030175158753991127, \"val_resistance_occlusion_corr\": 0.10814214497804642, \"val_sample_uncertainty_mean\": NaN, \"val_support_evidence_corr\": NaN, \"val_update_gate_mean\": 0.06311431527137756}",
  "mode": "head_ablation",
  "model_class": "MERCHeadClassEnergySmall",
  "model_name": "merc_energy_small",
  "num_classes": 5,
  "num_params": 91958,
  "pairwise_margin": 0.0,
  "pairwise_weight": 0.0,
  "platform": "macOS-26.0-arm64-arm-64bit",
  "python_version": "3.12.12",
  "reason": "",
  "run_dir": "reports/head_ablation/runs/20260425_025612_frozen_synthetic_shape_merc_energy_small_seed0",
  "run_id": "frozen_synthetic_shape_merc_energy_small_seed0",
  "seed": 0,
  "status": "COMPLETED",
  "steps": 30,
  "steps_run": 30,
  "task_name": "image_classification",
  "test_accuracy": 0.203125,
  "test_ambiguity_mean": NaN,
  "test_brier": 0.7999510169029236,
  "test_class_resistance_mean": NaN,
  "test_conflict_resistance_corr": NaN,
  "test_ece": 0.0014103949069976807,
  "test_hard_negative_drive_mean": 0.011997933499515057,
  "test_hard_negative_logit_mean": -0.05556162819266319,
  "test_hard_negative_resistance_mean": 0.6895127892494202,
  "test_loss": 1.6093155145645142,
  "test_margin_mean": -0.007844526320695877,
  "test_nll": 1.6093155145645142,
  "test_positive_drive_mean": 0.0002785669930744916,
  "test_positive_logit_mean": -0.06340614706277847,
  "test_positive_resistance_mean": 0.692737340927124,
  "test_precision_mean": 0.2706916332244873,
  "test_resistance_noise_corr": 0.0011705969227477908,
  "test_resistance_occlusion_corr": 0.09177374094724655,
  "test_sample_uncertainty_mean": NaN,
  "test_support_evidence_corr": NaN,
  "test_update_gate_mean": 0.06311532855033875,
  "timestamp": "2026-04-25T02:56:12Z",
  "torch_version": "2.10.0",
  "torchvision_version": "unavailable",
  "total_train_time_sec": 0.33105897903442383,
  "trainable_params": 91958,
  "val_accuracy": 0.1953125,
  "val_ambiguity_mean": NaN,
  "val_brier": 0.8000710010528564,
  "val_class_resistance_mean": NaN,
  "val_conflict_resistance_corr": NaN,
  "val_ece": 0.006402149796485901,
  "val_hard_negative_drive_mean": 0.012034891173243523,
  "val_hard_negative_logit_mean": -0.055539533495903015,
  "val_hard_negative_resistance_mean": 0.6894977688789368,
  "val_loss": 1.609615445137024,
  "val_margin_mean": -0.008166318759322166,
  "val_nll": 1.609615445137024,
  "val_positive_drive_mean": 0.00014882662799209356,
  "val_positive_logit_mean": -0.06370584666728973,
  "val_positive_resistance_mean": 0.6928194165229797,
  "val_precision_mean": 0.2706870138645172,
  "val_resistance_noise_corr": 0.030175158753991127,
  "val_resistance_occlusion_corr": 0.10814214497804642,
  "val_sample_uncertainty_mean": NaN,
  "val_support_evidence_corr": NaN,
  "val_update_gate_mean": 0.06311431527137756
}