{
  "batch_size": 32,
  "best_metric": 0.9921875,
  "best_step": 100,
  "best_val_accuracy": 0.9921875,
  "cuda_available": true,
  "dataset_name": "synthetic_evidence",
  "device": "cuda",
  "early_stop_triggered": false,
  "experiment_type": "frozen_features",
  "feature_dim": 64,
  "features_dir": "reports/head_ablation/features/synthetic_evidence_medium_seed0",
  "final_metric": 0.99609375,
  "final_train_accuracy": 1.0,
  "final_train_loss": 0.009751849807798862,
  "git_commit": "unknown",
  "hostname": "user-NF5468M6",
  "lr": 0.001,
  "metrics_json": "{\"best_metric\": 0.9921875, \"best_step\": 100, \"best_val_accuracy\": 0.9921875, \"early_stop_triggered\": false, \"final_metric\": 0.99609375, \"final_train_accuracy\": 1.0, \"final_train_loss\": 0.009751849807798862, \"steps_run\": 300, \"test_accuracy\": 0.99609375, \"test_ambiguity_mean\": NaN, \"test_brier\": 0.005424052011221647, \"test_class_resistance_mean\": NaN, \"test_conflict_resistance_corr\": -0.1628294587135315, \"test_ece\": 0.005299343727529049, \"test_hard_negative_drive_mean\": 0.014858195558190346, \"test_hard_negative_logit_mean\": -5.616184711456299, \"test_hard_negative_resistance_mean\": 0.44342178106307983, \"test_loss\": 0.009782155975699425, \"test_margin_mean\": 11.747831344604492, \"test_nll\": 0.009782155975699425, \"test_positive_drive_mean\": -0.3755233883857727, \"test_positive_logit_mean\": 6.13164758682251, \"test_positive_resistance_mean\": 0.642300009727478, \"test_precision_mean\": 0.2113613486289978, \"test_resistance_noise_corr\": -0.03325194865465164, \"test_resistance_occlusion_corr\": 0.145355686545372, \"test_sample_uncertainty_mean\": NaN, \"test_support_evidence_corr\": 0.6356456875801086, \"test_update_gate_mean\": 0.04995030537247658, \"total_train_time_sec\": 7.596999406814575, \"val_accuracy\": 0.9921875, \"val_ambiguity_mean\": NaN, \"val_brier\": 0.013382529839873314, \"val_class_resistance_mean\": NaN, \"val_conflict_resistance_corr\": -0.17289434373378754, \"val_ece\": 0.005466014612466097, \"val_hard_negative_drive_mean\": 0.0157772284001112, \"val_hard_negative_logit_mean\": -5.517236232757568, \"val_hard_negative_resistance_mean\": 0.4489784836769104, \"val_loss\": 0.025803910568356514, \"val_margin_mean\": 11.537315368652344, \"val_nll\": 0.025803910568356514, \"val_positive_drive_mean\": -0.3673461079597473, \"val_positive_logit_mean\": 6.020078659057617, \"val_positive_resistance_mean\": 0.6443565487861633, \"val_precision_mean\": 0.21302635967731476, \"val_resistance_noise_corr\": -0.04315255209803581, \"val_resistance_occlusion_corr\": 0.10995505750179291, \"val_sample_uncertainty_mean\": NaN, \"val_support_evidence_corr\": 0.6610610485076904, \"val_update_gate_mean\": 0.05031871050596237}",
  "mode": "head_ablation",
  "model_class": "MERCHeadLinearReadout",
  "model_name": "merc_linear",
  "num_classes": 2,
  "num_params": 91634,
  "pairwise_margin": 0.0,
  "pairwise_weight": 0.0,
  "platform": "Linux-5.4.0-216-generic-x86_64-with-glibc2.31",
  "python_version": "3.10.20",
  "reason": "",
  "run_dir": "reports/merc_synthetic_evidence/runs/20260425_031454_frozen_synthetic_evidence_merc_linear_seed0",
  "run_id": "frozen_synthetic_evidence_merc_linear_seed0",
  "seed": 0,
  "status": "COMPLETED",
  "steps": 300,
  "steps_run": 300,
  "task_name": "image_classification",
  "test_accuracy": 0.99609375,
  "test_ambiguity_mean": NaN,
  "test_brier": 0.005424052011221647,
  "test_class_resistance_mean": NaN,
  "test_conflict_resistance_corr": -0.1628294587135315,
  "test_ece": 0.005299343727529049,
  "test_hard_negative_drive_mean": 0.014858195558190346,
  "test_hard_negative_logit_mean": -5.616184711456299,
  "test_hard_negative_resistance_mean": 0.44342178106307983,
  "test_loss": 0.009782155975699425,
  "test_margin_mean": 11.747831344604492,
  "test_nll": 0.009782155975699425,
  "test_positive_drive_mean": -0.3755233883857727,
  "test_positive_logit_mean": 6.13164758682251,
  "test_positive_resistance_mean": 0.642300009727478,
  "test_precision_mean": 0.2113613486289978,
  "test_resistance_noise_corr": -0.03325194865465164,
  "test_resistance_occlusion_corr": 0.145355686545372,
  "test_sample_uncertainty_mean": NaN,
  "test_support_evidence_corr": 0.6356456875801086,
  "test_update_gate_mean": 0.04995030537247658,
  "timestamp": "2026-04-25T03:15:01Z",
  "torch_version": "2.7.1+cu118",
  "torchvision_version": "0.22.1+cu118",
  "total_train_time_sec": 7.596999406814575,
  "trainable_params": 91634,
  "val_accuracy": 0.9921875,
  "val_ambiguity_mean": NaN,
  "val_brier": 0.013382529839873314,
  "val_class_resistance_mean": NaN,
  "val_conflict_resistance_corr": -0.17289434373378754,
  "val_ece": 0.005466014612466097,
  "val_hard_negative_drive_mean": 0.0157772284001112,
  "val_hard_negative_logit_mean": -5.517236232757568,
  "val_hard_negative_resistance_mean": 0.4489784836769104,
  "val_loss": 0.025803910568356514,
  "val_margin_mean": 11.537315368652344,
  "val_nll": 0.025803910568356514,
  "val_positive_drive_mean": -0.3673461079597473,
  "val_positive_logit_mean": 6.020078659057617,
  "val_positive_resistance_mean": 0.6443565487861633,
  "val_precision_mean": 0.21302635967731476,
  "val_resistance_noise_corr": -0.04315255209803581,
  "val_resistance_occlusion_corr": 0.10995505750179291,
  "val_sample_uncertainty_mean": NaN,
  "val_support_evidence_corr": 0.6610610485076904,
  "val_update_gate_mean": 0.05031871050596237
}