{
  "best_metric": 1.0,
  "cuda_available": false,
  "dataset_name": "synthetic_probe_tensors",
  "device": "cpu",
  "final_diagnostics": {
    "drive_mean": 0.00020702226902358234,
    "drive_std": 0.0018575869034975767,
    "energy_mean": -0.8809250593185425,
    "energy_std": 0.21295717358589172,
    "gate_activation_rate": 0.20000000298023224,
    "gate_mean": 0.20000000298023224,
    "gate_std": 0.10000000894069672,
    "message_norm_mean": 0.07570892572402954,
    "message_norm_std": 0.025389565154910088,
    "new_precision_mean": 0.3132702708244324,
    "new_precision_std": 4.974170951754786e-05,
    "old_precision_mean": 0.6931459307670593,
    "old_precision_std": 0.0005511175259016454,
    "resistance_mean": -0.00021724523685406893,
    "resistance_std": 0.002157511655241251,
    "responsibility_entropy_mean": 1.3862943649291992,
    "responsibility_entropy_std": 2.665600717932648e-08,
    "update_gate_mean": 0.3112731873989105,
    "update_gate_std": 0.00017573140212334692,
    "update_strength_mean": 1.0,
    "update_strength_std": 0.0
  },
  "final_metric": 1.0,
  "git_commit": "ae26ee9",
  "hostname": "BMW-Pro.local",
  "message_norm_mean": 0.07570892572402954,
  "metrics_json": "{\"best_metric\": 1.0, \"final_diagnostics\": {\"drive_mean\": 0.00020702226902358234, \"drive_std\": 0.0018575869034975767, \"energy_mean\": -0.8809250593185425, \"energy_std\": 0.21295717358589172, \"gate_activation_rate\": 0.20000000298023224, \"gate_mean\": 0.20000000298023224, \"gate_std\": 0.10000000894069672, \"message_norm_mean\": 0.07570892572402954, \"message_norm_std\": 0.025389565154910088, \"new_precision_mean\": 0.3132702708244324, \"new_precision_std\": 4.974170951754786e-05, \"old_precision_mean\": 0.6931459307670593, \"old_precision_std\": 0.0005511175259016454, \"resistance_mean\": -0.00021724523685406893, \"resistance_std\": 0.002157511655241251, \"responsibility_entropy_mean\": 1.3862943649291992, \"responsibility_entropy_std\": 2.665600717932648e-08, \"update_gate_mean\": 0.3112731873989105, \"update_gate_std\": 0.00017573140212334692, \"update_strength_mean\": 1.0, \"update_strength_std\": 0.0}, \"final_metric\": 1.0, \"message_norm_mean\": 0.07570892572402954, \"nan_inf_count\": 0.0, \"peak_memory_mb\": 0.0, \"step\": 1, \"step_time_sec\": 0.000885009765625, \"total_train_time_sec\": 0.000885009765625, \"train_loss\": 0.0, \"update_norm_mean\": 1.2210088968276978, \"wall_clock_time_sec\": 0.000885009765625}",
  "mode": "smoke",
  "model_name": "probe_responsibility_no_null_precision",
  "nan_inf_count": 0.0,
  "num_params": 14151,
  "peak_memory_mb": 0.0,
  "platform": "macOS-26.0-arm64-arm-64bit",
  "python_version": "3.12.12",
  "reason": "",
  "responsibility_mode": true,
  "run_dir": "reports/runs/20260424_063608_probe_responsibility_no_null_precision",
  "run_id": "probe_responsibility_no_null_precision",
  "seed": 4,
  "status": "COMPLETED",
  "step": 1,
  "step_time_sec": 0.000885009765625,
  "task_name": "mechanism_probe",
  "timestamp": "2026-04-24T06:36:08Z",
  "torch_version": "2.10.0",
  "torchvision_version": "unavailable",
  "total_train_time_sec": 0.000885009765625,
  "train_loss": 0.0,
  "trainable_params": 14151,
  "update_mode": "precision",
  "update_norm_mean": 1.2210088968276978,
  "use_null": false,
  "wall_clock_time_sec": 0.000885009765625
}