{
  "batch_size": 64,
  "best_metric": 0.431640625,
  "best_step": 200,
  "best_val_accuracy": 0.431640625,
  "cuda_available": true,
  "dataset_name": "cifar10",
  "device": "cuda",
  "early_stop_triggered": false,
  "experiment_type": "end_to_end",
  "feature_dim": 64,
  "final_metric": 0.423828125,
  "final_train_accuracy": 0.5,
  "final_train_loss": 1.3770359754562378,
  "git_commit": "unknown",
  "head_name": "eml_centered_ambiguity",
  "hostname": "user-NF5468M6",
  "loss_mode": "ce_pairwise",
  "lr": 0.001,
  "metrics_json": "{\"best_metric\": 0.431640625, \"best_step\": 200, \"best_val_accuracy\": 0.431640625, \"early_stop_triggered\": false, \"final_metric\": 0.423828125, \"final_train_accuracy\": 0.5, \"final_train_loss\": 1.3770359754562378, \"steps_run\": 300, \"test_accuracy\": 0.423828125, \"test_ambiguity_mean\": 0.9529155492782593, \"test_brier\": 0.7171674370765686, \"test_class_resistance_mean\": 0.20029257237911224, \"test_ece\": 0.05705972760915756, \"test_hard_negative_drive_mean\": 5.806260585784912, \"test_hard_negative_logit_mean\": 2.164567470550537, \"test_hard_negative_resistance_mean\": 0.8769567012786865, \"test_loss\": 1.6468507051467896, \"test_margin_mean\": -0.437404066324234, \"test_nll\": 1.6468507051467896, \"test_positive_drive_mean\": 4.629701614379883, \"test_positive_logit_mean\": 1.7271634340286255, \"test_positive_resistance_mean\": 0.8114280700683594, \"test_resistance_noise_corr\": NaN, \"test_resistance_occlusion_corr\": NaN, \"test_sample_uncertainty_mean\": 0.0009425885509699583, \"total_train_time_sec\": 12.544335126876831, \"val_accuracy\": 0.427734375, \"val_ambiguity_mean\": 0.9591193199157715, \"val_brier\": 0.7251752614974976, \"val_class_resistance_mean\": 0.20029257237911224, \"val_ece\": 0.052104055881500244, \"val_hard_negative_drive_mean\": 5.858646869659424, \"val_hard_negative_logit_mean\": 2.1646642684936523, \"val_hard_negative_resistance_mean\": 0.8448772430419922, \"val_loss\": 1.6464781761169434, \"val_margin_mean\": -0.45363205671310425, \"val_nll\": 1.6464781761169434, \"val_positive_drive_mean\": 4.722165107727051, \"val_positive_logit_mean\": 1.7110322713851929, \"val_positive_resistance_mean\": 0.8404486775398254, \"val_resistance_noise_corr\": NaN, \"val_resistance_occlusion_corr\": NaN, \"val_sample_uncertainty_mean\": 0.0010324064642190933}",
  "mode": "head_ablation",
  "model_class": "CNNHeadModel",
  "model_name": "eml_centered_ambiguity",
  "num_classes": 10,
  "num_params": 167233,
  "pairwise_margin": 0.0,
  "pairwise_weight": 0.05,
  "platform": "Linux-5.4.0-216-generic-x86_64-with-glibc2.31",
  "python_version": "3.10.20",
  "reason": "",
  "run_dir": "reports/merc_end_to_end/runs/20260425_031245_e2e_cifar10_eml_centered_ambiguity_ce_pairwise_seed2",
  "run_id": "e2e_cifar10_eml_centered_ambiguity_ce_pairwise_seed2",
  "seed": 2,
  "status": "COMPLETED",
  "steps": 300,
  "steps_run": 300,
  "task_name": "image_classification",
  "test_accuracy": 0.423828125,
  "test_ambiguity_mean": 0.9529155492782593,
  "test_brier": 0.7171674370765686,
  "test_class_resistance_mean": 0.20029257237911224,
  "test_ece": 0.05705972760915756,
  "test_hard_negative_drive_mean": 5.806260585784912,
  "test_hard_negative_logit_mean": 2.164567470550537,
  "test_hard_negative_resistance_mean": 0.8769567012786865,
  "test_loss": 1.6468507051467896,
  "test_margin_mean": -0.437404066324234,
  "test_nll": 1.6468507051467896,
  "test_positive_drive_mean": 4.629701614379883,
  "test_positive_logit_mean": 1.7271634340286255,
  "test_positive_resistance_mean": 0.8114280700683594,
  "test_resistance_noise_corr": NaN,
  "test_resistance_occlusion_corr": NaN,
  "test_sample_uncertainty_mean": 0.0009425885509699583,
  "timestamp": "2026-04-25T03:12:57Z",
  "torch_version": "2.7.1+cu118",
  "torchvision_version": "0.22.1+cu118",
  "total_train_time_sec": 12.544335126876831,
  "trainable_params": 167233,
  "use_eml_residual_bank": false,
  "use_merc_block": false,
  "val_accuracy": 0.427734375,
  "val_ambiguity_mean": 0.9591193199157715,
  "val_brier": 0.7251752614974976,
  "val_class_resistance_mean": 0.20029257237911224,
  "val_ece": 0.052104055881500244,
  "val_hard_negative_drive_mean": 5.858646869659424,
  "val_hard_negative_logit_mean": 2.1646642684936523,
  "val_hard_negative_resistance_mean": 0.8448772430419922,
  "val_loss": 1.6464781761169434,
  "val_margin_mean": -0.45363205671310425,
  "val_nll": 1.6464781761169434,
  "val_positive_drive_mean": 4.722165107727051,
  "val_positive_logit_mean": 1.7110322713851929,
  "val_positive_resistance_mean": 0.8404486775398254,
  "val_resistance_noise_corr": NaN,
  "val_resistance_occlusion_corr": NaN,
  "val_sample_uncertainty_mean": 0.0010324064642190933
}