{
  "backbone_steps": 300,
  "batch_size": 64,
  "best_metric": 0.9765625,
  "best_step": 75,
  "clean_accuracy": 0.99609375,
  "clean_brier": 0.13027332723140717,
  "clean_confidence_mean": 0.6836728453636169,
  "clean_ece": 0.31242090463638306,
  "clean_nll": 0.3889676332473755,
  "clean_positive_resistance_mean": 3.034928560256958,
  "clean_resistance_noise_corr": 4.269722353456018e-09,
  "clean_resistance_occlusion_corr": NaN,
  "clean_risk_at_100_coverage": 0.00390625,
  "clean_risk_at_50_coverage": 0.0,
  "clean_risk_at_70_coverage": 0.0,
  "clean_risk_at_80_coverage": 0.004878044128417969,
  "clean_risk_at_90_coverage": 0.004335284233093262,
  "clean_score_name": "positive_resistance",
  "clean_selective_aurc": 0.0009199248743243515,
  "clean_uncertainty_mean": 3.034928560256958,
  "clean_vs_noisy_auroc": 0.5567334294319153,
  "clean_vs_occluded_auroc": 0.5068003535270691,
  "condition_metrics_path": "reports/pluggable_uncertainty_real_20260427/runs/20260427_032204_uncertainty_synthetic_shape_eml_no_ambiguity_seed2/uncertainty_eval.pt",
  "cuda_available": true,
  "dataset_name": "synthetic_shape",
  "device": "cuda",
  "early_stop_min_evals": 2,
  "early_stop_patience": 4,
  "early_stop_triggered": true,
  "eval_interval": 25,
  "experiment_type": "frozen_features_uncertainty",
  "feature_dim": 64,
  "final_metric": 0.99609375,
  "final_train_loss": 0.7845789194107056,
  "git_commit": "0c0b3db",
  "head_steps": 1200,
  "hostname": "user-NF5468M6",
  "metrics_json": "{\"best_metric\": 0.9765625, \"best_step\": 75, \"clean_accuracy\": 0.99609375, \"clean_brier\": 0.13027332723140717, \"clean_confidence_mean\": 0.6836728453636169, \"clean_ece\": 0.31242090463638306, \"clean_nll\": 0.3889676332473755, \"clean_positive_resistance_mean\": 3.034928560256958, \"clean_resistance_noise_corr\": 4.269722353456018e-09, \"clean_resistance_occlusion_corr\": NaN, \"clean_risk_at_100_coverage\": 0.00390625, \"clean_risk_at_50_coverage\": 0.0, \"clean_risk_at_70_coverage\": 0.0, \"clean_risk_at_80_coverage\": 0.004878044128417969, \"clean_risk_at_90_coverage\": 0.004335284233093262, \"clean_score_name\": \"positive_resistance\", \"clean_selective_aurc\": 0.0009199248743243515, \"clean_uncertainty_mean\": 3.034928560256958, \"clean_vs_noisy_auroc\": 0.5567334294319153, \"clean_vs_occluded_auroc\": 0.5068003535270691, \"condition_metrics_path\": \"reports/pluggable_uncertainty_real_20260427/runs/20260427_032204_uncertainty_synthetic_shape_eml_no_ambiguity_seed2/uncertainty_eval.pt\", \"early_stop_patience\": 4, \"early_stop_triggered\": true, \"final_metric\": 0.99609375, \"final_train_loss\": 0.7845789194107056, \"noisy_accuracy\": 0.9482421875, \"noisy_brier\": 0.18467780947685242, \"noisy_confidence_mean\": 0.6643600463867188, \"noisy_ece\": 0.283882200717926, \"noisy_nll\": 0.4839521050453186, \"noisy_positive_resistance_mean\": 3.19972562789917, \"noisy_resistance_noise_corr\": NaN, \"noisy_resistance_occlusion_corr\": NaN, \"noisy_risk_at_100_coverage\": 0.0517578125, \"noisy_risk_at_50_coverage\": 0.0390625, \"noisy_risk_at_70_coverage\": 0.06555092334747314, \"noisy_risk_at_80_coverage\": 0.06219512224197388, \"noisy_risk_at_90_coverage\": 0.0574837327003479, \"noisy_score_name\": \"positive_resistance\", \"noisy_selective_aurc\": 0.04695751518011093, \"noisy_uncertainty_mean\": 3.19972562789917, \"occluded_accuracy\": 0.90234375, \"occluded_brier\": 0.22677183151245117, \"occluded_confidence_mean\": 0.6380319595336914, \"occluded_ece\": 0.264311820268631, \"occluded_nll\": 0.5604496598243713, \"occluded_positive_resistance_mean\": 2.842400074005127, \"occluded_resistance_noise_corr\": 2.4901497752694013e-08, \"occluded_resistance_occlusion_corr\": -0.013333332724869251, \"occluded_risk_at_100_coverage\": 0.09765625, \"occluded_risk_at_50_coverage\": 0.015625, \"occluded_risk_at_70_coverage\": 0.12552303075790405, \"occluded_risk_at_80_coverage\": 0.11097562313079834, \"occluded_risk_at_90_coverage\": 0.10629069805145264, \"occluded_score_name\": \"positive_resistance\", \"occluded_selective_aurc\": 0.05242196470499039, \"occluded_uncertainty_mean\": 2.842400074005127, \"pooled_resistance_noise_corr\": 0.04705527052283287, \"pooled_resistance_occlusion_corr\": -0.029555438086390495, \"steps_run\": 175, \"total_train_time_sec\": 13.04983401298523}",
  "mode": "uncertainty_benchmark",
  "model_class": "EMLPrototypeHeadNoAmbiguity",
  "model_name": "eml_no_ambiguity",
  "noisy_accuracy": 0.9482421875,
  "noisy_brier": 0.18467780947685242,
  "noisy_confidence_mean": 0.6643600463867188,
  "noisy_ece": 0.283882200717926,
  "noisy_nll": 0.4839521050453186,
  "noisy_positive_resistance_mean": 3.19972562789917,
  "noisy_resistance_noise_corr": NaN,
  "noisy_resistance_occlusion_corr": NaN,
  "noisy_risk_at_100_coverage": 0.0517578125,
  "noisy_risk_at_50_coverage": 0.0390625,
  "noisy_risk_at_70_coverage": 0.06555092334747314,
  "noisy_risk_at_80_coverage": 0.06219512224197388,
  "noisy_risk_at_90_coverage": 0.0574837327003479,
  "noisy_score_name": "positive_resistance",
  "noisy_selective_aurc": 0.04695751518011093,
  "noisy_uncertainty_mean": 3.19972562789917,
  "num_classes": 5,
  "num_params": 18002,
  "num_workers": 0,
  "occluded_accuracy": 0.90234375,
  "occluded_brier": 0.22677183151245117,
  "occluded_confidence_mean": 0.6380319595336914,
  "occluded_ece": 0.264311820268631,
  "occluded_nll": 0.5604496598243713,
  "occluded_positive_resistance_mean": 2.842400074005127,
  "occluded_resistance_noise_corr": 2.4901497752694013e-08,
  "occluded_resistance_occlusion_corr": -0.013333332724869251,
  "occluded_risk_at_100_coverage": 0.09765625,
  "occluded_risk_at_50_coverage": 0.015625,
  "occluded_risk_at_70_coverage": 0.12552303075790405,
  "occluded_risk_at_80_coverage": 0.11097562313079834,
  "occluded_risk_at_90_coverage": 0.10629069805145264,
  "occluded_score_name": "positive_resistance",
  "occluded_selective_aurc": 0.05242196470499039,
  "occluded_uncertainty_mean": 2.842400074005127,
  "platform": "Linux-5.4.0-216-generic-x86_64-with-glibc2.31",
  "pooled_resistance_noise_corr": 0.04705527052283287,
  "pooled_resistance_occlusion_corr": -0.029555438086390495,
  "python_version": "3.10.20",
  "reason": "",
  "run_dir": "reports/pluggable_uncertainty_real_20260427/runs/20260427_032204_uncertainty_synthetic_shape_eml_no_ambiguity_seed2",
  "run_id": "uncertainty_synthetic_shape_eml_no_ambiguity_seed2",
  "seed": 2,
  "selected_heads": [
    "linear",
    "mlp",
    "cosine_prototype",
    "eml_no_ambiguity",
    "eml_centered_ambiguity",
    "eml_supervised_resistance",
    "merc_linear",
    "merc_energy"
  ],
  "status": "COMPLETED",
  "steps_run": 175,
  "task_name": "image_uncertainty_selective_classification",
  "test_size": 1024,
  "timestamp": "2026-04-27T03:22:17Z",
  "torch_version": "2.7.1+cu118",
  "torchvision_version": "0.22.1+cu118",
  "total_train_time_sec": 13.04983401298523,
  "train_size": 4096,
  "trainable_params": 18002
}