{
  "batch_size": 64,
  "best_metric": 0.984375,
  "best_step": 75,
  "clean_accuracy": 0.9934895634651184,
  "clean_brier": 0.13086660206317902,
  "clean_confidence_mean": 0.6848443150520325,
  "clean_ece": 0.30864518880844116,
  "clean_nll": 0.3876444399356842,
  "clean_positive_resistance_mean": 0.13600076735019684,
  "clean_resistance_noise_corr": -9.742591089434427e-08,
  "clean_resistance_occlusion_corr": NaN,
  "clean_risk_at_100_coverage": 0.006510436534881592,
  "clean_risk_at_50_coverage": 0.0,
  "clean_risk_at_70_coverage": 0.0,
  "clean_risk_at_80_coverage": 0.0,
  "clean_risk_at_90_coverage": 0.0,
  "clean_score_name": "positive_resistance",
  "clean_selective_aurc": 6.510430102935061e-05,
  "clean_uncertainty_mean": 0.13600076735019684,
  "clean_vs_noisy_auroc": 0.6087760925292969,
  "clean_vs_occluded_auroc": 0.652374267578125,
  "condition_metrics_path": "reports/uncertainty_remote_20260424_175558/runs/20260424_095521_uncertainty_synthetic_shape_eml_centered_ambiguity_seed0/uncertainty_eval.pt",
  "cuda_available": true,
  "dataset_name": "synthetic_shape",
  "device": "cuda",
  "early_stop_patience": 4,
  "early_stop_triggered": true,
  "experiment_type": "frozen_features_uncertainty",
  "feature_dim": 64,
  "final_metric": 0.9934895634651184,
  "final_train_loss": 0.3454936742782593,
  "git_commit": "unknown",
  "hostname": "user-NF5468M6",
  "metrics_json": "{\"best_metric\": 0.984375, \"best_step\": 75, \"clean_accuracy\": 0.9934895634651184, \"clean_brier\": 0.13086660206317902, \"clean_confidence_mean\": 0.6848443150520325, \"clean_ece\": 0.30864518880844116, \"clean_nll\": 0.3876444399356842, \"clean_positive_resistance_mean\": 0.13600076735019684, \"clean_resistance_noise_corr\": -9.742591089434427e-08, \"clean_resistance_occlusion_corr\": NaN, \"clean_risk_at_100_coverage\": 0.006510436534881592, \"clean_risk_at_50_coverage\": 0.0, \"clean_risk_at_70_coverage\": 0.0, \"clean_risk_at_80_coverage\": 0.0, \"clean_risk_at_90_coverage\": 0.0, \"clean_score_name\": \"positive_resistance\", \"clean_selective_aurc\": 6.510430102935061e-05, \"clean_uncertainty_mean\": 0.13600076735019684, \"clean_vs_noisy_auroc\": 0.6087760925292969, \"clean_vs_occluded_auroc\": 0.652374267578125, \"condition_metrics_path\": \"reports/uncertainty_remote_20260424_175558/runs/20260424_095521_uncertainty_synthetic_shape_eml_centered_ambiguity_seed0/uncertainty_eval.pt\", \"early_stop_patience\": 4, \"early_stop_triggered\": true, \"final_metric\": 0.9934895634651184, \"final_train_loss\": 0.3454936742782593, \"noisy_accuracy\": 0.9482421875, \"noisy_brier\": 0.18262328207492828, \"noisy_confidence_mean\": 0.6691789627075195, \"noisy_ece\": 0.27958256006240845, \"noisy_nll\": 0.4726027250289917, \"noisy_positive_resistance_mean\": 0.2531087398529053, \"noisy_resistance_noise_corr\": NaN, \"noisy_resistance_occlusion_corr\": NaN, \"noisy_risk_at_100_coverage\": 0.0517578125, \"noisy_risk_at_50_coverage\": 0.0, \"noisy_risk_at_70_coverage\": 0.0, \"noisy_risk_at_80_coverage\": 0.0, \"noisy_risk_at_90_coverage\": 0.0010846257209777832, \"noisy_score_name\": \"positive_resistance\", \"noisy_selective_aurc\": 0.0015651499852538109, \"noisy_uncertainty_mean\": 0.2531087398529053, \"occluded_accuracy\": 0.8818359375, \"occluded_brier\": 0.24080492556095123, \"occluded_confidence_mean\": 0.6364328861236572, \"occluded_ece\": 0.25403115153312683, \"occluded_nll\": 0.5757635831832886, \"occluded_positive_resistance_mean\": 0.3178299367427826, \"occluded_resistance_noise_corr\": 6.095243776371717e-08, \"occluded_resistance_occlusion_corr\": 0.6008855104446411, \"occluded_risk_at_100_coverage\": 0.1181640625, \"occluded_risk_at_50_coverage\": 0.0, \"occluded_risk_at_70_coverage\": 0.0, \"occluded_risk_at_80_coverage\": 0.0, \"occluded_risk_at_90_coverage\": 0.023861169815063477, \"occluded_score_name\": \"positive_resistance\", \"occluded_selective_aurc\": 0.007714700885117054, \"occluded_uncertainty_mean\": 0.3178299367427826, \"pooled_resistance_noise_corr\": NaN, \"pooled_resistance_occlusion_corr\": NaN, \"steps_run\": 175, \"total_train_time_sec\": 3.287585735321045}",
  "mode": "uncertainty_benchmark",
  "model_class": "EMLPrototypeHeadCenteredAmbiguity",
  "model_name": "eml_centered_ambiguity",
  "noisy_accuracy": 0.9482421875,
  "noisy_brier": 0.18262328207492828,
  "noisy_confidence_mean": 0.6691789627075195,
  "noisy_ece": 0.27958256006240845,
  "noisy_nll": 0.4726027250289917,
  "noisy_positive_resistance_mean": 0.2531087398529053,
  "noisy_resistance_noise_corr": NaN,
  "noisy_resistance_occlusion_corr": NaN,
  "noisy_risk_at_100_coverage": 0.0517578125,
  "noisy_risk_at_50_coverage": 0.0,
  "noisy_risk_at_70_coverage": 0.0,
  "noisy_risk_at_80_coverage": 0.0,
  "noisy_risk_at_90_coverage": 0.0010846257209777832,
  "noisy_score_name": "positive_resistance",
  "noisy_selective_aurc": 0.0015651499852538109,
  "noisy_uncertainty_mean": 0.2531087398529053,
  "num_classes": 5,
  "num_params": 18002,
  "num_workers": 0,
  "occluded_accuracy": 0.8818359375,
  "occluded_brier": 0.24080492556095123,
  "occluded_confidence_mean": 0.6364328861236572,
  "occluded_ece": 0.25403115153312683,
  "occluded_nll": 0.5757635831832886,
  "occluded_positive_resistance_mean": 0.3178299367427826,
  "occluded_resistance_noise_corr": 6.095243776371717e-08,
  "occluded_resistance_occlusion_corr": 0.6008855104446411,
  "occluded_risk_at_100_coverage": 0.1181640625,
  "occluded_risk_at_50_coverage": 0.0,
  "occluded_risk_at_70_coverage": 0.0,
  "occluded_risk_at_80_coverage": 0.0,
  "occluded_risk_at_90_coverage": 0.023861169815063477,
  "occluded_score_name": "positive_resistance",
  "occluded_selective_aurc": 0.007714700885117054,
  "occluded_uncertainty_mean": 0.3178299367427826,
  "platform": "Linux-5.4.0-216-generic-x86_64-with-glibc2.31",
  "pooled_resistance_noise_corr": NaN,
  "pooled_resistance_occlusion_corr": NaN,
  "python_version": "3.10.20",
  "reason": "",
  "run_dir": "reports/uncertainty_remote_20260424_175558/runs/20260424_095521_uncertainty_synthetic_shape_eml_centered_ambiguity_seed0",
  "run_id": "uncertainty_synthetic_shape_eml_centered_ambiguity_seed0",
  "seed": 0,
  "status": "COMPLETED",
  "steps_run": 175,
  "task_name": "image_uncertainty_selective_classification",
  "test_size": 1024,
  "timestamp": "2026-04-24T09:55:24Z",
  "torch_version": "2.7.1+cu118",
  "torchvision_version": "0.22.1+cu118",
  "total_train_time_sec": 3.287585735321045,
  "train_size": 4096,
  "trainable_params": 18002
}