{
  "best_metric": 0.986328125,
  "best_step": 250,
  "clean_accuracy": 0.986328125,
  "clean_aurc": 0.00015663850354030728,
  "clean_ece": 0.20236769318580627,
  "clean_resistance_noise_corr": -1.0344661127703603e-08,
  "clean_resistance_occlusion_corr": NaN,
  "clean_vs_noisy_auroc": 0.5535707473754883,
  "clean_vs_occluded_auroc": 0.6010818481445312,
  "cuda_available": true,
  "dataset_name": "synthetic_shape_uncertainty",
  "device": "cuda",
  "early_stop_triggered": false,
  "final_metric": 0.986328125,
  "git_commit": "0c0b3db",
  "hostname": "user-NF5468M6",
  "metrics_json": "{\"best_metric\": 0.986328125, \"best_step\": 250, \"clean_accuracy\": 0.986328125, \"clean_aurc\": 0.00015663850354030728, \"clean_ece\": 0.20236769318580627, \"clean_resistance_noise_corr\": -1.0344661127703603e-08, \"clean_resistance_occlusion_corr\": NaN, \"clean_vs_noisy_auroc\": 0.5535707473754883, \"clean_vs_occluded_auroc\": 0.6010818481445312, \"early_stop_triggered\": false, \"final_metric\": 0.986328125, \"noisy_accuracy\": 0.966796875, \"noisy_aurc\": 0.0009204112575389445, \"noisy_ece\": 0.19412952661514282, \"noisy_resistance_noise_corr\": NaN, \"noisy_resistance_occlusion_corr\": NaN, \"occluded_accuracy\": 0.8583984375, \"occluded_aurc\": 0.011302303522825241, \"occluded_ece\": 0.15304967761039734, \"occluded_resistance_noise_corr\": -1.1574170954986585e-08, \"occluded_resistance_occlusion_corr\": 0.5220462083816528, \"steps_run\": 300, \"total_train_time_sec\": 29.875644207000732}",
  "mode": "medium",
  "model_name": "cnn_eml_centered_ambiguity",
  "noisy_accuracy": 0.966796875,
  "noisy_aurc": 0.0009204112575389445,
  "noisy_ece": 0.19412952661514282,
  "noisy_resistance_noise_corr": NaN,
  "noisy_resistance_occlusion_corr": NaN,
  "occluded_accuracy": 0.8583984375,
  "occluded_aurc": 0.011302303522825241,
  "occluded_ece": 0.15304967761039734,
  "occluded_resistance_noise_corr": -1.1574170954986585e-08,
  "occluded_resistance_occlusion_corr": 0.5220462083816528,
  "platform": "Linux-5.4.0-216-generic-x86_64-with-glibc2.31",
  "python_version": "3.10.20",
  "reason": "",
  "run_dir": "reports/pluggable_primitive_real_20260427/end_to_end_runs/20260427_042510_uncertainty_e2e_synthetic_shape_uncertainty_cnn_eml_centered_ambiguity_seed1",
  "run_id": "uncertainty_e2e_synthetic_shape_uncertainty_cnn_eml_centered_ambiguity_seed1",
  "seed": 1,
  "status": "COMPLETED",
  "steps_run": 300,
  "task_name": "end_to_end_uncertainty",
  "timestamp": "2026-04-27T04:25:40Z",
  "torch_version": "2.7.1+cu118",
  "torchvision_version": "0.22.1+cu118",
  "total_train_time_sec": 29.875644207000732
}