{
  "batch_size": 64,
  "best_metric": 0.51171875,
  "best_step": 200,
  "clean_accuracy": 0.515625,
  "clean_brier": 0.619235098361969,
  "clean_confidence_mean": 0.5385456085205078,
  "clean_ece": 0.040510740131139755,
  "clean_nll": 1.3605972528457642,
  "clean_risk_at_100_coverage": 0.484375,
  "clean_risk_at_50_coverage": 0.3177083134651184,
  "clean_risk_at_70_coverage": 0.4052044749259949,
  "clean_risk_at_80_coverage": 0.427642285823822,
  "clean_risk_at_90_coverage": 0.4552023410797119,
  "clean_score_name": "one_minus_confidence",
  "clean_selective_aurc": 0.30334869027137756,
  "clean_uncertainty_mean": 0.4614543914794922,
  "clean_vs_noisy_auroc": 0.5573463439941406,
  "clean_vs_occluded_auroc": 0.5033314824104309,
  "condition_metrics_path": "reports/uncertainty_resistance_true_20260427/runs/20260427_020750_uncertainty_cifar10_mlp_seed2/uncertainty_eval.pt",
  "cuda_available": true,
  "dataset_name": "cifar10",
  "device": "cuda",
  "early_stop_patience": 4,
  "early_stop_triggered": false,
  "experiment_type": "frozen_features_uncertainty",
  "feature_dim": 64,
  "final_metric": 0.515625,
  "final_train_loss": 1.5802117586135864,
  "git_commit": "0c0b3db",
  "hostname": "user-NF5468M6",
  "metrics_json": "{\"best_metric\": 0.51171875, \"best_step\": 200, \"clean_accuracy\": 0.515625, \"clean_brier\": 0.619235098361969, \"clean_confidence_mean\": 0.5385456085205078, \"clean_ece\": 0.040510740131139755, \"clean_nll\": 1.3605972528457642, \"clean_risk_at_100_coverage\": 0.484375, \"clean_risk_at_50_coverage\": 0.3177083134651184, \"clean_risk_at_70_coverage\": 0.4052044749259949, \"clean_risk_at_80_coverage\": 0.427642285823822, \"clean_risk_at_90_coverage\": 0.4552023410797119, \"clean_score_name\": \"one_minus_confidence\", \"clean_selective_aurc\": 0.30334869027137756, \"clean_uncertainty_mean\": 0.4614543914794922, \"clean_vs_noisy_auroc\": 0.5573463439941406, \"clean_vs_occluded_auroc\": 0.5033314824104309, \"condition_metrics_path\": \"reports/uncertainty_resistance_true_20260427/runs/20260427_020750_uncertainty_cifar10_mlp_seed2/uncertainty_eval.pt\", \"early_stop_patience\": 4, \"early_stop_triggered\": false, \"final_metric\": 0.515625, \"final_train_loss\": 1.5802117586135864, \"noisy_accuracy\": 0.41015625, \"noisy_brier\": 0.7262930870056152, \"noisy_confidence_mean\": 0.5029749870300293, \"noisy_ece\": 0.09343352913856506, \"noisy_nll\": 1.6439638137817383, \"noisy_risk_at_100_coverage\": 0.58984375, \"noisy_risk_at_50_coverage\": 0.455078125, \"noisy_risk_at_70_coverage\": 0.5132496356964111, \"noisy_risk_at_80_coverage\": 0.5439023971557617, \"noisy_risk_at_90_coverage\": 0.5639913082122803, \"noisy_score_name\": \"one_minus_confidence\", \"noisy_selective_aurc\": 0.4380578100681305, \"noisy_uncertainty_mean\": 0.4970250427722931, \"occluded_accuracy\": 0.458984375, \"occluded_brier\": 0.6867653131484985, \"occluded_confidence_mean\": 0.5369366407394409, \"occluded_ece\": 0.08148413896560669, \"occluded_nll\": 1.5225107669830322, \"occluded_risk_at_100_coverage\": 0.541015625, \"occluded_risk_at_50_coverage\": 0.419921875, \"occluded_risk_at_70_coverage\": 0.4686192274093628, \"occluded_risk_at_80_coverage\": 0.49146342277526855, \"occluded_risk_at_90_coverage\": 0.5151844024658203, \"occluded_score_name\": \"one_minus_confidence\", \"occluded_selective_aurc\": 0.3812202215194702, \"occluded_uncertainty_mean\": 0.4630633294582367, \"steps_run\": 250, \"total_train_time_sec\": 8.069035530090332}",
  "mode": "uncertainty_benchmark",
  "model_class": "MLPHead",
  "model_name": "mlp",
  "noisy_accuracy": 0.41015625,
  "noisy_brier": 0.7262930870056152,
  "noisy_confidence_mean": 0.5029749870300293,
  "noisy_ece": 0.09343352913856506,
  "noisy_nll": 1.6439638137817383,
  "noisy_risk_at_100_coverage": 0.58984375,
  "noisy_risk_at_50_coverage": 0.455078125,
  "noisy_risk_at_70_coverage": 0.5132496356964111,
  "noisy_risk_at_80_coverage": 0.5439023971557617,
  "noisy_risk_at_90_coverage": 0.5639913082122803,
  "noisy_score_name": "one_minus_confidence",
  "noisy_selective_aurc": 0.4380578100681305,
  "noisy_uncertainty_mean": 0.4970250427722931,
  "num_classes": 10,
  "num_params": 9738,
  "num_workers": 0,
  "occluded_accuracy": 0.458984375,
  "occluded_brier": 0.6867653131484985,
  "occluded_confidence_mean": 0.5369366407394409,
  "occluded_ece": 0.08148413896560669,
  "occluded_nll": 1.5225107669830322,
  "occluded_risk_at_100_coverage": 0.541015625,
  "occluded_risk_at_50_coverage": 0.419921875,
  "occluded_risk_at_70_coverage": 0.4686192274093628,
  "occluded_risk_at_80_coverage": 0.49146342277526855,
  "occluded_risk_at_90_coverage": 0.5151844024658203,
  "occluded_score_name": "one_minus_confidence",
  "occluded_selective_aurc": 0.3812202215194702,
  "occluded_uncertainty_mean": 0.4630633294582367,
  "platform": "Linux-5.4.0-216-generic-x86_64-with-glibc2.31",
  "python_version": "3.10.20",
  "reason": "",
  "run_dir": "reports/uncertainty_resistance_true_20260427/runs/20260427_020750_uncertainty_cifar10_mlp_seed2",
  "run_id": "uncertainty_cifar10_mlp_seed2",
  "seed": 2,
  "status": "COMPLETED",
  "steps_run": 250,
  "task_name": "image_uncertainty_selective_classification",
  "test_size": 1024,
  "timestamp": "2026-04-27T02:07:58Z",
  "torch_version": "2.7.1+cu118",
  "torchvision_version": "0.22.1+cu118",
  "total_train_time_sec": 8.069035530090332,
  "train_size": 4096,
  "trainable_params": 9738
}