{
  "batch_size": 32,
  "best_metric": 0.9921875,
  "best_step": 100,
  "best_val_accuracy": 0.9921875,
  "cuda_available": true,
  "dataset_name": "synthetic_evidence",
  "device": "cuda",
  "early_stop_triggered": false,
  "experiment_type": "frozen_features",
  "feature_dim": 64,
  "features_dir": "reports/head_ablation/features/synthetic_evidence_medium_seed0",
  "final_metric": 0.994140625,
  "final_train_accuracy": 1.0,
  "final_train_loss": 0.05155855789780617,
  "git_commit": "unknown",
  "hostname": "user-NF5468M6",
  "lr": 0.001,
  "metrics_json": "{\"best_metric\": 0.9921875, \"best_step\": 100, \"best_val_accuracy\": 0.9921875, \"early_stop_triggered\": false, \"final_metric\": 0.994140625, \"final_train_accuracy\": 1.0, \"final_train_loss\": 0.05155855789780617, \"steps_run\": 300, \"test_accuracy\": 0.994140625, \"test_ambiguity_mean\": -0.04353732615709305, \"test_brier\": 0.010976661927998066, \"test_class_resistance_mean\": 0.20276662707328796, \"test_conflict_resistance_corr\": NaN, \"test_ece\": 0.044856369495391846, \"test_hard_negative_drive_mean\": -13.632427215576172, \"test_hard_negative_logit_mean\": -0.42108479142189026, \"test_hard_negative_resistance_mean\": 4.335197448730469, \"test_loss\": 0.05371525138616562, \"test_margin_mean\": 3.0739166736602783, \"test_nll\": 0.05371525138616562, \"test_positive_drive_mean\": 15.616790771484375, \"test_positive_logit_mean\": 2.652831792831421, \"test_positive_resistance_mean\": -1.1532855033874512, \"test_precision_mean\": NaN, \"test_resistance_noise_corr\": 0.08192043006420135, \"test_resistance_occlusion_corr\": 0.12877865135669708, \"test_sample_uncertainty_mean\": 1.4317266941070557, \"test_support_evidence_corr\": NaN, \"test_update_gate_mean\": NaN, \"total_train_time_sec\": 7.8663811683654785, \"val_accuracy\": 0.9921875, \"val_ambiguity_mean\": -0.033641498535871506, \"val_brier\": 0.016949951648712158, \"val_class_resistance_mean\": 0.20276662707328796, \"val_conflict_resistance_corr\": NaN, \"val_ece\": 0.0433383472263813, \"val_hard_negative_drive_mean\": -13.318113327026367, \"val_hard_negative_logit_mean\": -0.40414053201675415, \"val_hard_negative_resistance_mean\": 4.248791694641113, \"val_loss\": 0.06460537761449814, \"val_margin_mean\": 3.0442821979522705, \"val_nll\": 0.06460537761449814, \"val_positive_drive_mean\": 15.322715759277344, \"val_positive_logit_mean\": 2.6401419639587402, \"val_positive_resistance_mean\": -1.1141301393508911, \"val_precision_mean\": NaN, \"val_resistance_noise_corr\": 0.07495417445898056, \"val_resistance_occlusion_corr\": 0.15430200099945068, \"val_sample_uncertainty_mean\": 1.3982056379318237, \"val_support_evidence_corr\": NaN, \"val_update_gate_mean\": NaN}",
  "mode": "head_ablation",
  "model_class": "EMLPrototypeHeadCenteredAmbiguity",
  "model_name": "eml_centered_ambiguity",
  "num_classes": 2,
  "num_params": 17417,
  "pairwise_margin": 0.0,
  "pairwise_weight": 0.0,
  "platform": "Linux-5.4.0-216-generic-x86_64-with-glibc2.31",
  "python_version": "3.10.20",
  "reason": "",
  "run_dir": "reports/merc_synthetic_evidence/runs/20260425_031446_frozen_synthetic_evidence_eml_centered_ambiguity_seed0",
  "run_id": "frozen_synthetic_evidence_eml_centered_ambiguity_seed0",
  "seed": 0,
  "status": "COMPLETED",
  "steps": 300,
  "steps_run": 300,
  "task_name": "image_classification",
  "test_accuracy": 0.994140625,
  "test_ambiguity_mean": -0.04353732615709305,
  "test_brier": 0.010976661927998066,
  "test_class_resistance_mean": 0.20276662707328796,
  "test_conflict_resistance_corr": NaN,
  "test_ece": 0.044856369495391846,
  "test_hard_negative_drive_mean": -13.632427215576172,
  "test_hard_negative_logit_mean": -0.42108479142189026,
  "test_hard_negative_resistance_mean": 4.335197448730469,
  "test_loss": 0.05371525138616562,
  "test_margin_mean": 3.0739166736602783,
  "test_nll": 0.05371525138616562,
  "test_positive_drive_mean": 15.616790771484375,
  "test_positive_logit_mean": 2.652831792831421,
  "test_positive_resistance_mean": -1.1532855033874512,
  "test_precision_mean": NaN,
  "test_resistance_noise_corr": 0.08192043006420135,
  "test_resistance_occlusion_corr": 0.12877865135669708,
  "test_sample_uncertainty_mean": 1.4317266941070557,
  "test_support_evidence_corr": NaN,
  "test_update_gate_mean": NaN,
  "timestamp": "2026-04-25T03:14:54Z",
  "torch_version": "2.7.1+cu118",
  "torchvision_version": "0.22.1+cu118",
  "total_train_time_sec": 7.8663811683654785,
  "trainable_params": 17417,
  "val_accuracy": 0.9921875,
  "val_ambiguity_mean": -0.033641498535871506,
  "val_brier": 0.016949951648712158,
  "val_class_resistance_mean": 0.20276662707328796,
  "val_conflict_resistance_corr": NaN,
  "val_ece": 0.0433383472263813,
  "val_hard_negative_drive_mean": -13.318113327026367,
  "val_hard_negative_logit_mean": -0.40414053201675415,
  "val_hard_negative_resistance_mean": 4.248791694641113,
  "val_loss": 0.06460537761449814,
  "val_margin_mean": 3.0442821979522705,
  "val_nll": 0.06460537761449814,
  "val_positive_drive_mean": 15.322715759277344,
  "val_positive_logit_mean": 2.6401419639587402,
  "val_positive_resistance_mean": -1.1141301393508911,
  "val_precision_mean": NaN,
  "val_resistance_noise_corr": 0.07495417445898056,
  "val_resistance_occlusion_corr": 0.15430200099945068,
  "val_sample_uncertainty_mean": 1.3982056379318237,
  "val_support_evidence_corr": NaN,
  "val_update_gate_mean": NaN
}