{
  "ambiguity_weight": NaN,
  "attractor_entropy_weight": NaN,
  "batch_size": 8,
  "best_metric": 0.04128440469503403,
  "bits_per_char": 6.3330506112582725,
  "char_accuracy": 0.03431372717022896,
  "completed_steps": 4,
  "corruption_resistance_corr": -0.08360394090414047,
  "cuda_available": false,
  "dataset_name": "SyntheticTextEnergyDataset",
  "device": "cpu",
  "early_stop": false,
  "early_stop_step": "",
  "early_stop_triggered": false,
  "final_diagnostics": {
    "attractor_activation_mean": 0.7435680627822876,
    "attractor_activation_std": 0.07057353109121323,
    "attractor_diversity": 0.03525663912296295,
    "drive_mean": -0.0024389794562011957,
    "drive_std": 0.36763593554496765,
    "energy_mean": -0.08389545977115631,
    "energy_std": 0.1051701009273529,
    "null_weight_mean": 0.5352263450622559,
    "null_weight_std": 0.4094480574131012,
    "resistance_mean": 1.5982553958892822,
    "resistance_std": 0.23489268124103546,
    "update_gate_mean": 0.04955211654305458,
    "update_gate_std": 0.04383484646677971,
    "update_strength_mean": 0.45988890528678894,
    "update_strength_std": 0.4083186984062195
  },
  "final_metric": 0.03431372717022896,
  "final_train_accuracy": 0.03431372717022896,
  "final_train_loss": 4.389736175537109,
  "git_commit": "9ce7b7d",
  "grad_norm": 1.413169503211975,
  "hostname": "Mac-mini.local",
  "learning_rate": 0.001,
  "metrics_json": "{\"ambiguity_weight\": NaN, \"attractor_entropy_weight\": NaN, \"best_metric\": 0.04128440469503403, \"bits_per_char\": 6.3330506112582725, \"char_accuracy\": 0.03431372717022896, \"completed_steps\": 4, \"corruption_resistance_corr\": -0.08360394090414047, \"early_stop_step\": \"\", \"early_stop_triggered\": false, \"final_diagnostics\": {\"attractor_activation_mean\": 0.7435680627822876, \"attractor_activation_std\": 0.07057353109121323, \"attractor_diversity\": 0.03525663912296295, \"drive_mean\": -0.0024389794562011957, \"drive_std\": 0.36763593554496765, \"energy_mean\": -0.08389545977115631, \"energy_std\": 0.1051701009273529, \"null_weight_mean\": 0.5352263450622559, \"null_weight_std\": 0.4094480574131012, \"resistance_mean\": 1.5982553958892822, \"resistance_std\": 0.23489268124103546, \"update_gate_mean\": 0.04955211654305458, \"update_gate_std\": 0.04383484646677971, \"update_strength_mean\": 0.45988890528678894, \"update_strength_std\": 0.4083186984062195}, \"final_metric\": 0.03431372717022896, \"final_train_accuracy\": 0.03431372717022896, \"final_train_loss\": 4.389736175537109, \"grad_norm\": 1.413169503211975, \"learning_rate\": 0.001, \"next_token_loss\": 4.389736175537109, \"null_threshold\": NaN, \"peak_memory_mb\": 0.0, \"perplexity\": 80.61914687142696, \"precision_update_threshold\": NaN, \"responsibility_temperature\": NaN, \"step\": 4, \"step_time_sec\": 0.008951663970947266, \"token_accuracy\": 0.03431372717022896, \"tokens_per_sec\": 22789.059180738295, \"total_train_time_sec\": 0.04859304428100586, \"train_loss\": 4.389736175537109, \"wall_clock_time_sec\": 0.047914981842041016, \"warmup_eta\": 1.0}",
  "min_delta": 0.0001,
  "mode": "smoke",
  "model_name": "EfficientEMLTextEncoder",
  "next_token_loss": 4.389736175537109,
  "null_threshold": NaN,
  "num_params": 92950,
  "num_workers": 0,
  "patience": 20,
  "peak_memory_mb": 0.0,
  "perplexity": 80.61914687142696,
  "platform": "macOS-15.1-arm64-arm-64bit",
  "precision_update_threshold": NaN,
  "python_version": "3.12.7",
  "reason": "",
  "responsibility_temperature": NaN,
  "run_dir": "reports/runs/20260506_050535_smoke_text_efficient_eml",
  "run_id": "smoke_text_efficient_eml",
  "seed": 2,
  "seq_len": 48,
  "status": "COMPLETED",
  "step": 4,
  "step_time_sec": 0.008951663970947266,
  "steps": 4,
  "task_name": "text_synthetic",
  "timestamp": "2026-05-06T05:05:35Z",
  "token_accuracy": 0.03431372717022896,
  "tokens_per_sec": 22789.059180738295,
  "torch_version": "2.10.0",
  "torchvision_version": "0.25.0",
  "total_train_time_sec": 0.04859304428100586,
  "train_loss": 4.389736175537109,
  "trainable_params": 92950,
  "wall_clock_time_sec": 0.047914981842041016,
  "warmup_eta": 1.0
}