{
  "best_metric": 0.9833984375,
  "best_step": 275,
  "clean_accuracy": 0.9833984375,
  "clean_aurc": 0.009660742245614529,
  "clean_ece": 0.18310728669166565,
  "clean_resistance_noise_corr": 7.855858541461203e-08,
  "clean_resistance_occlusion_corr": NaN,
  "clean_vs_noisy_auroc": 0.9629850387573242,
  "clean_vs_occluded_auroc": 0.6354827880859375,
  "cuda_available": true,
  "dataset_name": "synthetic_shape_uncertainty",
  "device": "cuda",
  "early_stop_triggered": false,
  "final_metric": 0.9833984375,
  "git_commit": "0c0b3db",
  "hostname": "user-NF5468M6",
  "metrics_json": "{\"best_metric\": 0.9833984375, \"best_step\": 275, \"clean_accuracy\": 0.9833984375, \"clean_aurc\": 0.009660742245614529, \"clean_ece\": 0.18310728669166565, \"clean_resistance_noise_corr\": 7.855858541461203e-08, \"clean_resistance_occlusion_corr\": NaN, \"clean_vs_noisy_auroc\": 0.9629850387573242, \"clean_vs_occluded_auroc\": 0.6354827880859375, \"early_stop_triggered\": false, \"final_metric\": 0.9833984375, \"noisy_accuracy\": 0.966796875, \"noisy_aurc\": 0.0010361563181504607, \"noisy_ece\": 0.1744968742132187, \"noisy_resistance_noise_corr\": NaN, \"noisy_resistance_occlusion_corr\": NaN, \"occluded_accuracy\": 0.841796875, \"occluded_aurc\": 0.031464945524930954, \"occluded_ece\": 0.10143010318279266, \"occluded_resistance_noise_corr\": 4.247225149356382e-08, \"occluded_resistance_occlusion_corr\": 0.4328819513320923, \"steps_run\": 300, \"total_train_time_sec\": 28.90422034263611}",
  "mode": "medium",
  "model_name": "cnn_eml_supervised_resistance",
  "noisy_accuracy": 0.966796875,
  "noisy_aurc": 0.0010361563181504607,
  "noisy_ece": 0.1744968742132187,
  "noisy_resistance_noise_corr": NaN,
  "noisy_resistance_occlusion_corr": NaN,
  "occluded_accuracy": 0.841796875,
  "occluded_aurc": 0.031464945524930954,
  "occluded_ece": 0.10143010318279266,
  "occluded_resistance_noise_corr": 4.247225149356382e-08,
  "occluded_resistance_occlusion_corr": 0.4328819513320923,
  "platform": "Linux-5.4.0-216-generic-x86_64-with-glibc2.31",
  "python_version": "3.10.20",
  "reason": "",
  "run_dir": "reports/pluggable_primitive_real_20260427/end_to_end_runs/20260427_042541_uncertainty_e2e_synthetic_shape_uncertainty_cnn_eml_supervised_resistance_seed1",
  "run_id": "uncertainty_e2e_synthetic_shape_uncertainty_cnn_eml_supervised_resistance_seed1",
  "seed": 1,
  "status": "COMPLETED",
  "steps_run": 300,
  "task_name": "end_to_end_uncertainty",
  "timestamp": "2026-04-27T04:26:09Z",
  "torch_version": "2.7.1+cu118",
  "torchvision_version": "0.22.1+cu118",
  "total_train_time_sec": 28.90422034263611
}