{
  "backbone_steps": 300,
  "batch_size": 64,
  "best_metric": 0.51171875,
  "best_step": 175,
  "clean_accuracy": 0.4596354067325592,
  "clean_brier": 0.6980368494987488,
  "clean_confidence_mean": 0.36156177520751953,
  "clean_ece": 0.10223783552646637,
  "clean_nll": 1.5484356880187988,
  "clean_risk_at_100_coverage": 0.5403646230697632,
  "clean_risk_at_50_coverage": 0.453125,
  "clean_risk_at_70_coverage": 0.48327136039733887,
  "clean_risk_at_80_coverage": 0.49268293380737305,
  "clean_risk_at_90_coverage": 0.5158959627151489,
  "clean_score_name": "one_minus_confidence",
  "clean_selective_aurc": 0.3998394012451172,
  "clean_uncertainty_mean": 0.6384382843971252,
  "clean_vs_noisy_auroc": 0.5993168950080872,
  "clean_vs_occluded_auroc": 0.5603510737419128,
  "condition_metrics_path": "reports/uncertainty_resistance_true_earlystop_rerun_20260427/runs/20260427_022659_uncertainty_cifar10_cosine_prototype_seed0/uncertainty_eval.pt",
  "cuda_available": true,
  "dataset_name": "cifar10",
  "device": "cuda",
  "early_stop_min_evals": 2,
  "early_stop_patience": 4,
  "early_stop_triggered": true,
  "eval_interval": 25,
  "experiment_type": "frozen_features_uncertainty",
  "feature_dim": 64,
  "final_metric": 0.4596354067325592,
  "final_train_loss": 1.4669477939605713,
  "git_commit": "0c0b3db",
  "head_steps": 800,
  "hostname": "user-NF5468M6",
  "metrics_json": "{\"best_metric\": 0.51171875, \"best_step\": 175, \"clean_accuracy\": 0.4596354067325592, \"clean_brier\": 0.6980368494987488, \"clean_confidence_mean\": 0.36156177520751953, \"clean_ece\": 0.10223783552646637, \"clean_nll\": 1.5484356880187988, \"clean_risk_at_100_coverage\": 0.5403646230697632, \"clean_risk_at_50_coverage\": 0.453125, \"clean_risk_at_70_coverage\": 0.48327136039733887, \"clean_risk_at_80_coverage\": 0.49268293380737305, \"clean_risk_at_90_coverage\": 0.5158959627151489, \"clean_score_name\": \"one_minus_confidence\", \"clean_selective_aurc\": 0.3998394012451172, \"clean_uncertainty_mean\": 0.6384382843971252, \"clean_vs_noisy_auroc\": 0.5993168950080872, \"clean_vs_occluded_auroc\": 0.5603510737419128, \"condition_metrics_path\": \"reports/uncertainty_resistance_true_earlystop_rerun_20260427/runs/20260427_022659_uncertainty_cifar10_cosine_prototype_seed0/uncertainty_eval.pt\", \"early_stop_patience\": 4, \"early_stop_triggered\": true, \"final_metric\": 0.4596354067325592, \"final_train_loss\": 1.4669477939605713, \"noisy_accuracy\": 0.427734375, \"noisy_brier\": 0.7253013849258423, \"noisy_confidence_mean\": 0.3317357003688812, \"noisy_ece\": 0.10482078790664673, \"noisy_nll\": 1.6354749202728271, \"noisy_risk_at_100_coverage\": 0.572265625, \"noisy_risk_at_50_coverage\": 0.4375, \"noisy_risk_at_70_coverage\": 0.49790793657302856, \"noisy_risk_at_80_coverage\": 0.5146341323852539, \"noisy_risk_at_90_coverage\": 0.546637773513794, \"noisy_score_name\": \"one_minus_confidence\", \"noisy_selective_aurc\": 0.41352829337120056, \"noisy_uncertainty_mean\": 0.6682643890380859, \"occluded_accuracy\": 0.421875, \"occluded_brier\": 0.7277370691299438, \"occluded_confidence_mean\": 0.3424418568611145, \"occluded_ece\": 0.08377668261528015, \"occluded_nll\": 1.6442781686782837, \"occluded_risk_at_100_coverage\": 0.578125, \"occluded_risk_at_50_coverage\": 0.482421875, \"occluded_risk_at_70_coverage\": 0.5160390138626099, \"occluded_risk_at_80_coverage\": 0.5390243530273438, \"occluded_risk_at_90_coverage\": 0.5520607233047485, \"occluded_score_name\": \"one_minus_confidence\", \"occluded_selective_aurc\": 0.45340949296951294, \"occluded_uncertainty_mean\": 0.6575581431388855, \"steps_run\": 275, \"total_train_time_sec\": 27.779985666275024}",
  "mode": "uncertainty_benchmark",
  "model_class": "CosinePrototypeHead",
  "model_name": "cosine_prototype",
  "noisy_accuracy": 0.427734375,
  "noisy_brier": 0.7253013849258423,
  "noisy_confidence_mean": 0.3317357003688812,
  "noisy_ece": 0.10482078790664673,
  "noisy_nll": 1.6354749202728271,
  "noisy_risk_at_100_coverage": 0.572265625,
  "noisy_risk_at_50_coverage": 0.4375,
  "noisy_risk_at_70_coverage": 0.49790793657302856,
  "noisy_risk_at_80_coverage": 0.5146341323852539,
  "noisy_risk_at_90_coverage": 0.546637773513794,
  "noisy_score_name": "one_minus_confidence",
  "noisy_selective_aurc": 0.41352829337120056,
  "noisy_uncertainty_mean": 0.6682643890380859,
  "num_classes": 10,
  "num_params": 640,
  "num_workers": 0,
  "occluded_accuracy": 0.421875,
  "occluded_brier": 0.7277370691299438,
  "occluded_confidence_mean": 0.3424418568611145,
  "occluded_ece": 0.08377668261528015,
  "occluded_nll": 1.6442781686782837,
  "occluded_risk_at_100_coverage": 0.578125,
  "occluded_risk_at_50_coverage": 0.482421875,
  "occluded_risk_at_70_coverage": 0.5160390138626099,
  "occluded_risk_at_80_coverage": 0.5390243530273438,
  "occluded_risk_at_90_coverage": 0.5520607233047485,
  "occluded_score_name": "one_minus_confidence",
  "occluded_selective_aurc": 0.45340949296951294,
  "occluded_uncertainty_mean": 0.6575581431388855,
  "platform": "Linux-5.4.0-216-generic-x86_64-with-glibc2.31",
  "python_version": "3.10.20",
  "reason": "",
  "run_dir": "reports/uncertainty_resistance_true_earlystop_rerun_20260427/runs/20260427_022659_uncertainty_cifar10_cosine_prototype_seed0",
  "run_id": "uncertainty_cifar10_cosine_prototype_seed0",
  "seed": 0,
  "selected_heads": [
    "linear",
    "cosine_prototype",
    "eml_no_ambiguity",
    "eml_centered_ambiguity",
    "eml_supervised_resistance",
    "merc_linear",
    "merc_energy"
  ],
  "status": "COMPLETED",
  "steps_run": 275,
  "task_name": "image_uncertainty_selective_classification",
  "test_size": 1024,
  "timestamp": "2026-04-27T02:27:27Z",
  "torch_version": "2.7.1+cu118",
  "torchvision_version": "0.22.1+cu118",
  "total_train_time_sec": 27.779985666275024,
  "train_size": 4096,
  "trainable_params": 640
}