{
  "batch_size": 64,
  "best_metric": 0.51953125,
  "best_step": 300,
  "best_val_accuracy": 0.51953125,
  "cuda_available": true,
  "dataset_name": "cifar10",
  "device": "cuda",
  "early_stop_triggered": false,
  "experiment_type": "frozen_features",
  "feature_dim": 64,
  "features_dir": "reports/head_ablation/features/cifar10_medium_seed0",
  "final_metric": 0.505859375,
  "final_train_accuracy": 0.546875,
  "final_train_loss": 1.2028831243515015,
  "git_commit": "unknown",
  "hostname": "user-NF5468M6",
  "lr": 0.001,
  "metrics_json": "{\"best_metric\": 0.51953125, \"best_step\": 300, \"best_val_accuracy\": 0.51953125, \"early_stop_triggered\": false, \"final_metric\": 0.505859375, \"final_train_accuracy\": 0.546875, \"final_train_loss\": 1.2028831243515015, \"steps_run\": 300, \"test_accuracy\": 0.505859375, \"test_ambiguity_mean\": NaN, \"test_brier\": 0.6328554153442383, \"test_class_resistance_mean\": NaN, \"test_conflict_resistance_corr\": NaN, \"test_ece\": 0.10802580416202545, \"test_hard_negative_drive_mean\": 3.4754934310913086, \"test_hard_negative_logit_mean\": 3.3169169425964355, \"test_hard_negative_resistance_mean\": 0.4516792297363281, \"test_loss\": 1.4529320001602173, \"test_margin_mean\": -0.17256808280944824, \"test_nll\": 1.4529320001602173, \"test_positive_drive_mean\": 3.254561424255371, \"test_positive_logit_mean\": 3.1443488597869873, \"test_positive_resistance_mean\": 0.5207018852233887, \"test_precision_mean\": 0.242967426776886, \"test_resistance_noise_corr\": NaN, \"test_resistance_occlusion_corr\": NaN, \"test_sample_uncertainty_mean\": NaN, \"test_support_evidence_corr\": NaN, \"test_update_gate_mean\": 0.0569603331387043, \"total_train_time_sec\": 12.614348649978638, \"val_accuracy\": 0.51953125, \"val_ambiguity_mean\": NaN, \"val_brier\": 0.6320691704750061, \"val_class_resistance_mean\": NaN, \"val_conflict_resistance_corr\": NaN, \"val_ece\": 0.08594390749931335, \"val_hard_negative_drive_mean\": 3.467484951019287, \"val_hard_negative_logit_mean\": 3.302381753921509, \"val_hard_negative_resistance_mean\": 0.4804137945175171, \"val_loss\": 1.46286141872406, \"val_margin_mean\": -0.20778663456439972, \"val_nll\": 1.46286141872406, \"val_positive_drive_mean\": 3.178619861602783, \"val_positive_logit_mean\": 3.094594955444336, \"val_positive_resistance_mean\": 0.46840906143188477, \"val_precision_mean\": 0.24237963557243347, \"val_resistance_noise_corr\": NaN, \"val_resistance_occlusion_corr\": NaN, \"val_sample_uncertainty_mean\": NaN, \"val_support_evidence_corr\": NaN, \"val_update_gate_mean\": 0.056838251650333405}",
  "mode": "head_ablation",
  "model_class": "MERCHeadClassEnergy",
  "model_name": "merc_energy",
  "num_classes": 10,
  "num_params": 93202,
  "pairwise_margin": 0.0,
  "pairwise_weight": 0.0,
  "platform": "Linux-5.4.0-216-generic-x86_64-with-glibc2.31",
  "python_version": "3.10.20",
  "reason": "",
  "run_dir": "reports/merc_head_ablation/runs/20260425_030249_frozen_cifar10_merc_energy_seed0",
  "run_id": "frozen_cifar10_merc_energy_seed0",
  "seed": 0,
  "status": "COMPLETED",
  "steps": 300,
  "steps_run": 300,
  "task_name": "image_classification",
  "test_accuracy": 0.505859375,
  "test_ambiguity_mean": NaN,
  "test_brier": 0.6328554153442383,
  "test_class_resistance_mean": NaN,
  "test_conflict_resistance_corr": NaN,
  "test_ece": 0.10802580416202545,
  "test_hard_negative_drive_mean": 3.4754934310913086,
  "test_hard_negative_logit_mean": 3.3169169425964355,
  "test_hard_negative_resistance_mean": 0.4516792297363281,
  "test_loss": 1.4529320001602173,
  "test_margin_mean": -0.17256808280944824,
  "test_nll": 1.4529320001602173,
  "test_positive_drive_mean": 3.254561424255371,
  "test_positive_logit_mean": 3.1443488597869873,
  "test_positive_resistance_mean": 0.5207018852233887,
  "test_precision_mean": 0.242967426776886,
  "test_resistance_noise_corr": NaN,
  "test_resistance_occlusion_corr": NaN,
  "test_sample_uncertainty_mean": NaN,
  "test_support_evidence_corr": NaN,
  "test_update_gate_mean": 0.0569603331387043,
  "timestamp": "2026-04-25T03:03:02Z",
  "torch_version": "2.7.1+cu118",
  "torchvision_version": "0.22.1+cu118",
  "total_train_time_sec": 12.614348649978638,
  "trainable_params": 93202,
  "val_accuracy": 0.51953125,
  "val_ambiguity_mean": NaN,
  "val_brier": 0.6320691704750061,
  "val_class_resistance_mean": NaN,
  "val_conflict_resistance_corr": NaN,
  "val_ece": 0.08594390749931335,
  "val_hard_negative_drive_mean": 3.467484951019287,
  "val_hard_negative_logit_mean": 3.302381753921509,
  "val_hard_negative_resistance_mean": 0.4804137945175171,
  "val_loss": 1.46286141872406,
  "val_margin_mean": -0.20778663456439972,
  "val_nll": 1.46286141872406,
  "val_positive_drive_mean": 3.178619861602783,
  "val_positive_logit_mean": 3.094594955444336,
  "val_positive_resistance_mean": 0.46840906143188477,
  "val_precision_mean": 0.24237963557243347,
  "val_resistance_noise_corr": NaN,
  "val_resistance_occlusion_corr": NaN,
  "val_sample_uncertainty_mean": NaN,
  "val_support_evidence_corr": NaN,
  "val_update_gate_mean": 0.056838251650333405
}