{
  "batch_size": 16,
  "best_metric": 0.4140844941139221,
  "bits_per_char": 5.293293379110481,
  "char_accuracy": 0.4140844941139221,
  "completed_steps": 50,
  "corruption_resistance_corr": -0.003432988887652755,
  "cuda_available": false,
  "dataset_name": "SyntheticTextEnergyDataset",
  "device": "cpu",
  "early_stop": false,
  "early_stop_step": "",
  "early_stop_triggered": false,
  "final_diagnostics": {
    "attractor_activation_mean": 0.6928471326828003,
    "attractor_activation_std": 0.10152071714401245,
    "attractor_diversity": 0.04557707533240318,
    "drive_mean": -0.056605082005262375,
    "drive_std": 1.1225346326828003,
    "energy_mean": -0.03342059627175331,
    "energy_std": 0.19683034718036652,
    "null_weight_mean": 0.5889105796813965,
    "null_weight_std": 0.4168021082878113,
    "resistance_mean": 1.2588106393814087,
    "resistance_std": 0.37860122323036194,
    "update_gate_mean": 0.05051523447036743,
    "update_gate_std": 0.05393480136990547,
    "update_strength_mean": 0.4085392653942108,
    "update_strength_std": 0.4153915047645569
  },
  "final_metric": 0.4140844941139221,
  "final_train_accuracy": 0.4140844941139221,
  "final_train_loss": 3.6690313816070557,
  "git_commit": "19568db",
  "grad_norm": 1.0154985189437866,
  "hostname": "BMW-Pro.local",
  "learning_rate": 0.001,
  "metrics_json": "{\"best_metric\": 0.4140844941139221, \"bits_per_char\": 5.293293379110481, \"char_accuracy\": 0.4140844941139221, \"completed_steps\": 50, \"corruption_resistance_corr\": -0.003432988887652755, \"early_stop_step\": \"\", \"early_stop_triggered\": false, \"final_diagnostics\": {\"attractor_activation_mean\": 0.6928471326828003, \"attractor_activation_std\": 0.10152071714401245, \"attractor_diversity\": 0.04557707533240318, \"drive_mean\": -0.056605082005262375, \"drive_std\": 1.1225346326828003, \"energy_mean\": -0.03342059627175331, \"energy_std\": 0.19683034718036652, \"null_weight_mean\": 0.5889105796813965, \"null_weight_std\": 0.4168021082878113, \"resistance_mean\": 1.2588106393814087, \"resistance_std\": 0.37860122323036194, \"update_gate_mean\": 0.05051523447036743, \"update_gate_std\": 0.05393480136990547, \"update_strength_mean\": 0.4085392653942108, \"update_strength_std\": 0.4153915047645569}, \"final_metric\": 0.4140844941139221, \"final_train_accuracy\": 0.4140844941139221, \"final_train_loss\": 3.6690313816070557, \"grad_norm\": 1.0154985189437866, \"learning_rate\": 0.001, \"next_token_loss\": 3.6690313816070557, \"peak_memory_mb\": 0.0, \"perplexity\": 39.2139041498791, \"step\": 50, \"step_time_sec\": 0.016165971755981445, \"token_accuracy\": 0.4140844941139221, \"tokens_per_sec\": 21959.706806282724, \"total_train_time_sec\": 1.0551860332489014, \"train_loss\": 3.6690313816070557, \"wall_clock_time_sec\": 1.0526320934295654}",
  "min_delta": 0.0001,
  "mode": "ablation",
  "model_name": "EfficientEMLTextEncoder_window8_thresholded_null",
  "next_token_loss": 3.6690313816070557,
  "num_params": 92950,
  "num_workers": 0,
  "patience": 20,
  "peak_memory_mb": 0.0,
  "perplexity": 39.2139041498791,
  "platform": "macOS-26.0-arm64-arm-64bit",
  "python_version": "3.12.12",
  "reason": "",
  "run_dir": "reports/runs/stabilization_ablation_cpu_20260424_155136/20260424_075205_ablation_text_window8_thresholded_null",
  "run_id": "ablation_text_window8_thresholded_null",
  "seed": 41,
  "seq_len": 48,
  "status": "COMPLETED",
  "step": 50,
  "step_time_sec": 0.016165971755981445,
  "steps": 50,
  "task_name": "text_synthetic",
  "timestamp": "2026-04-24T07:52:06Z",
  "token_accuracy": 0.4140844941139221,
  "tokens_per_sec": 21959.706806282724,
  "torch_version": "2.10.0",
  "torchvision_version": "unavailable",
  "total_train_time_sec": 1.0551860332489014,
  "train_loss": 3.6690313816070557,
  "trainable_params": 92950,
  "wall_clock_time_sec": 1.0526320934295654
}