{
  "backbone_steps": 300,
  "batch_size": 64,
  "best_metric": 0.484375,
  "best_step": 75,
  "clean_accuracy": 0.5013020634651184,
  "clean_brier": 0.7240822911262512,
  "clean_confidence_mean": 0.2580244839191437,
  "clean_ece": 0.24360506236553192,
  "clean_nll": 1.6195850372314453,
  "clean_risk_at_100_coverage": 0.4986979365348816,
  "clean_risk_at_50_coverage": 0.328125,
  "clean_risk_at_70_coverage": 0.4033457040786743,
  "clean_risk_at_80_coverage": 0.4357723593711853,
  "clean_risk_at_90_coverage": 0.46820807456970215,
  "clean_score_name": "one_minus_confidence",
  "clean_selective_aurc": 0.31203213334083557,
  "clean_uncertainty_mean": 0.7419755458831787,
  "clean_vs_noisy_auroc": 0.5960604548454285,
  "clean_vs_occluded_auroc": 0.5285072326660156,
  "condition_metrics_path": "reports/pluggable_primitive_real_20260427/frozen_runs/20260427_041944_uncertainty_cifar10_linear_seed2/uncertainty_eval.pt",
  "cuda_available": true,
  "dataset_name": "cifar10",
  "device": "cuda",
  "early_stop_min_evals": 2,
  "early_stop_patience": 4,
  "early_stop_triggered": true,
  "eval_interval": 25,
  "experiment_type": "frozen_features_uncertainty",
  "feature_dim": 64,
  "final_metric": 0.5013020634651184,
  "final_train_loss": 1.364418625831604,
  "git_commit": "0c0b3db",
  "head_steps": 1200,
  "hostname": "user-NF5468M6",
  "metrics_json": "{\"best_metric\": 0.484375, \"best_step\": 75, \"clean_accuracy\": 0.5013020634651184, \"clean_brier\": 0.7240822911262512, \"clean_confidence_mean\": 0.2580244839191437, \"clean_ece\": 0.24360506236553192, \"clean_nll\": 1.6195850372314453, \"clean_risk_at_100_coverage\": 0.4986979365348816, \"clean_risk_at_50_coverage\": 0.328125, \"clean_risk_at_70_coverage\": 0.4033457040786743, \"clean_risk_at_80_coverage\": 0.4357723593711853, \"clean_risk_at_90_coverage\": 0.46820807456970215, \"clean_score_name\": \"one_minus_confidence\", \"clean_selective_aurc\": 0.31203213334083557, \"clean_uncertainty_mean\": 0.7419755458831787, \"clean_vs_noisy_auroc\": 0.5960604548454285, \"clean_vs_occluded_auroc\": 0.5285072326660156, \"condition_metrics_path\": \"reports/pluggable_primitive_real_20260427/frozen_runs/20260427_041944_uncertainty_cifar10_linear_seed2/uncertainty_eval.pt\", \"early_stop_patience\": 4, \"early_stop_triggered\": true, \"final_metric\": 0.5013020634651184, \"final_train_loss\": 1.364418625831604, \"noisy_accuracy\": 0.373046875, \"noisy_brier\": 0.7773079872131348, \"noisy_confidence_mean\": 0.2346179038286209, \"noisy_ece\": 0.1384289413690567, \"noisy_nll\": 1.7955602407455444, \"noisy_risk_at_100_coverage\": 0.626953125, \"noisy_risk_at_50_coverage\": 0.48046875, \"noisy_risk_at_70_coverage\": 0.546722412109375, \"noisy_risk_at_80_coverage\": 0.5841463804244995, \"noisy_risk_at_90_coverage\": 0.6030368804931641, \"noisy_score_name\": \"one_minus_confidence\", \"noisy_selective_aurc\": 0.4440404772758484, \"noisy_uncertainty_mean\": 0.7653820514678955, \"occluded_accuracy\": 0.4208984375, \"occluded_brier\": 0.7490288019180298, \"occluded_confidence_mean\": 0.25064942240715027, \"occluded_ece\": 0.17024904489517212, \"occluded_nll\": 1.6985381841659546, \"occluded_risk_at_100_coverage\": 0.5791015625, \"occluded_risk_at_50_coverage\": 0.4453125, \"occluded_risk_at_70_coverage\": 0.5118549466133118, \"occluded_risk_at_80_coverage\": 0.5304877758026123, \"occluded_risk_at_90_coverage\": 0.5553145408630371, \"occluded_score_name\": \"one_minus_confidence\", \"occluded_selective_aurc\": 0.42189615964889526, \"occluded_uncertainty_mean\": 0.7493504881858826, \"steps_run\": 175, \"total_train_time_sec\": 1.7012414932250977}",
  "mode": "uncertainty_benchmark",
  "model_class": "LinearHead",
  "model_name": "linear",
  "noisy_accuracy": 0.373046875,
  "noisy_brier": 0.7773079872131348,
  "noisy_confidence_mean": 0.2346179038286209,
  "noisy_ece": 0.1384289413690567,
  "noisy_nll": 1.7955602407455444,
  "noisy_risk_at_100_coverage": 0.626953125,
  "noisy_risk_at_50_coverage": 0.48046875,
  "noisy_risk_at_70_coverage": 0.546722412109375,
  "noisy_risk_at_80_coverage": 0.5841463804244995,
  "noisy_risk_at_90_coverage": 0.6030368804931641,
  "noisy_score_name": "one_minus_confidence",
  "noisy_selective_aurc": 0.4440404772758484,
  "noisy_uncertainty_mean": 0.7653820514678955,
  "num_classes": 10,
  "num_params": 650,
  "num_workers": 0,
  "occluded_accuracy": 0.4208984375,
  "occluded_brier": 0.7490288019180298,
  "occluded_confidence_mean": 0.25064942240715027,
  "occluded_ece": 0.17024904489517212,
  "occluded_nll": 1.6985381841659546,
  "occluded_risk_at_100_coverage": 0.5791015625,
  "occluded_risk_at_50_coverage": 0.4453125,
  "occluded_risk_at_70_coverage": 0.5118549466133118,
  "occluded_risk_at_80_coverage": 0.5304877758026123,
  "occluded_risk_at_90_coverage": 0.5553145408630371,
  "occluded_score_name": "one_minus_confidence",
  "occluded_selective_aurc": 0.42189615964889526,
  "occluded_uncertainty_mean": 0.7493504881858826,
  "platform": "Linux-5.4.0-216-generic-x86_64-with-glibc2.31",
  "python_version": "3.10.20",
  "reason": "",
  "run_dir": "reports/pluggable_primitive_real_20260427/frozen_runs/20260427_041944_uncertainty_cifar10_linear_seed2",
  "run_id": "uncertainty_cifar10_linear_seed2",
  "seed": 2,
  "selected_heads": [
    "linear",
    "mlp",
    "cosine_prototype",
    "eml_no_ambiguity",
    "eml_centered_ambiguity",
    "eml_supervised_resistance",
    "merc_linear",
    "merc_energy"
  ],
  "status": "COMPLETED",
  "steps_run": 175,
  "task_name": "image_uncertainty_selective_classification",
  "test_size": 1024,
  "timestamp": "2026-04-27T04:19:46Z",
  "torch_version": "2.7.1+cu118",
  "torchvision_version": "0.22.1+cu118",
  "total_train_time_sec": 1.7012414932250977,
  "train_size": 4096,
  "trainable_params": 650
}