{
  "best_metric": 0.9931640625,
  "best_step": 425,
  "clean_accuracy": 0.9931640625,
  "clean_aurc": 6.835930980741978e-05,
  "clean_ece": 0.11894835531711578,
  "clean_resistance_noise_corr": -4.108661499913069e-08,
  "clean_resistance_occlusion_corr": NaN,
  "clean_vs_noisy_auroc": 0.9826974868774414,
  "clean_vs_occluded_auroc": 0.6571779251098633,
  "cuda_available": true,
  "dataset_name": "synthetic_shape_uncertainty",
  "device": "cuda",
  "early_stop_triggered": true,
  "final_metric": 0.9931640625,
  "git_commit": "0c0b3db",
  "hostname": "user-NF5468M6",
  "metrics_json": "{\"best_metric\": 0.9931640625, \"best_step\": 425, \"clean_accuracy\": 0.9931640625, \"clean_aurc\": 6.835930980741978e-05, \"clean_ece\": 0.11894835531711578, \"clean_resistance_noise_corr\": -4.108661499913069e-08, \"clean_resistance_occlusion_corr\": NaN, \"clean_vs_noisy_auroc\": 0.9826974868774414, \"clean_vs_occluded_auroc\": 0.6571779251098633, \"early_stop_triggered\": true, \"final_metric\": 0.9931640625, \"noisy_accuracy\": 0.9736328125, \"noisy_aurc\": 0.0007103573298081756, \"noisy_ece\": 0.11559820920228958, \"noisy_resistance_noise_corr\": NaN, \"noisy_resistance_occlusion_corr\": NaN, \"occluded_accuracy\": 0.8828125, \"occluded_aurc\": 0.011791410855948925, \"occluded_ece\": 0.08657978475093842, \"occluded_resistance_noise_corr\": 9.281183110942948e-08, \"occluded_resistance_occlusion_corr\": 0.5694811344146729, \"steps_run\": 525, \"total_train_time_sec\": 51.89761972427368}",
  "mode": "medium",
  "model_name": "cnn_eml_supervised_resistance",
  "noisy_accuracy": 0.9736328125,
  "noisy_aurc": 0.0007103573298081756,
  "noisy_ece": 0.11559820920228958,
  "noisy_resistance_noise_corr": NaN,
  "noisy_resistance_occlusion_corr": NaN,
  "occluded_accuracy": 0.8828125,
  "occluded_aurc": 0.011791410855948925,
  "occluded_ece": 0.08657978475093842,
  "occluded_resistance_noise_corr": 9.281183110942948e-08,
  "occluded_resistance_occlusion_corr": 0.5694811344146729,
  "platform": "Linux-5.4.0-216-generic-x86_64-with-glibc2.31",
  "python_version": "3.10.20",
  "reason": "",
  "run_dir": "reports/pluggable_primitive_real_20260427/end_to_end_runs/20260427_050418_uncertainty_e2e_synthetic_shape_uncertainty_cnn_eml_supervised_resistance_seed2",
  "run_id": "uncertainty_e2e_synthetic_shape_uncertainty_cnn_eml_supervised_resistance_seed2",
  "seed": 2,
  "status": "COMPLETED",
  "steps_run": 525,
  "task_name": "end_to_end_uncertainty",
  "timestamp": "2026-04-27T05:05:10Z",
  "torch_version": "2.7.1+cu118",
  "torchvision_version": "0.22.1+cu118",
  "total_train_time_sec": 51.89761972427368
}