{
  "batch_size": 64,
  "best_metric": 0.43359375,
  "best_step": 200,
  "best_val_accuracy": 0.43359375,
  "cuda_available": true,
  "dataset_name": "cifar10",
  "device": "cuda",
  "experiment_type": "end_to_end",
  "feature_dim": 64,
  "final_metric": 0.396484375,
  "final_train_accuracy": 0.40625,
  "final_train_loss": 1.5829960107803345,
  "git_commit": "unknown",
  "head_name": "eml_centered_ambiguity",
  "hostname": "user-NF5468M6",
  "loss_mode": "ce",
  "lr": 0.001,
  "metrics_json": "{\"best_metric\": 0.43359375, \"best_step\": 200, \"best_val_accuracy\": 0.43359375, \"final_metric\": 0.396484375, \"final_train_accuracy\": 0.40625, \"final_train_loss\": 1.5829960107803345, \"test_accuracy\": 0.396484375, \"test_ambiguity_mean\": 1.0367813110351562, \"test_brier\": 0.7343800663948059, \"test_class_resistance_mean\": 0.20043861865997314, \"test_ece\": 0.029463665559887886, \"test_hard_negative_drive_mean\": 6.454087257385254, \"test_hard_negative_logit_mean\": 2.2330050468444824, \"test_hard_negative_resistance_mean\": 0.8738173842430115, \"test_loss\": 1.639294981956482, \"test_margin_mean\": -0.5054511427879333, \"test_nll\": 1.639294981956482, \"test_positive_drive_mean\": 5.0248894691467285, \"test_positive_logit_mean\": 1.7275538444519043, \"test_positive_resistance_mean\": 0.9715255498886108, \"test_resistance_noise_corr\": NaN, \"test_resistance_occlusion_corr\": NaN, \"test_sample_uncertainty_mean\": 0.00047112046740949154, \"total_train_time_sec\": 11.224224090576172, \"val_accuracy\": 0.42578125, \"val_ambiguity_mean\": 1.0216867923736572, \"val_brier\": 0.7195113301277161, \"val_class_resistance_mean\": 0.20043861865997314, \"val_ece\": 0.06838756054639816, \"val_hard_negative_drive_mean\": 6.351705551147461, \"val_hard_negative_logit_mean\": 2.2020974159240723, \"val_hard_negative_resistance_mean\": 0.8987309336662292, \"val_loss\": 1.627883791923523, \"val_margin_mean\": -0.44499093294143677, \"val_nll\": 1.627883791923523, \"val_positive_drive_mean\": 4.98668098449707, \"val_positive_logit_mean\": 1.7571066617965698, \"val_positive_resistance_mean\": 0.9282082319259644, \"val_resistance_noise_corr\": NaN, \"val_resistance_occlusion_corr\": NaN, \"val_sample_uncertainty_mean\": 0.0004585476708598435}",
  "mode": "head_ablation",
  "model_class": "CNNHeadModel",
  "model_name": "eml_centered_ambiguity",
  "num_classes": 10,
  "num_params": 167233,
  "pairwise_margin": 0.0,
  "pairwise_weight": 0.0,
  "platform": "Linux-5.4.0-216-generic-x86_64-with-glibc2.31",
  "python_version": "3.10.20",
  "reason": "",
  "run_dir": "reports/real_cifar_20260424_165937/runs/20260424_090414_e2e_cifar10_eml_centered_ambiguity_ce_seed1",
  "run_id": "e2e_cifar10_eml_centered_ambiguity_ce_seed1",
  "seed": 1,
  "status": "COMPLETED",
  "steps": 300,
  "task_name": "image_classification",
  "test_accuracy": 0.396484375,
  "test_ambiguity_mean": 1.0367813110351562,
  "test_brier": 0.7343800663948059,
  "test_class_resistance_mean": 0.20043861865997314,
  "test_ece": 0.029463665559887886,
  "test_hard_negative_drive_mean": 6.454087257385254,
  "test_hard_negative_logit_mean": 2.2330050468444824,
  "test_hard_negative_resistance_mean": 0.8738173842430115,
  "test_loss": 1.639294981956482,
  "test_margin_mean": -0.5054511427879333,
  "test_nll": 1.639294981956482,
  "test_positive_drive_mean": 5.0248894691467285,
  "test_positive_logit_mean": 1.7275538444519043,
  "test_positive_resistance_mean": 0.9715255498886108,
  "test_resistance_noise_corr": NaN,
  "test_resistance_occlusion_corr": NaN,
  "test_sample_uncertainty_mean": 0.00047112046740949154,
  "timestamp": "2026-04-24T09:04:25Z",
  "torch_version": "2.7.1+cu118",
  "torchvision_version": "0.22.1+cu118",
  "total_train_time_sec": 11.224224090576172,
  "trainable_params": 167233,
  "use_eml_residual_bank": false,
  "val_accuracy": 0.42578125,
  "val_ambiguity_mean": 1.0216867923736572,
  "val_brier": 0.7195113301277161,
  "val_class_resistance_mean": 0.20043861865997314,
  "val_ece": 0.06838756054639816,
  "val_hard_negative_drive_mean": 6.351705551147461,
  "val_hard_negative_logit_mean": 2.2020974159240723,
  "val_hard_negative_resistance_mean": 0.8987309336662292,
  "val_loss": 1.627883791923523,
  "val_margin_mean": -0.44499093294143677,
  "val_nll": 1.627883791923523,
  "val_positive_drive_mean": 4.98668098449707,
  "val_positive_logit_mean": 1.7571066617965698,
  "val_positive_resistance_mean": 0.9282082319259644,
  "val_resistance_noise_corr": NaN,
  "val_resistance_occlusion_corr": NaN,
  "val_sample_uncertainty_mean": 0.0004585476708598435
}