{
  "backbone_steps": 300,
  "batch_size": 64,
  "best_metric": 0.43359375,
  "best_step": 100,
  "clean_accuracy": 0.3841145932674408,
  "clean_brier": 0.7195864319801331,
  "clean_confidence_mean": 0.3120990991592407,
  "clean_ece": 0.07292195409536362,
  "clean_nll": 1.620965838432312,
  "clean_positive_resistance_mean": 1.6631031036376953,
  "clean_resistance_noise_corr": NaN,
  "clean_resistance_occlusion_corr": NaN,
  "clean_risk_at_100_coverage": 0.6158853769302368,
  "clean_risk_at_50_coverage": 0.5807291269302368,
  "clean_risk_at_70_coverage": 0.5724906921386719,
  "clean_risk_at_80_coverage": 0.5837398767471313,
  "clean_risk_at_90_coverage": 0.5997109413146973,
  "clean_score_name": "positive_resistance",
  "clean_selective_aurc": 0.5815441608428955,
  "clean_uncertainty_mean": 1.6631031036376953,
  "clean_vs_noisy_auroc": 0.5533332824707031,
  "clean_vs_occluded_auroc": 0.49569448828697205,
  "condition_metrics_path": "reports/pluggable_uncertainty_real_20260427/runs/20260427_033134_uncertainty_cifar10_eml_no_ambiguity_seed2/uncertainty_eval.pt",
  "cuda_available": true,
  "dataset_name": "cifar10",
  "device": "cuda",
  "early_stop_min_evals": 2,
  "early_stop_patience": 4,
  "early_stop_triggered": true,
  "eval_interval": 25,
  "experiment_type": "frozen_features_uncertainty",
  "feature_dim": 64,
  "final_metric": 0.3841145932674408,
  "final_train_loss": 1.7779150009155273,
  "git_commit": "0c0b3db",
  "head_steps": 1200,
  "hostname": "user-NF5468M6",
  "metrics_json": "{\"best_metric\": 0.43359375, \"best_step\": 100, \"clean_accuracy\": 0.3841145932674408, \"clean_brier\": 0.7195864319801331, \"clean_confidence_mean\": 0.3120990991592407, \"clean_ece\": 0.07292195409536362, \"clean_nll\": 1.620965838432312, \"clean_positive_resistance_mean\": 1.6631031036376953, \"clean_resistance_noise_corr\": NaN, \"clean_resistance_occlusion_corr\": NaN, \"clean_risk_at_100_coverage\": 0.6158853769302368, \"clean_risk_at_50_coverage\": 0.5807291269302368, \"clean_risk_at_70_coverage\": 0.5724906921386719, \"clean_risk_at_80_coverage\": 0.5837398767471313, \"clean_risk_at_90_coverage\": 0.5997109413146973, \"clean_score_name\": \"positive_resistance\", \"clean_selective_aurc\": 0.5815441608428955, \"clean_uncertainty_mean\": 1.6631031036376953, \"clean_vs_noisy_auroc\": 0.5533332824707031, \"clean_vs_occluded_auroc\": 0.49569448828697205, \"condition_metrics_path\": \"reports/pluggable_uncertainty_real_20260427/runs/20260427_033134_uncertainty_cifar10_eml_no_ambiguity_seed2/uncertainty_eval.pt\", \"early_stop_patience\": 4, \"early_stop_triggered\": true, \"final_metric\": 0.3841145932674408, \"final_train_loss\": 1.7779150009155273, \"noisy_accuracy\": 0.3193359375, \"noisy_brier\": 0.7745431661605835, \"noisy_confidence_mean\": 0.2999314069747925, \"noisy_ece\": 0.03731559216976166, \"noisy_nll\": 1.8060535192489624, \"noisy_positive_resistance_mean\": 1.8044097423553467, \"noisy_resistance_noise_corr\": NaN, \"noisy_resistance_occlusion_corr\": NaN, \"noisy_risk_at_100_coverage\": 0.6806640625, \"noisy_risk_at_50_coverage\": 0.623046875, \"noisy_risk_at_70_coverage\": 0.6485356092453003, \"noisy_risk_at_80_coverage\": 0.6634145975112915, \"noisy_risk_at_90_coverage\": 0.6746203899383545, \"noisy_score_name\": \"positive_resistance\", \"noisy_selective_aurc\": 0.6064423322677612, \"noisy_uncertainty_mean\": 1.8044097423553467, \"occluded_accuracy\": 0.34765625, \"occluded_brier\": 0.7486090660095215, \"occluded_confidence_mean\": 0.31296393275260925, \"occluded_ece\": 0.03580080717802048, \"occluded_nll\": 1.7199302911758423, \"occluded_positive_resistance_mean\": 1.6526497602462769, \"occluded_resistance_noise_corr\": NaN, \"occluded_resistance_occlusion_corr\": NaN, \"occluded_risk_at_100_coverage\": 0.65234375, \"occluded_risk_at_50_coverage\": 0.62890625, \"occluded_risk_at_70_coverage\": 0.633193850517273, \"occluded_risk_at_80_coverage\": 0.6390243768692017, \"occluded_risk_at_90_coverage\": 0.6485900282859802, \"occluded_score_name\": \"positive_resistance\", \"occluded_selective_aurc\": 0.6218908429145813, \"occluded_uncertainty_mean\": 1.6526497602462769, \"pooled_resistance_noise_corr\": 0.08850236982107162, \"pooled_resistance_occlusion_corr\": -0.05480320751667023, \"steps_run\": 200, \"total_train_time_sec\": 10.057693004608154}",
  "mode": "uncertainty_benchmark",
  "model_class": "EMLPrototypeHeadNoAmbiguity",
  "model_name": "eml_no_ambiguity",
  "noisy_accuracy": 0.3193359375,
  "noisy_brier": 0.7745431661605835,
  "noisy_confidence_mean": 0.2999314069747925,
  "noisy_ece": 0.03731559216976166,
  "noisy_nll": 1.8060535192489624,
  "noisy_positive_resistance_mean": 1.8044097423553467,
  "noisy_resistance_noise_corr": NaN,
  "noisy_resistance_occlusion_corr": NaN,
  "noisy_risk_at_100_coverage": 0.6806640625,
  "noisy_risk_at_50_coverage": 0.623046875,
  "noisy_risk_at_70_coverage": 0.6485356092453003,
  "noisy_risk_at_80_coverage": 0.6634145975112915,
  "noisy_risk_at_90_coverage": 0.6746203899383545,
  "noisy_score_name": "positive_resistance",
  "noisy_selective_aurc": 0.6064423322677612,
  "noisy_uncertainty_mean": 1.8044097423553467,
  "num_classes": 10,
  "num_params": 18977,
  "num_workers": 0,
  "occluded_accuracy": 0.34765625,
  "occluded_brier": 0.7486090660095215,
  "occluded_confidence_mean": 0.31296393275260925,
  "occluded_ece": 0.03580080717802048,
  "occluded_nll": 1.7199302911758423,
  "occluded_positive_resistance_mean": 1.6526497602462769,
  "occluded_resistance_noise_corr": NaN,
  "occluded_resistance_occlusion_corr": NaN,
  "occluded_risk_at_100_coverage": 0.65234375,
  "occluded_risk_at_50_coverage": 0.62890625,
  "occluded_risk_at_70_coverage": 0.633193850517273,
  "occluded_risk_at_80_coverage": 0.6390243768692017,
  "occluded_risk_at_90_coverage": 0.6485900282859802,
  "occluded_score_name": "positive_resistance",
  "occluded_selective_aurc": 0.6218908429145813,
  "occluded_uncertainty_mean": 1.6526497602462769,
  "platform": "Linux-5.4.0-216-generic-x86_64-with-glibc2.31",
  "pooled_resistance_noise_corr": 0.08850236982107162,
  "pooled_resistance_occlusion_corr": -0.05480320751667023,
  "python_version": "3.10.20",
  "reason": "",
  "run_dir": "reports/pluggable_uncertainty_real_20260427/runs/20260427_033134_uncertainty_cifar10_eml_no_ambiguity_seed2",
  "run_id": "uncertainty_cifar10_eml_no_ambiguity_seed2",
  "seed": 2,
  "selected_heads": [
    "linear",
    "mlp",
    "cosine_prototype",
    "eml_no_ambiguity",
    "eml_centered_ambiguity",
    "eml_supervised_resistance",
    "merc_linear",
    "merc_energy"
  ],
  "status": "COMPLETED",
  "steps_run": 200,
  "task_name": "image_uncertainty_selective_classification",
  "test_size": 1024,
  "timestamp": "2026-04-27T03:31:44Z",
  "torch_version": "2.7.1+cu118",
  "torchvision_version": "0.22.1+cu118",
  "total_train_time_sec": 10.057693004608154,
  "train_size": 4096,
  "trainable_params": 18977
}