{
  "batch_size": 64,
  "best_metric": 0.375,
  "best_step": 200,
  "best_val_accuracy": 0.375,
  "cuda_available": true,
  "dataset_name": "cifar10",
  "device": "cuda",
  "experiment_type": "frozen_features",
  "feature_dim": 64,
  "features_dir": "reports/head_ablation/features/cifar10_medium_seed0",
  "final_metric": 0.400390625,
  "final_train_accuracy": 0.375,
  "final_train_loss": 1.6411478519439697,
  "git_commit": "unknown",
  "hostname": "user-NF5468M6",
  "lr": 0.001,
  "metrics_json": "{\"best_metric\": 0.375, \"best_step\": 200, \"best_val_accuracy\": 0.375, \"final_metric\": 0.400390625, \"final_train_accuracy\": 0.375, \"final_train_loss\": 1.6411478519439697, \"test_accuracy\": 0.400390625, \"test_ambiguity_mean\": 2.548607587814331, \"test_brier\": 0.7416855692863464, \"test_class_resistance_mean\": 0.19921843707561493, \"test_ece\": 0.07266826182603836, \"test_hard_negative_drive_mean\": 6.5013427734375, \"test_hard_negative_logit_mean\": 1.9732006788253784, \"test_hard_negative_resistance_mean\": 2.5538926124572754, \"test_loss\": 1.6840763092041016, \"test_margin_mean\": -0.43500736355781555, \"test_nll\": 1.6840763092041016, \"test_positive_drive_mean\": 4.99102783203125, \"test_positive_logit_mean\": 1.5381934642791748, \"test_positive_resistance_mean\": 2.5724828243255615, \"test_resistance_noise_corr\": NaN, \"test_resistance_occlusion_corr\": NaN, \"test_sample_uncertainty_mean\": 0.0004384183557704091, \"total_train_time_sec\": 2.916092872619629, \"val_accuracy\": 0.375, \"val_ambiguity_mean\": 2.553354263305664, \"val_brier\": 0.748916506767273, \"val_class_resistance_mean\": 0.19921843707561493, \"val_ece\": 0.047464873641729355, \"val_hard_negative_drive_mean\": 6.519277095794678, \"val_hard_negative_logit_mean\": 1.9795010089874268, \"val_hard_negative_resistance_mean\": 2.552644729614258, \"val_loss\": 1.6929470300674438, \"val_margin_mean\": -0.4541051387786865, \"val_nll\": 1.6929470300674438, \"val_positive_drive_mean\": 4.998132705688477, \"val_positive_logit_mean\": 1.5253958702087402, \"val_positive_resistance_mean\": 2.572695255279541, \"val_resistance_noise_corr\": NaN, \"val_resistance_occlusion_corr\": NaN, \"val_sample_uncertainty_mean\": 0.00043765566078945994}",
  "mode": "head_ablation",
  "model_class": "EMLPrototypeHeadRawAmbiguity",
  "model_name": "eml_raw_ambiguity",
  "num_classes": 10,
  "num_params": 18977,
  "pairwise_margin": 0.0,
  "pairwise_weight": 0.0,
  "platform": "Linux-5.4.0-216-generic-x86_64-with-glibc2.31",
  "python_version": "3.10.20",
  "reason": "",
  "run_dir": "reports/head_ablation/runs/20260424_082647_frozen_cifar10_eml_raw_ambiguity_seed0",
  "run_id": "frozen_cifar10_eml_raw_ambiguity_seed0",
  "seed": 0,
  "status": "COMPLETED",
  "steps": 200,
  "task_name": "image_classification",
  "test_accuracy": 0.400390625,
  "test_ambiguity_mean": 2.548607587814331,
  "test_brier": 0.7416855692863464,
  "test_class_resistance_mean": 0.19921843707561493,
  "test_ece": 0.07266826182603836,
  "test_hard_negative_drive_mean": 6.5013427734375,
  "test_hard_negative_logit_mean": 1.9732006788253784,
  "test_hard_negative_resistance_mean": 2.5538926124572754,
  "test_loss": 1.6840763092041016,
  "test_margin_mean": -0.43500736355781555,
  "test_nll": 1.6840763092041016,
  "test_positive_drive_mean": 4.99102783203125,
  "test_positive_logit_mean": 1.5381934642791748,
  "test_positive_resistance_mean": 2.5724828243255615,
  "test_resistance_noise_corr": NaN,
  "test_resistance_occlusion_corr": NaN,
  "test_sample_uncertainty_mean": 0.0004384183557704091,
  "timestamp": "2026-04-24T08:26:50Z",
  "torch_version": "2.7.1+cu118",
  "torchvision_version": "0.22.1+cu118",
  "total_train_time_sec": 2.916092872619629,
  "trainable_params": 18977,
  "val_accuracy": 0.375,
  "val_ambiguity_mean": 2.553354263305664,
  "val_brier": 0.748916506767273,
  "val_class_resistance_mean": 0.19921843707561493,
  "val_ece": 0.047464873641729355,
  "val_hard_negative_drive_mean": 6.519277095794678,
  "val_hard_negative_logit_mean": 1.9795010089874268,
  "val_hard_negative_resistance_mean": 2.552644729614258,
  "val_loss": 1.6929470300674438,
  "val_margin_mean": -0.4541051387786865,
  "val_nll": 1.6929470300674438,
  "val_positive_drive_mean": 4.998132705688477,
  "val_positive_logit_mean": 1.5253958702087402,
  "val_positive_resistance_mean": 2.572695255279541,
  "val_resistance_noise_corr": NaN,
  "val_resistance_occlusion_corr": NaN,
  "val_sample_uncertainty_mean": 0.00043765566078945994
}