{
  "batch_size": 32,
  "best_metric": 0.99609375,
  "best_step": 100,
  "best_val_accuracy": 0.99609375,
  "cuda_available": true,
  "dataset_name": "synthetic_evidence",
  "device": "cuda",
  "early_stop_triggered": false,
  "experiment_type": "frozen_features",
  "feature_dim": 64,
  "features_dir": "reports/head_ablation/features/synthetic_evidence_medium_seed2",
  "final_metric": 0.9921875,
  "final_train_accuracy": 1.0,
  "final_train_loss": 0.05100562050938606,
  "git_commit": "unknown",
  "hostname": "user-NF5468M6",
  "lr": 0.001,
  "metrics_json": "{\"best_metric\": 0.99609375, \"best_step\": 100, \"best_val_accuracy\": 0.99609375, \"early_stop_triggered\": false, \"final_metric\": 0.9921875, \"final_train_accuracy\": 1.0, \"final_train_loss\": 0.05100562050938606, \"steps_run\": 300, \"test_accuracy\": 0.9921875, \"test_ambiguity_mean\": 0.0, \"test_brier\": 0.017803756520152092, \"test_class_resistance_mean\": 0.20423437654972076, \"test_conflict_resistance_corr\": NaN, \"test_ece\": 0.05067536234855652, \"test_hard_negative_drive_mean\": -11.529065132141113, \"test_hard_negative_logit_mean\": -0.29698672890663147, \"test_hard_negative_resistance_mean\": 2.044034242630005, \"test_loss\": 0.0697898417711258, \"test_margin_mean\": 2.889554977416992, \"test_nll\": 0.0697898417711258, \"test_positive_drive_mean\": 14.997637748718262, \"test_positive_logit_mean\": 2.5925683975219727, \"test_positive_resistance_mean\": 1.9870696067810059, \"test_precision_mean\": NaN, \"test_resistance_noise_corr\": 0.004373484756797552, \"test_resistance_occlusion_corr\": -0.013483205810189247, \"test_sample_uncertainty_mean\": 1.8113174438476562, \"test_support_evidence_corr\": NaN, \"test_update_gate_mean\": NaN, \"total_train_time_sec\": 6.862867116928101, \"val_accuracy\": 0.99609375, \"val_ambiguity_mean\": 0.0, \"val_brier\": 0.012298274785280228, \"val_class_resistance_mean\": 0.20423437654972076, \"val_conflict_resistance_corr\": NaN, \"val_ece\": 0.04802362993359566, \"val_hard_negative_drive_mean\": -11.346811294555664, \"val_hard_negative_logit_mean\": -0.3057270050048828, \"val_hard_negative_resistance_mean\": 2.4070630073547363, \"val_loss\": 0.06366406381130219, \"val_margin_mean\": 2.8951563835144043, \"val_nll\": 0.06366406381130219, \"val_positive_drive_mean\": 14.818589210510254, \"val_positive_logit_mean\": 2.5894293785095215, \"val_positive_resistance_mean\": 2.3525123596191406, \"val_precision_mean\": NaN, \"val_resistance_noise_corr\": -0.0055360374972224236, \"val_resistance_occlusion_corr\": -0.06939593702554703, \"val_sample_uncertainty_mean\": 2.175553321838379, \"val_support_evidence_corr\": NaN, \"val_update_gate_mean\": NaN}",
  "mode": "head_ablation",
  "model_class": "EMLPrototypeHeadNoAmbiguity",
  "model_name": "eml_no_ambiguity",
  "num_classes": 2,
  "num_params": 17417,
  "pairwise_margin": 0.0,
  "pairwise_weight": 0.0,
  "platform": "Linux-5.4.0-216-generic-x86_64-with-glibc2.31",
  "python_version": "3.10.20",
  "reason": "",
  "run_dir": "reports/merc_synthetic_evidence/runs/20260425_031652_frozen_synthetic_evidence_eml_no_ambiguity_seed2",
  "run_id": "frozen_synthetic_evidence_eml_no_ambiguity_seed2",
  "seed": 2,
  "status": "COMPLETED",
  "steps": 300,
  "steps_run": 300,
  "task_name": "image_classification",
  "test_accuracy": 0.9921875,
  "test_ambiguity_mean": 0.0,
  "test_brier": 0.017803756520152092,
  "test_class_resistance_mean": 0.20423437654972076,
  "test_conflict_resistance_corr": NaN,
  "test_ece": 0.05067536234855652,
  "test_hard_negative_drive_mean": -11.529065132141113,
  "test_hard_negative_logit_mean": -0.29698672890663147,
  "test_hard_negative_resistance_mean": 2.044034242630005,
  "test_loss": 0.0697898417711258,
  "test_margin_mean": 2.889554977416992,
  "test_nll": 0.0697898417711258,
  "test_positive_drive_mean": 14.997637748718262,
  "test_positive_logit_mean": 2.5925683975219727,
  "test_positive_resistance_mean": 1.9870696067810059,
  "test_precision_mean": NaN,
  "test_resistance_noise_corr": 0.004373484756797552,
  "test_resistance_occlusion_corr": -0.013483205810189247,
  "test_sample_uncertainty_mean": 1.8113174438476562,
  "test_support_evidence_corr": NaN,
  "test_update_gate_mean": NaN,
  "timestamp": "2026-04-25T03:16:59Z",
  "torch_version": "2.7.1+cu118",
  "torchvision_version": "0.22.1+cu118",
  "total_train_time_sec": 6.862867116928101,
  "trainable_params": 17417,
  "val_accuracy": 0.99609375,
  "val_ambiguity_mean": 0.0,
  "val_brier": 0.012298274785280228,
  "val_class_resistance_mean": 0.20423437654972076,
  "val_conflict_resistance_corr": NaN,
  "val_ece": 0.04802362993359566,
  "val_hard_negative_drive_mean": -11.346811294555664,
  "val_hard_negative_logit_mean": -0.3057270050048828,
  "val_hard_negative_resistance_mean": 2.4070630073547363,
  "val_loss": 0.06366406381130219,
  "val_margin_mean": 2.8951563835144043,
  "val_nll": 0.06366406381130219,
  "val_positive_drive_mean": 14.818589210510254,
  "val_positive_logit_mean": 2.5894293785095215,
  "val_positive_resistance_mean": 2.3525123596191406,
  "val_precision_mean": NaN,
  "val_resistance_noise_corr": -0.0055360374972224236,
  "val_resistance_occlusion_corr": -0.06939593702554703,
  "val_sample_uncertainty_mean": 2.175553321838379,
  "val_support_evidence_corr": NaN,
  "val_update_gate_mean": NaN
}