{
  "ambiguity_weight": NaN,
  "attractor_entropy_weight": NaN,
  "batch_size": 8,
  "best_metric": 0.375,
  "completed_steps": 4,
  "cuda_available": false,
  "dataset_name": "SyntheticShapeEnergyDataset",
  "device": "cpu",
  "early_stop": false,
  "early_stop_step": "",
  "early_stop_triggered": false,
  "examples_per_sec": 328.1895912598664,
  "final_diagnostics": {
    "ambiguity_mean": 2.1434197425842285,
    "ambiguity_std": 0.6162497997283936,
    "ambiguity_weight_mean": 0.0,
    "ambiguity_weight_std": 0.0,
    "attractor_activation_mean": 0.9337975382804871,
    "attractor_activation_std": 6.0321173805277795e-05,
    "attractor_diversity": 0.018793588504195213,
    "drive_mean": 0.014334254898130894,
    "drive_std": 0.05255597457289696,
    "energy_mean": -0.23535248637199402,
    "energy_std": 0.028399277478456497,
    "null_weight_mean": 0.15973572432994843,
    "null_weight_std": 0.0455072820186615,
    "prototype_diversity_penalty_mean": 0.0529998317360878,
    "prototype_diversity_penalty_std": 0.0,
    "resistance_mean": 1.3615450859069824,
    "resistance_std": 0.11831443011760712,
    "sample_uncertainty_mean": 0.693211019039154,
    "sample_uncertainty_std": 0.0,
    "update_gate_mean": 0.09137880802154541,
    "update_gate_std": 0.004592140670865774,
    "update_strength_mean": 0.8547187447547913,
    "update_strength_std": 0.0382268950343132
  },
  "final_metric": 0.25,
  "final_train_accuracy": 0.25,
  "final_train_loss": 1.6123123168945312,
  "git_commit": "9ce7b7d",
  "grad_norm": 1.4878312349319458,
  "hostname": "Mac-mini.local",
  "learning_rate": 0.001,
  "metrics_json": "{\"ambiguity_weight\": NaN, \"attractor_entropy_weight\": NaN, \"best_metric\": 0.375, \"completed_steps\": 4, \"early_stop_step\": \"\", \"early_stop_triggered\": false, \"examples_per_sec\": 328.1895912598664, \"final_diagnostics\": {\"ambiguity_mean\": 2.1434197425842285, \"ambiguity_std\": 0.6162497997283936, \"ambiguity_weight_mean\": 0.0, \"ambiguity_weight_std\": 0.0, \"attractor_activation_mean\": 0.9337975382804871, \"attractor_activation_std\": 6.0321173805277795e-05, \"attractor_diversity\": 0.018793588504195213, \"drive_mean\": 0.014334254898130894, \"drive_std\": 0.05255597457289696, \"energy_mean\": -0.23535248637199402, \"energy_std\": 0.028399277478456497, \"null_weight_mean\": 0.15973572432994843, \"null_weight_std\": 0.0455072820186615, \"prototype_diversity_penalty_mean\": 0.0529998317360878, \"prototype_diversity_penalty_std\": 0.0, \"resistance_mean\": 1.3615450859069824, \"resistance_std\": 0.11831443011760712, \"sample_uncertainty_mean\": 0.693211019039154, \"sample_uncertainty_std\": 0.0, \"update_gate_mean\": 0.09137880802154541, \"update_gate_std\": 0.004592140670865774, \"update_strength_mean\": 0.8547187447547913, \"update_strength_std\": 0.0382268950343132}, \"final_metric\": 0.25, \"final_train_accuracy\": 0.25, \"final_train_loss\": 1.6123123168945312, \"grad_norm\": 1.4878312349319458, \"learning_rate\": 0.001, \"null_threshold\": NaN, \"peak_memory_mb\": 0.0, \"precision_update_threshold\": NaN, \"resistance_noise_corr\": NaN, \"resistance_occlusion_corr\": NaN, \"responsibility_temperature\": NaN, \"step\": 4, \"step_time_sec\": 0.02437615394592285, \"top1_accuracy\": 0.25, \"top5_accuracy\": 1.0, \"total_train_time_sec\": 0.11406993865966797, \"train_accuracy\": 0.25, \"train_loss\": 1.6123123168945312, \"wall_clock_time_sec\": 0.11311793327331543, \"warmup_eta\": 1.0}",
  "min_delta": 0.0001,
  "mode": "smoke",
  "model_name": "EfficientEMLImageClassifier_head_without_ambiguity",
  "null_threshold": NaN,
  "num_params": 115573,
  "num_workers": 0,
  "patience": 20,
  "peak_memory_mb": 0.0,
  "platform": "macOS-15.1-arm64-arm-64bit",
  "precision_update_threshold": NaN,
  "python_version": "3.12.7",
  "reason": "",
  "resistance_noise_corr": NaN,
  "resistance_occlusion_corr": NaN,
  "responsibility_temperature": NaN,
  "run_dir": "reports/image_representation_ablation/runs/20260505_123523_head_without_ambiguity_seed0",
  "run_id": "head_without_ambiguity_seed0",
  "seed": 0,
  "status": "COMPLETED",
  "step": 4,
  "step_time_sec": 0.02437615394592285,
  "steps": 4,
  "task_name": "image_synthetic",
  "timestamp": "2026-05-05T12:35:23Z",
  "top1_accuracy": 0.25,
  "top5_accuracy": 1.0,
  "torch_version": "2.10.0",
  "torchvision_version": "0.25.0",
  "total_train_time_sec": 0.11406993865966797,
  "train_accuracy": 0.25,
  "train_loss": 1.6123123168945312,
  "trainable_params": 115573,
  "wall_clock_time_sec": 0.11311793327331543,
  "warmup_enabled": true,
  "warmup_eta": 1.0
}