{
  "backbone_steps": 300,
  "batch_size": 64,
  "best_metric": 0.9765625,
  "best_step": 200,
  "clean_accuracy": 0.98828125,
  "clean_brier": 0.020922323688864708,
  "clean_confidence_mean": 0.9380890727043152,
  "clean_ece": 0.054862674325704575,
  "clean_nll": 0.08388292789459229,
  "clean_risk_at_100_coverage": 0.01171875,
  "clean_risk_at_50_coverage": 0.0,
  "clean_risk_at_70_coverage": 0.0,
  "clean_risk_at_80_coverage": 0.0,
  "clean_risk_at_90_coverage": 0.0014451146125793457,
  "clean_score_name": "one_minus_confidence",
  "clean_selective_aurc": 0.00033898584661073983,
  "clean_uncertainty_mean": 0.06191088259220123,
  "clean_vs_noisy_auroc": 0.5938937067985535,
  "clean_vs_occluded_auroc": 0.6289939880371094,
  "condition_metrics_path": "reports/pluggable_primitive_real_20260427/frozen_runs/20260427_041218_uncertainty_synthetic_shape_linear_seed1/uncertainty_eval.pt",
  "cuda_available": true,
  "dataset_name": "synthetic_shape",
  "device": "cuda",
  "early_stop_min_evals": 2,
  "early_stop_patience": 4,
  "early_stop_triggered": true,
  "eval_interval": 25,
  "experiment_type": "frozen_features_uncertainty",
  "feature_dim": 64,
  "final_metric": 0.98828125,
  "final_train_loss": 0.11398681253194809,
  "git_commit": "0c0b3db",
  "head_steps": 1200,
  "hostname": "user-NF5468M6",
  "metrics_json": "{\"best_metric\": 0.9765625, \"best_step\": 200, \"clean_accuracy\": 0.98828125, \"clean_brier\": 0.020922323688864708, \"clean_confidence_mean\": 0.9380890727043152, \"clean_ece\": 0.054862674325704575, \"clean_nll\": 0.08388292789459229, \"clean_risk_at_100_coverage\": 0.01171875, \"clean_risk_at_50_coverage\": 0.0, \"clean_risk_at_70_coverage\": 0.0, \"clean_risk_at_80_coverage\": 0.0, \"clean_risk_at_90_coverage\": 0.0014451146125793457, \"clean_score_name\": \"one_minus_confidence\", \"clean_selective_aurc\": 0.00033898584661073983, \"clean_uncertainty_mean\": 0.06191088259220123, \"clean_vs_noisy_auroc\": 0.5938937067985535, \"clean_vs_occluded_auroc\": 0.6289939880371094, \"condition_metrics_path\": \"reports/pluggable_primitive_real_20260427/frozen_runs/20260427_041218_uncertainty_synthetic_shape_linear_seed1/uncertainty_eval.pt\", \"early_stop_patience\": 4, \"early_stop_triggered\": true, \"final_metric\": 0.98828125, \"final_train_loss\": 0.11398681253194809, \"noisy_accuracy\": 0.98046875, \"noisy_brier\": 0.03605775907635689, \"noisy_confidence_mean\": 0.9239645600318909, \"noisy_ece\": 0.06000340357422829, \"noisy_nll\": 0.1149463951587677, \"noisy_risk_at_100_coverage\": 0.01953125, \"noisy_risk_at_50_coverage\": 0.001953125, \"noisy_risk_at_70_coverage\": 0.0013946890830993652, \"noisy_risk_at_80_coverage\": 0.0012195110321044922, \"noisy_risk_at_90_coverage\": 0.002169191837310791, \"noisy_score_name\": \"one_minus_confidence\", \"noisy_selective_aurc\": 0.0019625164568424225, \"noisy_uncertainty_mean\": 0.07603543251752853, \"occluded_accuracy\": 0.8984375, \"occluded_brier\": 0.13274738192558289, \"occluded_confidence_mean\": 0.8635959029197693, \"occluded_ece\": 0.05093305557966232, \"occluded_nll\": 0.29757460951805115, \"occluded_risk_at_100_coverage\": 0.1015625, \"occluded_risk_at_50_coverage\": 0.001953125, \"occluded_risk_at_70_coverage\": 0.0013946890830993652, \"occluded_risk_at_80_coverage\": 0.008536577224731445, \"occluded_risk_at_90_coverage\": 0.0401301383972168, \"occluded_score_name\": \"one_minus_confidence\", \"occluded_selective_aurc\": 0.010340929962694645, \"occluded_uncertainty_mean\": 0.1364041268825531, \"steps_run\": 300, \"total_train_time_sec\": 11.200019598007202}",
  "mode": "uncertainty_benchmark",
  "model_class": "LinearHead",
  "model_name": "linear",
  "noisy_accuracy": 0.98046875,
  "noisy_brier": 0.03605775907635689,
  "noisy_confidence_mean": 0.9239645600318909,
  "noisy_ece": 0.06000340357422829,
  "noisy_nll": 0.1149463951587677,
  "noisy_risk_at_100_coverage": 0.01953125,
  "noisy_risk_at_50_coverage": 0.001953125,
  "noisy_risk_at_70_coverage": 0.0013946890830993652,
  "noisy_risk_at_80_coverage": 0.0012195110321044922,
  "noisy_risk_at_90_coverage": 0.002169191837310791,
  "noisy_score_name": "one_minus_confidence",
  "noisy_selective_aurc": 0.0019625164568424225,
  "noisy_uncertainty_mean": 0.07603543251752853,
  "num_classes": 5,
  "num_params": 325,
  "num_workers": 0,
  "occluded_accuracy": 0.8984375,
  "occluded_brier": 0.13274738192558289,
  "occluded_confidence_mean": 0.8635959029197693,
  "occluded_ece": 0.05093305557966232,
  "occluded_nll": 0.29757460951805115,
  "occluded_risk_at_100_coverage": 0.1015625,
  "occluded_risk_at_50_coverage": 0.001953125,
  "occluded_risk_at_70_coverage": 0.0013946890830993652,
  "occluded_risk_at_80_coverage": 0.008536577224731445,
  "occluded_risk_at_90_coverage": 0.0401301383972168,
  "occluded_score_name": "one_minus_confidence",
  "occluded_selective_aurc": 0.010340929962694645,
  "occluded_uncertainty_mean": 0.1364041268825531,
  "platform": "Linux-5.4.0-216-generic-x86_64-with-glibc2.31",
  "python_version": "3.10.20",
  "reason": "",
  "run_dir": "reports/pluggable_primitive_real_20260427/frozen_runs/20260427_041218_uncertainty_synthetic_shape_linear_seed1",
  "run_id": "uncertainty_synthetic_shape_linear_seed1",
  "seed": 1,
  "selected_heads": [
    "linear",
    "mlp",
    "cosine_prototype",
    "eml_no_ambiguity",
    "eml_centered_ambiguity",
    "eml_supervised_resistance",
    "merc_linear",
    "merc_energy"
  ],
  "status": "COMPLETED",
  "steps_run": 300,
  "task_name": "image_uncertainty_selective_classification",
  "test_size": 1024,
  "timestamp": "2026-04-27T04:12:29Z",
  "torch_version": "2.7.1+cu118",
  "torchvision_version": "0.22.1+cu118",
  "total_train_time_sec": 11.200019598007202,
  "train_size": 4096,
  "trainable_params": 325
}