{
  "batch_size": 64,
  "best_metric": 0.50390625,
  "best_step": 100,
  "clean_accuracy": 0.4908854067325592,
  "clean_brier": 0.6966705322265625,
  "clean_confidence_mean": 0.30863258242607117,
  "clean_ece": 0.18225283920764923,
  "clean_nll": 1.5356645584106445,
  "clean_risk_at_100_coverage": 0.5091146230697632,
  "clean_risk_at_50_coverage": 0.3359375,
  "clean_risk_at_70_coverage": 0.4275093078613281,
  "clean_risk_at_80_coverage": 0.45203250646591187,
  "clean_risk_at_90_coverage": 0.4797688126564026,
  "clean_score_name": "one_minus_confidence",
  "clean_selective_aurc": 0.35194090008735657,
  "clean_uncertainty_mean": 0.6913673877716064,
  "clean_vs_noisy_auroc": 0.5847625732421875,
  "clean_vs_occluded_auroc": 0.5391642451286316,
  "condition_metrics_path": "reports/uncertainty_resistance_true_20260427/runs/20260427_020427_uncertainty_cifar10_linear_seed1/uncertainty_eval.pt",
  "cuda_available": true,
  "dataset_name": "cifar10",
  "device": "cuda",
  "early_stop_patience": 4,
  "early_stop_triggered": true,
  "experiment_type": "frozen_features_uncertainty",
  "feature_dim": 64,
  "final_metric": 0.4908854067325592,
  "final_train_loss": 1.395573616027832,
  "git_commit": "0c0b3db",
  "hostname": "user-NF5468M6",
  "metrics_json": "{\"best_metric\": 0.50390625, \"best_step\": 100, \"clean_accuracy\": 0.4908854067325592, \"clean_brier\": 0.6966705322265625, \"clean_confidence_mean\": 0.30863258242607117, \"clean_ece\": 0.18225283920764923, \"clean_nll\": 1.5356645584106445, \"clean_risk_at_100_coverage\": 0.5091146230697632, \"clean_risk_at_50_coverage\": 0.3359375, \"clean_risk_at_70_coverage\": 0.4275093078613281, \"clean_risk_at_80_coverage\": 0.45203250646591187, \"clean_risk_at_90_coverage\": 0.4797688126564026, \"clean_score_name\": \"one_minus_confidence\", \"clean_selective_aurc\": 0.35194090008735657, \"clean_uncertainty_mean\": 0.6913673877716064, \"clean_vs_noisy_auroc\": 0.5847625732421875, \"clean_vs_occluded_auroc\": 0.5391642451286316, \"condition_metrics_path\": \"reports/uncertainty_resistance_true_20260427/runs/20260427_020427_uncertainty_cifar10_linear_seed1/uncertainty_eval.pt\", \"early_stop_patience\": 4, \"early_stop_triggered\": true, \"final_metric\": 0.4908854067325592, \"final_train_loss\": 1.395573616027832, \"noisy_accuracy\": 0.3955078125, \"noisy_brier\": 0.7441698312759399, \"noisy_confidence_mean\": 0.2848454713821411, \"noisy_ece\": 0.11091627925634384, \"noisy_nll\": 1.6930413246154785, \"noisy_risk_at_100_coverage\": 0.6044921875, \"noisy_risk_at_50_coverage\": 0.46875, \"noisy_risk_at_70_coverage\": 0.5285913944244385, \"noisy_risk_at_80_coverage\": 0.5621951222419739, \"noisy_risk_at_90_coverage\": 0.5791757106781006, \"noisy_score_name\": \"one_minus_confidence\", \"noisy_selective_aurc\": 0.4396621584892273, \"noisy_uncertainty_mean\": 0.7151545286178589, \"occluded_accuracy\": 0.44921875, \"occluded_brier\": 0.7251623272895813, \"occluded_confidence_mean\": 0.29694467782974243, \"occluded_ece\": 0.15252938866615295, \"occluded_nll\": 1.6267101764678955, \"occluded_risk_at_100_coverage\": 0.55078125, \"occluded_risk_at_50_coverage\": 0.4140625, \"occluded_risk_at_70_coverage\": 0.48814505338668823, \"occluded_risk_at_80_coverage\": 0.5109755992889404, \"occluded_risk_at_90_coverage\": 0.5357917547225952, \"occluded_score_name\": \"one_minus_confidence\", \"occluded_selective_aurc\": 0.39746448397636414, \"occluded_uncertainty_mean\": 0.7030552625656128, \"steps_run\": 200, \"total_train_time_sec\": 89.66552448272705}",
  "mode": "uncertainty_benchmark",
  "model_class": "LinearHead",
  "model_name": "linear",
  "noisy_accuracy": 0.3955078125,
  "noisy_brier": 0.7441698312759399,
  "noisy_confidence_mean": 0.2848454713821411,
  "noisy_ece": 0.11091627925634384,
  "noisy_nll": 1.6930413246154785,
  "noisy_risk_at_100_coverage": 0.6044921875,
  "noisy_risk_at_50_coverage": 0.46875,
  "noisy_risk_at_70_coverage": 0.5285913944244385,
  "noisy_risk_at_80_coverage": 0.5621951222419739,
  "noisy_risk_at_90_coverage": 0.5791757106781006,
  "noisy_score_name": "one_minus_confidence",
  "noisy_selective_aurc": 0.4396621584892273,
  "noisy_uncertainty_mean": 0.7151545286178589,
  "num_classes": 10,
  "num_params": 650,
  "num_workers": 0,
  "occluded_accuracy": 0.44921875,
  "occluded_brier": 0.7251623272895813,
  "occluded_confidence_mean": 0.29694467782974243,
  "occluded_ece": 0.15252938866615295,
  "occluded_nll": 1.6267101764678955,
  "occluded_risk_at_100_coverage": 0.55078125,
  "occluded_risk_at_50_coverage": 0.4140625,
  "occluded_risk_at_70_coverage": 0.48814505338668823,
  "occluded_risk_at_80_coverage": 0.5109755992889404,
  "occluded_risk_at_90_coverage": 0.5357917547225952,
  "occluded_score_name": "one_minus_confidence",
  "occluded_selective_aurc": 0.39746448397636414,
  "occluded_uncertainty_mean": 0.7030552625656128,
  "platform": "Linux-5.4.0-216-generic-x86_64-with-glibc2.31",
  "python_version": "3.10.20",
  "reason": "",
  "run_dir": "reports/uncertainty_resistance_true_20260427/runs/20260427_020427_uncertainty_cifar10_linear_seed1",
  "run_id": "uncertainty_cifar10_linear_seed1",
  "seed": 1,
  "status": "COMPLETED",
  "steps_run": 200,
  "task_name": "image_uncertainty_selective_classification",
  "test_size": 1024,
  "timestamp": "2026-04-27T02:05:57Z",
  "torch_version": "2.7.1+cu118",
  "torchvision_version": "0.22.1+cu118",
  "total_train_time_sec": 89.66552448272705,
  "train_size": 4096,
  "trainable_params": 650
}