{
  "ambiguity_weight": 1.0,
  "attractor_entropy_weight": 0.0,
  "batch_size": 8,
  "best_metric": 0.10795454680919647,
  "bits_per_char": 6.291808483650767,
  "char_accuracy": 0.10795454680919647,
  "completed_steps": 4,
  "corruption_resistance_corr": 0.04178394749760628,
  "cuda_available": false,
  "dataset_name": "SyntheticTextEnergyDataset",
  "device": "cpu",
  "early_stop": false,
  "early_stop_step": "",
  "early_stop_triggered": false,
  "final_diagnostics": {
    "attractor_activation_mean": 0.6834902763366699,
    "attractor_activation_std": 0.08893851190805435,
    "attractor_diversity": 0.05706086754798889,
    "drive_mean": -0.020652100443840027,
    "drive_std": 0.38339075446128845,
    "energy_mean": -0.08159460872411728,
    "energy_std": 0.10448016971349716,
    "null_weight_mean": 0.6025723218917847,
    "null_weight_std": 0.40477854013442993,
    "resistance_mean": 1.6093655824661255,
    "resistance_std": 0.24630025029182434,
    "update_gate_mean": 0.042650673538446426,
    "update_gate_std": 0.04330263286828995,
    "update_strength_mean": 0.3937967121601105,
    "update_strength_std": 0.40168365836143494
  },
  "final_metric": 0.10795454680919647,
  "final_train_accuracy": 0.10795454680919647,
  "final_train_loss": 4.361149311065674,
  "git_commit": "9ce7b7d",
  "grad_norm": 1.5515327453613281,
  "hostname": "Mac-mini.local",
  "learning_rate": 0.001,
  "metrics_json": "{\"ambiguity_weight\": 1.0, \"attractor_entropy_weight\": 0.0, \"best_metric\": 0.10795454680919647, \"bits_per_char\": 6.291808483650767, \"char_accuracy\": 0.10795454680919647, \"completed_steps\": 4, \"corruption_resistance_corr\": 0.04178394749760628, \"early_stop_step\": \"\", \"early_stop_triggered\": false, \"final_diagnostics\": {\"attractor_activation_mean\": 0.6834902763366699, \"attractor_activation_std\": 0.08893851190805435, \"attractor_diversity\": 0.05706086754798889, \"drive_mean\": -0.020652100443840027, \"drive_std\": 0.38339075446128845, \"energy_mean\": -0.08159460872411728, \"energy_std\": 0.10448016971349716, \"null_weight_mean\": 0.6025723218917847, \"null_weight_std\": 0.40477854013442993, \"resistance_mean\": 1.6093655824661255, \"resistance_std\": 0.24630025029182434, \"update_gate_mean\": 0.042650673538446426, \"update_gate_std\": 0.04330263286828995, \"update_strength_mean\": 0.3937967121601105, \"update_strength_std\": 0.40168365836143494}, \"final_metric\": 0.10795454680919647, \"final_train_accuracy\": 0.10795454680919647, \"final_train_loss\": 4.361149311065674, \"grad_norm\": 1.5515327453613281, \"learning_rate\": 0.001, \"next_token_loss\": 4.361149311065674, \"null_threshold\": 0.0, \"peak_memory_mb\": 0.0, \"perplexity\": 78.34712791899882, \"precision_update_threshold\": 0.0, \"responsibility_temperature\": 0.8, \"step\": 4, \"step_time_sec\": 0.012358903884887695, \"token_accuracy\": 0.10795454680919647, \"tokens_per_sec\": 14240.745104847889, \"total_train_time_sec\": 0.06794476509094238, \"train_loss\": 4.361149311065674, \"wall_clock_time_sec\": 0.06708979606628418, \"warmup_eta\": 1.0}",
  "min_delta": 0.0001,
  "mode": "smoke",
  "model_name": "EfficientEMLTextEncoder_best_text_config",
  "next_token_loss": 4.361149311065674,
  "null_threshold": 0.0,
  "num_params": 92950,
  "num_workers": 0,
  "patience": 20,
  "peak_memory_mb": 0.0,
  "perplexity": 78.34712791899882,
  "platform": "macOS-15.1-arm64-arm-64bit",
  "precision_update_threshold": 0.0,
  "python_version": "3.12.7",
  "reason": "",
  "responsibility_temperature": 0.8,
  "run_dir": "reports/text_representation_ablation/runs/20260505_123522_best_text_config_seed0",
  "run_id": "best_text_config_seed0",
  "seed": 0,
  "seq_len": 48,
  "status": "COMPLETED",
  "step": 4,
  "step_time_sec": 0.012358903884887695,
  "steps": 4,
  "task_name": "text_synthetic",
  "timestamp": "2026-05-05T12:35:22Z",
  "token_accuracy": 0.10795454680919647,
  "tokens_per_sec": 14240.745104847889,
  "torch_version": "2.10.0",
  "torchvision_version": "0.25.0",
  "total_train_time_sec": 0.06794476509094238,
  "train_loss": 4.361149311065674,
  "trainable_params": 92950,
  "wall_clock_time_sec": 0.06708979606628418,
  "warmup_eta": 1.0
}