{
  "backbone_steps": 300,
  "batch_size": 64,
  "best_metric": 0.984375,
  "best_step": 100,
  "clean_accuracy": 0.9934895634651184,
  "clean_brier": 0.011505775153636932,
  "clean_confidence_mean": 0.9875940680503845,
  "clean_ece": 0.010421669110655785,
  "clean_nll": 0.034572355449199677,
  "clean_risk_at_100_coverage": 0.006510436534881592,
  "clean_risk_at_50_coverage": 0.0,
  "clean_risk_at_70_coverage": 0.0,
  "clean_risk_at_80_coverage": 0.0,
  "clean_risk_at_90_coverage": 0.0,
  "clean_score_name": "one_minus_confidence",
  "clean_selective_aurc": 0.00014532504428643733,
  "clean_uncertainty_mean": 0.01240591611713171,
  "clean_vs_noisy_auroc": 0.5373370051383972,
  "clean_vs_occluded_auroc": 0.5761553645133972,
  "condition_metrics_path": "reports/pluggable_primitive_real_20260427/frozen_runs/20260427_041230_uncertainty_synthetic_shape_mlp_seed1/uncertainty_eval.pt",
  "cuda_available": true,
  "dataset_name": "synthetic_shape",
  "device": "cuda",
  "early_stop_min_evals": 2,
  "early_stop_patience": 4,
  "early_stop_triggered": true,
  "eval_interval": 25,
  "experiment_type": "frozen_features_uncertainty",
  "feature_dim": 64,
  "final_metric": 0.9934895634651184,
  "final_train_loss": 0.0814666897058487,
  "git_commit": "0c0b3db",
  "head_steps": 1200,
  "hostname": "user-NF5468M6",
  "metrics_json": "{\"best_metric\": 0.984375, \"best_step\": 100, \"clean_accuracy\": 0.9934895634651184, \"clean_brier\": 0.011505775153636932, \"clean_confidence_mean\": 0.9875940680503845, \"clean_ece\": 0.010421669110655785, \"clean_nll\": 0.034572355449199677, \"clean_risk_at_100_coverage\": 0.006510436534881592, \"clean_risk_at_50_coverage\": 0.0, \"clean_risk_at_70_coverage\": 0.0, \"clean_risk_at_80_coverage\": 0.0, \"clean_risk_at_90_coverage\": 0.0, \"clean_score_name\": \"one_minus_confidence\", \"clean_selective_aurc\": 0.00014532504428643733, \"clean_uncertainty_mean\": 0.01240591611713171, \"clean_vs_noisy_auroc\": 0.5373370051383972, \"clean_vs_occluded_auroc\": 0.5761553645133972, \"condition_metrics_path\": \"reports/pluggable_primitive_real_20260427/frozen_runs/20260427_041230_uncertainty_synthetic_shape_mlp_seed1/uncertainty_eval.pt\", \"early_stop_patience\": 4, \"early_stop_triggered\": true, \"final_metric\": 0.9934895634651184, \"final_train_loss\": 0.0814666897058487, \"noisy_accuracy\": 0.9853515625, \"noisy_brier\": 0.025870516896247864, \"noisy_confidence_mean\": 0.9829798936843872, \"noisy_ece\": 0.004718479700386524, \"noisy_nll\": 0.07182399928569794, \"noisy_risk_at_100_coverage\": 0.0146484375, \"noisy_risk_at_50_coverage\": 0.001953125, \"noisy_risk_at_70_coverage\": 0.004184126853942871, \"noisy_risk_at_80_coverage\": 0.006097555160522461, \"noisy_risk_at_90_coverage\": 0.006507575511932373, \"noisy_score_name\": \"one_minus_confidence\", \"noisy_selective_aurc\": 0.0036690018605440855, \"noisy_uncertainty_mean\": 0.017020072788000107, \"occluded_accuracy\": 0.90625, \"occluded_brier\": 0.13047191500663757, \"occluded_confidence_mean\": 0.9311162233352661, \"occluded_ece\": 0.02886056900024414, \"occluded_nll\": 0.27824607491493225, \"occluded_risk_at_100_coverage\": 0.09375, \"occluded_risk_at_50_coverage\": 0.00390625, \"occluded_risk_at_70_coverage\": 0.005578815937042236, \"occluded_risk_at_80_coverage\": 0.008536577224731445, \"occluded_risk_at_90_coverage\": 0.035791754722595215, \"occluded_score_name\": \"one_minus_confidence\", \"occluded_selective_aurc\": 0.009700319729745388, \"occluded_uncertainty_mean\": 0.06888376176357269, \"steps_run\": 200, \"total_train_time_sec\": 6.596428394317627}",
  "mode": "uncertainty_benchmark",
  "model_class": "MLPHead",
  "model_name": "mlp",
  "noisy_accuracy": 0.9853515625,
  "noisy_brier": 0.025870516896247864,
  "noisy_confidence_mean": 0.9829798936843872,
  "noisy_ece": 0.004718479700386524,
  "noisy_nll": 0.07182399928569794,
  "noisy_risk_at_100_coverage": 0.0146484375,
  "noisy_risk_at_50_coverage": 0.001953125,
  "noisy_risk_at_70_coverage": 0.004184126853942871,
  "noisy_risk_at_80_coverage": 0.006097555160522461,
  "noisy_risk_at_90_coverage": 0.006507575511932373,
  "noisy_score_name": "one_minus_confidence",
  "noisy_selective_aurc": 0.0036690018605440855,
  "noisy_uncertainty_mean": 0.017020072788000107,
  "num_classes": 5,
  "num_params": 9093,
  "num_workers": 0,
  "occluded_accuracy": 0.90625,
  "occluded_brier": 0.13047191500663757,
  "occluded_confidence_mean": 0.9311162233352661,
  "occluded_ece": 0.02886056900024414,
  "occluded_nll": 0.27824607491493225,
  "occluded_risk_at_100_coverage": 0.09375,
  "occluded_risk_at_50_coverage": 0.00390625,
  "occluded_risk_at_70_coverage": 0.005578815937042236,
  "occluded_risk_at_80_coverage": 0.008536577224731445,
  "occluded_risk_at_90_coverage": 0.035791754722595215,
  "occluded_score_name": "one_minus_confidence",
  "occluded_selective_aurc": 0.009700319729745388,
  "occluded_uncertainty_mean": 0.06888376176357269,
  "platform": "Linux-5.4.0-216-generic-x86_64-with-glibc2.31",
  "python_version": "3.10.20",
  "reason": "",
  "run_dir": "reports/pluggable_primitive_real_20260427/frozen_runs/20260427_041230_uncertainty_synthetic_shape_mlp_seed1",
  "run_id": "uncertainty_synthetic_shape_mlp_seed1",
  "seed": 1,
  "selected_heads": [
    "linear",
    "mlp",
    "cosine_prototype",
    "eml_no_ambiguity",
    "eml_centered_ambiguity",
    "eml_supervised_resistance",
    "merc_linear",
    "merc_energy"
  ],
  "status": "COMPLETED",
  "steps_run": 200,
  "task_name": "image_uncertainty_selective_classification",
  "test_size": 1024,
  "timestamp": "2026-04-27T04:12:36Z",
  "torch_version": "2.7.1+cu118",
  "torchvision_version": "0.22.1+cu118",
  "total_train_time_sec": 6.596428394317627,
  "train_size": 4096,
  "trainable_params": 9093
}