{
  "backbone_steps": 300,
  "batch_size": 64,
  "best_metric": 0.546875,
  "best_step": 150,
  "clean_accuracy": 0.4921875,
  "clean_brier": 0.6650434136390686,
  "clean_confidence_mean": 0.4853609800338745,
  "clean_ece": 0.046926889568567276,
  "clean_nll": 1.4771947860717773,
  "clean_risk_at_100_coverage": 0.5078125,
  "clean_risk_at_50_coverage": 0.3880208134651184,
  "clean_risk_at_70_coverage": 0.45167285203933716,
  "clean_risk_at_80_coverage": 0.4617885947227478,
  "clean_risk_at_90_coverage": 0.4855491518974304,
  "clean_score_name": "one_minus_confidence",
  "clean_selective_aurc": 0.36338603496551514,
  "clean_uncertainty_mean": 0.5146390199661255,
  "clean_vs_noisy_auroc": 0.4946632385253906,
  "clean_vs_occluded_auroc": 0.4939994812011719,
  "condition_metrics_path": "reports/pluggable_uncertainty_real_20260427/runs/20260427_032443_uncertainty_cifar10_mlp_seed0/uncertainty_eval.pt",
  "cuda_available": true,
  "dataset_name": "cifar10",
  "device": "cuda",
  "early_stop_min_evals": 2,
  "early_stop_patience": 4,
  "early_stop_triggered": true,
  "eval_interval": 25,
  "experiment_type": "frozen_features_uncertainty",
  "feature_dim": 64,
  "final_metric": 0.4921875,
  "final_train_loss": 1.2235100269317627,
  "git_commit": "0c0b3db",
  "head_steps": 1200,
  "hostname": "user-NF5468M6",
  "metrics_json": "{\"best_metric\": 0.546875, \"best_step\": 150, \"clean_accuracy\": 0.4921875, \"clean_brier\": 0.6650434136390686, \"clean_confidence_mean\": 0.4853609800338745, \"clean_ece\": 0.046926889568567276, \"clean_nll\": 1.4771947860717773, \"clean_risk_at_100_coverage\": 0.5078125, \"clean_risk_at_50_coverage\": 0.3880208134651184, \"clean_risk_at_70_coverage\": 0.45167285203933716, \"clean_risk_at_80_coverage\": 0.4617885947227478, \"clean_risk_at_90_coverage\": 0.4855491518974304, \"clean_score_name\": \"one_minus_confidence\", \"clean_selective_aurc\": 0.36338603496551514, \"clean_uncertainty_mean\": 0.5146390199661255, \"clean_vs_noisy_auroc\": 0.4946632385253906, \"clean_vs_occluded_auroc\": 0.4939994812011719, \"condition_metrics_path\": \"reports/pluggable_uncertainty_real_20260427/runs/20260427_032443_uncertainty_cifar10_mlp_seed0/uncertainty_eval.pt\", \"early_stop_patience\": 4, \"early_stop_triggered\": true, \"final_metric\": 0.4921875, \"final_train_loss\": 1.2235100269317627, \"noisy_accuracy\": 0.3984375, \"noisy_brier\": 0.7192222476005554, \"noisy_confidence_mean\": 0.48602980375289917, \"noisy_ece\": 0.09648290276527405, \"noisy_nll\": 1.6074128150939941, \"noisy_risk_at_100_coverage\": 0.6015625, \"noisy_risk_at_50_coverage\": 0.46484375, \"noisy_risk_at_70_coverage\": 0.5271966457366943, \"noisy_risk_at_80_coverage\": 0.5524390339851379, \"noisy_risk_at_90_coverage\": 0.575921893119812, \"noisy_score_name\": \"one_minus_confidence\", \"noisy_selective_aurc\": 0.4376029372215271, \"noisy_uncertainty_mean\": 0.5139701962471008, \"occluded_accuracy\": 0.4541015625, \"occluded_brier\": 0.7021053433418274, \"occluded_confidence_mean\": 0.48456913232803345, \"occluded_ece\": 0.0390019416809082, \"occluded_nll\": 1.6023006439208984, \"occluded_risk_at_100_coverage\": 0.5458984375, \"occluded_risk_at_50_coverage\": 0.427734375, \"occluded_risk_at_70_coverage\": 0.48396092653274536, \"occluded_risk_at_80_coverage\": 0.5109755992889404, \"occluded_risk_at_90_coverage\": 0.5227766036987305, \"occluded_score_name\": \"one_minus_confidence\", \"occluded_selective_aurc\": 0.40315261483192444, \"occluded_uncertainty_mean\": 0.5154308676719666, \"steps_run\": 250, \"total_train_time_sec\": 5.809876203536987}",
  "mode": "uncertainty_benchmark",
  "model_class": "MLPHead",
  "model_name": "mlp",
  "noisy_accuracy": 0.3984375,
  "noisy_brier": 0.7192222476005554,
  "noisy_confidence_mean": 0.48602980375289917,
  "noisy_ece": 0.09648290276527405,
  "noisy_nll": 1.6074128150939941,
  "noisy_risk_at_100_coverage": 0.6015625,
  "noisy_risk_at_50_coverage": 0.46484375,
  "noisy_risk_at_70_coverage": 0.5271966457366943,
  "noisy_risk_at_80_coverage": 0.5524390339851379,
  "noisy_risk_at_90_coverage": 0.575921893119812,
  "noisy_score_name": "one_minus_confidence",
  "noisy_selective_aurc": 0.4376029372215271,
  "noisy_uncertainty_mean": 0.5139701962471008,
  "num_classes": 10,
  "num_params": 9738,
  "num_workers": 0,
  "occluded_accuracy": 0.4541015625,
  "occluded_brier": 0.7021053433418274,
  "occluded_confidence_mean": 0.48456913232803345,
  "occluded_ece": 0.0390019416809082,
  "occluded_nll": 1.6023006439208984,
  "occluded_risk_at_100_coverage": 0.5458984375,
  "occluded_risk_at_50_coverage": 0.427734375,
  "occluded_risk_at_70_coverage": 0.48396092653274536,
  "occluded_risk_at_80_coverage": 0.5109755992889404,
  "occluded_risk_at_90_coverage": 0.5227766036987305,
  "occluded_score_name": "one_minus_confidence",
  "occluded_selective_aurc": 0.40315261483192444,
  "occluded_uncertainty_mean": 0.5154308676719666,
  "platform": "Linux-5.4.0-216-generic-x86_64-with-glibc2.31",
  "python_version": "3.10.20",
  "reason": "",
  "run_dir": "reports/pluggable_uncertainty_real_20260427/runs/20260427_032443_uncertainty_cifar10_mlp_seed0",
  "run_id": "uncertainty_cifar10_mlp_seed0",
  "seed": 0,
  "selected_heads": [
    "linear",
    "mlp",
    "cosine_prototype",
    "eml_no_ambiguity",
    "eml_centered_ambiguity",
    "eml_supervised_resistance",
    "merc_linear",
    "merc_energy"
  ],
  "status": "COMPLETED",
  "steps_run": 250,
  "task_name": "image_uncertainty_selective_classification",
  "test_size": 1024,
  "timestamp": "2026-04-27T03:24:49Z",
  "torch_version": "2.7.1+cu118",
  "torchvision_version": "0.22.1+cu118",
  "total_train_time_sec": 5.809876203536987,
  "train_size": 4096,
  "trainable_params": 9738
}