{
  "batch_size": 64,
  "best_metric": 0.5703125,
  "best_step": 300,
  "best_val_accuracy": 0.5703125,
  "cuda_available": true,
  "dataset_name": "cifar10",
  "device": "cuda",
  "early_stop_triggered": false,
  "experiment_type": "frozen_features",
  "feature_dim": 64,
  "features_dir": "reports/head_ablation/features/cifar10_medium_seed2",
  "final_metric": 0.52734375,
  "final_train_accuracy": 0.578125,
  "final_train_loss": 1.2930902242660522,
  "git_commit": "unknown",
  "hostname": "user-NF5468M6",
  "lr": 0.001,
  "metrics_json": "{\"best_metric\": 0.5703125, \"best_step\": 300, \"best_val_accuracy\": 0.5703125, \"early_stop_triggered\": false, \"final_metric\": 0.52734375, \"final_train_accuracy\": 0.578125, \"final_train_loss\": 1.2930902242660522, \"steps_run\": 300, \"test_accuracy\": 0.52734375, \"test_ambiguity_mean\": 2.267552375793457, \"test_brier\": 0.6372967958450317, \"test_class_resistance_mean\": 0.1986607164144516, \"test_conflict_resistance_corr\": NaN, \"test_ece\": 0.0793805718421936, \"test_hard_negative_drive_mean\": 5.510481834411621, \"test_hard_negative_logit_mean\": 1.8293664455413818, \"test_hard_negative_resistance_mean\": 2.349764108657837, \"test_loss\": 1.4558321237564087, \"test_margin_mean\": -0.06276795268058777, \"test_nll\": 1.4558321237564087, \"test_positive_drive_mean\": 5.585933685302734, \"test_positive_logit_mean\": 1.7665984630584717, \"test_positive_resistance_mean\": 2.279322862625122, \"test_precision_mean\": NaN, \"test_resistance_noise_corr\": NaN, \"test_resistance_occlusion_corr\": NaN, \"test_sample_uncertainty_mean\": 0.0002735367452260107, \"test_support_evidence_corr\": NaN, \"test_update_gate_mean\": NaN, \"total_train_time_sec\": 6.799882173538208, \"val_accuracy\": 0.5703125, \"val_ambiguity_mean\": 2.28478741645813, \"val_brier\": 0.6168657541275024, \"val_class_resistance_mean\": 0.1986607164144516, \"val_conflict_resistance_corr\": NaN, \"val_ece\": 0.12016498297452927, \"val_hard_negative_drive_mean\": 5.455345153808594, \"val_hard_negative_logit_mean\": 1.826763391494751, \"val_hard_negative_resistance_mean\": 2.3602442741394043, \"val_loss\": 1.4088733196258545, \"val_margin_mean\": -0.0005984129384160042, \"val_nll\": 1.4088733196258545, \"val_positive_drive_mean\": 5.768775939941406, \"val_positive_logit_mean\": 1.8261648416519165, \"val_positive_resistance_mean\": 2.2891855239868164, \"val_precision_mean\": NaN, \"val_resistance_noise_corr\": NaN, \"val_resistance_occlusion_corr\": NaN, \"val_sample_uncertainty_mean\": 0.0002772740845102817, \"val_support_evidence_corr\": NaN, \"val_update_gate_mean\": NaN}",
  "mode": "head_ablation",
  "model_class": "EMLPrototypeHeadRawAmbiguity",
  "model_name": "eml_raw_ambiguity",
  "num_classes": 10,
  "num_params": 18977,
  "pairwise_margin": 0.0,
  "pairwise_weight": 0.0,
  "platform": "Linux-5.4.0-216-generic-x86_64-with-glibc2.31",
  "python_version": "3.10.20",
  "reason": "",
  "run_dir": "reports/merc_head_ablation/runs/20260425_030506_frozen_cifar10_eml_raw_ambiguity_seed2",
  "run_id": "frozen_cifar10_eml_raw_ambiguity_seed2",
  "seed": 2,
  "status": "COMPLETED",
  "steps": 300,
  "steps_run": 300,
  "task_name": "image_classification",
  "test_accuracy": 0.52734375,
  "test_ambiguity_mean": 2.267552375793457,
  "test_brier": 0.6372967958450317,
  "test_class_resistance_mean": 0.1986607164144516,
  "test_conflict_resistance_corr": NaN,
  "test_ece": 0.0793805718421936,
  "test_hard_negative_drive_mean": 5.510481834411621,
  "test_hard_negative_logit_mean": 1.8293664455413818,
  "test_hard_negative_resistance_mean": 2.349764108657837,
  "test_loss": 1.4558321237564087,
  "test_margin_mean": -0.06276795268058777,
  "test_nll": 1.4558321237564087,
  "test_positive_drive_mean": 5.585933685302734,
  "test_positive_logit_mean": 1.7665984630584717,
  "test_positive_resistance_mean": 2.279322862625122,
  "test_precision_mean": NaN,
  "test_resistance_noise_corr": NaN,
  "test_resistance_occlusion_corr": NaN,
  "test_sample_uncertainty_mean": 0.0002735367452260107,
  "test_support_evidence_corr": NaN,
  "test_update_gate_mean": NaN,
  "timestamp": "2026-04-25T03:05:13Z",
  "torch_version": "2.7.1+cu118",
  "torchvision_version": "0.22.1+cu118",
  "total_train_time_sec": 6.799882173538208,
  "trainable_params": 18977,
  "val_accuracy": 0.5703125,
  "val_ambiguity_mean": 2.28478741645813,
  "val_brier": 0.6168657541275024,
  "val_class_resistance_mean": 0.1986607164144516,
  "val_conflict_resistance_corr": NaN,
  "val_ece": 0.12016498297452927,
  "val_hard_negative_drive_mean": 5.455345153808594,
  "val_hard_negative_logit_mean": 1.826763391494751,
  "val_hard_negative_resistance_mean": 2.3602442741394043,
  "val_loss": 1.4088733196258545,
  "val_margin_mean": -0.0005984129384160042,
  "val_nll": 1.4088733196258545,
  "val_positive_drive_mean": 5.768775939941406,
  "val_positive_logit_mean": 1.8261648416519165,
  "val_positive_resistance_mean": 2.2891855239868164,
  "val_precision_mean": NaN,
  "val_resistance_noise_corr": NaN,
  "val_resistance_occlusion_corr": NaN,
  "val_sample_uncertainty_mean": 0.0002772740845102817,
  "val_support_evidence_corr": NaN,
  "val_update_gate_mean": NaN
}