{
  "best_metric": 1.0,
  "cuda_available": true,
  "dataset_name": "synthetic_probe_tensors",
  "device": "cuda",
  "final_diagnostics": {
    "drive_mean": 0.0005132776568643749,
    "drive_std": 0.002289809985086322,
    "energy_mean": -0.8808965086936951,
    "energy_std": 0.21303242444992065,
    "gate_activation_rate": 0.3020678758621216,
    "gate_mean": 0.3020678758621216,
    "gate_std": 0.1510339379310608,
    "message_norm_mean": 0.07255516201257706,
    "message_norm_std": 0.0175961684435606,
    "resistance_mean": -0.00014572091458830982,
    "resistance_std": 0.0020275104325264692,
    "responsibility_entropy_mean": 1.4710239171981812,
    "responsibility_entropy_std": 5.246492946753278e-06,
    "update_gate_mean": 0.2689443528652191,
    "update_gate_std": 4.015330705442466e-05,
    "update_strength_mean": 1.0,
    "update_strength_std": 0.0
  },
  "final_metric": 1.0,
  "git_commit": "ae26ee9",
  "hostname": "user-NF5468M6",
  "message_norm_mean": 0.07255516201257706,
  "metrics_json": "{\"best_metric\": 1.0, \"final_diagnostics\": {\"drive_mean\": 0.0005132776568643749, \"drive_std\": 0.002289809985086322, \"energy_mean\": -0.8808965086936951, \"energy_std\": 0.21303242444992065, \"gate_activation_rate\": 0.3020678758621216, \"gate_mean\": 0.3020678758621216, \"gate_std\": 0.1510339379310608, \"message_norm_mean\": 0.07255516201257706, \"message_norm_std\": 0.0175961684435606, \"resistance_mean\": -0.00014572091458830982, \"resistance_std\": 0.0020275104325264692, \"responsibility_entropy_mean\": 1.4710239171981812, \"responsibility_entropy_std\": 5.246492946753278e-06, \"update_gate_mean\": 0.2689443528652191, \"update_gate_std\": 4.015330705442466e-05, \"update_strength_mean\": 1.0, \"update_strength_std\": 0.0}, \"final_metric\": 1.0, \"message_norm_mean\": 0.07255516201257706, \"nan_inf_count\": 0.0, \"peak_memory_mb\": 9.3701171875, \"step\": 1, \"step_time_sec\": 0.2591054439544678, \"total_train_time_sec\": 0.25910401344299316, \"train_loss\": 0.0, \"update_norm_mean\": 1.0674076080322266, \"wall_clock_time_sec\": 0.25910401344299316}",
  "mode": "ablation",
  "model_name": "ablation_gate_sigmoid_seed0",
  "nan_inf_count": 0.0,
  "num_params": 14151,
  "peak_memory_mb": 9.3701171875,
  "platform": "Linux-5.4.0-216-generic-x86_64-with-glibc2.31",
  "python_version": "3.10.20",
  "reason": "",
  "responsibility_mode": false,
  "run_dir": "reports/runs_server_ablation_20260424_150157/20260424_070159_ablation_gate_sigmoid_seed0",
  "run_id": "ablation_gate_sigmoid_seed0",
  "seed": 0,
  "status": "COMPLETED",
  "step": 1,
  "step_time_sec": 0.2591054439544678,
  "task_name": "mechanism_probe",
  "timestamp": "2026-04-24T07:02:00Z",
  "torch_version": "2.7.1+cu118",
  "torchvision_version": "0.22.1+cu118",
  "total_train_time_sec": 0.25910401344299316,
  "train_loss": 0.0,
  "trainable_params": 14151,
  "update_mode": "sigmoid",
  "update_norm_mean": 1.0674076080322266,
  "use_null": false,
  "wall_clock_time_sec": 0.25910401344299316
}