{
  "best_metric": 1.0,
  "cuda_available": true,
  "dataset_name": "synthetic_probe_tensors",
  "device": "cuda",
  "final_diagnostics": {
    "drive_mean": 0.00021084510080982,
    "drive_std": 0.0020720106549561024,
    "energy_mean": -0.8809329271316528,
    "energy_std": 0.21297268569469452,
    "gate_activation_rate": 0.19999998807907104,
    "gate_mean": 0.19999998807907104,
    "gate_std": 0.10000000149011612,
    "message_norm_mean": 0.08010430634021759,
    "message_norm_std": 0.020650845021009445,
    "new_precision_mean": 0.3132658898830414,
    "new_precision_std": 5.2826864703092724e-05,
    "old_precision_mean": 0.6931459903717041,
    "old_precision_std": 0.0005896444781683385,
    "resistance_mean": 6.104624480940402e-05,
    "resistance_std": 0.002002864610403776,
    "responsibility_entropy_mean": 1.3862943649291992,
    "responsibility_entropy_std": 2.665600717932648e-08,
    "update_gate_mean": 0.31127017736434937,
    "update_gate_std": 0.00018450820061843842,
    "update_strength_mean": 1.0,
    "update_strength_std": 0.0
  },
  "final_metric": 1.0,
  "git_commit": "ae26ee9",
  "hostname": "user-NF5468M6",
  "message_norm_mean": 0.08010430634021759,
  "metrics_json": "{\"best_metric\": 1.0, \"final_diagnostics\": {\"drive_mean\": 0.00021084510080982, \"drive_std\": 0.0020720106549561024, \"energy_mean\": -0.8809329271316528, \"energy_std\": 0.21297268569469452, \"gate_activation_rate\": 0.19999998807907104, \"gate_mean\": 0.19999998807907104, \"gate_std\": 0.10000000149011612, \"message_norm_mean\": 0.08010430634021759, \"message_norm_std\": 0.020650845021009445, \"new_precision_mean\": 0.3132658898830414, \"new_precision_std\": 5.2826864703092724e-05, \"old_precision_mean\": 0.6931459903717041, \"old_precision_std\": 0.0005896444781683385, \"resistance_mean\": 6.104624480940402e-05, \"resistance_std\": 0.002002864610403776, \"responsibility_entropy_mean\": 1.3862943649291992, \"responsibility_entropy_std\": 2.665600717932648e-08, \"update_gate_mean\": 0.31127017736434937, \"update_gate_std\": 0.00018450820061843842, \"update_strength_mean\": 1.0, \"update_strength_std\": 0.0}, \"final_metric\": 1.0, \"message_norm_mean\": 0.08010430634021759, \"nan_inf_count\": 0.0, \"peak_memory_mb\": 9.39404296875, \"step\": 1, \"step_time_sec\": 0.0034537315368652344, \"total_train_time_sec\": 0.0034532546997070312, \"train_loss\": 0.0, \"update_norm_mean\": 1.2058409452438354, \"wall_clock_time_sec\": 0.0034532546997070312}",
  "mode": "ablation",
  "model_name": "ablation_resp_no_null_seed2",
  "nan_inf_count": 0.0,
  "num_params": 14151,
  "peak_memory_mb": 9.39404296875,
  "platform": "Linux-5.4.0-216-generic-x86_64-with-glibc2.31",
  "python_version": "3.10.20",
  "reason": "",
  "responsibility_mode": true,
  "run_dir": "reports/runs_server_ablation_20260424_150157/20260424_070201_ablation_resp_no_null_seed2",
  "run_id": "ablation_resp_no_null_seed2",
  "seed": 12,
  "status": "COMPLETED",
  "step": 1,
  "step_time_sec": 0.0034537315368652344,
  "task_name": "mechanism_probe",
  "timestamp": "2026-04-24T07:02:01Z",
  "torch_version": "2.7.1+cu118",
  "torchvision_version": "0.22.1+cu118",
  "total_train_time_sec": 0.0034532546997070312,
  "train_loss": 0.0,
  "trainable_params": 14151,
  "update_mode": "precision",
  "update_norm_mean": 1.2058409452438354,
  "use_null": false,
  "wall_clock_time_sec": 0.0034532546997070312
}