{
  "backbone_steps": 300,
  "batch_size": 64,
  "best_metric": 0.984375,
  "best_step": 25,
  "clean_accuracy": 0.9934895634651184,
  "clean_brier": 0.5209254622459412,
  "clean_confidence_mean": 0.3632754385471344,
  "clean_conflict_resistance_corr": NaN,
  "clean_conflict_score_mean": 0.7356029152870178,
  "clean_ece": 0.6302141547203064,
  "clean_nll": 1.0188924074172974,
  "clean_positive_resistance_mean": 0.7044768333435059,
  "clean_resistance_noise_corr": 4.990998831999605e-07,
  "clean_resistance_occlusion_corr": NaN,
  "clean_risk_at_100_coverage": 0.006510436534881592,
  "clean_risk_at_50_coverage": 0.0078125,
  "clean_risk_at_70_coverage": 0.007434964179992676,
  "clean_risk_at_80_coverage": 0.006504058837890625,
  "clean_risk_at_90_coverage": 0.005780339241027832,
  "clean_score_name": "positive_resistance",
  "clean_selective_aurc": 0.013014301657676697,
  "clean_support_score_mean": 0.8702051639556885,
  "clean_uncertainty_mean": 0.7044768333435059,
  "clean_vs_noisy_auroc": 0.46185430884361267,
  "clean_vs_occluded_auroc": 0.4768714904785156,
  "condition_metrics_path": "reports/pluggable_primitive_real_20260427/frozen_runs/20260427_041504_uncertainty_synthetic_shape_merc_linear_seed2/uncertainty_eval.pt",
  "cuda_available": true,
  "dataset_name": "synthetic_shape",
  "device": "cuda",
  "early_stop_min_evals": 2,
  "early_stop_patience": 4,
  "early_stop_triggered": true,
  "eval_interval": 25,
  "experiment_type": "frozen_features_uncertainty",
  "feature_dim": 64,
  "final_metric": 0.9934895634651184,
  "final_train_loss": 0.029209356755018234,
  "git_commit": "0c0b3db",
  "head_steps": 1200,
  "hostname": "user-NF5468M6",
  "metrics_json": "{\"best_metric\": 0.984375, \"best_step\": 25, \"clean_accuracy\": 0.9934895634651184, \"clean_brier\": 0.5209254622459412, \"clean_confidence_mean\": 0.3632754385471344, \"clean_conflict_resistance_corr\": NaN, \"clean_conflict_score_mean\": 0.7356029152870178, \"clean_ece\": 0.6302141547203064, \"clean_nll\": 1.0188924074172974, \"clean_positive_resistance_mean\": 0.7044768333435059, \"clean_resistance_noise_corr\": 4.990998831999605e-07, \"clean_resistance_occlusion_corr\": NaN, \"clean_risk_at_100_coverage\": 0.006510436534881592, \"clean_risk_at_50_coverage\": 0.0078125, \"clean_risk_at_70_coverage\": 0.007434964179992676, \"clean_risk_at_80_coverage\": 0.006504058837890625, \"clean_risk_at_90_coverage\": 0.005780339241027832, \"clean_score_name\": \"positive_resistance\", \"clean_selective_aurc\": 0.013014301657676697, \"clean_support_score_mean\": 0.8702051639556885, \"clean_uncertainty_mean\": 0.7044768333435059, \"clean_vs_noisy_auroc\": 0.46185430884361267, \"clean_vs_occluded_auroc\": 0.4768714904785156, \"condition_metrics_path\": \"reports/pluggable_primitive_real_20260427/frozen_runs/20260427_041504_uncertainty_synthetic_shape_merc_linear_seed2/uncertainty_eval.pt\", \"early_stop_patience\": 4, \"early_stop_triggered\": true, \"final_metric\": 0.9934895634651184, \"final_train_loss\": 0.029209356755018234, \"noisy_accuracy\": 0.931640625, \"noisy_brier\": 0.553256630897522, \"noisy_confidence_mean\": 0.34908565878868103, \"noisy_conflict_resistance_corr\": 1.306884058749347e-07, \"noisy_conflict_score_mean\": 0.6475539207458496, \"noisy_ece\": 0.5825549364089966, \"noisy_nll\": 1.0774807929992676, \"noisy_positive_resistance_mean\": 0.7042936086654663, \"noisy_resistance_noise_corr\": NaN, \"noisy_resistance_occlusion_corr\": NaN, \"noisy_risk_at_100_coverage\": 0.068359375, \"noisy_risk_at_50_coverage\": 0.095703125, \"noisy_risk_at_70_coverage\": 0.08926081657409668, \"noisy_risk_at_80_coverage\": 0.08170729875564575, \"noisy_risk_at_90_coverage\": 0.074837327003479, \"noisy_score_name\": \"positive_resistance\", \"noisy_selective_aurc\": 0.08651896566152573, \"noisy_support_score_mean\": 0.9842733144760132, \"noisy_uncertainty_mean\": 0.7042936086654663, \"occluded_accuracy\": 0.900390625, \"occluded_brier\": 0.5600876212120056, \"occluded_confidence_mean\": 0.34633758664131165, \"occluded_conflict_resistance_corr\": -0.19323167204856873, \"occluded_conflict_score_mean\": 0.7034481167793274, \"occluded_ece\": 0.5540530681610107, \"occluded_nll\": 1.0963711738586426, \"occluded_positive_resistance_mean\": 0.7046222686767578, \"occluded_resistance_noise_corr\": 1.056481096384232e-06, \"occluded_resistance_occlusion_corr\": -0.06115582585334778, \"occluded_risk_at_100_coverage\": 0.099609375, \"occluded_risk_at_50_coverage\": 0.15234375, \"occluded_risk_at_70_coverage\": 0.13807529211044312, \"occluded_risk_at_80_coverage\": 0.12195122241973877, \"occluded_risk_at_90_coverage\": 0.10845988988876343, \"occluded_score_name\": \"positive_resistance\", \"occluded_selective_aurc\": 0.11347874999046326, \"occluded_support_score_mean\": 0.8703951835632324, \"occluded_uncertainty_mean\": 0.7046222686767578, \"pooled_conflict_resistance_corr\": -0.1735672503709793, \"pooled_resistance_noise_corr\": -0.005948135629296303, \"pooled_resistance_occlusion_corr\": -0.028524480760097504, \"steps_run\": 125, \"total_train_time_sec\": 3.3083877563476562}",
  "mode": "uncertainty_benchmark",
  "model_class": "MERCHeadLinearReadout",
  "model_name": "merc_linear",
  "noisy_accuracy": 0.931640625,
  "noisy_brier": 0.553256630897522,
  "noisy_confidence_mean": 0.34908565878868103,
  "noisy_conflict_resistance_corr": 1.306884058749347e-07,
  "noisy_conflict_score_mean": 0.6475539207458496,
  "noisy_ece": 0.5825549364089966,
  "noisy_nll": 1.0774807929992676,
  "noisy_positive_resistance_mean": 0.7042936086654663,
  "noisy_resistance_noise_corr": NaN,
  "noisy_resistance_occlusion_corr": NaN,
  "noisy_risk_at_100_coverage": 0.068359375,
  "noisy_risk_at_50_coverage": 0.095703125,
  "noisy_risk_at_70_coverage": 0.08926081657409668,
  "noisy_risk_at_80_coverage": 0.08170729875564575,
  "noisy_risk_at_90_coverage": 0.074837327003479,
  "noisy_score_name": "positive_resistance",
  "noisy_selective_aurc": 0.08651896566152573,
  "noisy_support_score_mean": 0.9842733144760132,
  "noisy_uncertainty_mean": 0.7042936086654663,
  "num_classes": 5,
  "num_params": 92222,
  "num_workers": 0,
  "occluded_accuracy": 0.900390625,
  "occluded_brier": 0.5600876212120056,
  "occluded_confidence_mean": 0.34633758664131165,
  "occluded_conflict_resistance_corr": -0.19323167204856873,
  "occluded_conflict_score_mean": 0.7034481167793274,
  "occluded_ece": 0.5540530681610107,
  "occluded_nll": 1.0963711738586426,
  "occluded_positive_resistance_mean": 0.7046222686767578,
  "occluded_resistance_noise_corr": 1.056481096384232e-06,
  "occluded_resistance_occlusion_corr": -0.06115582585334778,
  "occluded_risk_at_100_coverage": 0.099609375,
  "occluded_risk_at_50_coverage": 0.15234375,
  "occluded_risk_at_70_coverage": 0.13807529211044312,
  "occluded_risk_at_80_coverage": 0.12195122241973877,
  "occluded_risk_at_90_coverage": 0.10845988988876343,
  "occluded_score_name": "positive_resistance",
  "occluded_selective_aurc": 0.11347874999046326,
  "occluded_support_score_mean": 0.8703951835632324,
  "occluded_uncertainty_mean": 0.7046222686767578,
  "platform": "Linux-5.4.0-216-generic-x86_64-with-glibc2.31",
  "pooled_conflict_resistance_corr": -0.1735672503709793,
  "pooled_resistance_noise_corr": -0.005948135629296303,
  "pooled_resistance_occlusion_corr": -0.028524480760097504,
  "python_version": "3.10.20",
  "reason": "",
  "run_dir": "reports/pluggable_primitive_real_20260427/frozen_runs/20260427_041504_uncertainty_synthetic_shape_merc_linear_seed2",
  "run_id": "uncertainty_synthetic_shape_merc_linear_seed2",
  "seed": 2,
  "selected_heads": [
    "linear",
    "mlp",
    "cosine_prototype",
    "eml_no_ambiguity",
    "eml_centered_ambiguity",
    "eml_supervised_resistance",
    "merc_linear",
    "merc_energy"
  ],
  "status": "COMPLETED",
  "steps_run": 125,
  "task_name": "image_uncertainty_selective_classification",
  "test_size": 1024,
  "timestamp": "2026-04-27T04:15:07Z",
  "torch_version": "2.7.1+cu118",