{
  "batch_size": 32,
  "best_metric": 0.99609375,
  "best_step": 100,
  "best_val_accuracy": 0.99609375,
  "cuda_available": true,
  "dataset_name": "synthetic_evidence",
  "device": "cuda",
  "early_stop_triggered": false,
  "experiment_type": "frozen_features",
  "feature_dim": 64,
  "features_dir": "reports/head_ablation/features/synthetic_evidence_medium_seed2",
  "final_metric": 0.9921875,
  "final_train_accuracy": 1.0,
  "final_train_loss": 0.0005659976741299033,
  "git_commit": "unknown",
  "hostname": "user-NF5468M6",
  "lr": 0.001,
  "metrics_json": "{\"best_metric\": 0.99609375, \"best_step\": 100, \"best_val_accuracy\": 0.99609375, \"early_stop_triggered\": false, \"final_metric\": 0.9921875, \"final_train_accuracy\": 1.0, \"final_train_loss\": 0.0005659976741299033, \"steps_run\": 300, \"test_accuracy\": 0.9921875, \"test_ambiguity_mean\": NaN, \"test_brier\": 0.01426707673817873, \"test_class_resistance_mean\": NaN, \"test_conflict_resistance_corr\": -0.08278060704469681, \"test_ece\": 0.00747722340747714, \"test_hard_negative_drive_mean\": -0.9030933380126953, \"test_hard_negative_logit_mean\": -4.913315773010254, \"test_hard_negative_resistance_mean\": 0.8435714244842529, \"test_loss\": 0.028059523552656174, \"test_margin_mean\": 10.354077339172363, \"test_nll\": 0.028059523552656174, \"test_positive_drive_mean\": 0.09843990206718445, \"test_positive_logit_mean\": 5.440760612487793, \"test_positive_resistance_mean\": 0.8151634931564331, \"test_precision_mean\": 0.250830739736557, \"test_resistance_noise_corr\": 0.03128386661410332, \"test_resistance_occlusion_corr\": -0.18810638785362244, \"test_sample_uncertainty_mean\": NaN, \"test_support_evidence_corr\": -0.30445095896720886, \"test_update_gate_mean\": 0.058750443160533905, \"total_train_time_sec\": 7.905863046646118, \"val_accuracy\": 0.99609375, \"val_ambiguity_mean\": NaN, \"val_brier\": 0.007952921092510223, \"val_class_resistance_mean\": NaN, \"val_conflict_resistance_corr\": -0.0951426699757576, \"val_ece\": 0.0036566490307450294, \"val_hard_negative_drive_mean\": -0.8816530704498291, \"val_hard_negative_logit_mean\": -4.84421968460083, \"val_hard_negative_resistance_mean\": 0.8388148546218872, \"val_loss\": 0.01723882183432579, \"val_margin_mean\": 10.197696685791016, \"val_nll\": 0.01723882183432579, \"val_positive_drive_mean\": 0.10472845286130905, \"val_positive_logit_mean\": 5.353477478027344, \"val_positive_resistance_mean\": 0.8108665347099304, \"val_precision_mean\": 0.2520725727081299, \"val_resistance_noise_corr\": 0.05127404257655144, \"val_resistance_occlusion_corr\": -0.1833057999610901, \"val_sample_uncertainty_mean\": NaN, \"val_support_evidence_corr\": -0.36633408069610596, \"val_update_gate_mean\": 0.05902222916483879}",
  "mode": "head_ablation",
  "model_class": "MERCHeadLinearReadoutSmall",
  "model_name": "merc_linear_small",
  "num_classes": 2,
  "num_params": 91370,
  "pairwise_margin": 0.0,
  "pairwise_weight": 0.0,
  "platform": "Linux-5.4.0-216-generic-x86_64-with-glibc2.31",
  "python_version": "3.10.20",
  "reason": "",
  "run_dir": "reports/merc_synthetic_evidence/runs/20260425_031731_frozen_synthetic_evidence_merc_linear_small_seed2",
  "run_id": "frozen_synthetic_evidence_merc_linear_small_seed2",
  "seed": 2,
  "status": "COMPLETED",
  "steps": 300,
  "steps_run": 300,
  "task_name": "image_classification",
  "test_accuracy": 0.9921875,
  "test_ambiguity_mean": NaN,
  "test_brier": 0.01426707673817873,
  "test_class_resistance_mean": NaN,
  "test_conflict_resistance_corr": -0.08278060704469681,
  "test_ece": 0.00747722340747714,
  "test_hard_negative_drive_mean": -0.9030933380126953,
  "test_hard_negative_logit_mean": -4.913315773010254,
  "test_hard_negative_resistance_mean": 0.8435714244842529,
  "test_loss": 0.028059523552656174,
  "test_margin_mean": 10.354077339172363,
  "test_nll": 0.028059523552656174,
  "test_positive_drive_mean": 0.09843990206718445,
  "test_positive_logit_mean": 5.440760612487793,
  "test_positive_resistance_mean": 0.8151634931564331,
  "test_precision_mean": 0.250830739736557,
  "test_resistance_noise_corr": 0.03128386661410332,
  "test_resistance_occlusion_corr": -0.18810638785362244,
  "test_sample_uncertainty_mean": NaN,
  "test_support_evidence_corr": -0.30445095896720886,
  "test_update_gate_mean": 0.058750443160533905,
  "timestamp": "2026-04-25T03:17:39Z",
  "torch_version": "2.7.1+cu118",
  "torchvision_version": "0.22.1+cu118",
  "total_train_time_sec": 7.905863046646118,
  "trainable_params": 91370,
  "val_accuracy": 0.99609375,
  "val_ambiguity_mean": NaN,
  "val_brier": 0.007952921092510223,
  "val_class_resistance_mean": NaN,
  "val_conflict_resistance_corr": -0.0951426699757576,
  "val_ece": 0.0036566490307450294,
  "val_hard_negative_drive_mean": -0.8816530704498291,
  "val_hard_negative_logit_mean": -4.84421968460083,
  "val_hard_negative_resistance_mean": 0.8388148546218872,
  "val_loss": 0.01723882183432579,
  "val_margin_mean": 10.197696685791016,
  "val_nll": 0.01723882183432579,
  "val_positive_drive_mean": 0.10472845286130905,
  "val_positive_logit_mean": 5.353477478027344,
  "val_positive_resistance_mean": 0.8108665347099304,
  "val_precision_mean": 0.2520725727081299,
  "val_resistance_noise_corr": 0.05127404257655144,
  "val_resistance_occlusion_corr": -0.1833057999610901,
  "val_sample_uncertainty_mean": NaN,
  "val_support_evidence_corr": -0.36633408069610596,
  "val_update_gate_mean": 0.05902222916483879
}