{
  "ambiguity_weight": 1.0,
  "attractor_entropy_weight": 0.0,
  "batch_size": 8,
  "best_metric": 0.25,
  "completed_steps": 4,
  "cuda_available": false,
  "dataset_name": "SyntheticShapeEnergyDataset",
  "device": "cpu",
  "early_stop": false,
  "early_stop_step": "",
  "early_stop_triggered": false,
  "examples_per_sec": 367.8004165296503,
  "final_diagnostics": {
    "ambiguity_mean": 0.5970578193664551,
    "ambiguity_std": 0.21241027116775513,
    "ambiguity_weight_mean": 1.0,
    "ambiguity_weight_std": 0.0,
    "attractor_activation_mean": 0.932252824306488,
    "attractor_activation_std": 6.382082938216627e-05,
    "attractor_diversity": 0.02606646716594696,
    "drive_mean": 0.009872988797724247,
    "drive_std": 0.05587514117360115,
    "energy_mean": -0.23617000877857208,
    "energy_std": 0.027008358389139175,
    "null_weight_mean": 0.166446253657341,
    "null_weight_std": 0.04578903689980507,
    "prototype_diversity_penalty_mean": 0.01443395484238863,
    "prototype_diversity_penalty_std": 0.0,
    "resistance_mean": 1.3624787330627441,
    "resistance_std": 0.11855335533618927,
    "sample_uncertainty_mean": 0.6932297348976135,
    "sample_uncertainty_std": 0.0,
    "update_gate_mean": 0.09069865942001343,
    "update_gate_std": 0.004864338785409927,
    "update_strength_mean": 0.8472053408622742,
    "update_strength_std": 0.04014408960938454
  },
  "final_metric": 0.0,
  "final_train_accuracy": 0.0,
  "final_train_loss": 1.6252551078796387,
  "git_commit": "19568db",
  "grad_norm": 5.138941764831543,
  "hostname": "BMW-Pro.local",
  "learning_rate": 0.001,
  "metrics_json": "{\"ambiguity_weight\": 1.0, \"attractor_entropy_weight\": 0.0, \"best_metric\": 0.25, \"completed_steps\": 4, \"early_stop_step\": \"\", \"early_stop_triggered\": false, \"examples_per_sec\": 367.8004165296503, \"final_diagnostics\": {\"ambiguity_mean\": 0.5970578193664551, \"ambiguity_std\": 0.21241027116775513, \"ambiguity_weight_mean\": 1.0, \"ambiguity_weight_std\": 0.0, \"attractor_activation_mean\": 0.932252824306488, \"attractor_activation_std\": 6.382082938216627e-05, \"attractor_diversity\": 0.02606646716594696, \"drive_mean\": 0.009872988797724247, \"drive_std\": 0.05587514117360115, \"energy_mean\": -0.23617000877857208, \"energy_std\": 0.027008358389139175, \"null_weight_mean\": 0.166446253657341, \"null_weight_std\": 0.04578903689980507, \"prototype_diversity_penalty_mean\": 0.01443395484238863, \"prototype_diversity_penalty_std\": 0.0, \"resistance_mean\": 1.3624787330627441, \"resistance_std\": 0.11855335533618927, \"sample_uncertainty_mean\": 0.6932297348976135, \"sample_uncertainty_std\": 0.0, \"update_gate_mean\": 0.09069865942001343, \"update_gate_std\": 0.004864338785409927, \"update_strength_mean\": 0.8472053408622742, \"update_strength_std\": 0.04014408960938454}, \"final_metric\": 0.0, \"final_train_accuracy\": 0.0, \"final_train_loss\": 1.6252551078796387, \"grad_norm\": 5.138941764831543, \"learning_rate\": 0.001, \"null_threshold\": 0.0, \"peak_memory_mb\": 0.0, \"precision_update_threshold\": 0.0, \"resistance_noise_corr\": -0.5612791776657104, \"resistance_occlusion_corr\": 0.4261055290699005, \"responsibility_temperature\": 0.8, \"step\": 4, \"step_time_sec\": 0.021750926971435547, \"top1_accuracy\": 0.0, \"top5_accuracy\": 1.0, \"total_train_time_sec\": 0.10303616523742676, \"train_accuracy\": 0.0, \"train_loss\": 1.6252551078796387, \"wall_clock_time_sec\": 0.10200023651123047, \"warmup_eta\": 1.0}",
  "min_delta": 0.0001,
  "mode": "smoke",
  "model_name": "EfficientEMLImageClassifier_staged",
  "null_threshold": 0.0,
  "num_params": 115573,
  "num_workers": 0,
  "patience": 20,
  "peak_memory_mb": 0.0,
  "platform": "macOS-26.0-arm64-arm-64bit",
  "precision_update_threshold": 0.0,
  "python_version": "3.12.12",
  "reason": "",
  "resistance_noise_corr": -0.5612791776657104,
  "resistance_occlusion_corr": 0.4261055290699005,
  "responsibility_temperature": 0.8,
  "run_dir": "reports/image_representation_ablation/runs/20260424_085200_efficient_combo_staged_seed1",
  "run_id": "efficient_combo_staged_seed1",
  "seed": 1,
  "status": "COMPLETED",
  "step": 4,
  "step_time_sec": 0.021750926971435547,
  "steps": 4,
  "task_name": "image_synthetic",
  "timestamp": "2026-04-24T08:52:00Z",
  "top1_accuracy": 0.0,
  "top5_accuracy": 1.0,
  "torch_version": "2.10.0",
  "torchvision_version": "unavailable",
  "total_train_time_sec": 0.10303616523742676,
  "train_accuracy": 0.0,
  "train_loss": 1.6252551078796387,
  "trainable_params": 115573,
  "wall_clock_time_sec": 0.10200023651123047,
  "warmup_enabled": true,
  "warmup_eta": 1.0
}