{
  "batch_size": 32,
  "best_metric": 0.1953125,
  "best_step": 10,
  "best_val_accuracy": 0.1953125,
  "cuda_available": false,
  "dataset_name": "synthetic_shape",
  "device": "cpu",
  "early_stop_triggered": true,
  "experiment_type": "end_to_end",
  "feature_dim": 64,
  "final_metric": 0.1953125,
  "final_train_accuracy": 0.4375,
  "final_train_loss": 1.3731794357299805,
  "git_commit": "3d40f93",
  "head_name": "merc_energy",
  "hostname": "BMW-Pro.local",
  "loss_mode": "ce",
  "lr": 0.001,
  "metrics_json": "{\"best_metric\": 0.1953125, \"best_step\": 10, \"best_val_accuracy\": 0.1953125, \"early_stop_triggered\": true, \"final_metric\": 0.1953125, \"final_train_accuracy\": 0.4375, \"final_train_loss\": 1.3731794357299805, \"steps_run\": 30, \"test_accuracy\": 0.1953125, \"test_ambiguity_mean\": NaN, \"test_brier\": 1.0569640398025513, \"test_class_resistance_mean\": NaN, \"test_ece\": 0.4430598020553589, \"test_hard_negative_drive_mean\": 2.3182549476623535, \"test_hard_negative_logit_mean\": 1.837253212928772, \"test_hard_negative_resistance_mean\": 0.19122517108917236, \"test_loss\": 2.1472065448760986, \"test_margin_mean\": -1.466302514076233, \"test_nll\": 2.1472065448760986, \"test_positive_drive_mean\": -0.0817275196313858, \"test_positive_logit_mean\": 0.370950847864151, \"test_positive_resistance_mean\": 0.9852066040039062, \"test_resistance_noise_corr\": -0.04981602355837822, \"test_resistance_occlusion_corr\": 0.0701824501156807, \"test_sample_uncertainty_mean\": NaN, \"total_train_time_sec\": 8.748559951782227, \"val_accuracy\": 0.1953125, \"val_ambiguity_mean\": NaN, \"val_brier\": 1.0659031867980957, \"val_class_resistance_mean\": NaN, \"val_ece\": 0.4430949091911316, \"val_hard_negative_drive_mean\": 2.318415403366089, \"val_hard_negative_logit_mean\": 1.8374627828598022, \"val_hard_negative_resistance_mean\": 0.19121073186397552, \"val_loss\": 2.188143491744995, \"val_margin_mean\": -1.5073131322860718, \"val_nll\": 2.188143491744995, \"val_positive_drive_mean\": -0.18778619170188904, \"val_positive_logit_mean\": 0.33014971017837524, \"val_positive_resistance_mean\": 1.0231249332427979, \"val_resistance_noise_corr\": 0.035067424178123474, \"val_resistance_occlusion_corr\": -0.107365682721138, \"val_sample_uncertainty_mean\": NaN}",
  "mode": "head_ablation",
  "model_class": "CNNHeadModel",
  "model_name": "merc_energy",
  "num_classes": 5,
  "num_params": 240478,
  "pairwise_margin": 0.0,
  "pairwise_weight": 0.0,
  "platform": "macOS-26.0-arm64-arm-64bit",
  "python_version": "3.12.12",
  "reason": "",
  "run_dir": "reports/merc_block_fix_smoke/runs/20260425_034626_e2e_synthetic_shape_merc_energy_ce_seed0",
  "run_id": "e2e_synthetic_shape_merc_energy_ce_seed0",
  "seed": 0,
  "status": "COMPLETED",
  "steps": 30,
  "steps_run": 30,
  "task_name": "image_classification",
  "test_accuracy": 0.1953125,
  "test_ambiguity_mean": NaN,
  "test_brier": 1.0569640398025513,
  "test_class_resistance_mean": NaN,
  "test_ece": 0.4430598020553589,
  "test_hard_negative_drive_mean": 2.3182549476623535,
  "test_hard_negative_logit_mean": 1.837253212928772,
  "test_hard_negative_resistance_mean": 0.19122517108917236,
  "test_loss": 2.1472065448760986,
  "test_margin_mean": -1.466302514076233,
  "test_nll": 2.1472065448760986,
  "test_positive_drive_mean": -0.0817275196313858,
  "test_positive_logit_mean": 0.370950847864151,
  "test_positive_resistance_mean": 0.9852066040039062,
  "test_resistance_noise_corr": -0.04981602355837822,
  "test_resistance_occlusion_corr": 0.0701824501156807,
  "test_sample_uncertainty_mean": NaN,
  "timestamp": "2026-04-25T03:46:35Z",
  "torch_version": "2.10.0",
  "torchvision_version": "unavailable",
  "total_train_time_sec": 8.748559951782227,
  "trainable_params": 240478,
  "use_eml_residual_bank": false,
  "use_merc_block": false,
  "val_accuracy": 0.1953125,
  "val_ambiguity_mean": NaN,
  "val_brier": 1.0659031867980957,
  "val_class_resistance_mean": NaN,
  "val_ece": 0.4430949091911316,
  "val_hard_negative_drive_mean": 2.318415403366089,
  "val_hard_negative_logit_mean": 1.8374627828598022,
  "val_hard_negative_resistance_mean": 0.19121073186397552,
  "val_loss": 2.188143491744995,
  "val_margin_mean": -1.5073131322860718,
  "val_nll": 2.188143491744995,
  "val_positive_drive_mean": -0.18778619170188904,
  "val_positive_logit_mean": 0.33014971017837524,
  "val_positive_resistance_mean": 1.0231249332427979,
  "val_resistance_noise_corr": 0.035067424178123474,
  "val_resistance_occlusion_corr": -0.107365682721138,
  "val_sample_uncertainty_mean": NaN
}