{
  "batch_size": 64,
  "best_metric": 0.9765625,
  "best_step": 75,
  "clean_accuracy": 0.9908854365348816,
  "clean_brier": 0.027869535610079765,
  "clean_confidence_mean": 0.9441269040107727,
  "clean_conflict_resistance_corr": NaN,
  "clean_conflict_score_mean": 0.7259185910224915,
  "clean_ece": 0.0467585027217865,
  "clean_nll": 0.08371565490961075,
  "clean_positive_resistance_mean": 0.7051103711128235,
  "clean_resistance_noise_corr": -3.204570191428502e-07,
  "clean_resistance_occlusion_corr": NaN,
  "clean_risk_at_100_coverage": 0.009114563465118408,
  "clean_risk_at_50_coverage": 0.013020813465118408,
  "clean_risk_at_70_coverage": 0.009293675422668457,
  "clean_risk_at_80_coverage": 0.009756088256835938,
  "clean_risk_at_90_coverage": 0.010115623474121094,
  "clean_score_name": "positive_resistance",
  "clean_selective_aurc": 0.006661104969680309,
  "clean_support_score_mean": 1.1072593927383423,
  "clean_uncertainty_mean": 0.7051103711128235,
  "clean_vs_noisy_auroc": 0.49952951073646545,
  "clean_vs_occluded_auroc": 0.4651730954647064,
  "condition_metrics_path": "reports/uncertainty_resistance_true_20260427/runs/20260427_015317_uncertainty_synthetic_shape_merc_linear_seed0/uncertainty_eval.pt",
  "cuda_available": true,
  "dataset_name": "synthetic_shape",
  "device": "cuda",
  "early_stop_patience": 4,
  "early_stop_triggered": true,
  "experiment_type": "frozen_features_uncertainty",
  "feature_dim": 64,
  "final_metric": 0.9908854365348816,
  "final_train_loss": 0.12888815999031067,
  "git_commit": "0c0b3db",
  "hostname": "user-NF5468M6",
  "metrics_json": "{\"best_metric\": 0.9765625, \"best_step\": 75, \"clean_accuracy\": 0.9908854365348816, \"clean_brier\": 0.027869535610079765, \"clean_confidence_mean\": 0.9441269040107727, \"clean_conflict_resistance_corr\": NaN, \"clean_conflict_score_mean\": 0.7259185910224915, \"clean_ece\": 0.0467585027217865, \"clean_nll\": 0.08371565490961075, \"clean_positive_resistance_mean\": 0.7051103711128235, \"clean_resistance_noise_corr\": -3.204570191428502e-07, \"clean_resistance_occlusion_corr\": NaN, \"clean_risk_at_100_coverage\": 0.009114563465118408, \"clean_risk_at_50_coverage\": 0.013020813465118408, \"clean_risk_at_70_coverage\": 0.009293675422668457, \"clean_risk_at_80_coverage\": 0.009756088256835938, \"clean_risk_at_90_coverage\": 0.010115623474121094, \"clean_score_name\": \"positive_resistance\", \"clean_selective_aurc\": 0.006661104969680309, \"clean_support_score_mean\": 1.1072593927383423, \"clean_uncertainty_mean\": 0.7051103711128235, \"clean_vs_noisy_auroc\": 0.49952951073646545, \"clean_vs_occluded_auroc\": 0.4651730954647064, \"condition_metrics_path\": \"reports/uncertainty_resistance_true_20260427/runs/20260427_015317_uncertainty_synthetic_shape_merc_linear_seed0/uncertainty_eval.pt\", \"early_stop_patience\": 4, \"early_stop_triggered\": true, \"final_metric\": 0.9908854365348816, \"final_train_loss\": 0.12888815999031067, \"noisy_accuracy\": 0.9443359375, \"noisy_brier\": 0.08552112430334091, \"noisy_confidence_mean\": 0.9296696186065674, \"noisy_conflict_resistance_corr\": -1.3808547194571474e-08, \"noisy_conflict_score_mean\": 0.6149621605873108, \"noisy_ece\": 0.03226752579212189, \"noisy_nll\": 0.17583945393562317, \"noisy_positive_resistance_mean\": 0.7067274451255798, \"noisy_resistance_noise_corr\": NaN, \"noisy_resistance_occlusion_corr\": NaN, \"noisy_risk_at_100_coverage\": 0.0556640625, \"noisy_risk_at_50_coverage\": 0.06640625, \"noisy_risk_at_70_coverage\": 0.04741978645324707, \"noisy_risk_at_80_coverage\": 0.060975611209869385, \"noisy_risk_at_90_coverage\": 0.06182211637496948, \"noisy_score_name\": \"positive_resistance\", \"noisy_selective_aurc\": 0.0372895747423172, \"noisy_support_score_mean\": 1.3365787267684937, \"noisy_uncertainty_mean\": 0.7067274451255798, \"occluded_accuracy\": 0.880859375, \"occluded_brier\": 0.1703149527311325, \"occluded_confidence_mean\": 0.8916528224945068, \"occluded_conflict_resistance_corr\": -0.16852927207946777, \"occluded_conflict_score_mean\": 0.6556565761566162, \"occluded_ece\": 0.03606918081641197, \"occluded_nll\": 0.382072389125824, \"occluded_positive_resistance_mean\": 0.6844489574432373, \"occluded_resistance_noise_corr\": 5.318107909602077e-08, \"occluded_resistance_occlusion_corr\": 0.02092108316719532, \"occluded_risk_at_100_coverage\": 0.119140625, \"occluded_risk_at_50_coverage\": 0.130859375, \"occluded_risk_at_70_coverage\": 0.12831240892410278, \"occluded_risk_at_80_coverage\": 0.1341463327407837, \"occluded_risk_at_90_coverage\": 0.1323210597038269, \"occluded_score_name\": \"positive_resistance\", \"occluded_selective_aurc\": 0.08967761695384979, \"occluded_support_score_mean\": 1.195448637008667, \"occluded_uncertainty_mean\": 0.6844489574432373, \"pooled_conflict_resistance_corr\": -0.12768149375915527, \"pooled_resistance_noise_corr\": 0.029622554779052734, \"pooled_resistance_occlusion_corr\": -0.011279608123004436, \"steps_run\": 175, \"total_train_time_sec\": 12.421416282653809}",
  "mode": "uncertainty_benchmark",
  "model_class": "MERCHeadLinearReadout",
  "model_name": "merc_linear",
  "noisy_accuracy": 0.9443359375,
  "noisy_brier": 0.08552112430334091,
  "noisy_confidence_mean": 0.9296696186065674,
  "noisy_conflict_resistance_corr": -1.3808547194571474e-08,
  "noisy_conflict_score_mean": 0.6149621605873108,
  "noisy_ece": 0.03226752579212189,
  "noisy_nll": 0.17583945393562317,
  "noisy_positive_resistance_mean": 0.7067274451255798,
  "noisy_resistance_noise_corr": NaN,
  "noisy_resistance_occlusion_corr": NaN,
  "noisy_risk_at_100_coverage": 0.0556640625,
  "noisy_risk_at_50_coverage": 0.06640625,
  "noisy_risk_at_70_coverage": 0.04741978645324707,
  "noisy_risk_at_80_coverage": 0.060975611209869385,
  "noisy_risk_at_90_coverage": 0.06182211637496948,
  "noisy_score_name": "positive_resistance",
  "noisy_selective_aurc": 0.0372895747423172,
  "noisy_support_score_mean": 1.3365787267684937,
  "noisy_uncertainty_mean": 0.7067274451255798,
  "num_classes": 5,
  "num_params": 92222,
  "num_workers": 0,
  "occluded_accuracy": 0.880859375,
  "occluded_brier": 0.1703149527311325,
  "occluded_confidence_mean": 0.8916528224945068,
  "occluded_conflict_resistance_corr": -0.16852927207946777,
  "occluded_conflict_score_mean": 0.6556565761566162,
  "occluded_ece": 0.03606918081641197,
  "occluded_nll": 0.382072389125824,
  "occluded_positive_resistance_mean": 0.6844489574432373,
  "occluded_resistance_noise_corr": 5.318107909602077e-08,
  "occluded_resistance_occlusion_corr": 0.02092108316719532,
  "occluded_risk_at_100_coverage": 0.119140625,
  "occluded_risk_at_50_coverage": 0.130859375,
  "occluded_risk_at_70_coverage": 0.12831240892410278,
  "occluded_risk_at_80_coverage": 0.1341463327407837,
  "occluded_risk_at_90_coverage": 0.1323210597038269,
  "occluded_score_name": "positive_resistance",
  "occluded_selective_aurc": 0.08967761695384979,
  "occluded_support_score_mean": 1.195448637008667,
  "occluded_uncertainty_mean": 0.6844489574432373,
  "platform": "Linux-5.4.0-216-generic-x86_64-with-glibc2.31",
  "pooled_conflict_resistance_corr": -0.12768149375915527,
  "pooled_resistance_noise_corr": 0.029622554779052734,
  "pooled_resistance_occlusion_corr": -0.011279608123004436,
  "python_version": "3.10.20",
  "reason": "",
  "run_dir": "reports/uncertainty_resistance_true_20260427/runs/20260427_015317_uncertainty_synthetic_shape_merc_linear_seed0",
  "run_id": "uncertainty_synthetic_shape_merc_linear_seed0",
  "seed": 0,
  "status": "COMPLETED",
  "steps_run": 175,
  "task_name": "image_uncertainty_selective_classification",
  "test_size": 1024,
  "timestamp": "2026-04-27T01:53:30Z",
  "torch_version": "2.7.1+cu118",
  "torchvision_version": "0.22.1+cu118",
  "total_train_time_sec": 12.421416282653809,
  "train_size": 4096,
  "trainable_params": 92222
}