{
  "batch_size": 16,
  "best_metric": 0.5,
  "completed_steps": 50,
  "cuda_available": false,
  "dataset_name": "SyntheticShapeEnergyDataset",
  "device": "cpu",
  "early_stop": false,
  "early_stop_step": "",
  "early_stop_triggered": false,
  "examples_per_sec": 275.6237226876951,
  "final_diagnostics": {
    "ambiguity_mean": 0.14267632365226746,
    "ambiguity_std": 0.09899801015853882,
    "ambiguity_weight_mean": 0.0,
    "ambiguity_weight_std": 0.0,
    "attractor_activation_mean": 0.9339120984077454,
    "attractor_activation_std": 0.00020299047173466533,
    "attractor_diversity": 0.5362694263458252,
    "drive_mean": 0.0006745982100255787,
    "drive_std": 0.06606390327215195,
    "energy_mean": -0.23668761551380157,
    "energy_std": 0.02358565479516983,
    "null_weight_mean": 0.16004250943660736,
    "null_weight_std": 0.045795977115631104,
    "prototype_diversity_penalty_mean": 0.037546634674072266,
    "prototype_diversity_penalty_std": 0.0,
    "resistance_mean": 1.3621137142181396,
    "resistance_std": 0.11707519739866257,
    "sample_uncertainty_mean": 0.7004039287567139,
    "sample_uncertainty_std": 0.0,
    "update_gate_mean": 0.09119504690170288,
    "update_gate_std": 0.00465458445250988,
    "update_strength_mean": 0.8546003699302673,
    "update_strength_std": 0.03827635198831558
  },
  "final_metric": 0.125,
  "final_train_accuracy": 0.125,
  "final_train_loss": 1.612617015838623,
  "git_commit": "19568db",
  "grad_norm": 0.24112507700920105,
  "hostname": "BMW-Pro.local",
  "learning_rate": 0.001,
  "metrics_json": "{\"best_metric\": 0.5, \"completed_steps\": 50, \"early_stop_step\": \"\", \"early_stop_triggered\": false, \"examples_per_sec\": 275.6237226876951, \"final_diagnostics\": {\"ambiguity_mean\": 0.14267632365226746, \"ambiguity_std\": 0.09899801015853882, \"ambiguity_weight_mean\": 0.0, \"ambiguity_weight_std\": 0.0, \"attractor_activation_mean\": 0.9339120984077454, \"attractor_activation_std\": 0.00020299047173466533, \"attractor_diversity\": 0.5362694263458252, \"drive_mean\": 0.0006745982100255787, \"drive_std\": 0.06606390327215195, \"energy_mean\": -0.23668761551380157, \"energy_std\": 0.02358565479516983, \"null_weight_mean\": 0.16004250943660736, \"null_weight_std\": 0.045795977115631104, \"prototype_diversity_penalty_mean\": 0.037546634674072266, \"prototype_diversity_penalty_std\": 0.0, \"resistance_mean\": 1.3621137142181396, \"resistance_std\": 0.11707519739866257, \"sample_uncertainty_mean\": 0.7004039287567139, \"sample_uncertainty_std\": 0.0, \"update_gate_mean\": 0.09119504690170288, \"update_gate_std\": 0.00465458445250988, \"update_strength_mean\": 0.8546003699302673, \"update_strength_std\": 0.03827635198831558}, \"final_metric\": 0.125, \"final_train_accuracy\": 0.125, \"final_train_loss\": 1.612617015838623, \"grad_norm\": 0.24112507700920105, \"learning_rate\": 0.001, \"peak_memory_mb\": 0.0, \"resistance_noise_corr\": NaN, \"resistance_occlusion_corr\": NaN, \"step\": 50, \"step_time_sec\": 0.05805015563964844, \"top1_accuracy\": 0.125, \"top5_accuracy\": 1.0, \"total_train_time_sec\": 2.8467631340026855, \"train_accuracy\": 0.125, \"train_loss\": 1.612617015838623, \"wall_clock_time_sec\": 2.843463182449341}",
  "min_delta": 0.0001,
  "mode": "ablation",
  "model_name": "prototype_head_without_ambiguity",
  "num_params": 115573,
  "num_workers": 0,
  "patience": 20,
  "peak_memory_mb": 0.0,
  "platform": "macOS-26.0-arm64-arm-64bit",
  "python_version": "3.12.12",
  "reason": "",
  "resistance_noise_corr": NaN,
  "resistance_occlusion_corr": NaN,
  "run_dir": "reports/runs/stabilization_ablation_cpu_20260424_155136/20260424_075201_ablation_head_without_ambiguity",
  "run_id": "ablation_head_without_ambiguity",
  "seed": 39,
  "status": "COMPLETED",
  "step": 50,
  "step_time_sec": 0.05805015563964844,
  "steps": 50,
  "task_name": "image_synthetic",
  "timestamp": "2026-04-24T07:52:04Z",
  "top1_accuracy": 0.125,
  "top5_accuracy": 1.0,
  "torch_version": "2.10.0",
  "torchvision_version": "unavailable",
  "total_train_time_sec": 2.8467631340026855,
  "train_accuracy": 0.125,
  "train_loss": 1.612617015838623,
  "trainable_params": 115573,
  "wall_clock_time_sec": 2.843463182449341,
  "warmup_enabled": true
}