{
  "model_class": "EMLEdgeFunctionNetwork",
  "num_params": 9671,
  "target_mean": 0.014244438149034977,
  "target_std": 0.7277418971061707,
  "trainable_params": 9671
}