{
  "batch_size": 64,
  "best_metric": 0.48046875,
  "best_step": 225,
  "clean_accuracy": 0.4596354067325592,
  "clean_brier": 0.7155779004096985,
  "clean_confidence_mean": 0.34427520632743835,
  "clean_ece": 0.12455294281244278,
  "clean_nll": 1.591789722442627,
  "clean_positive_resistance_mean": 0.7040619254112244,
  "clean_resistance_noise_corr": NaN,
  "clean_resistance_occlusion_corr": NaN,
  "clean_risk_at_100_coverage": 0.5403646230697632,
  "clean_risk_at_50_coverage": 0.2421875,
  "clean_risk_at_70_coverage": 0.3791821599006653,
  "clean_risk_at_80_coverage": 0.43252032995224,
  "clean_risk_at_90_coverage": 0.4898843765258789,
  "clean_score_name": "positive_resistance",
  "clean_selective_aurc": 0.24166783690452576,
  "clean_uncertainty_mean": 0.7040619254112244,
  "clean_vs_noisy_auroc": 0.5378430485725403,
  "clean_vs_occluded_auroc": 0.5202319025993347,
  "condition_metrics_path": "reports/uncertainty_remote_20260424_175558/runs/20260424_095637_uncertainty_cifar10_eml_centered_ambiguity_seed0/uncertainty_eval.pt",
  "cuda_available": true,
  "dataset_name": "cifar10",
  "device": "cuda",
  "early_stop_patience": 4,
  "early_stop_triggered": false,
  "experiment_type": "frozen_features_uncertainty",
  "feature_dim": 64,
  "final_metric": 0.4596354067325592,
  "final_train_loss": 1.3960702419281006,
  "git_commit": "unknown",
  "hostname": "user-NF5468M6",
  "metrics_json": "{\"best_metric\": 0.48046875, \"best_step\": 225, \"clean_accuracy\": 0.4596354067325592, \"clean_brier\": 0.7155779004096985, \"clean_confidence_mean\": 0.34427520632743835, \"clean_ece\": 0.12455294281244278, \"clean_nll\": 1.591789722442627, \"clean_positive_resistance_mean\": 0.7040619254112244, \"clean_resistance_noise_corr\": NaN, \"clean_resistance_occlusion_corr\": NaN, \"clean_risk_at_100_coverage\": 0.5403646230697632, \"clean_risk_at_50_coverage\": 0.2421875, \"clean_risk_at_70_coverage\": 0.3791821599006653, \"clean_risk_at_80_coverage\": 0.43252032995224, \"clean_risk_at_90_coverage\": 0.4898843765258789, \"clean_score_name\": \"positive_resistance\", \"clean_selective_aurc\": 0.24166783690452576, \"clean_uncertainty_mean\": 0.7040619254112244, \"clean_vs_noisy_auroc\": 0.5378430485725403, \"clean_vs_occluded_auroc\": 0.5202319025993347, \"condition_metrics_path\": \"reports/uncertainty_remote_20260424_175558/runs/20260424_095637_uncertainty_cifar10_eml_centered_ambiguity_seed0/uncertainty_eval.pt\", \"early_stop_patience\": 4, \"early_stop_triggered\": false, \"final_metric\": 0.4596354067325592, \"final_train_loss\": 1.3960702419281006, \"noisy_accuracy\": 0.416015625, \"noisy_brier\": 0.7334453463554382, \"noisy_confidence_mean\": 0.3449902832508087, \"noisy_ece\": 0.07570769637823105, \"noisy_nll\": 1.6553267240524292, \"noisy_positive_resistance_mean\": 0.7300865650177002, \"noisy_resistance_noise_corr\": NaN, \"noisy_resistance_occlusion_corr\": NaN, \"noisy_risk_at_100_coverage\": 0.583984375, \"noisy_risk_at_50_coverage\": 0.275390625, \"noisy_risk_at_70_coverage\": 0.43793582916259766, \"noisy_risk_at_80_coverage\": 0.49268293380737305, \"noisy_risk_at_90_coverage\": 0.5401301383972168, \"noisy_score_name\": \"positive_resistance\", \"noisy_selective_aurc\": 0.27674174308776855, \"noisy_uncertainty_mean\": 0.7300865650177002, \"occluded_accuracy\": 0.4462890625, \"occluded_brier\": 0.7324457764625549, \"occluded_confidence_mean\": 0.3409234285354614, \"occluded_ece\": 0.1064077690243721, \"occluded_nll\": 1.667169213294983, \"occluded_positive_resistance_mean\": 0.7170127630233765, \"occluded_resistance_noise_corr\": NaN, \"occluded_resistance_occlusion_corr\": NaN, \"occluded_risk_at_100_coverage\": 0.5537109375, \"occluded_risk_at_50_coverage\": 0.263671875, \"occluded_risk_at_70_coverage\": 0.4016736149787903, \"occluded_risk_at_80_coverage\": 0.44999998807907104, \"occluded_risk_at_90_coverage\": 0.5043383836746216, \"occluded_score_name\": \"positive_resistance\", \"occluded_selective_aurc\": 0.2589392364025116, \"occluded_uncertainty_mean\": 0.7170127630233765, \"pooled_resistance_noise_corr\": NaN, \"pooled_resistance_occlusion_corr\": NaN, \"steps_run\": 250, \"total_train_time_sec\": 5.55986475944519}",
  "mode": "uncertainty_benchmark",
  "model_class": "EMLPrototypeHeadCenteredAmbiguity",
  "model_name": "eml_centered_ambiguity",
  "noisy_accuracy": 0.416015625,
  "noisy_brier": 0.7334453463554382,
  "noisy_confidence_mean": 0.3449902832508087,
  "noisy_ece": 0.07570769637823105,
  "noisy_nll": 1.6553267240524292,
  "noisy_positive_resistance_mean": 0.7300865650177002,
  "noisy_resistance_noise_corr": NaN,
  "noisy_resistance_occlusion_corr": NaN,
  "noisy_risk_at_100_coverage": 0.583984375,
  "noisy_risk_at_50_coverage": 0.275390625,
  "noisy_risk_at_70_coverage": 0.43793582916259766,
  "noisy_risk_at_80_coverage": 0.49268293380737305,
  "noisy_risk_at_90_coverage": 0.5401301383972168,
  "noisy_score_name": "positive_resistance",
  "noisy_selective_aurc": 0.27674174308776855,
  "noisy_uncertainty_mean": 0.7300865650177002,
  "num_classes": 10,
  "num_params": 18977,
  "num_workers": 0,
  "occluded_accuracy": 0.4462890625,
  "occluded_brier": 0.7324457764625549,
  "occluded_confidence_mean": 0.3409234285354614,
  "occluded_ece": 0.1064077690243721,
  "occluded_nll": 1.667169213294983,
  "occluded_positive_resistance_mean": 0.7170127630233765,
  "occluded_resistance_noise_corr": NaN,
  "occluded_resistance_occlusion_corr": NaN,
  "occluded_risk_at_100_coverage": 0.5537109375,
  "occluded_risk_at_50_coverage": 0.263671875,
  "occluded_risk_at_70_coverage": 0.4016736149787903,
  "occluded_risk_at_80_coverage": 0.44999998807907104,
  "occluded_risk_at_90_coverage": 0.5043383836746216,
  "occluded_score_name": "positive_resistance",
  "occluded_selective_aurc": 0.2589392364025116,
  "occluded_uncertainty_mean": 0.7170127630233765,
  "platform": "Linux-5.4.0-216-generic-x86_64-with-glibc2.31",
  "pooled_resistance_noise_corr": NaN,
  "pooled_resistance_occlusion_corr": NaN,
  "python_version": "3.10.20",
  "reason": "",
  "run_dir": "reports/uncertainty_remote_20260424_175558/runs/20260424_095637_uncertainty_cifar10_eml_centered_ambiguity_seed0",
  "run_id": "uncertainty_cifar10_eml_centered_ambiguity_seed0",
  "seed": 0,
  "status": "COMPLETED",
  "steps_run": 250,
  "task_name": "image_uncertainty_selective_classification",
  "test_size": 1024,
  "timestamp": "2026-04-24T09:56:43Z",
  "torch_version": "2.7.1+cu118",
  "torchvision_version": "0.22.1+cu118",
  "total_train_time_sec": 5.55986475944519,
  "train_size": 4096,
  "trainable_params": 18977
}