{
  "batch_size": 32,
  "best_metric": 0.99609375,
  "best_step": 100,
  "best_val_accuracy": 0.99609375,
  "cuda_available": true,
  "dataset_name": "synthetic_evidence",
  "device": "cuda",
  "early_stop_triggered": false,
  "experiment_type": "frozen_features",
  "feature_dim": 64,
  "features_dir": "reports/head_ablation/features/synthetic_evidence_medium_seed1",
  "final_metric": 0.9921875,
  "final_train_accuracy": 1.0,
  "final_train_loss": 0.0009380721603520215,
  "git_commit": "unknown",
  "hostname": "user-NF5468M6",
  "lr": 0.001,
  "metrics_json": "{\"best_metric\": 0.99609375, \"best_step\": 100, \"best_val_accuracy\": 0.99609375, \"early_stop_triggered\": false, \"final_metric\": 0.9921875, \"final_train_accuracy\": 1.0, \"final_train_loss\": 0.0009380721603520215, \"steps_run\": 300, \"test_accuracy\": 0.9921875, \"test_ambiguity_mean\": NaN, \"test_brier\": 0.013500128872692585, \"test_class_resistance_mean\": NaN, \"test_conflict_resistance_corr\": 0.016027111560106277, \"test_ece\": 0.006995744071900845, \"test_hard_negative_drive_mean\": -12.942258834838867, \"test_hard_negative_logit_mean\": -0.9815371036529541, \"test_hard_negative_resistance_mean\": 13.361282348632812, \"test_loss\": 0.036957528442144394, \"test_margin_mean\": 6.889675140380859, \"test_nll\": 0.036957528442144394, \"test_positive_drive_mean\": 11.025395393371582, \"test_positive_logit_mean\": 5.908138275146484, \"test_positive_resistance_mean\": 0.04063737019896507, \"test_precision_mean\": 0.2216750830411911, \"test_resistance_noise_corr\": -0.014545894227921963, \"test_resistance_occlusion_corr\": 0.006824227049946785, \"test_sample_uncertainty_mean\": NaN, \"test_support_evidence_corr\": 0.5672589540481567, \"test_update_gate_mean\": 0.05225522816181183, \"total_train_time_sec\": 8.87514877319336, \"val_accuracy\": 0.9921875, \"val_ambiguity_mean\": NaN, \"val_brier\": 0.01593492552638054, \"val_class_resistance_mean\": NaN, \"val_conflict_resistance_corr\": 0.019551986828446388, \"val_ece\": 0.007496964652091265, \"val_hard_negative_drive_mean\": -12.985814094543457, \"val_hard_negative_logit_mean\": -0.9690462350845337, \"val_hard_negative_resistance_mean\": 13.396265029907227, \"val_loss\": 0.04962204769253731, \"val_margin_mean\": 6.886302947998047, \"val_nll\": 0.04962204769253731, \"val_positive_drive_mean\": 11.126113891601562, \"val_positive_logit_mean\": 5.9172563552856445, \"val_positive_resistance_mean\": 0.05026482418179512, \"val_precision_mean\": 0.22302602231502533, \"val_resistance_noise_corr\": -0.01643388904631138, \"val_resistance_occlusion_corr\": 0.1947215497493744, \"val_sample_uncertainty_mean\": NaN, \"val_support_evidence_corr\": 0.6169893145561218, \"val_update_gate_mean\": 0.05254828929901123}",
  "mode": "head_ablation",
  "model_class": "MERCHeadClassEnergySmall",
  "model_name": "merc_energy_small",
  "num_classes": 2,
  "num_params": 91370,
  "pairwise_margin": 0.0,
  "pairwise_weight": 0.0,
  "platform": "Linux-5.4.0-216-generic-x86_64-with-glibc2.31",
  "python_version": "3.10.20",
  "reason": "",
  "run_dir": "reports/merc_synthetic_evidence/runs/20260425_031629_frozen_synthetic_evidence_merc_energy_small_seed1",
  "run_id": "frozen_synthetic_evidence_merc_energy_small_seed1",
  "seed": 1,
  "status": "COMPLETED",
  "steps": 300,
  "steps_run": 300,
  "task_name": "image_classification",
  "test_accuracy": 0.9921875,
  "test_ambiguity_mean": NaN,
  "test_brier": 0.013500128872692585,
  "test_class_resistance_mean": NaN,
  "test_conflict_resistance_corr": 0.016027111560106277,
  "test_ece": 0.006995744071900845,
  "test_hard_negative_drive_mean": -12.942258834838867,
  "test_hard_negative_logit_mean": -0.9815371036529541,
  "test_hard_negative_resistance_mean": 13.361282348632812,
  "test_loss": 0.036957528442144394,
  "test_margin_mean": 6.889675140380859,
  "test_nll": 0.036957528442144394,
  "test_positive_drive_mean": 11.025395393371582,
  "test_positive_logit_mean": 5.908138275146484,
  "test_positive_resistance_mean": 0.04063737019896507,
  "test_precision_mean": 0.2216750830411911,
  "test_resistance_noise_corr": -0.014545894227921963,
  "test_resistance_occlusion_corr": 0.006824227049946785,
  "test_sample_uncertainty_mean": NaN,
  "test_support_evidence_corr": 0.5672589540481567,
  "test_update_gate_mean": 0.05225522816181183,
  "timestamp": "2026-04-25T03:16:37Z",
  "torch_version": "2.7.1+cu118",
  "torchvision_version": "0.22.1+cu118",
  "total_train_time_sec": 8.87514877319336,
  "trainable_params": 91370,
  "val_accuracy": 0.9921875,
  "val_ambiguity_mean": NaN,
  "val_brier": 0.01593492552638054,
  "val_class_resistance_mean": NaN,
  "val_conflict_resistance_corr": 0.019551986828446388,
  "val_ece": 0.007496964652091265,
  "val_hard_negative_drive_mean": -12.985814094543457,
  "val_hard_negative_logit_mean": -0.9690462350845337,
  "val_hard_negative_resistance_mean": 13.396265029907227,
  "val_loss": 0.04962204769253731,
  "val_margin_mean": 6.886302947998047,
  "val_nll": 0.04962204769253731,
  "val_positive_drive_mean": 11.126113891601562,
  "val_positive_logit_mean": 5.9172563552856445,
  "val_positive_resistance_mean": 0.05026482418179512,
  "val_precision_mean": 0.22302602231502533,
  "val_resistance_noise_corr": -0.01643388904631138,
  "val_resistance_occlusion_corr": 0.1947215497493744,
  "val_sample_uncertainty_mean": NaN,
  "val_support_evidence_corr": 0.6169893145561218,
  "val_update_gate_mean": 0.05254828929901123
}