{
  "best_metric": 0.9912109375,
  "best_step": 275,
  "clean_accuracy": 0.9912109375,
  "clean_aurc": 0.0005224907072260976,
  "clean_ece": 0.07043622434139252,
  "clean_resistance_noise_corr": -1.319646969477617e-07,
  "clean_resistance_occlusion_corr": NaN,
  "clean_vs_noisy_auroc": 0.5818386077880859,
  "clean_vs_occluded_auroc": 0.5946006774902344,
  "cuda_available": true,
  "dataset_name": "synthetic_shape_uncertainty",
  "device": "cuda",
  "early_stop_triggered": true,
  "final_metric": 0.9912109375,
  "git_commit": "0c0b3db",
  "hostname": "user-NF5468M6",
  "metrics_json": "{\"best_metric\": 0.9912109375, \"best_step\": 275, \"clean_accuracy\": 0.9912109375, \"clean_aurc\": 0.0005224907072260976, \"clean_ece\": 0.07043622434139252, \"clean_resistance_noise_corr\": -1.319646969477617e-07, \"clean_resistance_occlusion_corr\": NaN, \"clean_vs_noisy_auroc\": 0.5818386077880859, \"clean_vs_occluded_auroc\": 0.5946006774902344, \"early_stop_triggered\": true, \"final_metric\": 0.9912109375, \"noisy_accuracy\": 0.9755859375, \"noisy_aurc\": 0.0015780794201418757, \"noisy_ece\": 0.0697641521692276, \"noisy_resistance_noise_corr\": NaN, \"noisy_resistance_occlusion_corr\": NaN, \"occluded_accuracy\": 0.861328125, \"occluded_aurc\": 0.020445186644792557, \"occluded_ece\": 0.03912311792373657, \"occluded_resistance_noise_corr\": -2.024612655304736e-08, \"occluded_resistance_occlusion_corr\": 0.7584783434867859, \"steps_run\": 375, \"total_train_time_sec\": 38.56858730316162}",
  "mode": "medium",
  "model_name": "cnn_cosine_prototype",
  "noisy_accuracy": 0.9755859375,
  "noisy_aurc": 0.0015780794201418757,
  "noisy_ece": 0.0697641521692276,
  "noisy_resistance_noise_corr": NaN,
  "noisy_resistance_occlusion_corr": NaN,
  "occluded_accuracy": 0.861328125,
  "occluded_aurc": 0.020445186644792557,
  "occluded_ece": 0.03912311792373657,
  "occluded_resistance_noise_corr": -2.024612655304736e-08,
  "occluded_resistance_occlusion_corr": 0.7584783434867859,
  "platform": "Linux-5.4.0-216-generic-x86_64-with-glibc2.31",
  "python_version": "3.10.20",
  "reason": "",
  "run_dir": "reports/pluggable_primitive_real_20260427/end_to_end_runs/20260427_050312_uncertainty_e2e_synthetic_shape_uncertainty_cnn_cosine_prototype_seed2",
  "run_id": "uncertainty_e2e_synthetic_shape_uncertainty_cnn_cosine_prototype_seed2",
  "seed": 2,
  "status": "COMPLETED",
  "steps_run": 375,
  "task_name": "end_to_end_uncertainty",
  "timestamp": "2026-04-27T05:03:51Z",
  "torch_version": "2.7.1+cu118",
  "torchvision_version": "0.22.1+cu118",
  "total_train_time_sec": 38.56858730316162
}