{
  "batch_size": 64,
  "best_metric": 0.427734375,
  "best_step": 200,
  "best_val_accuracy": 0.427734375,
  "cuda_available": true,
  "dataset_name": "cifar10",
  "device": "cuda",
  "experiment_type": "end_to_end",
  "feature_dim": 64,
  "final_metric": 0.455078125,
  "final_train_accuracy": 0.390625,
  "final_train_loss": 1.5994703769683838,
  "git_commit": "unknown",
  "head_name": "eml_no_ambiguity",
  "hostname": "user-NF5468M6",
  "loss_mode": "ce",
  "lr": 0.001,
  "metrics_json": "{\"best_metric\": 0.427734375, \"best_step\": 200, \"best_val_accuracy\": 0.427734375, \"final_metric\": 0.455078125, \"final_train_accuracy\": 0.390625, \"final_train_loss\": 1.5994703769683838, \"test_accuracy\": 0.455078125, \"test_ambiguity_mean\": 0.0, \"test_brier\": 0.697271466255188, \"test_class_resistance_mean\": 0.20062017440795898, \"test_ece\": 0.11215761303901672, \"test_hard_negative_drive_mean\": 6.021907806396484, \"test_hard_negative_logit_mean\": 1.9069550037384033, \"test_hard_negative_resistance_mean\": 3.3775506019592285, \"test_loss\": 1.5691312551498413, \"test_margin_mean\": -0.2903260588645935, \"test_nll\": 1.5691312551498413, \"test_positive_drive_mean\": 5.243724822998047, \"test_positive_logit_mean\": 1.616628885269165, \"test_positive_resistance_mean\": 3.3769803047180176, \"test_resistance_noise_corr\": NaN, \"test_resistance_occlusion_corr\": NaN, \"test_sample_uncertainty_mean\": 3.176377296447754, \"total_train_time_sec\": 6.142462253570557, \"val_accuracy\": 0.427734375, \"val_ambiguity_mean\": 0.0, \"val_brier\": 0.7003268599510193, \"val_class_resistance_mean\": 0.20062017440795898, \"val_ece\": 0.07771186530590057, \"val_hard_negative_drive_mean\": 6.168575763702393, \"val_hard_negative_logit_mean\": 1.943900227546692, \"val_hard_negative_resistance_mean\": 3.2885563373565674, \"val_loss\": 1.5489262342453003, \"val_margin_mean\": -0.2927505373954773, \"val_nll\": 1.5489262342453003, \"val_positive_drive_mean\": 5.305454254150391, \"val_positive_logit_mean\": 1.6511497497558594, \"val_positive_resistance_mean\": 3.288315534591675, \"val_resistance_noise_corr\": NaN, \"val_resistance_occlusion_corr\": NaN, \"val_sample_uncertainty_mean\": 3.0876669883728027}",
  "mode": "head_ablation",
  "model_class": "CNNHeadModel",
  "model_name": "eml_no_ambiguity",
  "num_classes": 10,
  "num_params": 167233,
  "pairwise_margin": 0.0,
  "pairwise_weight": 0.0,
  "platform": "Linux-5.4.0-216-generic-x86_64-with-glibc2.31",
  "python_version": "3.10.20",
  "reason": "",
  "run_dir": "reports/head_ablation/runs/20260424_082940_e2e_cifar10_eml_no_ambiguity_ce_seed2",
  "run_id": "e2e_cifar10_eml_no_ambiguity_ce_seed2",
  "seed": 2,
  "status": "COMPLETED",
  "steps": 200,
  "task_name": "image_classification",
  "test_accuracy": 0.455078125,
  "test_ambiguity_mean": 0.0,
  "test_brier": 0.697271466255188,
  "test_class_resistance_mean": 0.20062017440795898,
  "test_ece": 0.11215761303901672,
  "test_hard_negative_drive_mean": 6.021907806396484,
  "test_hard_negative_logit_mean": 1.9069550037384033,
  "test_hard_negative_resistance_mean": 3.3775506019592285,
  "test_loss": 1.5691312551498413,
  "test_margin_mean": -0.2903260588645935,
  "test_nll": 1.5691312551498413,
  "test_positive_drive_mean": 5.243724822998047,
  "test_positive_logit_mean": 1.616628885269165,
  "test_positive_resistance_mean": 3.3769803047180176,
  "test_resistance_noise_corr": NaN,
  "test_resistance_occlusion_corr": NaN,
  "test_sample_uncertainty_mean": 3.176377296447754,
  "timestamp": "2026-04-24T08:29:46Z",
  "torch_version": "2.7.1+cu118",
  "torchvision_version": "0.22.1+cu118",
  "total_train_time_sec": 6.142462253570557,
  "trainable_params": 167233,
  "use_eml_residual_bank": false,
  "val_accuracy": 0.427734375,
  "val_ambiguity_mean": 0.0,
  "val_brier": 0.7003268599510193,
  "val_class_resistance_mean": 0.20062017440795898,
  "val_ece": 0.07771186530590057,
  "val_hard_negative_drive_mean": 6.168575763702393,
  "val_hard_negative_logit_mean": 1.943900227546692,
  "val_hard_negative_resistance_mean": 3.2885563373565674,
  "val_loss": 1.5489262342453003,
  "val_margin_mean": -0.2927505373954773,
  "val_nll": 1.5489262342453003,
  "val_positive_drive_mean": 5.305454254150391,
  "val_positive_logit_mean": 1.6511497497558594,
  "val_positive_resistance_mean": 3.288315534591675,
  "val_resistance_noise_corr": NaN,
  "val_resistance_occlusion_corr": NaN,
  "val_sample_uncertainty_mean": 3.0876669883728027
}