{
  "best_metric": 1.0,
  "cuda_available": false,
  "dataset_name": "synthetic_probe_tensors",
  "device": "cpu",
  "final_diagnostics": {
    "drive_mean": -0.0001331197563558817,
    "drive_std": 0.001764467335306108,
    "energy_mean": -0.880975604057312,
    "energy_std": 0.21293717622756958,
    "gate_activation_rate": 0.30202096700668335,
    "gate_mean": 0.30202096700668335,
    "gate_std": 0.15101048350334167,
    "message_norm_mean": 0.08834462612867355,
    "message_norm_std": 0.0145155293866992,
    "resistance_mean": 0.00034172023879364133,
    "resistance_std": 0.0019341952865943313,
    "responsibility_entropy_mean": 1.4710299968719482,
    "responsibility_entropy_std": 2.992129338963423e-06,
    "update_gate_mean": 0.2689392566680908,
    "update_gate_std": 3.840241697616875e-05,
    "update_strength_mean": 1.0,
    "update_strength_std": 0.0
  },
  "final_metric": 1.0,
  "git_commit": "19568db",
  "hostname": "BMW-Pro.local",
  "message_norm_mean": 0.08834462612867355,
  "metrics_json": "{\"best_metric\": 1.0, \"final_diagnostics\": {\"drive_mean\": -0.0001331197563558817, \"drive_std\": 0.001764467335306108, \"energy_mean\": -0.880975604057312, \"energy_std\": 0.21293717622756958, \"gate_activation_rate\": 0.30202096700668335, \"gate_mean\": 0.30202096700668335, \"gate_std\": 0.15101048350334167, \"message_norm_mean\": 0.08834462612867355, \"message_norm_std\": 0.0145155293866992, \"resistance_mean\": 0.00034172023879364133, \"resistance_std\": 0.0019341952865943313, \"responsibility_entropy_mean\": 1.4710299968719482, \"responsibility_entropy_std\": 2.992129338963423e-06, \"update_gate_mean\": 0.2689392566680908, \"update_gate_std\": 3.840241697616875e-05, \"update_strength_mean\": 1.0, \"update_strength_std\": 0.0}, \"final_metric\": 1.0, \"message_norm_mean\": 0.08834462612867355, \"nan_inf_count\": 0.0, \"peak_memory_mb\": 0.0, \"step\": 1, \"step_time_sec\": 0.0007958412170410156, \"total_train_time_sec\": 0.0007958412170410156, \"train_loss\": 0.0, \"update_norm_mean\": 1.1487970352172852, \"wall_clock_time_sec\": 0.0007958412170410156}",
  "mode": "ablation",
  "model_name": "ablation_sigmoid_gate_mean",
  "nan_inf_count": 0.0,
  "num_params": 14151,
  "peak_memory_mb": 0.0,
  "platform": "macOS-26.0-arm64-arm-64bit",
  "python_version": "3.12.12",
  "reason": "",
  "responsibility_distribution_mode": "standard",
  "responsibility_mode": false,
  "run_dir": "reports/runs/stabilization_ablation_cpu/20260424_074859_ablation_sigmoid_gate_mean",
  "run_id": "ablation_sigmoid_gate_mean",
  "seed": 24,
  "status": "COMPLETED",
  "step": 1,
  "step_time_sec": 0.0007958412170410156,
  "task_name": "mechanism_probe",
  "timestamp": "2026-04-24T07:48:59Z",
  "torch_version": "2.10.0",
  "torchvision_version": "unavailable",
  "total_train_time_sec": 0.0007958412170410156,
  "train_loss": 0.0,
  "trainable_params": 14151,
  "update_mode": "sigmoid",
  "update_norm_mean": 1.1487970352172852,
  "use_null": false,
  "wall_clock_time_sec": 0.0007958412170410156
}