{
  "batch_size": 64,
  "best_metric": 0.98046875,
  "best_step": 50,
  "clean_accuracy": 0.99609375,
  "clean_brier": 0.16895848512649536,
  "clean_confidence_mean": 0.6427825689315796,
  "clean_ece": 0.35416799783706665,
  "clean_nll": 0.4497610330581665,
  "clean_risk_at_100_coverage": 0.00390625,
  "clean_risk_at_50_coverage": 0.0,
  "clean_risk_at_70_coverage": 0.0,
  "clean_risk_at_80_coverage": 0.0,
  "clean_risk_at_90_coverage": 0.0,
  "clean_score_name": "one_minus_confidence",
  "clean_selective_aurc": 6.562230555573478e-05,
  "clean_uncertainty_mean": 0.3572174608707428,
  "clean_vs_noisy_auroc": 0.6815350651741028,
  "clean_vs_occluded_auroc": 0.5903358459472656,
  "condition_metrics_path": "reports/uncertainty_resistance_true_20260427/runs/20260427_015507_uncertainty_synthetic_shape_linear_seed2/uncertainty_eval.pt",
  "cuda_available": true,
  "dataset_name": "synthetic_shape",
  "device": "cuda",
  "early_stop_patience": 4,
  "early_stop_triggered": true,
  "experiment_type": "frozen_features_uncertainty",
  "feature_dim": 64,
  "final_metric": 0.99609375,
  "final_train_loss": 0.2288116216659546,
  "git_commit": "0c0b3db",
  "hostname": "user-NF5468M6",
  "metrics_json": "{\"best_metric\": 0.98046875, \"best_step\": 50, \"clean_accuracy\": 0.99609375, \"clean_brier\": 0.16895848512649536, \"clean_confidence_mean\": 0.6427825689315796, \"clean_ece\": 0.35416799783706665, \"clean_nll\": 0.4497610330581665, \"clean_risk_at_100_coverage\": 0.00390625, \"clean_risk_at_50_coverage\": 0.0, \"clean_risk_at_70_coverage\": 0.0, \"clean_risk_at_80_coverage\": 0.0, \"clean_risk_at_90_coverage\": 0.0, \"clean_score_name\": \"one_minus_confidence\", \"clean_selective_aurc\": 6.562230555573478e-05, \"clean_uncertainty_mean\": 0.3572174608707428, \"clean_vs_noisy_auroc\": 0.6815350651741028, \"clean_vs_occluded_auroc\": 0.5903358459472656, \"condition_metrics_path\": \"reports/uncertainty_resistance_true_20260427/runs/20260427_015507_uncertainty_synthetic_shape_linear_seed2/uncertainty_eval.pt\", \"early_stop_patience\": 4, \"early_stop_triggered\": true, \"final_metric\": 0.99609375, \"final_train_loss\": 0.2288116216659546, \"noisy_accuracy\": 0.9208984375, \"noisy_brier\": 0.2733209729194641, \"noisy_confidence_mean\": 0.5768553018569946, \"noisy_ece\": 0.34739190340042114, \"noisy_nll\": 0.6133085489273071, \"noisy_risk_at_100_coverage\": 0.0791015625, \"noisy_risk_at_50_coverage\": 0.005859375, \"noisy_risk_at_70_coverage\": 0.012552320957183838, \"noisy_risk_at_80_coverage\": 0.019512176513671875, \"noisy_risk_at_90_coverage\": 0.03253793716430664, \"noisy_score_name\": \"one_minus_confidence\", \"noisy_selective_aurc\": 0.012140042148530483, \"noisy_uncertainty_mean\": 0.42314469814300537, \"occluded_accuracy\": 0.90234375, \"occluded_brier\": 0.26229822635650635, \"occluded_confidence_mean\": 0.5907690525054932, \"occluded_ece\": 0.3115748167037964, \"occluded_nll\": 0.6097819805145264, \"occluded_risk_at_100_coverage\": 0.09765625, \"occluded_risk_at_50_coverage\": 0.0, \"occluded_risk_at_70_coverage\": 0.004184126853942871, \"occluded_risk_at_80_coverage\": 0.008536577224731445, \"occluded_risk_at_90_coverage\": 0.04229933023452759, \"occluded_score_name\": \"one_minus_confidence\", \"occluded_selective_aurc\": 0.009937047027051449, \"occluded_uncertainty_mean\": 0.4092310070991516, \"steps_run\": 150, \"total_train_time_sec\": 3.9111738204956055}",
  "mode": "uncertainty_benchmark",
  "model_class": "LinearHead",
  "model_name": "linear",
  "noisy_accuracy": 0.9208984375,
  "noisy_brier": 0.2733209729194641,
  "noisy_confidence_mean": 0.5768553018569946,
  "noisy_ece": 0.34739190340042114,
  "noisy_nll": 0.6133085489273071,
  "noisy_risk_at_100_coverage": 0.0791015625,
  "noisy_risk_at_50_coverage": 0.005859375,
  "noisy_risk_at_70_coverage": 0.012552320957183838,
  "noisy_risk_at_80_coverage": 0.019512176513671875,
  "noisy_risk_at_90_coverage": 0.03253793716430664,
  "noisy_score_name": "one_minus_confidence",
  "noisy_selective_aurc": 0.012140042148530483,
  "noisy_uncertainty_mean": 0.42314469814300537,
  "num_classes": 5,
  "num_params": 325,
  "num_workers": 0,
  "occluded_accuracy": 0.90234375,
  "occluded_brier": 0.26229822635650635,
  "occluded_confidence_mean": 0.5907690525054932,
  "occluded_ece": 0.3115748167037964,
  "occluded_nll": 0.6097819805145264,
  "occluded_risk_at_100_coverage": 0.09765625,
  "occluded_risk_at_50_coverage": 0.0,
  "occluded_risk_at_70_coverage": 0.004184126853942871,
  "occluded_risk_at_80_coverage": 0.008536577224731445,
  "occluded_risk_at_90_coverage": 0.04229933023452759,
  "occluded_score_name": "one_minus_confidence",
  "occluded_selective_aurc": 0.009937047027051449,
  "occluded_uncertainty_mean": 0.4092310070991516,
  "platform": "Linux-5.4.0-216-generic-x86_64-with-glibc2.31",
  "python_version": "3.10.20",
  "reason": "",
  "run_dir": "reports/uncertainty_resistance_true_20260427/runs/20260427_015507_uncertainty_synthetic_shape_linear_seed2",
  "run_id": "uncertainty_synthetic_shape_linear_seed2",
  "seed": 2,
  "status": "COMPLETED",
  "steps_run": 150,
  "task_name": "image_uncertainty_selective_classification",
  "test_size": 1024,
  "timestamp": "2026-04-27T01:55:10Z",
  "torch_version": "2.7.1+cu118",
  "torchvision_version": "0.22.1+cu118",
  "total_train_time_sec": 3.9111738204956055,
  "train_size": 4096,
  "trainable_params": 325
}