{
  "batch_size": 64,
  "best_metric": 0.427734375,
  "best_step": 300,
  "best_val_accuracy": 0.427734375,
  "cuda_available": true,
  "dataset_name": "cifar10",
  "device": "cuda",
  "experiment_type": "end_to_end",
  "feature_dim": 64,
  "final_metric": 0.451171875,
  "final_train_accuracy": 0.484375,
  "final_train_loss": 1.490251064300537,
  "git_commit": "unknown",
  "head_name": "eml_centered_ambiguity",
  "hostname": "user-NF5468M6",
  "loss_mode": "ce",
  "lr": 0.001,
  "metrics_json": "{\"best_metric\": 0.427734375, \"best_step\": 300, \"best_val_accuracy\": 0.427734375, \"final_metric\": 0.451171875, \"final_train_accuracy\": 0.484375, \"final_train_loss\": 1.490251064300537, \"test_accuracy\": 0.451171875, \"test_ambiguity_mean\": 1.109250545501709, \"test_brier\": 0.7038352489471436, \"test_class_resistance_mean\": 0.2002643644809723, \"test_ece\": 0.06810151785612106, \"test_hard_negative_drive_mean\": 6.4149675369262695, \"test_hard_negative_logit_mean\": 2.2601795196533203, \"test_hard_negative_resistance_mean\": 0.9951472878456116, \"test_loss\": 1.605770468711853, \"test_margin_mean\": -0.43351614475250244, \"test_nll\": 1.605770468711853, \"test_positive_drive_mean\": 5.199976921081543, \"test_positive_logit_mean\": 1.8266634941101074, \"test_positive_resistance_mean\": 0.957425594329834, \"test_resistance_noise_corr\": NaN, \"test_resistance_occlusion_corr\": NaN, \"test_sample_uncertainty_mean\": 0.00012769456952810287, \"total_train_time_sec\": 11.48655390739441, \"val_accuracy\": 0.427734375, \"val_ambiguity_mean\": 1.0810000896453857, \"val_brier\": 0.7083911895751953, \"val_class_resistance_mean\": 0.2002643644809723, \"val_ece\": 0.06332281231880188, \"val_hard_negative_drive_mean\": 6.371808052062988, \"val_hard_negative_logit_mean\": 2.268730640411377, \"val_hard_negative_resistance_mean\": 0.9680973887443542, \"val_loss\": 1.6161261796951294, \"val_margin_mean\": -0.44584184885025024, \"val_nll\": 1.6161261796951294, \"val_positive_drive_mean\": 4.993905067443848, \"val_positive_logit_mean\": 1.8228888511657715, \"val_positive_resistance_mean\": 0.9487042427062988, \"val_resistance_noise_corr\": NaN, \"val_resistance_occlusion_corr\": NaN, \"val_sample_uncertainty_mean\": 0.00013307889457792044}",
  "mode": "head_ablation",
  "model_class": "CNNHeadModel",
  "model_name": "eml_centered_ambiguity",
  "num_classes": 10,
  "num_params": 167233,
  "pairwise_margin": 0.0,
  "pairwise_weight": 0.0,
  "platform": "Linux-5.4.0-216-generic-x86_64-with-glibc2.31",
  "python_version": "3.10.20",
  "reason": "",
  "run_dir": "reports/real_cifar_20260424_165937/runs/20260424_090230_e2e_cifar10_eml_centered_ambiguity_ce_seed0",
  "run_id": "e2e_cifar10_eml_centered_ambiguity_ce_seed0",
  "seed": 0,
  "status": "COMPLETED",
  "steps": 300,
  "task_name": "image_classification",
  "test_accuracy": 0.451171875,
  "test_ambiguity_mean": 1.109250545501709,
  "test_brier": 0.7038352489471436,
  "test_class_resistance_mean": 0.2002643644809723,
  "test_ece": 0.06810151785612106,
  "test_hard_negative_drive_mean": 6.4149675369262695,
  "test_hard_negative_logit_mean": 2.2601795196533203,
  "test_hard_negative_resistance_mean": 0.9951472878456116,
  "test_loss": 1.605770468711853,
  "test_margin_mean": -0.43351614475250244,
  "test_nll": 1.605770468711853,
  "test_positive_drive_mean": 5.199976921081543,
  "test_positive_logit_mean": 1.8266634941101074,
  "test_positive_resistance_mean": 0.957425594329834,
  "test_resistance_noise_corr": NaN,
  "test_resistance_occlusion_corr": NaN,
  "test_sample_uncertainty_mean": 0.00012769456952810287,
  "timestamp": "2026-04-24T09:02:42Z",
  "torch_version": "2.7.1+cu118",
  "torchvision_version": "0.22.1+cu118",
  "total_train_time_sec": 11.48655390739441,
  "trainable_params": 167233,
  "use_eml_residual_bank": false,
  "val_accuracy": 0.427734375,
  "val_ambiguity_mean": 1.0810000896453857,
  "val_brier": 0.7083911895751953,
  "val_class_resistance_mean": 0.2002643644809723,
  "val_ece": 0.06332281231880188,
  "val_hard_negative_drive_mean": 6.371808052062988,
  "val_hard_negative_logit_mean": 2.268730640411377,
  "val_hard_negative_resistance_mean": 0.9680973887443542,
  "val_loss": 1.6161261796951294,
  "val_margin_mean": -0.44584184885025024,
  "val_nll": 1.6161261796951294,
  "val_positive_drive_mean": 4.993905067443848,
  "val_positive_logit_mean": 1.8228888511657715,
  "val_positive_resistance_mean": 0.9487042427062988,
  "val_resistance_noise_corr": NaN,
  "val_resistance_occlusion_corr": NaN,
  "val_sample_uncertainty_mean": 0.00013307889457792044
}