{
  "ambiguity_weight": NaN,
  "attractor_entropy_weight": NaN,
  "batch_size": 8,
  "best_metric": 0.625,
  "completed_steps": 20,
  "cuda_available": false,
  "dataset_name": "SyntheticShapeEnergyDataset",
  "device": "cpu",
  "early_stop": true,
  "early_stop_step": 20,
  "early_stop_triggered": true,
  "examples_per_sec": 847.1843865983286,
  "final_diagnostics": {
    "ambiguity_mean": 0.9752019643783569,
    "ambiguity_std": 0.6203827261924744,
    "ambiguity_weight_mean": 0.06666667014360428,
    "ambiguity_weight_std": 0.0,
    "drive_mean": 0.02684137411415577,
    "drive_std": 0.5046812295913696,
    "energy_mean": -0.8665525317192078,
    "energy_std": 0.3424323797225952,
    "gate_activation_rate": 0.2688266932964325,
    "gate_mean": 0.2688266932964325,
    "gate_std": 0.0007853844435885549,
    "resistance_mean": 0.1296783834695816,
    "resistance_std": 0.3272841274738312,
    "sample_uncertainty_mean": 0.6913589835166931,
    "sample_uncertainty_std": 0.0005423575057648122
  },
  "final_metric": 0.25,
  "final_train_accuracy": 0.25,
  "final_train_loss": 1.594855785369873,
  "git_commit": "9ce7b7d",
  "grad_norm": 0.511914074420929,
  "hostname": "Mac-mini.local",
  "learning_rate": 0.001,
  "metrics_json": "{\"ambiguity_weight\": NaN, \"attractor_entropy_weight\": NaN, \"best_metric\": 0.625, \"completed_steps\": 20, \"early_stop_step\": 20, \"early_stop_triggered\": true, \"examples_per_sec\": 847.1843865983286, \"final_diagnostics\": {\"ambiguity_mean\": 0.9752019643783569, \"ambiguity_std\": 0.6203827261924744, \"ambiguity_weight_mean\": 0.06666667014360428, \"ambiguity_weight_std\": 0.0, \"drive_mean\": 0.02684137411415577, \"drive_std\": 0.5046812295913696, \"energy_mean\": -0.8665525317192078, \"energy_std\": 0.3424323797225952, \"gate_activation_rate\": 0.2688266932964325, \"gate_mean\": 0.2688266932964325, \"gate_std\": 0.0007853844435885549, \"resistance_mean\": 0.1296783834695816, \"resistance_std\": 0.3272841274738312, \"sample_uncertainty_mean\": 0.6913589835166931, \"sample_uncertainty_std\": 0.0005423575057648122}, \"final_metric\": 0.25, \"final_train_accuracy\": 0.25, \"final_train_loss\": 1.594855785369873, \"grad_norm\": 0.511914074420929, \"learning_rate\": 0.001, \"null_threshold\": NaN, \"peak_memory_mb\": 0.0, \"precision_update_threshold\": NaN, \"resistance_noise_corr\": 0.554155170917511, \"resistance_occlusion_corr\": 0.07608815282583237, \"responsibility_temperature\": NaN, \"step\": 20, \"step_time_sec\": 0.009443044662475586, \"top1_accuracy\": 0.25, \"top5_accuracy\": 1.0, \"total_train_time_sec\": 0.24678707122802734, \"train_accuracy\": 0.25, \"train_loss\": 1.594855785369873, \"wall_clock_time_sec\": 0.2453169822692871, \"warmup_eta\": 0.06666666666666667}",
  "min_delta": 0.01,
  "mode": "ablation",
  "model_name": "cnn_eml",
  "null_threshold": NaN,
  "num_params": 162644,
  "num_workers": 0,
  "patience": 10,
  "peak_memory_mb": 0.0,
  "platform": "macOS-15.1-arm64-arm-64bit",
  "precision_update_threshold": NaN,
  "python_version": "3.12.7",
  "reason": "",
  "resistance_noise_corr": 0.554155170917511,
  "resistance_occlusion_corr": 0.07608815282583237,
  "responsibility_temperature": NaN,
  "run_dir": "reports/runs/20260505_123238_kan_compare_image_cnn_eml",
  "run_id": "kan_compare_image_cnn_eml",
  "seed": 0,
  "status": "COMPLETED",
  "step": 20,
  "step_time_sec": 0.009443044662475586,
  "steps": 300,
  "task_name": "image_synthetic",
  "timestamp": "2026-05-05T12:32:38Z",
  "top1_accuracy": 0.25,
  "top5_accuracy": 1.0,
  "torch_version": "2.10.0",
  "torchvision_version": "0.25.0",
  "total_train_time_sec": 0.24678707122802734,
  "train_accuracy": 0.25,
  "train_loss": 1.594855785369873,
  "trainable_params": 162644,
  "wall_clock_time_sec": 0.2453169822692871,
  "warmup_enabled": true,
  "warmup_eta": 0.06666666666666667
}