{
  "batch_size": 64,
  "best_metric": 0.48828125,
  "best_step": 200,
  "clean_accuracy": 0.4583333432674408,
  "clean_brier": 0.7154948711395264,
  "clean_confidence_mean": 0.3449830114841461,
  "clean_ece": 0.11506985127925873,
  "clean_nll": 1.6035279035568237,
  "clean_positive_resistance_mean": 5.149715423583984,
  "clean_resistance_noise_corr": NaN,
  "clean_resistance_occlusion_corr": NaN,
  "clean_risk_at_100_coverage": 0.5416666269302368,
  "clean_risk_at_50_coverage": 0.4322916865348816,
  "clean_risk_at_70_coverage": 0.48327136039733887,
  "clean_risk_at_80_coverage": 0.5089430809020996,
  "clean_risk_at_90_coverage": 0.5332369804382324,
  "clean_score_name": "positive_resistance",
  "clean_selective_aurc": 0.4382859170436859,
  "clean_uncertainty_mean": 5.149715423583984,
  "clean_vs_noisy_auroc": 0.4556770324707031,
  "clean_vs_occluded_auroc": 0.5172882080078125,
  "condition_metrics_path": "reports/uncertainty_resistance_true_20260427/runs/20260427_015727_uncertainty_cifar10_eml_no_ambiguity_seed0/uncertainty_eval.pt",
  "cuda_available": true,
  "dataset_name": "cifar10",
  "device": "cuda",
  "early_stop_patience": 4,
  "early_stop_triggered": false,
  "experiment_type": "frozen_features_uncertainty",
  "feature_dim": 64,
  "final_metric": 0.4583333432674408,
  "final_train_loss": 1.3922826051712036,
  "git_commit": "0c0b3db",
  "hostname": "user-NF5468M6",
  "metrics_json": "{\"best_metric\": 0.48828125, \"best_step\": 200, \"clean_accuracy\": 0.4583333432674408, \"clean_brier\": 0.7154948711395264, \"clean_confidence_mean\": 0.3449830114841461, \"clean_ece\": 0.11506985127925873, \"clean_nll\": 1.6035279035568237, \"clean_positive_resistance_mean\": 5.149715423583984, \"clean_resistance_noise_corr\": NaN, \"clean_resistance_occlusion_corr\": NaN, \"clean_risk_at_100_coverage\": 0.5416666269302368, \"clean_risk_at_50_coverage\": 0.4322916865348816, \"clean_risk_at_70_coverage\": 0.48327136039733887, \"clean_risk_at_80_coverage\": 0.5089430809020996, \"clean_risk_at_90_coverage\": 0.5332369804382324, \"clean_score_name\": \"positive_resistance\", \"clean_selective_aurc\": 0.4382859170436859, \"clean_uncertainty_mean\": 5.149715423583984, \"clean_vs_noisy_auroc\": 0.4556770324707031, \"clean_vs_occluded_auroc\": 0.5172882080078125, \"condition_metrics_path\": \"reports/uncertainty_resistance_true_20260427/runs/20260427_015727_uncertainty_cifar10_eml_no_ambiguity_seed0/uncertainty_eval.pt\", \"early_stop_patience\": 4, \"early_stop_triggered\": false, \"final_metric\": 0.4583333432674408, \"final_train_loss\": 1.3922826051712036, \"noisy_accuracy\": 0.4189453125, \"noisy_brier\": 0.7328877449035645, \"noisy_confidence_mean\": 0.3463159501552582, \"noisy_ece\": 0.07987779378890991, \"noisy_nll\": 1.6617082357406616, \"noisy_positive_resistance_mean\": 4.111342430114746, \"noisy_resistance_noise_corr\": NaN, \"noisy_resistance_occlusion_corr\": NaN, \"noisy_risk_at_100_coverage\": 0.5810546875, \"noisy_risk_at_50_coverage\": 0.48828125, \"noisy_risk_at_70_coverage\": 0.5369595289230347, \"noisy_risk_at_80_coverage\": 0.5682926774024963, \"noisy_risk_at_90_coverage\": 0.5889371037483215, \"noisy_score_name\": \"positive_resistance\", \"noisy_selective_aurc\": 0.5037417411804199, \"noisy_uncertainty_mean\": 4.111342430114746, \"occluded_accuracy\": 0.4404296875, \"occluded_brier\": 0.730692446231842, \"occluded_confidence_mean\": 0.34167391061782837, \"occluded_ece\": 0.10478345304727554, \"occluded_nll\": 1.6659536361694336, \"occluded_positive_resistance_mean\": 5.095969200134277, \"occluded_resistance_noise_corr\": NaN, \"occluded_resistance_occlusion_corr\": NaN, \"occluded_risk_at_100_coverage\": 0.5595703125, \"occluded_risk_at_50_coverage\": 0.490234375, \"occluded_risk_at_70_coverage\": 0.517433762550354, \"occluded_risk_at_80_coverage\": 0.5292682647705078, \"occluded_risk_at_90_coverage\": 0.5531453490257263, \"occluded_score_name\": \"positive_resistance\", \"occluded_selective_aurc\": 0.47562354803085327, \"occluded_uncertainty_mean\": 5.095969200134277, \"pooled_resistance_noise_corr\": -0.10656990855932236, \"pooled_resistance_occlusion_corr\": 0.05706898868083954, \"steps_run\": 250, \"total_train_time_sec\": 19.174208164215088}",
  "mode": "uncertainty_benchmark",
  "model_class": "EMLPrototypeHeadNoAmbiguity",
  "model_name": "eml_no_ambiguity",
  "noisy_accuracy": 0.4189453125,
  "noisy_brier": 0.7328877449035645,
  "noisy_confidence_mean": 0.3463159501552582,
  "noisy_ece": 0.07987779378890991,
  "noisy_nll": 1.6617082357406616,
  "noisy_positive_resistance_mean": 4.111342430114746,
  "noisy_resistance_noise_corr": NaN,
  "noisy_resistance_occlusion_corr": NaN,
  "noisy_risk_at_100_coverage": 0.5810546875,
  "noisy_risk_at_50_coverage": 0.48828125,
  "noisy_risk_at_70_coverage": 0.5369595289230347,
  "noisy_risk_at_80_coverage": 0.5682926774024963,
  "noisy_risk_at_90_coverage": 0.5889371037483215,
  "noisy_score_name": "positive_resistance",
  "noisy_selective_aurc": 0.5037417411804199,
  "noisy_uncertainty_mean": 4.111342430114746,
  "num_classes": 10,
  "num_params": 18977,
  "num_workers": 0,
  "occluded_accuracy": 0.4404296875,
  "occluded_brier": 0.730692446231842,
  "occluded_confidence_mean": 0.34167391061782837,
  "occluded_ece": 0.10478345304727554,
  "occluded_nll": 1.6659536361694336,
  "occluded_positive_resistance_mean": 5.095969200134277,
  "occluded_resistance_noise_corr": NaN,
  "occluded_resistance_occlusion_corr": NaN,
  "occluded_risk_at_100_coverage": 0.5595703125,
  "occluded_risk_at_50_coverage": 0.490234375,
  "occluded_risk_at_70_coverage": 0.517433762550354,
  "occluded_risk_at_80_coverage": 0.5292682647705078,
  "occluded_risk_at_90_coverage": 0.5531453490257263,
  "occluded_score_name": "positive_resistance",
  "occluded_selective_aurc": 0.47562354803085327,
  "occluded_uncertainty_mean": 5.095969200134277,
  "platform": "Linux-5.4.0-216-generic-x86_64-with-glibc2.31",
  "pooled_resistance_noise_corr": -0.10656990855932236,
  "pooled_resistance_occlusion_corr": 0.05706898868083954,
  "python_version": "3.10.20",
  "reason": "",
  "run_dir": "reports/uncertainty_resistance_true_20260427/runs/20260427_015727_uncertainty_cifar10_eml_no_ambiguity_seed0",
  "run_id": "uncertainty_cifar10_eml_no_ambiguity_seed0",
  "seed": 0,
  "status": "COMPLETED",
  "steps_run": 250,
  "task_name": "image_uncertainty_selective_classification",
  "test_size": 1024,
  "timestamp": "2026-04-27T01:57:47Z",
  "torch_version": "2.7.1+cu118",
  "torchvision_version": "0.22.1+cu118",
  "total_train_time_sec": 19.174208164215088,
  "train_size": 4096,
  "trainable_params": 18977
}