{
  "model_class": "LinearSplineKANNetwork",
  "num_params": 150529,
  "target_mean": 0.0008691922412253916,
  "target_std": 0.7189498543739319,
  "trainable_params": 150529
}