{
  "batch_size": 64,
  "best_metric": 0.984375,
  "best_step": 100,
  "clean_accuracy": 0.9973958134651184,
  "clean_brier": 0.004548755940049887,
  "clean_confidence_mean": 0.9978222846984863,
  "clean_conflict_resistance_corr": NaN,
  "clean_conflict_score_mean": 0.7964679598808289,
  "clean_ece": 0.0012943147448822856,
  "clean_nll": 0.011486447416245937,
  "clean_positive_resistance_mean": 0.7871773838996887,
  "clean_resistance_noise_corr": -1.33010942704459e-07,
  "clean_resistance_occlusion_corr": NaN,
  "clean_risk_at_100_coverage": 0.002604186534881592,
  "clean_risk_at_50_coverage": 0.005208313465118408,
  "clean_risk_at_70_coverage": 0.003717482089996338,
  "clean_risk_at_80_coverage": 0.0032520294189453125,
  "clean_risk_at_90_coverage": 0.002890169620513916,
  "clean_score_name": "positive_resistance",
  "clean_selective_aurc": 0.004460756201297045,
  "clean_support_score_mean": 1.1801221370697021,
  "clean_uncertainty_mean": 0.7871773838996887,
  "clean_vs_noisy_auroc": 0.5147552490234375,
  "clean_vs_occluded_auroc": 0.47249603271484375,
  "condition_metrics_path": "reports/uncertainty_resistance_true_20260427/runs/20260427_015601_uncertainty_synthetic_shape_merc_linear_seed2/uncertainty_eval.pt",
  "cuda_available": true,
  "dataset_name": "synthetic_shape",
  "device": "cuda",
  "early_stop_patience": 4,
  "early_stop_triggered": true,
  "experiment_type": "frozen_features_uncertainty",
  "feature_dim": 64,
  "final_metric": 0.9973958134651184,
  "final_train_loss": 0.026926854625344276,
  "git_commit": "0c0b3db",
  "hostname": "user-NF5468M6",
  "metrics_json": "{\"best_metric\": 0.984375, \"best_step\": 100, \"clean_accuracy\": 0.9973958134651184, \"clean_brier\": 0.004548755940049887, \"clean_confidence_mean\": 0.9978222846984863, \"clean_conflict_resistance_corr\": NaN, \"clean_conflict_score_mean\": 0.7964679598808289, \"clean_ece\": 0.0012943147448822856, \"clean_nll\": 0.011486447416245937, \"clean_positive_resistance_mean\": 0.7871773838996887, \"clean_resistance_noise_corr\": -1.33010942704459e-07, \"clean_resistance_occlusion_corr\": NaN, \"clean_risk_at_100_coverage\": 0.002604186534881592, \"clean_risk_at_50_coverage\": 0.005208313465118408, \"clean_risk_at_70_coverage\": 0.003717482089996338, \"clean_risk_at_80_coverage\": 0.0032520294189453125, \"clean_risk_at_90_coverage\": 0.002890169620513916, \"clean_score_name\": \"positive_resistance\", \"clean_selective_aurc\": 0.004460756201297045, \"clean_support_score_mean\": 1.1801221370697021, \"clean_uncertainty_mean\": 0.7871773838996887, \"clean_vs_noisy_auroc\": 0.5147552490234375, \"clean_vs_occluded_auroc\": 0.47249603271484375, \"condition_metrics_path\": \"reports/uncertainty_resistance_true_20260427/runs/20260427_015601_uncertainty_synthetic_shape_merc_linear_seed2/uncertainty_eval.pt\", \"early_stop_patience\": 4, \"early_stop_triggered\": true, \"final_metric\": 0.9973958134651184, \"final_train_loss\": 0.026926854625344276, \"noisy_accuracy\": 0.9677734375, \"noisy_brier\": 0.050206322222948074, \"noisy_confidence_mean\": 0.9897038340568542, \"noisy_conflict_resistance_corr\": 1.499450874575814e-08, \"noisy_conflict_score_mean\": 0.6745034456253052, \"noisy_ece\": 0.021930349990725517, \"noisy_nll\": 0.10366953164339066, \"noisy_positive_resistance_mean\": 0.7927194833755493, \"noisy_resistance_noise_corr\": NaN, \"noisy_resistance_occlusion_corr\": NaN, \"noisy_risk_at_100_coverage\": 0.0322265625, \"noisy_risk_at_50_coverage\": 0.041015625, \"noisy_risk_at_70_coverage\": 0.03765690326690674, \"noisy_risk_at_80_coverage\": 0.03658539056777954, \"noisy_risk_at_90_coverage\": 0.035791754722595215, \"noisy_score_name\": \"positive_resistance\", \"noisy_selective_aurc\": 0.03538069501519203, \"noisy_support_score_mean\": 1.33910071849823, \"noisy_uncertainty_mean\": 0.7927194833755493, \"occluded_accuracy\": 0.9072265625, \"occluded_brier\": 0.13427703082561493, \"occluded_confidence_mean\": 0.9403601884841919, \"occluded_conflict_resistance_corr\": -0.1709679812192917, \"occluded_conflict_score_mean\": 0.7424785494804382, \"occluded_ece\": 0.03612659126520157, \"occluded_nll\": 0.3643781244754791, \"occluded_positive_resistance_mean\": 0.7747246026992798, \"occluded_resistance_noise_corr\": 1.084588845401413e-07, \"occluded_resistance_occlusion_corr\": -0.09340167045593262, \"occluded_risk_at_100_coverage\": 0.0927734375, \"occluded_risk_at_50_coverage\": 0.15625, \"occluded_risk_at_70_coverage\": 0.11854952573776245, \"occluded_risk_at_80_coverage\": 0.10487806797027588, \"occluded_risk_at_90_coverage\": 0.10303688049316406, \"occluded_score_name\": \"positive_resistance\", \"occluded_selective_aurc\": 0.11311512440443039, \"occluded_support_score_mean\": 1.161473274230957, \"occluded_uncertainty_mean\": 0.7747246026992798, \"pooled_conflict_resistance_corr\": -0.12589947879314423, \"pooled_resistance_noise_corr\": 0.03490329533815384, \"pooled_resistance_occlusion_corr\": -0.06739545613527298, \"steps_run\": 200, \"total_train_time_sec\": 14.37035608291626}",
  "mode": "uncertainty_benchmark",
  "model_class": "MERCHeadLinearReadout",
  "model_name": "merc_linear",
  "noisy_accuracy": 0.9677734375,
  "noisy_brier": 0.050206322222948074,
  "noisy_confidence_mean": 0.9897038340568542,
  "noisy_conflict_resistance_corr": 1.499450874575814e-08,
  "noisy_conflict_score_mean": 0.6745034456253052,
  "noisy_ece": 0.021930349990725517,
  "noisy_nll": 0.10366953164339066,
  "noisy_positive_resistance_mean": 0.7927194833755493,
  "noisy_resistance_noise_corr": NaN,
  "noisy_resistance_occlusion_corr": NaN,
  "noisy_risk_at_100_coverage": 0.0322265625,
  "noisy_risk_at_50_coverage": 0.041015625,
  "noisy_risk_at_70_coverage": 0.03765690326690674,
  "noisy_risk_at_80_coverage": 0.03658539056777954,
  "noisy_risk_at_90_coverage": 0.035791754722595215,
  "noisy_score_name": "positive_resistance",
  "noisy_selective_aurc": 0.03538069501519203,
  "noisy_support_score_mean": 1.33910071849823,
  "noisy_uncertainty_mean": 0.7927194833755493,
  "num_classes": 5,
  "num_params": 92222,
  "num_workers": 0,
  "occluded_accuracy": 0.9072265625,
  "occluded_brier": 0.13427703082561493,
  "occluded_confidence_mean": 0.9403601884841919,
  "occluded_conflict_resistance_corr": -0.1709679812192917,
  "occluded_conflict_score_mean": 0.7424785494804382,
  "occluded_ece": 0.03612659126520157,
  "occluded_nll": 0.3643781244754791,
  "occluded_positive_resistance_mean": 0.7747246026992798,
  "occluded_resistance_noise_corr": 1.084588845401413e-07,
  "occluded_resistance_occlusion_corr": -0.09340167045593262,
  "occluded_risk_at_100_coverage": 0.0927734375,
  "occluded_risk_at_50_coverage": 0.15625,
  "occluded_risk_at_70_coverage": 0.11854952573776245,
  "occluded_risk_at_80_coverage": 0.10487806797027588,
  "occluded_risk_at_90_coverage": 0.10303688049316406,
  "occluded_score_name": "positive_resistance",
  "occluded_selective_aurc": 0.11311512440443039,
  "occluded_support_score_mean": 1.161473274230957,
  "occluded_uncertainty_mean": 0.7747246026992798,
  "platform": "Linux-5.4.0-216-generic-x86_64-with-glibc2.31",
  "pooled_conflict_resistance_corr": -0.12589947879314423,
  "pooled_resistance_noise_corr": 0.03490329533815384,
  "pooled_resistance_occlusion_corr": -0.06739545613527298,
  "python_version": "3.10.20",
  "reason": "",
  "run_dir": "reports/uncertainty_resistance_true_20260427/runs/20260427_015601_uncertainty_synthetic_shape_merc_linear_seed2",
  "run_id": "uncertainty_synthetic_shape_merc_linear_seed2",
  "seed": 2,
  "status": "COMPLETED",
  "steps_run": 200,
  "task_name": "image_uncertainty_selective_classification",
  "test_size": 1024,
  "timestamp": "2026-04-27T01:56:16Z",
  "torch_version": "2.7.1+cu118",
  "torchvision_version": "0.22.1+cu118",
  "total_train_time_sec": 14.37035608291626,
  "train_size": 4096,
  "trainable_params": 92222
}