{
  "batch_size": 64,
  "best_metric": 0.5390625,
  "best_step": 300,
  "best_val_accuracy": 0.5390625,
  "cuda_available": true,
  "dataset_name": "cifar10",
  "device": "cuda",
  "early_stop_triggered": false,
  "experiment_type": "frozen_features",
  "feature_dim": 64,
  "features_dir": "reports/head_ablation/features/cifar10_medium_seed0",
  "final_metric": 0.509765625,
  "final_train_accuracy": 0.578125,
  "final_train_loss": 1.2855476140975952,
  "git_commit": "unknown",
  "hostname": "user-NF5468M6",
  "lr": 0.001,
  "metrics_json": "{\"best_metric\": 0.5390625, \"best_step\": 300, \"best_val_accuracy\": 0.5390625, \"early_stop_triggered\": false, \"final_metric\": 0.509765625, \"final_train_accuracy\": 0.578125, \"final_train_loss\": 1.2855476140975952, \"steps_run\": 300, \"test_accuracy\": 0.509765625, \"test_ambiguity_mean\": 0.0, \"test_brier\": 0.6471570730209351, \"test_class_resistance_mean\": 0.2032618522644043, \"test_conflict_resistance_corr\": NaN, \"test_ece\": 0.08064432442188263, \"test_hard_negative_drive_mean\": 5.494544982910156, \"test_hard_negative_logit_mean\": 1.7915077209472656, \"test_hard_negative_resistance_mean\": 10.953886985778809, \"test_loss\": 1.4784541130065918, \"test_margin_mean\": -0.17494149506092072, \"test_nll\": 1.4784541130065918, \"test_positive_drive_mean\": 5.215427875518799, \"test_positive_logit_mean\": 1.6165663003921509, \"test_positive_resistance_mean\": 10.954341888427734, \"test_precision_mean\": NaN, \"test_resistance_noise_corr\": NaN, \"test_resistance_occlusion_corr\": NaN, \"test_sample_uncertainty_mean\": 10.750444412231445, \"test_support_evidence_corr\": NaN, \"test_update_gate_mean\": NaN, \"total_train_time_sec\": 12.814231157302856, \"val_accuracy\": 0.5390625, \"val_ambiguity_mean\": 0.0, \"val_brier\": 0.6436058282852173, \"val_class_resistance_mean\": 0.2032618522644043, \"val_conflict_resistance_corr\": NaN, \"val_ece\": 0.09116783738136292, \"val_hard_negative_drive_mean\": 5.530447959899902, \"val_hard_negative_logit_mean\": 1.7908413410186768, \"val_hard_negative_resistance_mean\": 10.459840774536133, \"val_loss\": 1.4709473848342896, \"val_margin_mean\": -0.15771767497062683, \"val_nll\": 1.4709473848342896, \"val_positive_drive_mean\": 5.179703712463379, \"val_positive_logit_mean\": 1.6331236362457275, \"val_positive_resistance_mean\": 10.45888900756836, \"val_precision_mean\": NaN, \"val_resistance_noise_corr\": NaN, \"val_resistance_occlusion_corr\": NaN, \"val_sample_uncertainty_mean\": 10.256156921386719, \"val_support_evidence_corr\": NaN, \"val_update_gate_mean\": NaN}",
  "mode": "head_ablation",
  "model_class": "EMLPrototypeHeadNoAmbiguity",
  "model_name": "eml_no_ambiguity",
  "num_classes": 10,
  "num_params": 18977,
  "pairwise_margin": 0.0,
  "pairwise_weight": 0.0,
  "platform": "Linux-5.4.0-216-generic-x86_64-with-glibc2.31",
  "python_version": "3.10.20",
  "reason": "",
  "run_dir": "reports/merc_head_ablation/runs/20260425_030216_frozen_cifar10_eml_no_ambiguity_seed0",
  "run_id": "frozen_cifar10_eml_no_ambiguity_seed0",
  "seed": 0,
  "status": "COMPLETED",
  "steps": 300,
  "steps_run": 300,
  "task_name": "image_classification",
  "test_accuracy": 0.509765625,
  "test_ambiguity_mean": 0.0,
  "test_brier": 0.6471570730209351,
  "test_class_resistance_mean": 0.2032618522644043,
  "test_conflict_resistance_corr": NaN,
  "test_ece": 0.08064432442188263,
  "test_hard_negative_drive_mean": 5.494544982910156,
  "test_hard_negative_logit_mean": 1.7915077209472656,
  "test_hard_negative_resistance_mean": 10.953886985778809,
  "test_loss": 1.4784541130065918,
  "test_margin_mean": -0.17494149506092072,
  "test_nll": 1.4784541130065918,
  "test_positive_drive_mean": 5.215427875518799,
  "test_positive_logit_mean": 1.6165663003921509,
  "test_positive_resistance_mean": 10.954341888427734,
  "test_precision_mean": NaN,
  "test_resistance_noise_corr": NaN,
  "test_resistance_occlusion_corr": NaN,
  "test_sample_uncertainty_mean": 10.750444412231445,
  "test_support_evidence_corr": NaN,
  "test_update_gate_mean": NaN,
  "timestamp": "2026-04-25T03:02:29Z",
  "torch_version": "2.7.1+cu118",
  "torchvision_version": "0.22.1+cu118",
  "total_train_time_sec": 12.814231157302856,
  "trainable_params": 18977,
  "val_accuracy": 0.5390625,
  "val_ambiguity_mean": 0.0,
  "val_brier": 0.6436058282852173,
  "val_class_resistance_mean": 0.2032618522644043,
  "val_conflict_resistance_corr": NaN,
  "val_ece": 0.09116783738136292,
  "val_hard_negative_drive_mean": 5.530447959899902,
  "val_hard_negative_logit_mean": 1.7908413410186768,
  "val_hard_negative_resistance_mean": 10.459840774536133,
  "val_loss": 1.4709473848342896,
  "val_margin_mean": -0.15771767497062683,
  "val_nll": 1.4709473848342896,
  "val_positive_drive_mean": 5.179703712463379,
  "val_positive_logit_mean": 1.6331236362457275,
  "val_positive_resistance_mean": 10.45888900756836,
  "val_precision_mean": NaN,
  "val_resistance_noise_corr": NaN,
  "val_resistance_occlusion_corr": NaN,
  "val_sample_uncertainty_mean": 10.256156921386719,
  "val_support_evidence_corr": NaN,
  "val_update_gate_mean": NaN
}