{
  "batch_size": 64,
  "best_metric": 0.40234375,
  "best_step": 200,
  "best_val_accuracy": 0.40234375,
  "cuda_available": true,
  "dataset_name": "cifar10",
  "device": "cuda",
  "early_stop_triggered": false,
  "experiment_type": "end_to_end",
  "feature_dim": 64,
  "final_metric": 0.392578125,
  "final_train_accuracy": 0.375,
  "final_train_loss": 1.6242561340332031,
  "git_commit": "unknown",
  "head_name": "eml_no_ambiguity",
  "hostname": "user-NF5468M6",
  "loss_mode": "ce_pairwise",
  "lr": 0.001,
  "metrics_json": "{\"best_metric\": 0.40234375, \"best_step\": 200, \"best_val_accuracy\": 0.40234375, \"early_stop_triggered\": false, \"final_metric\": 0.392578125, \"final_train_accuracy\": 0.375, \"final_train_loss\": 1.6242561340332031, \"steps_run\": 300, \"test_accuracy\": 0.392578125, \"test_ambiguity_mean\": 0.0, \"test_brier\": 0.7326607704162598, \"test_class_resistance_mean\": 0.20096977055072784, \"test_ece\": 0.036326535046100616, \"test_hard_negative_drive_mean\": 6.551199436187744, \"test_hard_negative_logit_mean\": 2.2429442405700684, \"test_hard_negative_resistance_mean\": 1.3837374448776245, \"test_loss\": 1.648383617401123, \"test_margin_mean\": -0.5029781460762024, \"test_nll\": 1.648383617401123, \"test_positive_drive_mean\": 5.1184234619140625, \"test_positive_logit_mean\": 1.7399661540985107, \"test_positive_resistance_mean\": 1.3825099468231201, \"test_resistance_noise_corr\": NaN, \"test_resistance_occlusion_corr\": NaN, \"test_sample_uncertainty_mean\": 1.1813817024230957, \"total_train_time_sec\": 14.87829852104187, \"val_accuracy\": 0.40234375, \"val_ambiguity_mean\": 0.0, \"val_brier\": 0.7191212177276611, \"val_class_resistance_mean\": 0.20096977055072784, \"val_ece\": 0.07455956935882568, \"val_hard_negative_drive_mean\": 6.537970066070557, \"val_hard_negative_logit_mean\": 2.2335023880004883, \"val_hard_negative_resistance_mean\": 1.4142072200775146, \"val_loss\": 1.6203492879867554, \"val_margin_mean\": -0.45154041051864624, \"val_nll\": 1.6203492879867554, \"val_positive_drive_mean\": 5.110177516937256, \"val_positive_logit_mean\": 1.7819619178771973, \"val_positive_resistance_mean\": 1.4117368459701538, \"val_resistance_noise_corr\": NaN, \"val_resistance_occlusion_corr\": NaN, \"val_sample_uncertainty_mean\": 1.2114207744598389}",
  "mode": "head_ablation",
  "model_class": "CNNHeadModel",
  "model_name": "eml_no_ambiguity",
  "num_classes": 10,
  "num_params": 167233,
  "pairwise_margin": 0.0,
  "pairwise_weight": 0.05,
  "platform": "Linux-5.4.0-216-generic-x86_64-with-glibc2.31",
  "python_version": "3.10.20",
  "reason": "",
  "run_dir": "reports/merc_end_to_end/runs/20260425_030954_e2e_cifar10_eml_no_ambiguity_ce_pairwise_seed1",
  "run_id": "e2e_cifar10_eml_no_ambiguity_ce_pairwise_seed1",
  "seed": 1,
  "status": "COMPLETED",
  "steps": 300,
  "steps_run": 300,
  "task_name": "image_classification",
  "test_accuracy": 0.392578125,
  "test_ambiguity_mean": 0.0,
  "test_brier": 0.7326607704162598,
  "test_class_resistance_mean": 0.20096977055072784,
  "test_ece": 0.036326535046100616,
  "test_hard_negative_drive_mean": 6.551199436187744,
  "test_hard_negative_logit_mean": 2.2429442405700684,
  "test_hard_negative_resistance_mean": 1.3837374448776245,
  "test_loss": 1.648383617401123,
  "test_margin_mean": -0.5029781460762024,
  "test_nll": 1.648383617401123,
  "test_positive_drive_mean": 5.1184234619140625,
  "test_positive_logit_mean": 1.7399661540985107,
  "test_positive_resistance_mean": 1.3825099468231201,
  "test_resistance_noise_corr": NaN,
  "test_resistance_occlusion_corr": NaN,
  "test_sample_uncertainty_mean": 1.1813817024230957,
  "timestamp": "2026-04-25T03:10:09Z",
  "torch_version": "2.7.1+cu118",
  "torchvision_version": "0.22.1+cu118",
  "total_train_time_sec": 14.87829852104187,
  "trainable_params": 167233,
  "use_eml_residual_bank": false,
  "use_merc_block": false,
  "val_accuracy": 0.40234375,
  "val_ambiguity_mean": 0.0,
  "val_brier": 0.7191212177276611,
  "val_class_resistance_mean": 0.20096977055072784,
  "val_ece": 0.07455956935882568,
  "val_hard_negative_drive_mean": 6.537970066070557,
  "val_hard_negative_logit_mean": 2.2335023880004883,
  "val_hard_negative_resistance_mean": 1.4142072200775146,
  "val_loss": 1.6203492879867554,
  "val_margin_mean": -0.45154041051864624,
  "val_nll": 1.6203492879867554,
  "val_positive_drive_mean": 5.110177516937256,
  "val_positive_logit_mean": 1.7819619178771973,
  "val_positive_resistance_mean": 1.4117368459701538,
  "val_resistance_noise_corr": NaN,
  "val_resistance_occlusion_corr": NaN,
  "val_sample_uncertainty_mean": 1.2114207744598389
}