{
  "batch_size": 8,
  "best_metric": 0.15357142686843872,
  "bits_per_char": 6.307300680840489,
  "char_accuracy": 0.09459459781646729,
  "completed_steps": 4,
  "corruption_resistance_corr": 0.004893681965768337,
  "cuda_available": false,
  "dataset_name": "SyntheticTextEnergyDataset",
  "device": "cpu",
  "early_stop": false,
  "early_stop_step": "",
  "early_stop_triggered": false,
  "final_diagnostics": {
    "attractor_activation_mean": 0.8085384964942932,
    "attractor_activation_std": 0.03999916464090347,
    "attractor_diversity": 0.09121791273355484,
    "drive_mean": -0.01697843335568905,
    "drive_std": 0.34998366236686707,
    "energy_mean": -0.09337365627288818,
    "energy_std": 0.10099585354328156,
    "null_weight_mean": 0.33918648958206177,
    "null_weight_std": 0.3453251123428345,
    "resistance_mean": 1.6026551723480225,
    "resistance_std": 0.22976858913898468,
    "update_gate_mean": 0.07034986466169357,
    "update_gate_std": 0.03709754720330238,
    "update_strength_mean": 0.655644953250885,
    "update_strength_std": 0.34697389602661133
  },
  "final_metric": 0.09459459781646729,
  "final_train_accuracy": 0.09459459781646729,
  "final_train_loss": 4.371887683868408,
  "git_commit": "19568db",
  "grad_norm": 1.603735327720642,
  "hostname": "BMW-Pro.local",
  "learning_rate": 0.001,
  "metrics_json": "{\"best_metric\": 0.15357142686843872, \"bits_per_char\": 6.307300680840489, \"char_accuracy\": 0.09459459781646729, \"completed_steps\": 4, \"corruption_resistance_corr\": 0.004893681965768337, \"early_stop_step\": \"\", \"early_stop_triggered\": false, \"final_diagnostics\": {\"attractor_activation_mean\": 0.8085384964942932, \"attractor_activation_std\": 0.03999916464090347, \"attractor_diversity\": 0.09121791273355484, \"drive_mean\": -0.01697843335568905, \"drive_std\": 0.34998366236686707, \"energy_mean\": -0.09337365627288818, \"energy_std\": 0.10099585354328156, \"null_weight_mean\": 0.33918648958206177, \"null_weight_std\": 0.3453251123428345, \"resistance_mean\": 1.6026551723480225, \"resistance_std\": 0.22976858913898468, \"update_gate_mean\": 0.07034986466169357, \"update_gate_std\": 0.03709754720330238, \"update_strength_mean\": 0.655644953250885, \"update_strength_std\": 0.34697389602661133}, \"final_metric\": 0.09459459781646729, \"final_train_accuracy\": 0.09459459781646729, \"final_train_loss\": 4.371887683868408, \"grad_norm\": 1.603735327720642, \"learning_rate\": 0.001, \"next_token_loss\": 4.371887683868408, \"peak_memory_mb\": 0.0, \"perplexity\": 79.19298200675797, \"step\": 4, \"step_time_sec\": 0.008488178253173828, \"token_accuracy\": 0.09459459781646729, \"tokens_per_sec\": 34872.02921184203, \"total_train_time_sec\": 0.04832792282104492, \"train_loss\": 4.371887683868408, \"wall_clock_time_sec\": 0.04758477210998535}",
  "min_delta": 0.0001,
  "mode": "ablation",
  "model_name": "EfficientEMLTextEncoder_window8_precision_identity",
  "next_token_loss": 4.371887683868408,
  "num_params": 92950,
  "num_workers": 0,
  "patience": 20,
  "peak_memory_mb": 0.0,
  "perplexity": 79.19298200675797,
  "platform": "macOS-26.0-arm64-arm-64bit",
  "python_version": "3.12.12",
  "reason": "",
  "run_dir": "reports/runs/stabilization_ablation_cpu/20260424_074901_ablation_text_window8_precision_identity",
  "run_id": "ablation_text_window8_precision_identity",
  "seed": 42,
  "seq_len": 48,
  "status": "COMPLETED",
  "step": 4,
  "step_time_sec": 0.008488178253173828,
  "steps": 4,
  "task_name": "text_synthetic",
  "timestamp": "2026-04-24T07:49:01Z",
  "token_accuracy": 0.09459459781646729,
  "tokens_per_sec": 34872.02921184203,
  "torch_version": "2.10.0",
  "torchvision_version": "unavailable",
  "total_train_time_sec": 0.04832792282104492,
  "train_loss": 4.371887683868408,
  "trainable_params": 92950,
  "wall_clock_time_sec": 0.04758477210998535
}