{
  "batch_size": 64,
  "best_metric": 0.525390625,
  "best_step": 200,
  "best_val_accuracy": 0.525390625,
  "cuda_available": true,
  "dataset_name": "cifar10",
  "device": "cuda",
  "experiment_type": "frozen_features",
  "feature_dim": 64,
  "features_dir": "reports/real_cifar_20260424_165937/features/cifar10_medium_seed1",
  "final_metric": 0.490234375,
  "final_train_accuracy": 0.625,
  "final_train_loss": 1.1975096464157104,
  "git_commit": "unknown",
  "hostname": "user-NF5468M6",
  "lr": 0.001,
  "metrics_json": "{\"best_metric\": 0.525390625, \"best_step\": 200, \"best_val_accuracy\": 0.525390625, \"final_metric\": 0.490234375, \"final_train_accuracy\": 0.625, \"final_train_loss\": 1.1975096464157104, \"test_accuracy\": 0.490234375, \"test_ambiguity_mean\": 0.365200400352478, \"test_brier\": 0.6512038111686707, \"test_class_resistance_mean\": 0.20083868503570557, \"test_ece\": 0.1008770689368248, \"test_hard_negative_drive_mean\": 5.819791793823242, \"test_hard_negative_logit_mean\": 2.0429885387420654, \"test_hard_negative_resistance_mean\": 0.7948329448699951, \"test_loss\": 1.4783796072006226, \"test_margin_mean\": -0.1576642394065857, \"test_nll\": 1.4783796072006226, \"test_positive_drive_mean\": 5.712430000305176, \"test_positive_logit_mean\": 1.885324239730835, \"test_positive_resistance_mean\": 0.6916725039482117, \"test_resistance_noise_corr\": NaN, \"test_resistance_occlusion_corr\": NaN, \"test_sample_uncertainty_mean\": 0.38779717683792114, \"total_train_time_sec\": 6.4942522048950195, \"val_accuracy\": 0.515625, \"val_ambiguity_mean\": 0.3660125434398651, \"val_brier\": 0.6191259026527405, \"val_class_resistance_mean\": 0.20083868503570557, \"val_ece\": 0.10043176263570786, \"val_hard_negative_drive_mean\": 5.7037858963012695, \"val_hard_negative_logit_mean\": 2.03287410736084, \"val_hard_negative_resistance_mean\": 0.8163875341415405, \"val_loss\": 1.3945945501327515, \"val_margin_mean\": -0.04865797236561775, \"val_nll\": 1.3945945501327515, \"val_positive_drive_mean\": 5.924703598022461, \"val_positive_logit_mean\": 1.9842162132263184, \"val_positive_resistance_mean\": 0.6681947708129883, \"val_resistance_noise_corr\": NaN, \"val_resistance_occlusion_corr\": NaN, \"val_sample_uncertainty_mean\": 0.3949618339538574}",
  "mode": "head_ablation",
  "model_class": "EMLPrototypeHeadCenteredAmbiguity",
  "model_name": "eml_centered_ambiguity",
  "num_classes": 10,
  "num_params": 18977,
  "pairwise_margin": 0.0,
  "pairwise_weight": 0.0,
  "platform": "Linux-5.4.0-216-generic-x86_64-with-glibc2.31",
  "python_version": "3.10.20",
  "reason": "",
  "run_dir": "reports/real_cifar_20260424_165937/runs/20260424_090036_frozen_cifar10_eml_centered_ambiguity_seed1",
  "run_id": "frozen_cifar10_eml_centered_ambiguity_seed1",
  "seed": 1,
  "status": "COMPLETED",
  "steps": 300,
  "task_name": "image_classification",
  "test_accuracy": 0.490234375,
  "test_ambiguity_mean": 0.365200400352478,
  "test_brier": 0.6512038111686707,
  "test_class_resistance_mean": 0.20083868503570557,
  "test_ece": 0.1008770689368248,
  "test_hard_negative_drive_mean": 5.819791793823242,
  "test_hard_negative_logit_mean": 2.0429885387420654,
  "test_hard_negative_resistance_mean": 0.7948329448699951,
  "test_loss": 1.4783796072006226,
  "test_margin_mean": -0.1576642394065857,
  "test_nll": 1.4783796072006226,
  "test_positive_drive_mean": 5.712430000305176,
  "test_positive_logit_mean": 1.885324239730835,
  "test_positive_resistance_mean": 0.6916725039482117,
  "test_resistance_noise_corr": NaN,
  "test_resistance_occlusion_corr": NaN,
  "test_sample_uncertainty_mean": 0.38779717683792114,
  "timestamp": "2026-04-24T09:00:43Z",
  "torch_version": "2.7.1+cu118",
  "torchvision_version": "0.22.1+cu118",
  "total_train_time_sec": 6.4942522048950195,
  "trainable_params": 18977,
  "val_accuracy": 0.515625,
  "val_ambiguity_mean": 0.3660125434398651,
  "val_brier": 0.6191259026527405,
  "val_class_resistance_mean": 0.20083868503570557,
  "val_ece": 0.10043176263570786,
  "val_hard_negative_drive_mean": 5.7037858963012695,
  "val_hard_negative_logit_mean": 2.03287410736084,
  "val_hard_negative_resistance_mean": 0.8163875341415405,
  "val_loss": 1.3945945501327515,
  "val_margin_mean": -0.04865797236561775,
  "val_nll": 1.3945945501327515,
  "val_positive_drive_mean": 5.924703598022461,
  "val_positive_logit_mean": 1.9842162132263184,
  "val_positive_resistance_mean": 0.6681947708129883,
  "val_resistance_noise_corr": NaN,
  "val_resistance_occlusion_corr": NaN,
  "val_sample_uncertainty_mean": 0.3949618339538574
}