{
  "best_metric": 0.9921875,
  "best_step": 250,
  "clean_accuracy": 0.9921875,
  "clean_aurc": 0.0009432410588487983,
  "clean_ece": 0.033742837607860565,
  "clean_resistance_noise_corr": 4.571556999621862e-08,
  "clean_resistance_occlusion_corr": NaN,
  "clean_vs_noisy_auroc": 0.5836858749389648,
  "clean_vs_occluded_auroc": 0.5932178497314453,
  "cuda_available": true,
  "dataset_name": "synthetic_shape_uncertainty",
  "device": "cuda",
  "early_stop_triggered": false,
  "final_metric": 0.9921875,
  "git_commit": "0c0b3db",
  "hostname": "user-NF5468M6",
  "metrics_json": "{\"best_metric\": 0.9921875, \"best_step\": 250, \"clean_accuracy\": 0.9921875, \"clean_aurc\": 0.0009432410588487983, \"clean_ece\": 0.033742837607860565, \"clean_resistance_noise_corr\": 4.571556999621862e-08, \"clean_resistance_occlusion_corr\": NaN, \"clean_vs_noisy_auroc\": 0.5836858749389648, \"clean_vs_occluded_auroc\": 0.5932178497314453, \"early_stop_triggered\": false, \"final_metric\": 0.9921875, \"noisy_accuracy\": 0.974609375, \"noisy_aurc\": 0.002884067129343748, \"noisy_ece\": 0.04128304868936539, \"noisy_resistance_noise_corr\": NaN, \"noisy_resistance_occlusion_corr\": NaN, \"occluded_accuracy\": 0.8837890625, \"occluded_aurc\": 0.0141062680631876, \"occluded_ece\": 0.043632060289382935, \"occluded_resistance_noise_corr\": 8.314469113201994e-08, \"occluded_resistance_occlusion_corr\": 0.7114400267601013, \"steps_run\": 300, \"total_train_time_sec\": 29.887190103530884}",
  "mode": "medium",
  "model_name": "cnn_linear",
  "noisy_accuracy": 0.974609375,
  "noisy_aurc": 0.002884067129343748,
  "noisy_ece": 0.04128304868936539,
  "noisy_resistance_noise_corr": NaN,
  "noisy_resistance_occlusion_corr": NaN,
  "occluded_accuracy": 0.8837890625,
  "occluded_aurc": 0.0141062680631876,
  "occluded_ece": 0.043632060289382935,
  "occluded_resistance_noise_corr": 8.314469113201994e-08,
  "occluded_resistance_occlusion_corr": 0.7114400267601013,
  "platform": "Linux-5.4.0-216-generic-x86_64-with-glibc2.31",
  "python_version": "3.10.20",
  "reason": "",
  "run_dir": "reports/pluggable_primitive_real_20260427/end_to_end_runs/20260427_042713_uncertainty_e2e_synthetic_shape_uncertainty_cnn_linear_seed2",
  "run_id": "uncertainty_e2e_synthetic_shape_uncertainty_cnn_linear_seed2",
  "seed": 2,
  "status": "COMPLETED",
  "steps_run": 300,
  "task_name": "end_to_end_uncertainty",
  "timestamp": "2026-04-27T04:27:43Z",
  "torch_version": "2.7.1+cu118",
  "torchvision_version": "0.22.1+cu118",
  "total_train_time_sec": 29.887190103530884
}