{
  "batch_size": 64,
  "best_metric": 0.427734375,
  "best_step": 300,
  "best_val_accuracy": 0.427734375,
  "cuda_available": true,
  "dataset_name": "cifar10",
  "device": "cuda",
  "experiment_type": "end_to_end",
  "feature_dim": 64,
  "final_metric": 0.453125,
  "final_train_accuracy": 0.71875,
  "final_train_loss": 1.2068471908569336,
  "git_commit": "unknown",
  "head_name": "eml_centered_ambiguity",
  "hostname": "user-NF5468M6",
  "loss_mode": "ce_pairwise",
  "lr": 0.001,
  "metrics_json": "{\"best_metric\": 0.427734375, \"best_step\": 300, \"best_val_accuracy\": 0.427734375, \"final_metric\": 0.453125, \"final_train_accuracy\": 0.71875, \"final_train_loss\": 1.2068471908569336, \"test_accuracy\": 0.453125, \"test_ambiguity_mean\": 1.079575777053833, \"test_brier\": 0.7141307592391968, \"test_class_resistance_mean\": 0.20027492940425873, \"test_ece\": 0.08191794902086258, \"test_hard_negative_drive_mean\": 6.207056999206543, \"test_hard_negative_logit_mean\": 2.2907280921936035, \"test_hard_negative_resistance_mean\": 0.9154220223426819, \"test_loss\": 1.633115530014038, \"test_margin_mean\": -0.4492013454437256, \"test_nll\": 1.633115530014038, \"test_positive_drive_mean\": 5.057257652282715, \"test_positive_logit_mean\": 1.841526985168457, \"test_positive_resistance_mean\": 0.9051173329353333, \"test_resistance_noise_corr\": NaN, \"test_resistance_occlusion_corr\": NaN, \"test_sample_uncertainty_mean\": 0.0038181906566023827, \"total_train_time_sec\": 13.037718772888184, \"val_accuracy\": 0.427734375, \"val_ambiguity_mean\": 1.0681769847869873, \"val_brier\": 0.7160247564315796, \"val_class_resistance_mean\": 0.20027492940425873, \"val_ece\": 0.06439312547445297, \"val_hard_negative_drive_mean\": 6.172958850860596, \"val_hard_negative_logit_mean\": 2.2757105827331543, \"val_hard_negative_resistance_mean\": 0.8982642889022827, \"val_loss\": 1.618509292602539, \"val_margin_mean\": -0.4216781258583069, \"val_nll\": 1.618509292602539, \"val_positive_drive_mean\": 5.038819789886475, \"val_positive_logit_mean\": 1.8540325164794922, \"val_positive_resistance_mean\": 0.9014037251472473, \"val_resistance_noise_corr\": NaN, \"val_resistance_occlusion_corr\": NaN, \"val_sample_uncertainty_mean\": 0.003547676606103778}",
  "mode": "head_ablation",
  "model_class": "CNNHeadModel",
  "model_name": "eml_bank_centered_ambiguity",
  "num_classes": 10,
  "num_params": 221443,
  "pairwise_margin": 0.0,
  "pairwise_weight": 0.05,
  "platform": "Linux-5.4.0-216-generic-x86_64-with-glibc2.31",
  "python_version": "3.10.20",
  "reason": "",
  "run_dir": "reports/real_cifar_20260424_165937/runs/20260424_090306_e2e_cifar10_eml_bank_centered_ambiguity_ce_pairwise_seed0",
  "run_id": "e2e_cifar10_eml_bank_centered_ambiguity_ce_pairwise_seed0",
  "seed": 0,
  "status": "COMPLETED",
  "steps": 300,
  "task_name": "image_classification",
  "test_accuracy": 0.453125,
  "test_ambiguity_mean": 1.079575777053833,
  "test_brier": 0.7141307592391968,
  "test_class_resistance_mean": 0.20027492940425873,
  "test_ece": 0.08191794902086258,
  "test_hard_negative_drive_mean": 6.207056999206543,
  "test_hard_negative_logit_mean": 2.2907280921936035,
  "test_hard_negative_resistance_mean": 0.9154220223426819,
  "test_loss": 1.633115530014038,
  "test_margin_mean": -0.4492013454437256,
  "test_nll": 1.633115530014038,
  "test_positive_drive_mean": 5.057257652282715,
  "test_positive_logit_mean": 1.841526985168457,
  "test_positive_resistance_mean": 0.9051173329353333,
  "test_resistance_noise_corr": NaN,
  "test_resistance_occlusion_corr": NaN,
  "test_sample_uncertainty_mean": 0.0038181906566023827,
  "timestamp": "2026-04-24T09:03:19Z",
  "torch_version": "2.7.1+cu118",
  "torchvision_version": "0.22.1+cu118",
  "total_train_time_sec": 13.037718772888184,
  "trainable_params": 221443,
  "use_eml_residual_bank": true,
  "val_accuracy": 0.427734375,
  "val_ambiguity_mean": 1.0681769847869873,
  "val_brier": 0.7160247564315796,
  "val_class_resistance_mean": 0.20027492940425873,
  "val_ece": 0.06439312547445297,
  "val_hard_negative_drive_mean": 6.172958850860596,
  "val_hard_negative_logit_mean": 2.2757105827331543,
  "val_hard_negative_resistance_mean": 0.8982642889022827,
  "val_loss": 1.618509292602539,
  "val_margin_mean": -0.4216781258583069,
  "val_nll": 1.618509292602539,
  "val_positive_drive_mean": 5.038819789886475,
  "val_positive_logit_mean": 1.8540325164794922,
  "val_positive_resistance_mean": 0.9014037251472473,
  "val_resistance_noise_corr": NaN,
  "val_resistance_occlusion_corr": NaN,
  "val_sample_uncertainty_mean": 0.003547676606103778
}