{
  "batch_size": 64,
  "best_metric": 0.5078125,
  "best_step": 200,
  "clean_accuracy": 0.5182291865348816,
  "clean_brier": 0.6183039546012878,
  "clean_confidence_mean": 0.5379484295845032,
  "clean_ece": 0.04434816166758537,
  "clean_nll": 1.3588515520095825,
  "clean_risk_at_100_coverage": 0.4817708134651184,
  "clean_risk_at_50_coverage": 0.3229166865348816,
  "clean_risk_at_70_coverage": 0.4052044749259949,
  "clean_risk_at_80_coverage": 0.4243902564048767,
  "clean_risk_at_90_coverage": 0.4523121118545532,
  "clean_score_name": "one_minus_confidence",
  "clean_selective_aurc": 0.30132198333740234,
  "clean_uncertainty_mean": 0.4620516300201416,
  "clean_vs_noisy_auroc": 0.5561879277229309,
  "clean_vs_occluded_auroc": 0.5035667419433594,
  "condition_metrics_path": "reports/uncertainty_remote_20260424_175558/runs/20260424_095726_uncertainty_cifar10_mlp_seed2/uncertainty_eval.pt",
  "cuda_available": true,
  "dataset_name": "cifar10",
  "device": "cuda",
  "early_stop_patience": 4,
  "early_stop_triggered": false,
  "experiment_type": "frozen_features_uncertainty",
  "feature_dim": 64,
  "final_metric": 0.5182291865348816,
  "final_train_loss": 1.5812654495239258,
  "git_commit": "unknown",
  "hostname": "user-NF5468M6",
  "metrics_json": "{\"best_metric\": 0.5078125, \"best_step\": 200, \"clean_accuracy\": 0.5182291865348816, \"clean_brier\": 0.6183039546012878, \"clean_confidence_mean\": 0.5379484295845032, \"clean_ece\": 0.04434816166758537, \"clean_nll\": 1.3588515520095825, \"clean_risk_at_100_coverage\": 0.4817708134651184, \"clean_risk_at_50_coverage\": 0.3229166865348816, \"clean_risk_at_70_coverage\": 0.4052044749259949, \"clean_risk_at_80_coverage\": 0.4243902564048767, \"clean_risk_at_90_coverage\": 0.4523121118545532, \"clean_score_name\": \"one_minus_confidence\", \"clean_selective_aurc\": 0.30132198333740234, \"clean_uncertainty_mean\": 0.4620516300201416, \"clean_vs_noisy_auroc\": 0.5561879277229309, \"clean_vs_occluded_auroc\": 0.5035667419433594, \"condition_metrics_path\": \"reports/uncertainty_remote_20260424_175558/runs/20260424_095726_uncertainty_cifar10_mlp_seed2/uncertainty_eval.pt\", \"early_stop_patience\": 4, \"early_stop_triggered\": false, \"final_metric\": 0.5182291865348816, \"final_train_loss\": 1.5812654495239258, \"noisy_accuracy\": 0.4111328125, \"noisy_brier\": 0.7257463932037354, \"noisy_confidence_mean\": 0.5030717253684998, \"noisy_ece\": 0.09255390614271164, \"noisy_nll\": 1.6420906782150269, \"noisy_risk_at_100_coverage\": 0.5888671875, \"noisy_risk_at_50_coverage\": 0.453125, \"noisy_risk_at_70_coverage\": 0.5146443843841553, \"noisy_risk_at_80_coverage\": 0.5414633750915527, \"noisy_risk_at_90_coverage\": 0.5618221163749695, \"noisy_score_name\": \"one_minus_confidence\", \"noisy_selective_aurc\": 0.43744534254074097, \"noisy_uncertainty_mean\": 0.49692824482917786, \"occluded_accuracy\": 0.458984375, \"occluded_brier\": 0.68617182970047, \"occluded_confidence_mean\": 0.5363855361938477, \"occluded_ece\": 0.0783328041434288, \"occluded_nll\": 1.5220125913619995, \"occluded_risk_at_100_coverage\": 0.541015625, \"occluded_risk_at_50_coverage\": 0.4140625, \"occluded_risk_at_70_coverage\": 0.4672245383262634, \"occluded_risk_at_80_coverage\": 0.49390244483947754, \"occluded_risk_at_90_coverage\": 0.5162689685821533, \"occluded_score_name\": \"one_minus_confidence\", \"occluded_selective_aurc\": 0.3815182149410248, \"occluded_uncertainty_mean\": 0.4636145234107971, \"steps_run\": 250, \"total_train_time_sec\": 1.7113029956817627}",
  "mode": "uncertainty_benchmark",
  "model_class": "MLPHead",
  "model_name": "mlp",
  "noisy_accuracy": 0.4111328125,
  "noisy_brier": 0.7257463932037354,
  "noisy_confidence_mean": 0.5030717253684998,
  "noisy_ece": 0.09255390614271164,
  "noisy_nll": 1.6420906782150269,
  "noisy_risk_at_100_coverage": 0.5888671875,
  "noisy_risk_at_50_coverage": 0.453125,
  "noisy_risk_at_70_coverage": 0.5146443843841553,
  "noisy_risk_at_80_coverage": 0.5414633750915527,
  "noisy_risk_at_90_coverage": 0.5618221163749695,
  "noisy_score_name": "one_minus_confidence",
  "noisy_selective_aurc": 0.43744534254074097,
  "noisy_uncertainty_mean": 0.49692824482917786,
  "num_classes": 10,
  "num_params": 9738,
  "num_workers": 0,
  "occluded_accuracy": 0.458984375,
  "occluded_brier": 0.68617182970047,
  "occluded_confidence_mean": 0.5363855361938477,
  "occluded_ece": 0.0783328041434288,
  "occluded_nll": 1.5220125913619995,
  "occluded_risk_at_100_coverage": 0.541015625,
  "occluded_risk_at_50_coverage": 0.4140625,
  "occluded_risk_at_70_coverage": 0.4672245383262634,
  "occluded_risk_at_80_coverage": 0.49390244483947754,
  "occluded_risk_at_90_coverage": 0.5162689685821533,
  "occluded_score_name": "one_minus_confidence",
  "occluded_selective_aurc": 0.3815182149410248,
  "occluded_uncertainty_mean": 0.4636145234107971,
  "platform": "Linux-5.4.0-216-generic-x86_64-with-glibc2.31",
  "python_version": "3.10.20",
  "reason": "",
  "run_dir": "reports/uncertainty_remote_20260424_175558/runs/20260424_095726_uncertainty_cifar10_mlp_seed2",
  "run_id": "uncertainty_cifar10_mlp_seed2",
  "seed": 2,
  "status": "COMPLETED",
  "steps_run": 250,
  "task_name": "image_uncertainty_selective_classification",
  "test_size": 1024,
  "timestamp": "2026-04-24T09:57:28Z",
  "torch_version": "2.7.1+cu118",
  "torchvision_version": "0.22.1+cu118",
  "total_train_time_sec": 1.7113029956817627,
  "train_size": 4096,
  "trainable_params": 9738
}