{
  "batch_size": 64,
  "best_metric": 0.984375,
  "best_step": 50,
  "clean_accuracy": 0.9921875,
  "clean_brier": 0.23847059905529022,
  "clean_confidence_mean": 0.5929985642433167,
  "clean_ece": 0.3991889953613281,
  "clean_nll": 0.5411362051963806,
  "clean_positive_resistance_mean": 0.9391749501228333,
  "clean_resistance_noise_corr": -1.8202307217052294e-07,
  "clean_resistance_occlusion_corr": NaN,
  "clean_risk_at_100_coverage": 0.0078125,
  "clean_risk_at_50_coverage": 0.0,
  "clean_risk_at_70_coverage": 0.003717482089996338,
  "clean_risk_at_80_coverage": 0.006504058837890625,
  "clean_risk_at_90_coverage": 0.008670508861541748,
  "clean_score_name": "positive_resistance",
  "clean_selective_aurc": 0.002368842251598835,
  "clean_uncertainty_mean": 0.9391749501228333,
  "clean_vs_noisy_auroc": 0.5621960759162903,
  "clean_vs_occluded_auroc": 0.5590693354606628,
  "condition_metrics_path": "reports/uncertainty_resistance_true_20260427/runs/20260427_015252_uncertainty_synthetic_shape_eml_no_ambiguity_seed0/uncertainty_eval.pt",
  "cuda_available": true,
  "dataset_name": "synthetic_shape",
  "device": "cuda",
  "early_stop_patience": 4,
  "early_stop_triggered": true,
  "experiment_type": "frozen_features_uncertainty",
  "feature_dim": 64,
  "final_metric": 0.9921875,
  "final_train_loss": 0.4342101216316223,
  "git_commit": "0c0b3db",
  "hostname": "user-NF5468M6",
  "metrics_json": "{\"best_metric\": 0.984375, \"best_step\": 50, \"clean_accuracy\": 0.9921875, \"clean_brier\": 0.23847059905529022, \"clean_confidence_mean\": 0.5929985642433167, \"clean_ece\": 0.3991889953613281, \"clean_nll\": 0.5411362051963806, \"clean_positive_resistance_mean\": 0.9391749501228333, \"clean_resistance_noise_corr\": -1.8202307217052294e-07, \"clean_resistance_occlusion_corr\": NaN, \"clean_risk_at_100_coverage\": 0.0078125, \"clean_risk_at_50_coverage\": 0.0, \"clean_risk_at_70_coverage\": 0.003717482089996338, \"clean_risk_at_80_coverage\": 0.006504058837890625, \"clean_risk_at_90_coverage\": 0.008670508861541748, \"clean_score_name\": \"positive_resistance\", \"clean_selective_aurc\": 0.002368842251598835, \"clean_uncertainty_mean\": 0.9391749501228333, \"clean_vs_noisy_auroc\": 0.5621960759162903, \"clean_vs_occluded_auroc\": 0.5590693354606628, \"condition_metrics_path\": \"reports/uncertainty_resistance_true_20260427/runs/20260427_015252_uncertainty_synthetic_shape_eml_no_ambiguity_seed0/uncertainty_eval.pt\", \"early_stop_patience\": 4, \"early_stop_triggered\": true, \"final_metric\": 0.9921875, \"final_train_loss\": 0.4342101216316223, \"noisy_accuracy\": 0.87890625, \"noisy_brier\": 0.3067188858985901, \"noisy_confidence_mean\": 0.5740959048271179, \"noisy_ece\": 0.3085617423057556, \"noisy_nll\": 0.6465303897857666, \"noisy_positive_resistance_mean\": 0.9660352468490601, \"noisy_resistance_noise_corr\": NaN, \"noisy_resistance_occlusion_corr\": NaN, \"noisy_risk_at_100_coverage\": 0.12109375, \"noisy_risk_at_50_coverage\": 0.09375, \"noisy_risk_at_70_coverage\": 0.12412834167480469, \"noisy_risk_at_80_coverage\": 0.1463414430618286, \"noisy_risk_at_90_coverage\": 0.1344902515411377, \"noisy_score_name\": \"positive_resistance\", \"noisy_selective_aurc\": 0.08619274199008942, \"noisy_uncertainty_mean\": 0.9660352468490601, \"occluded_accuracy\": 0.87109375, \"occluded_brier\": 0.3314865529537201, \"occluded_confidence_mean\": 0.5597262978553772, \"occluded_ece\": 0.3113675117492676, \"occluded_nll\": 0.7069858312606812, \"occluded_positive_resistance_mean\": 0.9638531804084778, \"occluded_resistance_noise_corr\": 1.710565982193657e-07, \"occluded_resistance_occlusion_corr\": 0.11169929057359695, \"occluded_risk_at_100_coverage\": 0.12890625, \"occluded_risk_at_50_coverage\": 0.103515625, \"occluded_risk_at_70_coverage\": 0.10181313753128052, \"occluded_risk_at_80_coverage\": 0.13536584377288818, \"occluded_risk_at_90_coverage\": 0.1366594433784485, \"occluded_score_name\": \"positive_resistance\", \"occluded_selective_aurc\": 0.07597837597131729, \"occluded_uncertainty_mean\": 0.9638531804084778, \"pooled_resistance_noise_corr\": 0.04026127606630325, \"pooled_resistance_occlusion_corr\": 0.07227043807506561, \"steps_run\": 150, \"total_train_time_sec\": 12.239063739776611}",
  "mode": "uncertainty_benchmark",
  "model_class": "EMLPrototypeHeadNoAmbiguity",
  "model_name": "eml_no_ambiguity",
  "noisy_accuracy": 0.87890625,
  "noisy_brier": 0.3067188858985901,
  "noisy_confidence_mean": 0.5740959048271179,
  "noisy_ece": 0.3085617423057556,
  "noisy_nll": 0.6465303897857666,
  "noisy_positive_resistance_mean": 0.9660352468490601,
  "noisy_resistance_noise_corr": NaN,
  "noisy_resistance_occlusion_corr": NaN,
  "noisy_risk_at_100_coverage": 0.12109375,
  "noisy_risk_at_50_coverage": 0.09375,
  "noisy_risk_at_70_coverage": 0.12412834167480469,
  "noisy_risk_at_80_coverage": 0.1463414430618286,
  "noisy_risk_at_90_coverage": 0.1344902515411377,
  "noisy_score_name": "positive_resistance",
  "noisy_selective_aurc": 0.08619274199008942,
  "noisy_uncertainty_mean": 0.9660352468490601,
  "num_classes": 5,
  "num_params": 18002,
  "num_workers": 0,
  "occluded_accuracy": 0.87109375,
  "occluded_brier": 0.3314865529537201,
  "occluded_confidence_mean": 0.5597262978553772,
  "occluded_ece": 0.3113675117492676,
  "occluded_nll": 0.7069858312606812,
  "occluded_positive_resistance_mean": 0.9638531804084778,
  "occluded_resistance_noise_corr": 1.710565982193657e-07,
  "occluded_resistance_occlusion_corr": 0.11169929057359695,
  "occluded_risk_at_100_coverage": 0.12890625,
  "occluded_risk_at_50_coverage": 0.103515625,
  "occluded_risk_at_70_coverage": 0.10181313753128052,
  "occluded_risk_at_80_coverage": 0.13536584377288818,
  "occluded_risk_at_90_coverage": 0.1366594433784485,
  "occluded_score_name": "positive_resistance",
  "occluded_selective_aurc": 0.07597837597131729,
  "occluded_uncertainty_mean": 0.9638531804084778,
  "platform": "Linux-5.4.0-216-generic-x86_64-with-glibc2.31",
  "pooled_resistance_noise_corr": 0.04026127606630325,
  "pooled_resistance_occlusion_corr": 0.07227043807506561,
  "python_version": "3.10.20",
  "reason": "",
  "run_dir": "reports/uncertainty_resistance_true_20260427/runs/20260427_015252_uncertainty_synthetic_shape_eml_no_ambiguity_seed0",
  "run_id": "uncertainty_synthetic_shape_eml_no_ambiguity_seed0",
  "seed": 0,
  "status": "COMPLETED",
  "steps_run": 150,
  "task_name": "image_uncertainty_selective_classification",
  "test_size": 1024,
  "timestamp": "2026-04-27T01:53:04Z",
  "torch_version": "2.7.1+cu118",
  "torchvision_version": "0.22.1+cu118",
  "total_train_time_sec": 12.239063739776611,
  "train_size": 4096,
  "trainable_params": 18002
}