{
  "batch_size": 64,
  "best_metric": 0.328125,
  "completed_steps": 34,
  "cuda_available": true,
  "dataset_name": "SyntheticShapeEnergyDataset",
  "device": "cuda",
  "early_stop": true,
  "early_stop_step": 34,
  "early_stop_triggered": true,
  "examples_per_sec": 3107.143588022178,
  "final_diagnostics": {
    "drive_mean": -0.00043190096039325,
    "drive_std": 0.017399894073605537,
    "energy_mean": -0.14517949521541595,
    "energy_std": 0.08243164420127869,
    "gate_activation_rate": 0.46384233236312866,
    "gate_mean": 0.46384233236312866,
    "gate_std": 0.020382365211844444,
    "resistance_mean": 0.0006959157763049006,
    "resistance_std": 0.0388297513127327,
    "sample_uncertainty_mean": 0.7170214653015137,
    "sample_uncertainty_std": 0.0009309980669058859
  },
  "final_metric": 0.109375,
  "final_train_accuracy": 0.109375,
  "final_train_loss": 1.6359431743621826,
  "git_commit": "ae26ee9",
  "grad_norm": 0.47208327054977417,
  "hostname": "user-NF5468M6",
  "learning_rate": 0.001,
  "metrics_json": "{\"best_metric\": 0.328125, \"completed_steps\": 34, \"early_stop_step\": 34, \"early_stop_triggered\": true, \"examples_per_sec\": 3107.143588022178, \"final_diagnostics\": {\"drive_mean\": -0.00043190096039325, \"drive_std\": 0.017399894073605537, \"energy_mean\": -0.14517949521541595, \"energy_std\": 0.08243164420127869, \"gate_activation_rate\": 0.46384233236312866, \"gate_mean\": 0.46384233236312866, \"gate_std\": 0.020382365211844444, \"resistance_mean\": 0.0006959157763049006, \"resistance_std\": 0.0388297513127327, \"sample_uncertainty_mean\": 0.7170214653015137, \"sample_uncertainty_std\": 0.0009309980669058859}, \"final_metric\": 0.109375, \"final_train_accuracy\": 0.109375, \"final_train_loss\": 1.6359431743621826, \"grad_norm\": 0.47208327054977417, \"learning_rate\": 0.001, \"peak_memory_mb\": 634.10888671875, \"step\": 34, \"step_time_sec\": 0.02059769630432129, \"top1_accuracy\": 0.109375, \"top5_accuracy\": 1.0, \"total_train_time_sec\": 1.7702131271362305, \"train_accuracy\": 0.109375, \"train_loss\": 1.6359431743621826, \"wall_clock_time_sec\": 1.7642998695373535}",
  "min_delta": 0.0001,
  "mode": "ablation",
  "model_name": "pure_eml_v2",
  "num_params": 71189,
  "patience": 25,
  "peak_memory_mb": 634.10888671875,
  "platform": "Linux-5.4.0-216-generic-x86_64-with-glibc2.31",
  "python_version": "3.10.20",
  "reason": "",
  "run_dir": "reports/runs_server_ablation_20260424_150157/20260424_070206_ablation_image_pure_eml_v2",
  "run_id": "ablation_image_pure_eml_v2",
  "seed": 32,
  "status": "COMPLETED",
  "step": 34,
  "step_time_sec": 0.02059769630432129,
  "steps": 300,
  "task_name": "image_synthetic",
  "timestamp": "2026-04-24T07:02:07Z",
  "top1_accuracy": 0.109375,
  "top5_accuracy": 1.0,
  "torch_version": "2.7.1+cu118",
  "torchvision_version": "0.22.1+cu118",
  "total_train_time_sec": 1.7702131271362305,
  "train_accuracy": 0.109375,
  "train_loss": 1.6359431743621826,
  "trainable_params": 71189,
  "wall_clock_time_sec": 1.7642998695373535,
  "warmup_enabled": true
}