{
  "backbone_steps": 40,
  "batch_size": 32,
  "best_metric": 0.4765625,
  "best_step": 20,
  "clean_accuracy": 0.5234375,
  "clean_brier": 0.7645426392555237,
  "clean_confidence_mean": 0.23558250069618225,
  "clean_ece": 0.28785502910614014,
  "clean_nll": 1.5212963819503784,
  "clean_risk_at_100_coverage": 0.4765625,
  "clean_risk_at_50_coverage": 0.40625,
  "clean_risk_at_70_coverage": 0.4333333373069763,
  "clean_risk_at_80_coverage": 0.4368932247161865,
  "clean_risk_at_90_coverage": 0.47413790225982666,
  "clean_score_name": "one_minus_confidence",
  "clean_selective_aurc": 0.3686105012893677,
  "clean_uncertainty_mean": 0.7644175291061401,
  "clean_vs_noisy_auroc": 0.55084228515625,
  "clean_vs_occluded_auroc": 0.4554443359375,
  "condition_metrics_path": "reports/pluggable_primitive_smoke/frozen_runs/20260427_035709_uncertainty_synthetic_shape_linear_seed0/uncertainty_eval.pt",
  "cuda_available": false,
  "dataset_name": "synthetic_shape",
  "device": "cpu",
  "early_stop_min_evals": 2,
  "early_stop_patience": 4,
  "early_stop_triggered": false,
  "eval_interval": 10,
  "experiment_type": "frozen_features_uncertainty",
  "feature_dim": 64,
  "final_metric": 0.5234375,
  "final_train_loss": 1.3864164352416992,
  "git_commit": "e445378",
  "head_steps": 40,
  "hostname": "Mac",
  "metrics_json": "{\"best_metric\": 0.4765625, \"best_step\": 20, \"clean_accuracy\": 0.5234375, \"clean_brier\": 0.7645426392555237, \"clean_confidence_mean\": 0.23558250069618225, \"clean_ece\": 0.28785502910614014, \"clean_nll\": 1.5212963819503784, \"clean_risk_at_100_coverage\": 0.4765625, \"clean_risk_at_50_coverage\": 0.40625, \"clean_risk_at_70_coverage\": 0.4333333373069763, \"clean_risk_at_80_coverage\": 0.4368932247161865, \"clean_risk_at_90_coverage\": 0.47413790225982666, \"clean_score_name\": \"one_minus_confidence\", \"clean_selective_aurc\": 0.3686105012893677, \"clean_uncertainty_mean\": 0.7644175291061401, \"clean_vs_noisy_auroc\": 0.55084228515625, \"clean_vs_occluded_auroc\": 0.4554443359375, \"condition_metrics_path\": \"reports/pluggable_primitive_smoke/frozen_runs/20260427_035709_uncertainty_synthetic_shape_linear_seed0/uncertainty_eval.pt\", \"early_stop_patience\": 4, \"early_stop_triggered\": false, \"final_metric\": 0.5234375, \"final_train_loss\": 1.3864164352416992, \"noisy_accuracy\": 0.30078125, \"noisy_brier\": 0.7704442739486694, \"noisy_confidence_mean\": 0.23460572957992554, \"noisy_ece\": 0.06617552042007446, \"noisy_nll\": 1.5355695486068726, \"noisy_risk_at_100_coverage\": 0.69921875, \"noisy_risk_at_50_coverage\": 0.6015625, \"noisy_risk_at_70_coverage\": 0.6333333253860474, \"noisy_risk_at_80_coverage\": 0.6439024209976196, \"noisy_risk_at_90_coverage\": 0.6839826703071594, \"noisy_score_name\": \"one_minus_confidence\", \"noisy_selective_aurc\": 0.5287314057350159, \"noisy_uncertainty_mean\": 0.7653943300247192, \"occluded_accuracy\": 0.5, \"occluded_brier\": 0.7705987691879272, \"occluded_confidence_mean\": 0.23603084683418274, \"occluded_ece\": 0.2639691233634949, \"occluded_nll\": 1.5369248390197754, \"occluded_risk_at_100_coverage\": 0.5, \"occluded_risk_at_50_coverage\": 0.390625, \"occluded_risk_at_70_coverage\": 0.4444444179534912, \"occluded_risk_at_80_coverage\": 0.4439024329185486, \"occluded_risk_at_90_coverage\": 0.48051947355270386, \"occluded_score_name\": \"one_minus_confidence\", \"occluded_selective_aurc\": 0.3598184585571289, \"occluded_uncertainty_mean\": 0.7639691829681396, \"steps_run\": 40, \"total_train_time_sec\": 0.0408167839050293}",
  "mode": "uncertainty_benchmark",
  "model_class": "LinearHead",
  "model_name": "linear",
  "noisy_accuracy": 0.30078125,
  "noisy_brier": 0.7704442739486694,
  "noisy_confidence_mean": 0.23460572957992554,
  "noisy_ece": 0.06617552042007446,
  "noisy_nll": 1.5355695486068726,
  "noisy_risk_at_100_coverage": 0.69921875,
  "noisy_risk_at_50_coverage": 0.6015625,
  "noisy_risk_at_70_coverage": 0.6333333253860474,
  "noisy_risk_at_80_coverage": 0.6439024209976196,
  "noisy_risk_at_90_coverage": 0.6839826703071594,
  "noisy_score_name": "one_minus_confidence",
  "noisy_selective_aurc": 0.5287314057350159,
  "noisy_uncertainty_mean": 0.7653943300247192,
  "num_classes": 5,
  "num_params": 325,
  "num_workers": 0,
  "occluded_accuracy": 0.5,
  "occluded_brier": 0.7705987691879272,
  "occluded_confidence_mean": 0.23603084683418274,
  "occluded_ece": 0.2639691233634949,
  "occluded_nll": 1.5369248390197754,
  "occluded_risk_at_100_coverage": 0.5,
  "occluded_risk_at_50_coverage": 0.390625,
  "occluded_risk_at_70_coverage": 0.4444444179534912,
  "occluded_risk_at_80_coverage": 0.4439024329185486,
  "occluded_risk_at_90_coverage": 0.48051947355270386,
  "occluded_score_name": "one_minus_confidence",
  "occluded_selective_aurc": 0.3598184585571289,
  "occluded_uncertainty_mean": 0.7639691829681396,
  "platform": "macOS-26.0-arm64-arm-64bit",
  "python_version": "3.12.12",
  "reason": "",
  "run_dir": "reports/pluggable_primitive_smoke/frozen_runs/20260427_035709_uncertainty_synthetic_shape_linear_seed0",
  "run_id": "uncertainty_synthetic_shape_linear_seed0",
  "seed": 0,
  "selected_heads": [
    "linear",
    "mlp",
    "cosine_prototype",
    "eml_no_ambiguity",
    "eml_centered_ambiguity",
    "eml_supervised_resistance",
    "merc_linear",
    "merc_energy"
  ],
  "status": "COMPLETED",
  "steps_run": 40,
  "task_name": "image_uncertainty_selective_classification",
  "test_size": 256,
  "timestamp": "2026-04-27T03:57:10Z",
  "torch_version": "2.10.0",
  "torchvision_version": "unavailable",
  "total_train_time_sec": 0.0408167839050293,
  "train_size": 768,
  "trainable_params": 325
}