{
  "backbone_steps": 300,
  "batch_size": 64,
  "best_metric": 0.98046875,
  "best_step": 100,
  "clean_accuracy": 0.9934895634651184,
  "clean_brier": 0.11279613524675369,
  "clean_confidence_mean": 0.7091445922851562,
  "clean_ece": 0.28808602690696716,
  "clean_nll": 0.3546235263347626,
  "clean_positive_resistance_mean": -0.40477219223976135,
  "clean_resistance_noise_corr": 4.043201329295698e-08,
  "clean_resistance_occlusion_corr": NaN,
  "clean_risk_at_100_coverage": 0.006510436534881592,
  "clean_risk_at_50_coverage": 0.0,
  "clean_risk_at_70_coverage": 0.0,
  "clean_risk_at_80_coverage": 0.0,
  "clean_risk_at_90_coverage": 0.0,
  "clean_score_name": "positive_resistance",
  "clean_selective_aurc": 6.510430102935061e-05,
  "clean_uncertainty_mean": -0.40477219223976135,
  "clean_vs_noisy_auroc": 0.7284762263298035,
  "clean_vs_occluded_auroc": 0.648230254650116,
  "condition_metrics_path": "reports/pluggable_uncertainty_real_20260427/runs/20260427_031849_uncertainty_synthetic_shape_eml_supervised_resistance_seed0/uncertainty_eval.pt",
  "cuda_available": true,
  "dataset_name": "synthetic_shape",
  "device": "cuda",
  "early_stop_min_evals": 2,
  "early_stop_patience": 4,
  "early_stop_triggered": true,
  "eval_interval": 25,
  "experiment_type": "frozen_features_uncertainty",
  "feature_dim": 64,
  "final_metric": 0.9934895634651184,
  "final_train_loss": 0.7301239967346191,
  "git_commit": "0c0b3db",
  "head_steps": 1200,
  "hostname": "user-NF5468M6",
  "metrics_json": "{\"best_metric\": 0.98046875, \"best_step\": 100, \"clean_accuracy\": 0.9934895634651184, \"clean_brier\": 0.11279613524675369, \"clean_confidence_mean\": 0.7091445922851562, \"clean_ece\": 0.28808602690696716, \"clean_nll\": 0.3546235263347626, \"clean_positive_resistance_mean\": -0.40477219223976135, \"clean_resistance_noise_corr\": 4.043201329295698e-08, \"clean_resistance_occlusion_corr\": NaN, \"clean_risk_at_100_coverage\": 0.006510436534881592, \"clean_risk_at_50_coverage\": 0.0, \"clean_risk_at_70_coverage\": 0.0, \"clean_risk_at_80_coverage\": 0.0, \"clean_risk_at_90_coverage\": 0.0, \"clean_score_name\": \"positive_resistance\", \"clean_selective_aurc\": 6.510430102935061e-05, \"clean_uncertainty_mean\": -0.40477219223976135, \"clean_vs_noisy_auroc\": 0.7284762263298035, \"clean_vs_occluded_auroc\": 0.648230254650116, \"condition_metrics_path\": \"reports/pluggable_uncertainty_real_20260427/runs/20260427_031849_uncertainty_synthetic_shape_eml_supervised_resistance_seed0/uncertainty_eval.pt\", \"early_stop_patience\": 4, \"early_stop_triggered\": true, \"final_metric\": 0.9934895634651184, \"final_train_loss\": 0.7301239967346191, \"noisy_accuracy\": 0.9345703125, \"noisy_brier\": 0.1786484718322754, \"noisy_confidence_mean\": 0.6792551279067993, \"noisy_ece\": 0.2592729330062866, \"noisy_nll\": 0.46808215975761414, \"noisy_positive_resistance_mean\": -0.15674805641174316, \"noisy_resistance_noise_corr\": NaN, \"noisy_resistance_occlusion_corr\": NaN, \"noisy_risk_at_100_coverage\": 0.0654296875, \"noisy_risk_at_50_coverage\": 0.0, \"noisy_risk_at_70_coverage\": 0.0, \"noisy_risk_at_80_coverage\": 0.0, \"noisy_risk_at_90_coverage\": 0.007592201232910156, \"noisy_score_name\": \"positive_resistance\", \"noisy_selective_aurc\": 0.0029756249859929085, \"noisy_uncertainty_mean\": -0.15674805641174316, \"occluded_accuracy\": 0.90234375, \"occluded_brier\": 0.21652749180793762, \"occluded_confidence_mean\": 0.6621215343475342, \"occluded_ece\": 0.24499468505382538, \"occluded_nll\": 0.5376392602920532, \"occluded_positive_resistance_mean\": -0.2070768177509308, \"occluded_resistance_noise_corr\": -2.0184531379641157e-08, \"occluded_resistance_occlusion_corr\": 0.6589307188987732, \"occluded_risk_at_100_coverage\": 0.09765625, \"occluded_risk_at_50_coverage\": 0.0, \"occluded_risk_at_70_coverage\": 0.0, \"occluded_risk_at_80_coverage\": 0.0, \"occluded_risk_at_90_coverage\": 0.01409977674484253, \"occluded_score_name\": \"positive_resistance\", \"occluded_selective_aurc\": 0.0054404642432928085, \"occluded_uncertainty_mean\": -0.2070768177509308, \"pooled_resistance_noise_corr\": 0.18646103143692017, \"pooled_resistance_occlusion_corr\": 0.43219831585884094, \"steps_run\": 200, \"total_train_time_sec\": 17.948089361190796}",
  "mode": "uncertainty_benchmark",
  "model_class": "EMLPrototypeHeadSupervisedResistance",
  "model_name": "eml_supervised_resistance",
  "noisy_accuracy": 0.9345703125,
  "noisy_brier": 0.1786484718322754,
  "noisy_confidence_mean": 0.6792551279067993,
  "noisy_ece": 0.2592729330062866,
  "noisy_nll": 0.46808215975761414,
  "noisy_positive_resistance_mean": -0.15674805641174316,
  "noisy_resistance_noise_corr": NaN,
  "noisy_resistance_occlusion_corr": NaN,
  "noisy_risk_at_100_coverage": 0.0654296875,
  "noisy_risk_at_50_coverage": 0.0,
  "noisy_risk_at_70_coverage": 0.0,
  "noisy_risk_at_80_coverage": 0.0,
  "noisy_risk_at_90_coverage": 0.007592201232910156,
  "noisy_score_name": "positive_resistance",
  "noisy_selective_aurc": 0.0029756249859929085,
  "noisy_uncertainty_mean": -0.15674805641174316,
  "num_classes": 5,
  "num_params": 18002,
  "num_workers": 0,
  "occluded_accuracy": 0.90234375,
  "occluded_brier": 0.21652749180793762,
  "occluded_confidence_mean": 0.6621215343475342,
  "occluded_ece": 0.24499468505382538,
  "occluded_nll": 0.5376392602920532,
  "occluded_positive_resistance_mean": -0.2070768177509308,
  "occluded_resistance_noise_corr": -2.0184531379641157e-08,
  "occluded_resistance_occlusion_corr": 0.6589307188987732,
  "occluded_risk_at_100_coverage": 0.09765625,
  "occluded_risk_at_50_coverage": 0.0,
  "occluded_risk_at_70_coverage": 0.0,
  "occluded_risk_at_80_coverage": 0.0,
  "occluded_risk_at_90_coverage": 0.01409977674484253,
  "occluded_score_name": "positive_resistance",
  "occluded_selective_aurc": 0.0054404642432928085,
  "occluded_uncertainty_mean": -0.2070768177509308,
  "platform": "Linux-5.4.0-216-generic-x86_64-with-glibc2.31",
  "pooled_resistance_noise_corr": 0.18646103143692017,
  "pooled_resistance_occlusion_corr": 0.43219831585884094,
  "python_version": "3.10.20",
  "reason": "",
  "run_dir": "reports/pluggable_uncertainty_real_20260427/runs/20260427_031849_uncertainty_synthetic_shape_eml_supervised_resistance_seed0",
  "run_id": "uncertainty_synthetic_shape_eml_supervised_resistance_seed0",
  "seed": 0,
  "selected_heads": [
    "linear",
    "mlp",
    "cosine_prototype",
    "eml_no_ambiguity",
    "eml_centered_ambiguity",
    "eml_supervised_resistance",
    "merc_linear",
    "merc_energy"
  ],
  "status": "COMPLETED",
  "steps_run": 200,
  "task_name": "image_uncertainty_selective_classification",
  "test_size": 1024,
  "timestamp": "2026-04-27T03:19:07Z",
  "torch_version": "2.7.1+cu118",
  "torchvision_version": "0.22.1+cu118",
  "total_train_time_sec": 17.948089361190796,
  "train_size": 4096,
  "trainable_params": 18002
}