{
  "best_metric": 0.9775390625,
  "best_step": 300,
  "clean_accuracy": 0.9775390625,
  "clean_aurc": 0.0026682016905397177,
  "clean_ece": 0.0362691804766655,
  "clean_resistance_noise_corr": -2.9761295650132524e-08,
  "clean_resistance_occlusion_corr": NaN,
  "clean_vs_noisy_auroc": 0.5172300338745117,
  "clean_vs_occluded_auroc": 0.5855140686035156,
  "cuda_available": true,
  "dataset_name": "synthetic_shape_uncertainty",
  "device": "cuda",
  "early_stop_triggered": false,
  "final_metric": 0.9775390625,
  "git_commit": "0c0b3db",
  "hostname": "user-NF5468M6",
  "metrics_json": "{\"best_metric\": 0.9775390625, \"best_step\": 300, \"clean_accuracy\": 0.9775390625, \"clean_aurc\": 0.0026682016905397177, \"clean_ece\": 0.0362691804766655, \"clean_resistance_noise_corr\": -2.9761295650132524e-08, \"clean_resistance_occlusion_corr\": NaN, \"clean_vs_noisy_auroc\": 0.5172300338745117, \"clean_vs_occluded_auroc\": 0.5855140686035156, \"early_stop_triggered\": false, \"final_metric\": 0.9775390625, \"noisy_accuracy\": 0.9423828125, \"noisy_aurc\": 0.007338761817663908, \"noisy_ece\": 0.0235733725130558, \"noisy_resistance_noise_corr\": NaN, \"noisy_resistance_occlusion_corr\": NaN, \"occluded_accuracy\": 0.8369140625, \"occluded_aurc\": 0.03587973117828369, \"occluded_ece\": 0.049917444586753845, \"occluded_resistance_noise_corr\": -2.959108735822724e-09, \"occluded_resistance_occlusion_corr\": 0.6368300914764404, \"steps_run\": 300, \"total_train_time_sec\": 25.94253969192505}",
  "mode": "medium",
  "model_name": "cnn_mlp",
  "noisy_accuracy": 0.9423828125,
  "noisy_aurc": 0.007338761817663908,
  "noisy_ece": 0.0235733725130558,
  "noisy_resistance_noise_corr": NaN,
  "noisy_resistance_occlusion_corr": NaN,
  "occluded_accuracy": 0.8369140625,
  "occluded_aurc": 0.03587973117828369,
  "occluded_ece": 0.049917444586753845,
  "occluded_resistance_noise_corr": -2.959108735822724e-09,
  "occluded_resistance_occlusion_corr": 0.6368300914764404,
  "platform": "Linux-5.4.0-216-generic-x86_64-with-glibc2.31",
  "python_version": "3.10.20",
  "reason": "",
  "run_dir": "reports/pluggable_primitive_real_20260427/end_to_end_runs/20260427_042743_uncertainty_e2e_synthetic_shape_uncertainty_cnn_mlp_seed2",
  "run_id": "uncertainty_e2e_synthetic_shape_uncertainty_cnn_mlp_seed2",
  "seed": 2,
  "status": "COMPLETED",
  "steps_run": 300,
  "task_name": "end_to_end_uncertainty",
  "timestamp": "2026-04-27T04:28:09Z",
  "torch_version": "2.7.1+cu118",
  "torchvision_version": "0.22.1+cu118",
  "total_train_time_sec": 25.94253969192505
}