{
  "best_metric": 0.9873046875,
  "best_step": 350,
  "clean_accuracy": 0.9873046875,
  "clean_aurc": 0.000929974252358079,
  "clean_ece": 0.017189059406518936,
  "clean_resistance_noise_corr": 7.477956920354245e-09,
  "clean_resistance_occlusion_corr": NaN,
  "clean_vs_noisy_auroc": 0.5697822570800781,
  "clean_vs_occluded_auroc": 0.6029090881347656,
  "cuda_available": true,
  "dataset_name": "synthetic_shape_uncertainty",
  "device": "cuda",
  "early_stop_triggered": true,
  "final_metric": 0.9873046875,
  "git_commit": "0c0b3db",
  "hostname": "user-NF5468M6",
  "metrics_json": "{\"best_metric\": 0.9873046875, \"best_step\": 350, \"clean_accuracy\": 0.9873046875, \"clean_aurc\": 0.000929974252358079, \"clean_ece\": 0.017189059406518936, \"clean_resistance_noise_corr\": 7.477956920354245e-09, \"clean_resistance_occlusion_corr\": NaN, \"clean_vs_noisy_auroc\": 0.5697822570800781, \"clean_vs_occluded_auroc\": 0.6029090881347656, \"early_stop_triggered\": true, \"final_metric\": 0.9873046875, \"noisy_accuracy\": 0.9736328125, \"noisy_aurc\": 0.002858158200979233, \"noisy_ece\": 0.017720744013786316, \"noisy_resistance_noise_corr\": NaN, \"noisy_resistance_occlusion_corr\": NaN, \"occluded_accuracy\": 0.853515625, \"occluded_aurc\": 0.022271957248449326, \"occluded_ece\": 0.05437512695789337, \"occluded_resistance_noise_corr\": -8.52716013355348e-08, \"occluded_resistance_occlusion_corr\": 0.732516348361969, \"steps_run\": 450, \"total_train_time_sec\": 59.77963590621948}",
  "mode": "medium",
  "model_name": "cnn_mlp",
  "noisy_accuracy": 0.9736328125,
  "noisy_aurc": 0.002858158200979233,
  "noisy_ece": 0.017720744013786316,
  "noisy_resistance_noise_corr": NaN,
  "noisy_resistance_occlusion_corr": NaN,
  "occluded_accuracy": 0.853515625,
  "occluded_aurc": 0.022271957248449326,
  "occluded_ece": 0.05437512695789337,
  "occluded_resistance_noise_corr": -8.52716013355348e-08,
  "occluded_resistance_occlusion_corr": 0.732516348361969,
  "platform": "Linux-5.4.0-216-generic-x86_64-with-glibc2.31",
  "python_version": "3.10.20",
  "reason": "",
  "run_dir": "reports/pluggable_primitive_real_20260427/end_to_end_runs/20260427_044910_uncertainty_e2e_synthetic_shape_uncertainty_cnn_mlp_seed0",
  "run_id": "uncertainty_e2e_synthetic_shape_uncertainty_cnn_mlp_seed0",
  "seed": 0,
  "status": "COMPLETED",
  "steps_run": 450,
  "task_name": "end_to_end_uncertainty",
  "timestamp": "2026-04-27T04:50:10Z",
  "torch_version": "2.7.1+cu118",
  "torchvision_version": "0.22.1+cu118",
  "total_train_time_sec": 59.77963590621948
}