{
  "batch_size": 32,
  "best_metric": 0.234375,
  "best_step": 30,
  "best_val_accuracy": 0.234375,
  "cuda_available": false,
  "dataset_name": "synthetic_shape",
  "device": "cpu",
  "early_stop_triggered": false,
  "experiment_type": "frozen_features",
  "feature_dim": 64,
  "features_dir": "reports/head_ablation/features/synthetic_shape_smoke_seed0",
  "final_metric": 0.1796875,
  "final_train_accuracy": 0.25,
  "final_train_loss": 1.6067721843719482,
  "git_commit": "3d40f93",
  "hostname": "BMW-Pro.local",
  "lr": 0.001,
  "metrics_json": "{\"best_metric\": 0.234375, \"best_step\": 30, \"best_val_accuracy\": 0.234375, \"early_stop_triggered\": false, \"final_metric\": 0.1796875, \"final_train_accuracy\": 0.25, \"final_train_loss\": 1.6067721843719482, \"steps_run\": 30, \"test_accuracy\": 0.1796875, \"test_ambiguity_mean\": NaN, \"test_brier\": 0.8001490831375122, \"test_class_resistance_mean\": NaN, \"test_conflict_resistance_corr\": NaN, \"test_ece\": 0.023247450590133667, \"test_hard_negative_drive_mean\": -0.0070116715505719185, \"test_hard_negative_logit_mean\": 0.012889031320810318, \"test_hard_negative_resistance_mean\": 0.6933751702308655, \"test_loss\": 1.6098098754882812, \"test_margin_mean\": -0.013608060777187347, \"test_nll\": 1.6098098754882812, \"test_positive_drive_mean\": -0.001657526707276702, \"test_positive_logit_mean\": -0.0007190305041149259, \"test_positive_resistance_mean\": 0.6933489441871643, \"test_precision_mean\": 0.25709590315818787, \"test_resistance_noise_corr\": 0.05090393126010895, \"test_resistance_occlusion_corr\": -0.05060427263379097, \"test_sample_uncertainty_mean\": NaN, \"test_support_evidence_corr\": NaN, \"test_update_gate_mean\": 0.060135938227176666, \"total_train_time_sec\": 0.4635889530181885, \"val_accuracy\": 0.234375, \"val_ambiguity_mean\": NaN, \"val_brier\": 0.799843966960907, \"val_class_resistance_mean\": NaN, \"val_conflict_resistance_corr\": NaN, \"val_ece\": 0.031439706683158875, \"val_hard_negative_drive_mean\": -0.006589692085981369, \"val_hard_negative_logit_mean\": 0.012485676445066929, \"val_hard_negative_resistance_mean\": 0.6934380531311035, \"val_loss\": 1.6090501546859741, \"val_margin_mean\": -0.01244494877755642, \"val_nll\": 1.6090501546859741, \"val_positive_drive_mean\": -0.002058847574517131, \"val_positive_logit_mean\": 4.072787123732269e-05, \"val_positive_resistance_mean\": 0.6933162808418274, \"val_precision_mean\": 0.257093220949173, \"val_resistance_noise_corr\": -0.03263382241129875, \"val_resistance_occlusion_corr\": 0.1379815936088562, \"val_sample_uncertainty_mean\": NaN, \"val_support_evidence_corr\": NaN, \"val_update_gate_mean\": 0.06013534218072891}",
  "mode": "head_ablation",
  "model_class": "MERCHeadLinearReadout",
  "model_name": "merc_linear",
  "num_classes": 5,
  "num_params": 92222,
  "pairwise_margin": 0.0,
  "pairwise_weight": 0.0,
  "platform": "macOS-26.0-arm64-arm-64bit",
  "python_version": "3.12.12",
  "reason": "",
  "run_dir": "reports/head_ablation/runs/20260425_025611_frozen_synthetic_shape_merc_linear_seed0",
  "run_id": "frozen_synthetic_shape_merc_linear_seed0",
  "seed": 0,
  "status": "COMPLETED",
  "steps": 30,
  "steps_run": 30,
  "task_name": "image_classification",
  "test_accuracy": 0.1796875,
  "test_ambiguity_mean": NaN,
  "test_brier": 0.8001490831375122,
  "test_class_resistance_mean": NaN,
  "test_conflict_resistance_corr": NaN,
  "test_ece": 0.023247450590133667,
  "test_hard_negative_drive_mean": -0.0070116715505719185,
  "test_hard_negative_logit_mean": 0.012889031320810318,
  "test_hard_negative_resistance_mean": 0.6933751702308655,
  "test_loss": 1.6098098754882812,
  "test_margin_mean": -0.013608060777187347,
  "test_nll": 1.6098098754882812,
  "test_positive_drive_mean": -0.001657526707276702,
  "test_positive_logit_mean": -0.0007190305041149259,
  "test_positive_resistance_mean": 0.6933489441871643,
  "test_precision_mean": 0.25709590315818787,
  "test_resistance_noise_corr": 0.05090393126010895,
  "test_resistance_occlusion_corr": -0.05060427263379097,
  "test_sample_uncertainty_mean": NaN,
  "test_support_evidence_corr": NaN,
  "test_update_gate_mean": 0.060135938227176666,
  "timestamp": "2026-04-25T02:56:11Z",
  "torch_version": "2.10.0",
  "torchvision_version": "unavailable",
  "total_train_time_sec": 0.4635889530181885,
  "trainable_params": 92222,
  "val_accuracy": 0.234375,
  "val_ambiguity_mean": NaN,
  "val_brier": 0.799843966960907,
  "val_class_resistance_mean": NaN,
  "val_conflict_resistance_corr": NaN,
  "val_ece": 0.031439706683158875,
  "val_hard_negative_drive_mean": -0.006589692085981369,
  "val_hard_negative_logit_mean": 0.012485676445066929,
  "val_hard_negative_resistance_mean": 0.6934380531311035,
  "val_loss": 1.6090501546859741,
  "val_margin_mean": -0.01244494877755642,
  "val_nll": 1.6090501546859741,
  "val_positive_drive_mean": -0.002058847574517131,
  "val_positive_logit_mean": 4.072787123732269e-05,
  "val_positive_resistance_mean": 0.6933162808418274,
  "val_precision_mean": 0.257093220949173,
  "val_resistance_noise_corr": -0.03263382241129875,
  "val_resistance_occlusion_corr": 0.1379815936088562,
  "val_sample_uncertainty_mean": NaN,
  "val_support_evidence_corr": NaN,
  "val_update_gate_mean": 0.06013534218072891
}