{
  "batch_size": 64,
  "best_metric": 0.55078125,
  "best_step": 300,
  "best_val_accuracy": 0.55078125,
  "cuda_available": true,
  "dataset_name": "cifar10",
  "device": "cuda",
  "early_stop_triggered": false,
  "experiment_type": "frozen_features",
  "feature_dim": 64,
  "features_dir": "reports/head_ablation/features/cifar10_medium_seed2",
  "final_metric": 0.505859375,
  "final_train_accuracy": 0.5625,
  "final_train_loss": 1.180229902267456,
  "git_commit": "unknown",
  "hostname": "user-NF5468M6",
  "lr": 0.001,
  "metrics_json": "{\"best_metric\": 0.55078125, \"best_step\": 300, \"best_val_accuracy\": 0.55078125, \"early_stop_triggered\": false, \"final_metric\": 0.505859375, \"final_train_accuracy\": 0.5625, \"final_train_loss\": 1.180229902267456, \"steps_run\": 300, \"test_accuracy\": 0.505859375, \"test_ambiguity_mean\": NaN, \"test_brier\": 0.6231921315193176, \"test_class_resistance_mean\": NaN, \"test_conflict_resistance_corr\": NaN, \"test_ece\": 0.07294730097055435, \"test_hard_negative_drive_mean\": 0.033316515386104584, \"test_hard_negative_logit_mean\": 3.251370906829834, \"test_hard_negative_resistance_mean\": 0.7570298910140991, \"test_loss\": 1.4046965837478638, \"test_margin_mean\": -0.06485650688409805, \"test_nll\": 1.4046965837478638, \"test_positive_drive_mean\": 0.05376816913485527, \"test_positive_logit_mean\": 3.186514377593994, \"test_positive_resistance_mean\": 0.7121874094009399, \"test_precision_mean\": 0.2976425886154175, \"test_resistance_noise_corr\": NaN, \"test_resistance_occlusion_corr\": NaN, \"test_sample_uncertainty_mean\": NaN, \"test_support_evidence_corr\": NaN, \"test_update_gate_mean\": 0.06882674247026443, \"total_train_time_sec\": 13.741060972213745, \"val_accuracy\": 0.55078125, \"val_ambiguity_mean\": NaN, \"val_brier\": 0.5971085429191589, \"val_class_resistance_mean\": NaN, \"val_conflict_resistance_corr\": NaN, \"val_ece\": 0.05693703144788742, \"val_hard_negative_drive_mean\": -0.0007828017696738243, \"val_hard_negative_logit_mean\": 3.183605194091797, \"val_hard_negative_resistance_mean\": 0.7616106867790222, \"val_loss\": 1.3540118932724, \"val_margin_mean\": 0.016817104071378708, \"val_nll\": 1.3540118932724, \"val_positive_drive_mean\": 0.059860002249479294, \"val_positive_logit_mean\": 3.2004222869873047, \"val_positive_resistance_mean\": 0.7297258973121643, \"val_precision_mean\": 0.29973530769348145, \"val_resistance_noise_corr\": NaN, \"val_resistance_occlusion_corr\": NaN, \"val_sample_uncertainty_mean\": NaN, \"val_support_evidence_corr\": NaN, \"val_update_gate_mean\": 0.06928037106990814}",
  "mode": "head_ablation",
  "model_class": "MERCHeadLinearReadoutSmall",
  "model_name": "merc_linear_small",
  "num_classes": 10,
  "num_params": 92938,
  "pairwise_margin": 0.0,
  "pairwise_weight": 0.0,
  "platform": "Linux-5.4.0-216-generic-x86_64-with-glibc2.31",
  "python_version": "3.10.20",
  "reason": "",
  "run_dir": "reports/merc_head_ablation/runs/20260425_030543_frozen_cifar10_merc_linear_small_seed2",
  "run_id": "frozen_cifar10_merc_linear_small_seed2",
  "seed": 2,
  "status": "COMPLETED",
  "steps": 300,
  "steps_run": 300,
  "task_name": "image_classification",
  "test_accuracy": 0.505859375,
  "test_ambiguity_mean": NaN,
  "test_brier": 0.6231921315193176,
  "test_class_resistance_mean": NaN,
  "test_conflict_resistance_corr": NaN,
  "test_ece": 0.07294730097055435,
  "test_hard_negative_drive_mean": 0.033316515386104584,
  "test_hard_negative_logit_mean": 3.251370906829834,
  "test_hard_negative_resistance_mean": 0.7570298910140991,
  "test_loss": 1.4046965837478638,
  "test_margin_mean": -0.06485650688409805,
  "test_nll": 1.4046965837478638,
  "test_positive_drive_mean": 0.05376816913485527,
  "test_positive_logit_mean": 3.186514377593994,
  "test_positive_resistance_mean": 0.7121874094009399,
  "test_precision_mean": 0.2976425886154175,
  "test_resistance_noise_corr": NaN,
  "test_resistance_occlusion_corr": NaN,
  "test_sample_uncertainty_mean": NaN,
  "test_support_evidence_corr": NaN,
  "test_update_gate_mean": 0.06882674247026443,
  "timestamp": "2026-04-25T03:05:57Z",
  "torch_version": "2.7.1+cu118",
  "torchvision_version": "0.22.1+cu118",
  "total_train_time_sec": 13.741060972213745,
  "trainable_params": 92938,
  "val_accuracy": 0.55078125,
  "val_ambiguity_mean": NaN,
  "val_brier": 0.5971085429191589,
  "val_class_resistance_mean": NaN,
  "val_conflict_resistance_corr": NaN,
  "val_ece": 0.05693703144788742,
  "val_hard_negative_drive_mean": -0.0007828017696738243,
  "val_hard_negative_logit_mean": 3.183605194091797,
  "val_hard_negative_resistance_mean": 0.7616106867790222,
  "val_loss": 1.3540118932724,
  "val_margin_mean": 0.016817104071378708,
  "val_nll": 1.3540118932724,
  "val_positive_drive_mean": 0.059860002249479294,
  "val_positive_logit_mean": 3.2004222869873047,
  "val_positive_resistance_mean": 0.7297258973121643,
  "val_precision_mean": 0.29973530769348145,
  "val_resistance_noise_corr": NaN,
  "val_resistance_occlusion_corr": NaN,
  "val_sample_uncertainty_mean": NaN,
  "val_support_evidence_corr": NaN,
  "val_update_gate_mean": 0.06928037106990814
}