{
  "batch_size": 64,
  "best_metric": 0.4921875,
  "best_step": 250,
  "clean_accuracy": 0.5091145634651184,
  "clean_brier": 0.6706038117408752,
  "clean_confidence_mean": 0.3811069428920746,
  "clean_ece": 0.13021887838840485,
  "clean_nll": 1.5052579641342163,
  "clean_positive_resistance_mean": 0.17917947471141815,
  "clean_resistance_noise_corr": NaN,
  "clean_resistance_occlusion_corr": NaN,
  "clean_risk_at_100_coverage": 0.4908854365348816,
  "clean_risk_at_50_coverage": 0.2109375,
  "clean_risk_at_70_coverage": 0.3122676610946655,
  "clean_risk_at_80_coverage": 0.38211381435394287,
  "clean_risk_at_90_coverage": 0.4436416029930115,
  "clean_score_name": "positive_resistance",
  "clean_selective_aurc": 0.2620692849159241,
  "clean_uncertainty_mean": 0.17917947471141815,
  "clean_vs_noisy_auroc": 0.6678454279899597,
  "clean_vs_occluded_auroc": 0.528876006603241,
  "condition_metrics_path": "reports/uncertainty_resistance_true_20260427/runs/20260427_020638_uncertainty_cifar10_eml_supervised_resistance_seed1/uncertainty_eval.pt",
  "cuda_available": true,
  "dataset_name": "cifar10",
  "device": "cuda",
  "early_stop_patience": 4,
  "early_stop_triggered": false,
  "experiment_type": "frozen_features_uncertainty",
  "feature_dim": 64,
  "final_metric": 0.5091145634651184,
  "final_train_loss": 1.4858319759368896,
  "git_commit": "0c0b3db",
  "hostname": "user-NF5468M6",
  "metrics_json": "{\"best_metric\": 0.4921875, \"best_step\": 250, \"clean_accuracy\": 0.5091145634651184, \"clean_brier\": 0.6706038117408752, \"clean_confidence_mean\": 0.3811069428920746, \"clean_ece\": 0.13021887838840485, \"clean_nll\": 1.5052579641342163, \"clean_positive_resistance_mean\": 0.17917947471141815, \"clean_resistance_noise_corr\": NaN, \"clean_resistance_occlusion_corr\": NaN, \"clean_risk_at_100_coverage\": 0.4908854365348816, \"clean_risk_at_50_coverage\": 0.2109375, \"clean_risk_at_70_coverage\": 0.3122676610946655, \"clean_risk_at_80_coverage\": 0.38211381435394287, \"clean_risk_at_90_coverage\": 0.4436416029930115, \"clean_score_name\": \"positive_resistance\", \"clean_selective_aurc\": 0.2620692849159241, \"clean_uncertainty_mean\": 0.17917947471141815, \"clean_vs_noisy_auroc\": 0.6678454279899597, \"clean_vs_occluded_auroc\": 0.528876006603241, \"condition_metrics_path\": \"reports/uncertainty_resistance_true_20260427/runs/20260427_020638_uncertainty_cifar10_eml_supervised_resistance_seed1/uncertainty_eval.pt\", \"early_stop_patience\": 4, \"early_stop_triggered\": false, \"final_metric\": 0.5091145634651184, \"final_train_loss\": 1.4858319759368896, \"noisy_accuracy\": 0.408203125, \"noisy_brier\": 0.7203593254089355, \"noisy_confidence_mean\": 0.3665403425693512, \"noisy_ece\": 0.06051203981041908, \"noisy_nll\": 1.6328076124191284, \"noisy_positive_resistance_mean\": 0.25699713826179504, \"noisy_resistance_noise_corr\": NaN, \"noisy_resistance_occlusion_corr\": NaN, \"noisy_risk_at_100_coverage\": 0.591796875, \"noisy_risk_at_50_coverage\": 0.33984375, \"noisy_risk_at_70_coverage\": 0.4574616551399231, \"noisy_risk_at_80_coverage\": 0.507317066192627, \"noisy_risk_at_90_coverage\": 0.5531453490257263, \"noisy_score_name\": \"positive_resistance\", \"noisy_selective_aurc\": 0.3365837633609772, \"noisy_uncertainty_mean\": 0.25699713826179504, \"occluded_accuracy\": 0.447265625, \"occluded_brier\": 0.7000489234924316, \"occluded_confidence_mean\": 0.38068538904190063, \"occluded_ece\": 0.08066358417272568, \"occluded_nll\": 1.586039662361145, \"occluded_positive_resistance_mean\": 0.18822889029979706, \"occluded_resistance_noise_corr\": NaN, \"occluded_resistance_occlusion_corr\": NaN, \"occluded_risk_at_100_coverage\": 0.552734375, \"occluded_risk_at_50_coverage\": 0.28125, \"occluded_risk_at_70_coverage\": 0.410041868686676, \"occluded_risk_at_80_coverage\": 0.46341460943222046, \"occluded_risk_at_90_coverage\": 0.5054229497909546, \"occluded_score_name\": \"positive_resistance\", \"occluded_selective_aurc\": 0.29391902685165405, \"occluded_uncertainty_mean\": 0.18822889029979706, \"pooled_resistance_noise_corr\": 0.2578839659690857, \"pooled_resistance_occlusion_corr\": -0.12572774291038513, \"steps_run\": 250, \"total_train_time_sec\": 12.368733644485474}",
  "mode": "uncertainty_benchmark",
  "model_class": "EMLPrototypeHeadSupervisedResistance",
  "model_name": "eml_supervised_resistance",
  "noisy_accuracy": 0.408203125,
  "noisy_brier": 0.7203593254089355,
  "noisy_confidence_mean": 0.3665403425693512,
  "noisy_ece": 0.06051203981041908,
  "noisy_nll": 1.6328076124191284,
  "noisy_positive_resistance_mean": 0.25699713826179504,
  "noisy_resistance_noise_corr": NaN,
  "noisy_resistance_occlusion_corr": NaN,
  "noisy_risk_at_100_coverage": 0.591796875,
  "noisy_risk_at_50_coverage": 0.33984375,
  "noisy_risk_at_70_coverage": 0.4574616551399231,
  "noisy_risk_at_80_coverage": 0.507317066192627,
  "noisy_risk_at_90_coverage": 0.5531453490257263,
  "noisy_score_name": "positive_resistance",
  "noisy_selective_aurc": 0.3365837633609772,
  "noisy_uncertainty_mean": 0.25699713826179504,
  "num_classes": 10,
  "num_params": 18977,
  "num_workers": 0,
  "occluded_accuracy": 0.447265625,
  "occluded_brier": 0.7000489234924316,
  "occluded_confidence_mean": 0.38068538904190063,
  "occluded_ece": 0.08066358417272568,
  "occluded_nll": 1.586039662361145,
  "occluded_positive_resistance_mean": 0.18822889029979706,
  "occluded_resistance_noise_corr": NaN,
  "occluded_resistance_occlusion_corr": NaN,
  "occluded_risk_at_100_coverage": 0.552734375,
  "occluded_risk_at_50_coverage": 0.28125,
  "occluded_risk_at_70_coverage": 0.410041868686676,
  "occluded_risk_at_80_coverage": 0.46341460943222046,
  "occluded_risk_at_90_coverage": 0.5054229497909546,
  "occluded_score_name": "positive_resistance",
  "occluded_selective_aurc": 0.29391902685165405,
  "occluded_uncertainty_mean": 0.18822889029979706,
  "platform": "Linux-5.4.0-216-generic-x86_64-with-glibc2.31",
  "pooled_resistance_noise_corr": 0.2578839659690857,
  "pooled_resistance_occlusion_corr": -0.12572774291038513,
  "python_version": "3.10.20",
  "reason": "",
  "run_dir": "reports/uncertainty_resistance_true_20260427/runs/20260427_020638_uncertainty_cifar10_eml_supervised_resistance_seed1",
  "run_id": "uncertainty_cifar10_eml_supervised_resistance_seed1",
  "seed": 1,
  "status": "COMPLETED",
  "steps_run": 250,
  "task_name": "image_uncertainty_selective_classification",
  "test_size": 1024,
  "timestamp": "2026-04-27T02:06:50Z",
  "torch_version": "2.7.1+cu118",
  "torchvision_version": "0.22.1+cu118",
  "total_train_time_sec": 12.368733644485474,
  "train_size": 4096,
  "trainable_params": 18977
}