{
  "ambiguity_weight": 1.0,
  "attractor_entropy_weight": 0.0,
  "batch_size": 8,
  "best_metric": 0.375,
  "completed_steps": 4,
  "cuda_available": false,
  "dataset_name": "SyntheticShapeEnergyDataset",
  "device": "cpu",
  "early_stop": false,
  "early_stop_step": "",
  "early_stop_triggered": false,
  "examples_per_sec": 330.9213487578528,
  "final_diagnostics": {
    "ambiguity_mean": 0.7574968934059143,
    "ambiguity_std": 0.611270010471344,
    "ambiguity_weight_mean": 1.0,
    "ambiguity_weight_std": 0.0,
    "attractor_activation_mean": 0.9318186044692993,
    "attractor_activation_std": 7.689818448852748e-05,
    "attractor_diversity": 0.019180087372660637,
    "drive_mean": 0.013558403588831425,
    "drive_std": 0.05245492607355118,
    "energy_mean": -0.23556584119796753,
    "energy_std": 0.02828257903456688,
    "null_weight_mean": 0.16680335998535156,
    "null_weight_std": 0.0462941937148571,
    "prototype_diversity_penalty_mean": 0.05299926549196243,
    "prototype_diversity_penalty_std": 0.0,
    "resistance_mean": 1.3632835149765015,
    "resistance_std": 0.12041481584310532,
    "sample_uncertainty_mean": 0.6930385828018188,
    "sample_uncertainty_std": 0.0,
    "update_gate_mean": 0.09067787975072861,
    "update_gate_std": 0.004770259838551283,
    "update_strength_mean": 0.8472896814346313,
    "update_strength_std": 0.04005870968103409
  },
  "final_metric": 0.25,
  "final_train_accuracy": 0.25,
  "final_train_loss": 1.6157519817352295,
  "git_commit": "19568db",
  "grad_norm": 1.7427247762680054,
  "hostname": "BMW-Pro.local",
  "learning_rate": 0.001,
  "metrics_json": "{\"ambiguity_weight\": 1.0, \"attractor_entropy_weight\": 0.0, \"best_metric\": 0.375, \"completed_steps\": 4, \"early_stop_step\": \"\", \"early_stop_triggered\": false, \"examples_per_sec\": 330.9213487578528, \"final_diagnostics\": {\"ambiguity_mean\": 0.7574968934059143, \"ambiguity_std\": 0.611270010471344, \"ambiguity_weight_mean\": 1.0, \"ambiguity_weight_std\": 0.0, \"attractor_activation_mean\": 0.9318186044692993, \"attractor_activation_std\": 7.689818448852748e-05, \"attractor_diversity\": 0.019180087372660637, \"drive_mean\": 0.013558403588831425, \"drive_std\": 0.05245492607355118, \"energy_mean\": -0.23556584119796753, \"energy_std\": 0.02828257903456688, \"null_weight_mean\": 0.16680335998535156, \"null_weight_std\": 0.0462941937148571, \"prototype_diversity_penalty_mean\": 0.05299926549196243, \"prototype_diversity_penalty_std\": 0.0, \"resistance_mean\": 1.3632835149765015, \"resistance_std\": 0.12041481584310532, \"sample_uncertainty_mean\": 0.6930385828018188, \"sample_uncertainty_std\": 0.0, \"update_gate_mean\": 0.09067787975072861, \"update_gate_std\": 0.004770259838551283, \"update_strength_mean\": 0.8472896814346313, \"update_strength_std\": 0.04005870968103409}, \"final_metric\": 0.25, \"final_train_accuracy\": 0.25, \"final_train_loss\": 1.6157519817352295, \"grad_norm\": 1.7427247762680054, \"learning_rate\": 0.001, \"null_threshold\": 0.0, \"peak_memory_mb\": 0.0, \"precision_update_threshold\": 0.0, \"resistance_noise_corr\": -0.37066906690597534, \"resistance_occlusion_corr\": -0.4989291727542877, \"responsibility_temperature\": 0.8, \"step\": 4, \"step_time_sec\": 0.024174928665161133, \"top1_accuracy\": 0.25, \"top5_accuracy\": 1.0, \"total_train_time_sec\": 0.1088860034942627, \"train_accuracy\": 0.25, \"train_loss\": 1.6157519817352295, \"wall_clock_time_sec\": 0.1079401969909668, \"warmup_eta\": 1.0}",
  "min_delta": 0.0001,
  "mode": "smoke",
  "model_name": "EfficientEMLImageClassifier_staged",
  "null_threshold": 0.0,
  "num_params": 115573,
  "num_workers": 0,
  "patience": 20,
  "peak_memory_mb": 0.0,
  "platform": "macOS-26.0-arm64-arm-64bit",
  "precision_update_threshold": 0.0,
  "python_version": "3.12.12",
  "reason": "",
  "resistance_noise_corr": -0.37066906690597534,
  "resistance_occlusion_corr": -0.4989291727542877,
  "responsibility_temperature": 0.8,
  "run_dir": "reports/image_representation_ablation/runs/20260424_085159_efficient_combo_staged_seed0",
  "run_id": "efficient_combo_staged_seed0",
  "seed": 0,
  "status": "COMPLETED",
  "step": 4,
  "step_time_sec": 0.024174928665161133,
  "steps": 4,
  "task_name": "image_synthetic",
  "timestamp": "2026-04-24T08:51:59Z",
  "top1_accuracy": 0.25,
  "top5_accuracy": 1.0,
  "torch_version": "2.10.0",
  "torchvision_version": "unavailable",
  "total_train_time_sec": 0.1088860034942627,
  "train_accuracy": 0.25,
  "train_loss": 1.6157519817352295,
  "trainable_params": 115573,
  "wall_clock_time_sec": 0.1079401969909668,
  "warmup_enabled": true,
  "warmup_eta": 1.0
}