{
  "batch_size": 64,
  "best_metric": 0.47152942419052124,
  "bits_per_char": 3.0511332020674327,
  "char_accuracy": 0.449638307094574,
  "completed_steps": 300,
  "cuda_available": true,
  "dataset_name": "SyntheticTextEnergyDataset",
  "device": "cuda",
  "early_stop": true,
  "early_stop_step": "",
  "early_stop_triggered": false,
  "final_diagnostics": {
    "attractor_activation_mean": 0.741869330406189,
    "attractor_activation_std": 0.09124451130628586,
    "attractor_diversity": 0.20592418313026428,
    "drive_mean": -3.4756410121917725,
    "drive_std": 4.759020805358887,
    "energy_mean": -0.24368974566459656,
    "energy_std": 0.6586682796478271,
    "null_weight_mean": 0.5809608101844788,
    "null_weight_std": 0.45301541686058044,
    "resistance_mean": 8.163928031921387,
    "resistance_std": 8.134807586669922,
    "update_gate_mean": 0.27956968545913696,
    "update_gate_std": 0.3788023591041565,
    "update_strength_mean": 0.4196613132953644,
    "update_strength_std": 0.455927312374115
  },
  "final_metric": 0.449638307094574,
  "final_train_accuracy": 0.449638307094574,
  "final_train_loss": 2.114884376525879,
  "git_commit": "ae26ee9",
  "grad_norm": 1.4125592708587646,
  "hostname": "user-NF5468M6",
  "learning_rate": 0.001,
  "metrics_json": "{\"best_metric\": 0.47152942419052124, \"bits_per_char\": 3.0511332020674327, \"char_accuracy\": 0.449638307094574, \"completed_steps\": 300, \"early_stop_step\": \"\", \"early_stop_triggered\": false, \"final_diagnostics\": {\"attractor_activation_mean\": 0.741869330406189, \"attractor_activation_std\": 0.09124451130628586, \"attractor_diversity\": 0.20592418313026428, \"drive_mean\": -3.4756410121917725, \"drive_std\": 4.759020805358887, \"energy_mean\": -0.24368974566459656, \"energy_std\": 0.6586682796478271, \"null_weight_mean\": 0.5809608101844788, \"null_weight_std\": 0.45301541686058044, \"resistance_mean\": 8.163928031921387, \"resistance_std\": 8.134807586669922, \"update_gate_mean\": 0.27956968545913696, \"update_gate_std\": 0.3788023591041565, \"update_strength_mean\": 0.4196613132953644, \"update_strength_std\": 0.455927312374115}, \"final_metric\": 0.449638307094574, \"final_train_accuracy\": 0.449638307094574, \"final_train_loss\": 2.114884376525879, \"grad_norm\": 1.4125592708587646, \"learning_rate\": 0.001, \"next_token_loss\": 2.114884376525879, \"peak_memory_mb\": 415.27099609375, \"perplexity\": 8.288627350822642, \"step\": 300, \"step_time_sec\": 0.01954030990600586, \"token_accuracy\": 0.449638307094574, \"tokens_per_sec\": 91963.74103809269, \"total_train_time_sec\": 26.068734169006348, \"train_loss\": 2.114884376525879, \"wall_clock_time_sec\": 26.037705183029175}",
  "min_delta": 0.0001,
  "mode": "ablation",
  "model_name": "EfficientEMLTextEncoder_window32_workers0",
  "next_token_loss": 2.114884376525879,
  "num_params": 92950,
  "patience": 25,
  "peak_memory_mb": 415.27099609375,
  "perplexity": 8.288627350822642,
  "platform": "Linux-5.4.0-216-generic-x86_64-with-glibc2.31",
  "python_version": "3.10.20",
  "reason": "",
  "run_dir": "reports/runs_server_ablation_20260424_150157/20260424_070939_ablation_text_eff_window32_workers0",
  "run_id": "ablation_text_eff_window32_workers0",
  "seed": 142,
  "seq_len": 64,
  "status": "COMPLETED",
  "step": 300,
  "step_time_sec": 0.01954030990600586,
  "steps": 300,
  "task_name": "text_synthetic",
  "timestamp": "2026-04-24T07:10:05Z",
  "token_accuracy": 0.449638307094574,
  "tokens_per_sec": 91963.74103809269,
  "torch_version": "2.7.1+cu118",
  "torchvision_version": "0.22.1+cu118",
  "total_train_time_sec": 26.068734169006348,
  "train_loss": 2.114884376525879,
  "trainable_params": 92950,
  "wall_clock_time_sec": 26.037705183029175
}