{
  "backbone_steps": 300,
  "batch_size": 64,
  "best_metric": 0.4375,
  "best_step": 125,
  "clean_accuracy": 0.4036458432674408,
  "clean_brier": 0.715462863445282,
  "clean_confidence_mean": 0.3422716557979584,
  "clean_ece": 0.06854197382926941,
  "clean_nll": 1.6064985990524292,
  "clean_positive_resistance_mean": -0.01416792068630457,
  "clean_resistance_noise_corr": NaN,
  "clean_resistance_occlusion_corr": NaN,
  "clean_risk_at_100_coverage": 0.5963541269302368,
  "clean_risk_at_50_coverage": 0.4427083134651184,
  "clean_risk_at_70_coverage": 0.5111523866653442,
  "clean_risk_at_80_coverage": 0.5382113456726074,
  "clean_risk_at_90_coverage": 0.5751445293426514,
  "clean_score_name": "positive_resistance",
  "clean_selective_aurc": 0.4156622290611267,
  "clean_uncertainty_mean": -0.01416792068630457,
  "clean_vs_noisy_auroc": 0.5773633122444153,
  "clean_vs_occluded_auroc": 0.5131976008415222,
  "condition_metrics_path": "reports/pluggable_uncertainty_real_20260427/runs/20260427_033154_uncertainty_cifar10_eml_supervised_resistance_seed2/uncertainty_eval.pt",
  "cuda_available": true,
  "dataset_name": "cifar10",
  "device": "cuda",
  "early_stop_min_evals": 2,
  "early_stop_patience": 4,
  "early_stop_triggered": true,
  "eval_interval": 25,
  "experiment_type": "frozen_features_uncertainty",
  "feature_dim": 64,
  "final_metric": 0.4036458432674408,
  "final_train_loss": 1.6732043027877808,
  "git_commit": "0c0b3db",
  "head_steps": 1200,
  "hostname": "user-NF5468M6",
  "metrics_json": "{\"best_metric\": 0.4375, \"best_step\": 125, \"clean_accuracy\": 0.4036458432674408, \"clean_brier\": 0.715462863445282, \"clean_confidence_mean\": 0.3422716557979584, \"clean_ece\": 0.06854197382926941, \"clean_nll\": 1.6064985990524292, \"clean_positive_resistance_mean\": -0.01416792068630457, \"clean_resistance_noise_corr\": NaN, \"clean_resistance_occlusion_corr\": NaN, \"clean_risk_at_100_coverage\": 0.5963541269302368, \"clean_risk_at_50_coverage\": 0.4427083134651184, \"clean_risk_at_70_coverage\": 0.5111523866653442, \"clean_risk_at_80_coverage\": 0.5382113456726074, \"clean_risk_at_90_coverage\": 0.5751445293426514, \"clean_score_name\": \"positive_resistance\", \"clean_selective_aurc\": 0.4156622290611267, \"clean_uncertainty_mean\": -0.01416792068630457, \"clean_vs_noisy_auroc\": 0.5773633122444153, \"clean_vs_occluded_auroc\": 0.5131976008415222, \"condition_metrics_path\": \"reports/pluggable_uncertainty_real_20260427/runs/20260427_033154_uncertainty_cifar10_eml_supervised_resistance_seed2/uncertainty_eval.pt\", \"early_stop_patience\": 4, \"early_stop_triggered\": true, \"final_metric\": 0.4036458432674408, \"final_train_loss\": 1.6732043027877808, \"noisy_accuracy\": 0.3427734375, \"noisy_brier\": 0.7726098299026489, \"noisy_confidence_mean\": 0.3296767771244049, \"noisy_ece\": 0.03784879669547081, \"noisy_nll\": 1.7928608655929565, \"noisy_positive_resistance_mean\": 0.03831545263528824, \"noisy_resistance_noise_corr\": NaN, \"noisy_resistance_occlusion_corr\": NaN, \"noisy_risk_at_100_coverage\": 0.6572265625, \"noisy_risk_at_50_coverage\": 0.486328125, \"noisy_risk_at_70_coverage\": 0.5620641708374023, \"noisy_risk_at_80_coverage\": 0.5914634466171265, \"noisy_risk_at_90_coverage\": 0.623644232749939, \"noisy_score_name\": \"positive_resistance\", \"noisy_selective_aurc\": 0.4621483385562897, \"noisy_uncertainty_mean\": 0.03831545263528824, \"occluded_accuracy\": 0.365234375, \"occluded_brier\": 0.7490950226783752, \"occluded_confidence_mean\": 0.3438810110092163, \"occluded_ece\": 0.04171333461999893, \"occluded_nll\": 1.7165056467056274, \"occluded_positive_resistance_mean\": -0.004073292016983032, \"occluded_resistance_noise_corr\": NaN, \"occluded_resistance_occlusion_corr\": NaN, \"occluded_risk_at_100_coverage\": 0.634765625, \"occluded_risk_at_50_coverage\": 0.4921875, \"occluded_risk_at_70_coverage\": 0.5425383448600769, \"occluded_risk_at_80_coverage\": 0.5756097435951233, \"occluded_risk_at_90_coverage\": 0.6052060723304749, \"occluded_score_name\": \"positive_resistance\", \"occluded_selective_aurc\": 0.4500826299190521, \"occluded_uncertainty_mean\": -0.004073292016983032, \"pooled_resistance_noise_corr\": 0.11455918103456497, \"pooled_resistance_occlusion_corr\": -0.04879063740372658, \"steps_run\": 225, \"total_train_time_sec\": 19.558209896087646}",
  "mode": "uncertainty_benchmark",
  "model_class": "EMLPrototypeHeadSupervisedResistance",
  "model_name": "eml_supervised_resistance",
  "noisy_accuracy": 0.3427734375,
  "noisy_brier": 0.7726098299026489,
  "noisy_confidence_mean": 0.3296767771244049,
  "noisy_ece": 0.03784879669547081,
  "noisy_nll": 1.7928608655929565,
  "noisy_positive_resistance_mean": 0.03831545263528824,
  "noisy_resistance_noise_corr": NaN,
  "noisy_resistance_occlusion_corr": NaN,
  "noisy_risk_at_100_coverage": 0.6572265625,
  "noisy_risk_at_50_coverage": 0.486328125,
  "noisy_risk_at_70_coverage": 0.5620641708374023,
  "noisy_risk_at_80_coverage": 0.5914634466171265,
  "noisy_risk_at_90_coverage": 0.623644232749939,
  "noisy_score_name": "positive_resistance",
  "noisy_selective_aurc": 0.4621483385562897,
  "noisy_uncertainty_mean": 0.03831545263528824,
  "num_classes": 10,
  "num_params": 18977,
  "num_workers": 0,
  "occluded_accuracy": 0.365234375,
  "occluded_brier": 0.7490950226783752,
  "occluded_confidence_mean": 0.3438810110092163,
  "occluded_ece": 0.04171333461999893,
  "occluded_nll": 1.7165056467056274,
  "occluded_positive_resistance_mean": -0.004073292016983032,
  "occluded_resistance_noise_corr": NaN,
  "occluded_resistance_occlusion_corr": NaN,
  "occluded_risk_at_100_coverage": 0.634765625,
  "occluded_risk_at_50_coverage": 0.4921875,
  "occluded_risk_at_70_coverage": 0.5425383448600769,
  "occluded_risk_at_80_coverage": 0.5756097435951233,
  "occluded_risk_at_90_coverage": 0.6052060723304749,
  "occluded_score_name": "positive_resistance",
  "occluded_selective_aurc": 0.4500826299190521,
  "occluded_uncertainty_mean": -0.004073292016983032,
  "platform": "Linux-5.4.0-216-generic-x86_64-with-glibc2.31",
  "pooled_resistance_noise_corr": 0.11455918103456497,
  "pooled_resistance_occlusion_corr": -0.04879063740372658,
  "python_version": "3.10.20",
  "reason": "",
  "run_dir": "reports/pluggable_uncertainty_real_20260427/runs/20260427_033154_uncertainty_cifar10_eml_supervised_resistance_seed2",
  "run_id": "uncertainty_cifar10_eml_supervised_resistance_seed2",
  "seed": 2,
  "selected_heads": [
    "linear",
    "mlp",
    "cosine_prototype",
    "eml_no_ambiguity",
    "eml_centered_ambiguity",
    "eml_supervised_resistance",
    "merc_linear",
    "merc_energy"
  ],
  "status": "COMPLETED",
  "steps_run": 225,
  "task_name": "image_uncertainty_selective_classification",
  "test_size": 1024,
  "timestamp": "2026-04-27T03:32:13Z",
  "torch_version": "2.7.1+cu118",
  "torchvision_version": "0.22.1+cu118",
  "total_train_time_sec": 19.558209896087646,
  "train_size": 4096,
  "trainable_params": 18977
}