{
  "batch_size": 64,
  "best_metric": 0.4921875,
  "best_step": 150,
  "clean_accuracy": 0.4869791567325592,
  "clean_brier": 0.6961669325828552,
  "clean_confidence_mean": 0.3418603241443634,
  "clean_ece": 0.1451188325881958,
  "clean_nll": 1.5606083869934082,
  "clean_positive_resistance_mean": 0.7124937176704407,
  "clean_resistance_noise_corr": NaN,
  "clean_resistance_occlusion_corr": NaN,
  "clean_risk_at_100_coverage": 0.5130208730697632,
  "clean_risk_at_50_coverage": 0.2369791865348816,
  "clean_risk_at_70_coverage": 0.35687732696533203,
  "clean_risk_at_80_coverage": 0.41463416814804077,
  "clean_risk_at_90_coverage": 0.46387284994125366,
  "clean_score_name": "positive_resistance",
  "clean_selective_aurc": 0.2447967231273651,
  "clean_uncertainty_mean": 0.7124937176704407,
  "clean_vs_noisy_auroc": 0.5470631718635559,
  "clean_vs_occluded_auroc": 0.5236714482307434,
  "condition_metrics_path": "reports/uncertainty_resistance_true_20260427/runs/20260427_020623_uncertainty_cifar10_eml_centered_ambiguity_seed1/uncertainty_eval.pt",
  "cuda_available": true,
  "dataset_name": "cifar10",
  "device": "cuda",
  "early_stop_patience": 4,
  "early_stop_triggered": true,
  "experiment_type": "frozen_features_uncertainty",
  "feature_dim": 64,
  "final_metric": 0.4869791567325592,
  "final_train_loss": 1.473703384399414,
  "git_commit": "0c0b3db",
  "hostname": "user-NF5468M6",
  "metrics_json": "{\"best_metric\": 0.4921875, \"best_step\": 150, \"clean_accuracy\": 0.4869791567325592, \"clean_brier\": 0.6961669325828552, \"clean_confidence_mean\": 0.3418603241443634, \"clean_ece\": 0.1451188325881958, \"clean_nll\": 1.5606083869934082, \"clean_positive_resistance_mean\": 0.7124937176704407, \"clean_resistance_noise_corr\": NaN, \"clean_resistance_occlusion_corr\": NaN, \"clean_risk_at_100_coverage\": 0.5130208730697632, \"clean_risk_at_50_coverage\": 0.2369791865348816, \"clean_risk_at_70_coverage\": 0.35687732696533203, \"clean_risk_at_80_coverage\": 0.41463416814804077, \"clean_risk_at_90_coverage\": 0.46387284994125366, \"clean_score_name\": \"positive_resistance\", \"clean_selective_aurc\": 0.2447967231273651, \"clean_uncertainty_mean\": 0.7124937176704407, \"clean_vs_noisy_auroc\": 0.5470631718635559, \"clean_vs_occluded_auroc\": 0.5236714482307434, \"condition_metrics_path\": \"reports/uncertainty_resistance_true_20260427/runs/20260427_020623_uncertainty_cifar10_eml_centered_ambiguity_seed1/uncertainty_eval.pt\", \"early_stop_patience\": 4, \"early_stop_triggered\": true, \"final_metric\": 0.4869791567325592, \"final_train_loss\": 1.473703384399414, \"noisy_accuracy\": 0.3984375, \"noisy_brier\": 0.7397281527519226, \"noisy_confidence_mean\": 0.32955971360206604, \"noisy_ece\": 0.07037649303674698, \"noisy_nll\": 1.6837576627731323, \"noisy_positive_resistance_mean\": 0.73917555809021, \"noisy_resistance_noise_corr\": NaN, \"noisy_resistance_occlusion_corr\": NaN, \"noisy_risk_at_100_coverage\": 0.6015625, \"noisy_risk_at_50_coverage\": 0.326171875, \"noisy_risk_at_70_coverage\": 0.4616457223892212, \"noisy_risk_at_80_coverage\": 0.5121951103210449, \"noisy_risk_at_90_coverage\": 0.5607374906539917, \"noisy_score_name\": \"positive_resistance\", \"noisy_selective_aurc\": 0.3108321726322174, \"noisy_uncertainty_mean\": 0.73917555809021, \"occluded_accuracy\": 0.423828125, \"occluded_brier\": 0.7226832509040833, \"occluded_confidence_mean\": 0.3417772352695465, \"occluded_ece\": 0.09220430999994278, \"occluded_nll\": 1.6396260261535645, \"occluded_positive_resistance_mean\": 0.7254559993743896, \"occluded_resistance_noise_corr\": NaN, \"occluded_resistance_occlusion_corr\": NaN, \"occluded_risk_at_100_coverage\": 0.576171875, \"occluded_risk_at_50_coverage\": 0.28515625, \"occluded_risk_at_70_coverage\": 0.4281729459762573, \"occluded_risk_at_80_coverage\": 0.4817073345184326, \"occluded_risk_at_90_coverage\": 0.5314533710479736, \"occluded_score_name\": \"positive_resistance\", \"occluded_selective_aurc\": 0.2839265465736389, \"occluded_uncertainty_mean\": 0.7254559993743896, \"pooled_resistance_noise_corr\": 0.056429874151945114, \"pooled_resistance_occlusion_corr\": -0.006688139867037535, \"steps_run\": 250, \"total_train_time_sec\": 14.553147792816162}",
  "mode": "uncertainty_benchmark",
  "model_class": "EMLPrototypeHeadCenteredAmbiguity",
  "model_name": "eml_centered_ambiguity",
  "noisy_accuracy": 0.3984375,
  "noisy_brier": 0.7397281527519226,
  "noisy_confidence_mean": 0.32955971360206604,
  "noisy_ece": 0.07037649303674698,
  "noisy_nll": 1.6837576627731323,
  "noisy_positive_resistance_mean": 0.73917555809021,
  "noisy_resistance_noise_corr": NaN,
  "noisy_resistance_occlusion_corr": NaN,
  "noisy_risk_at_100_coverage": 0.6015625,
  "noisy_risk_at_50_coverage": 0.326171875,
  "noisy_risk_at_70_coverage": 0.4616457223892212,
  "noisy_risk_at_80_coverage": 0.5121951103210449,
  "noisy_risk_at_90_coverage": 0.5607374906539917,
  "noisy_score_name": "positive_resistance",
  "noisy_selective_aurc": 0.3108321726322174,
  "noisy_uncertainty_mean": 0.73917555809021,
  "num_classes": 10,
  "num_params": 18977,
  "num_workers": 0,
  "occluded_accuracy": 0.423828125,
  "occluded_brier": 0.7226832509040833,
  "occluded_confidence_mean": 0.3417772352695465,
  "occluded_ece": 0.09220430999994278,
  "occluded_nll": 1.6396260261535645,
  "occluded_positive_resistance_mean": 0.7254559993743896,
  "occluded_resistance_noise_corr": NaN,
  "occluded_resistance_occlusion_corr": NaN,
  "occluded_risk_at_100_coverage": 0.576171875,
  "occluded_risk_at_50_coverage": 0.28515625,
  "occluded_risk_at_70_coverage": 0.4281729459762573,
  "occluded_risk_at_80_coverage": 0.4817073345184326,
  "occluded_risk_at_90_coverage": 0.5314533710479736,
  "occluded_score_name": "positive_resistance",
  "occluded_selective_aurc": 0.2839265465736389,
  "occluded_uncertainty_mean": 0.7254559993743896,
  "platform": "Linux-5.4.0-216-generic-x86_64-with-glibc2.31",
  "pooled_resistance_noise_corr": 0.056429874151945114,
  "pooled_resistance_occlusion_corr": -0.006688139867037535,
  "python_version": "3.10.20",
  "reason": "",
  "run_dir": "reports/uncertainty_resistance_true_20260427/runs/20260427_020623_uncertainty_cifar10_eml_centered_ambiguity_seed1",
  "run_id": "uncertainty_cifar10_eml_centered_ambiguity_seed1",
  "seed": 1,
  "status": "COMPLETED",
  "steps_run": 250,
  "task_name": "image_uncertainty_selective_classification",
  "test_size": 1024,
  "timestamp": "2026-04-27T02:06:38Z",
  "torch_version": "2.7.1+cu118",
  "torchvision_version": "0.22.1+cu118",
  "total_train_time_sec": 14.553147792816162,
  "train_size": 4096,
  "trainable_params": 18977
}