{
  "best_metric": 1.0,
  "cuda_available": false,
  "dataset_name": "synthetic_probe_tensors",
  "device": "cpu",
  "final_diagnostics": {
    "drive_mean": -0.0005375043256208301,
    "drive_std": 0.0020046767313033342,
    "energy_mean": -0.8810078501701355,
    "energy_std": 0.21288524568080902,
    "gate_activation_rate": 0.20000000298023224,
    "gate_mean": 0.20000000298023224,
    "gate_std": 0.10000000149011612,
    "message_norm_mean": 0.07091007381677628,
    "message_norm_std": 0.017605029046535492,
    "new_precision_mean": 0.3132588863372803,
    "new_precision_std": 5.030057218391448e-05,
    "old_precision_mean": 5.006766319274902,
    "old_precision_std": 0.0011105857556685805,
    "resistance_mean": 6.39350400888361e-05,
    "resistance_std": 0.0018633254803717136,
    "responsibility_entropy_mean": 1.3862943649291992,
    "responsibility_entropy_std": 0.0,
    "update_gate_mean": 0.05888297036290169,
    "update_gate_std": 1.4956323866499588e-05,
    "update_strength_mean": 1.0,
    "update_strength_std": 0.0
  },
  "final_metric": 1.0,
  "git_commit": "19568db",
  "hostname": "BMW-Pro.local",
  "message_norm_mean": 0.07091007381677628,
  "metrics_json": "{\"best_metric\": 1.0, \"final_diagnostics\": {\"drive_mean\": -0.0005375043256208301, \"drive_std\": 0.0020046767313033342, \"energy_mean\": -0.8810078501701355, \"energy_std\": 0.21288524568080902, \"gate_activation_rate\": 0.20000000298023224, \"gate_mean\": 0.20000000298023224, \"gate_std\": 0.10000000149011612, \"message_norm_mean\": 0.07091007381677628, \"message_norm_std\": 0.017605029046535492, \"new_precision_mean\": 0.3132588863372803, \"new_precision_std\": 5.030057218391448e-05, \"old_precision_mean\": 5.006766319274902, \"old_precision_std\": 0.0011105857556685805, \"resistance_mean\": 6.39350400888361e-05, \"resistance_std\": 0.0018633254803717136, \"responsibility_entropy_mean\": 1.3862943649291992, \"responsibility_entropy_std\": 0.0, \"update_gate_mean\": 0.05888297036290169, \"update_gate_std\": 1.4956323866499588e-05, \"update_strength_mean\": 1.0, \"update_strength_std\": 0.0}, \"final_metric\": 1.0, \"message_norm_mean\": 0.07091007381677628, \"nan_inf_count\": 0.0, \"peak_memory_mb\": 0.0, \"step\": 1, \"step_time_sec\": 0.0009188652038574219, \"total_train_time_sec\": 0.0009188652038574219, \"train_loss\": 0.0, \"update_norm_mean\": 1.1240688562393188, \"wall_clock_time_sec\": 0.0009188652038574219}",
  "mode": "ablation",
  "model_name": "ablation_resp_no_null_seed2",
  "nan_inf_count": 0.0,
  "num_params": 14151,
  "peak_memory_mb": 0.0,
  "platform": "macOS-26.0-arm64-arm-64bit",
  "python_version": "3.12.12",
  "reason": "",
  "responsibility_distribution_mode": "standard",
  "responsibility_mode": true,
  "run_dir": "reports/runs/stabilization_ablation_cpu_20260424_155136/20260424_075137_ablation_resp_no_null_seed2",
  "run_id": "ablation_resp_no_null_seed2",
  "seed": 12,
  "status": "COMPLETED",
  "step": 1,
  "step_time_sec": 0.0009188652038574219,
  "task_name": "mechanism_probe",
  "timestamp": "2026-04-24T07:51:37Z",
  "torch_version": "2.10.0",
  "torchvision_version": "unavailable",
  "total_train_time_sec": 0.0009188652038574219,
  "train_loss": 0.0,
  "trainable_params": 14151,
  "update_mode": "precision",
  "update_norm_mean": 1.1240688562393188,
  "use_null": false,
  "wall_clock_time_sec": 0.0009188652038574219
}