{
  "batch_size": 64,
  "best_metric": 0.38671875,
  "best_step": 300,
  "best_val_accuracy": 0.38671875,
  "cuda_available": true,
  "dataset_name": "cifar10",
  "device": "cuda",
  "early_stop_triggered": false,
  "experiment_type": "end_to_end",
  "feature_dim": 64,
  "final_metric": 0.37890625,
  "final_train_accuracy": 0.546875,
  "final_train_loss": 1.2120479345321655,
  "git_commit": "unknown",
  "head_name": "eml_centered_ambiguity",
  "hostname": "user-NF5468M6",
  "loss_mode": "ce",
  "lr": 0.001,
  "metrics_json": "{\"best_metric\": 0.38671875, \"best_step\": 300, \"best_val_accuracy\": 0.38671875, \"early_stop_triggered\": false, \"final_metric\": 0.37890625, \"final_train_accuracy\": 0.546875, \"final_train_loss\": 1.2120479345321655, \"steps_run\": 300, \"test_accuracy\": 0.37890625, \"test_ambiguity_mean\": 1.181281328201294, \"test_brier\": 0.7518419027328491, \"test_class_resistance_mean\": 0.20010629296302795, \"test_ece\": 0.043263934552669525, \"test_hard_negative_drive_mean\": 6.431434631347656, \"test_hard_negative_logit_mean\": 2.348555564880371, \"test_hard_negative_resistance_mean\": 0.9428079724311829, \"test_loss\": 1.7012156248092651, \"test_margin_mean\": -0.6115927696228027, \"test_nll\": 1.7012156248092651, \"test_positive_drive_mean\": 4.700064659118652, \"test_positive_logit_mean\": 1.7369625568389893, \"test_positive_resistance_mean\": 1.0984972715377808, \"test_resistance_noise_corr\": NaN, \"test_resistance_occlusion_corr\": NaN, \"test_sample_uncertainty_mean\": 0.000526703370269388, \"total_train_time_sec\": 14.304811239242554, \"val_accuracy\": 0.38671875, \"val_ambiguity_mean\": 1.1704514026641846, \"val_brier\": 0.7503513097763062, \"val_class_resistance_mean\": 0.20010629296302795, \"val_ece\": 0.04354166239500046, \"val_hard_negative_drive_mean\": 6.250071048736572, \"val_hard_negative_logit_mean\": 2.305361270904541, \"val_hard_negative_resistance_mean\": 0.9492420554161072, \"val_loss\": 1.7067471742630005, \"val_margin_mean\": -0.58418208360672, \"val_nll\": 1.7067471742630005, \"val_positive_drive_mean\": 4.592316627502441, \"val_positive_logit_mean\": 1.7211792469024658, \"val_positive_resistance_mean\": 1.0828486680984497, \"val_resistance_noise_corr\": NaN, \"val_resistance_occlusion_corr\": NaN, \"val_sample_uncertainty_mean\": 0.0006399940466508269}",
  "mode": "head_ablation",
  "model_class": "CNNHeadModel",
  "model_name": "eml_bank_centered_ambiguity",
  "num_classes": 10,
  "num_params": 221443,
  "pairwise_margin": 0.0,
  "pairwise_weight": 0.0,
  "platform": "Linux-5.4.0-216-generic-x86_64-with-glibc2.31",
  "python_version": "3.10.20",
  "reason": "",
  "run_dir": "reports/merc_end_to_end_rerun/runs/20260425_035055_e2e_cifar10_eml_bank_centered_ambiguity_ce_seed0",
  "run_id": "e2e_cifar10_eml_bank_centered_ambiguity_ce_seed0",
  "seed": 0,
  "status": "COMPLETED",
  "steps": 300,
  "steps_run": 300,
  "task_name": "image_classification",
  "test_accuracy": 0.37890625,
  "test_ambiguity_mean": 1.181281328201294,
  "test_brier": 0.7518419027328491,
  "test_class_resistance_mean": 0.20010629296302795,
  "test_ece": 0.043263934552669525,
  "test_hard_negative_drive_mean": 6.431434631347656,
  "test_hard_negative_logit_mean": 2.348555564880371,
  "test_hard_negative_resistance_mean": 0.9428079724311829,
  "test_loss": 1.7012156248092651,
  "test_margin_mean": -0.6115927696228027,
  "test_nll": 1.7012156248092651,
  "test_positive_drive_mean": 4.700064659118652,
  "test_positive_logit_mean": 1.7369625568389893,
  "test_positive_resistance_mean": 1.0984972715377808,
  "test_resistance_noise_corr": NaN,
  "test_resistance_occlusion_corr": NaN,
  "test_sample_uncertainty_mean": 0.000526703370269388,
  "timestamp": "2026-04-25T03:51:09Z",
  "torch_version": "2.7.1+cu118",
  "torchvision_version": "0.22.1+cu118",
  "total_train_time_sec": 14.304811239242554,
  "trainable_params": 221443,
  "use_eml_residual_bank": true,
  "use_merc_block": false,
  "val_accuracy": 0.38671875,
  "val_ambiguity_mean": 1.1704514026641846,
  "val_brier": 0.7503513097763062,
  "val_class_resistance_mean": 0.20010629296302795,
  "val_ece": 0.04354166239500046,
  "val_hard_negative_drive_mean": 6.250071048736572,
  "val_hard_negative_logit_mean": 2.305361270904541,
  "val_hard_negative_resistance_mean": 0.9492420554161072,
  "val_loss": 1.7067471742630005,
  "val_margin_mean": -0.58418208360672,
  "val_nll": 1.7067471742630005,
  "val_positive_drive_mean": 4.592316627502441,
  "val_positive_logit_mean": 1.7211792469024658,
  "val_positive_resistance_mean": 1.0828486680984497,
  "val_resistance_noise_corr": NaN,
  "val_resistance_occlusion_corr": NaN,
  "val_sample_uncertainty_mean": 0.0006399940466508269
}