{
  "ambiguity_weight": NaN,
  "attractor_entropy_weight": NaN,
  "batch_size": 8,
  "best_metric": 0.4296296238899231,
  "bits_per_char": 5.7475583781057535,
  "char_accuracy": 0.4296296238899231,
  "completed_steps": 50,
  "corruption_resistance_corr": 0.06774325668811798,
  "cuda_available": false,
  "dataset_name": "SyntheticTextEnergyDataset",
  "device": "cpu",
  "early_stop": false,
  "early_stop_step": "",
  "early_stop_triggered": false,
  "final_diagnostics": {
    "drive_mean": -0.00836648978292942,
    "drive_std": 0.16586729884147644,
    "energy_mean": -0.015662526711821556,
    "energy_std": 0.050241366028785706,
    "resistance_mean": 0.25860655307769775,
    "resistance_std": 0.290436714887619
  },
  "final_metric": 0.4296296238899231,
  "final_train_accuracy": 0.4296296238899231,
  "final_train_loss": 3.9839038848876953,
  "git_commit": "9ce7b7d",
  "grad_norm": 0.9980665445327759,
  "hostname": "Mac-mini.local",
  "learning_rate": 0.001,
  "metrics_json": "{\"ambiguity_weight\": NaN, \"attractor_entropy_weight\": NaN, \"best_metric\": 0.4296296238899231, \"bits_per_char\": 5.7475583781057535, \"char_accuracy\": 0.4296296238899231, \"completed_steps\": 50, \"corruption_resistance_corr\": 0.06774325668811798, \"early_stop_step\": \"\", \"early_stop_triggered\": false, \"final_diagnostics\": {\"drive_mean\": -0.00836648978292942, \"drive_std\": 0.16586729884147644, \"energy_mean\": -0.015662526711821556, \"energy_std\": 0.050241366028785706, \"resistance_mean\": 0.25860655307769775, \"resistance_std\": 0.290436714887619}, \"final_metric\": 0.4296296238899231, \"final_train_accuracy\": 0.4296296238899231, \"final_train_loss\": 3.9839038848876953, \"grad_norm\": 0.9980665445327759, \"learning_rate\": 0.001, \"next_token_loss\": 3.9839038848876953, \"null_threshold\": NaN, \"peak_memory_mb\": 0.0, \"perplexity\": 53.72636690813239, \"precision_update_threshold\": NaN, \"responsibility_temperature\": NaN, \"step\": 50, \"step_time_sec\": 0.029927968978881836, \"token_accuracy\": 0.4296296238899231, \"tokens_per_sec\": 4510.8306579461, \"total_train_time_sec\": 2.393962860107422, \"train_loss\": 3.9839038848876953, \"wall_clock_time_sec\": 2.3915281295776367, \"warmup_eta\": 1.0}",
  "min_delta": 0.0001,
  "mode": "ablation",
  "model_name": "EMLEdgeTextLM_kan_style",
  "next_token_loss": 3.9839038848876953,
  "null_threshold": NaN,
  "num_params": 53736,
  "num_workers": 0,
  "patience": 20,
  "peak_memory_mb": 0.0,
  "perplexity": 53.72636690813239,
  "platform": "macOS-15.1-arm64-arm-64bit",
  "precision_update_threshold": NaN,
  "python_version": "3.12.7",
  "reason": "",
  "responsibility_temperature": NaN,
  "run_dir": "reports/runs/20260505_123140_kan_compare_text_eml_edge",
  "run_id": "kan_compare_text_eml_edge",
  "seed": 13,
  "seq_len": 48,
  "status": "COMPLETED",
  "step": 50,
  "step_time_sec": 0.029927968978881836,
  "steps": 50,
  "task_name": "text_synthetic",
  "timestamp": "2026-05-05T12:31:42Z",
  "token_accuracy": 0.4296296238899231,
  "tokens_per_sec": 4510.8306579461,
  "torch_version": "2.10.0",
  "torchvision_version": "0.25.0",
  "total_train_time_sec": 2.393962860107422,
  "train_loss": 3.9839038848876953,
  "trainable_params": 53736,
  "wall_clock_time_sec": 2.3915281295776367,
  "warmup_eta": 1.0
}