{
  "backbone_steps": 300,
  "batch_size": 64,
  "best_metric": 0.48828125,
  "best_step": 75,
  "clean_accuracy": 0.5013020634651184,
  "clean_brier": 0.7241950631141663,
  "clean_confidence_mean": 0.25857973098754883,
  "clean_ece": 0.24371123313903809,
  "clean_nll": 1.6186532974243164,
  "clean_risk_at_100_coverage": 0.4986979365348816,
  "clean_risk_at_50_coverage": 0.3229166865348816,
  "clean_risk_at_70_coverage": 0.40148699283599854,
  "clean_risk_at_80_coverage": 0.43739837408065796,
  "clean_risk_at_90_coverage": 0.46820807456970215,
  "clean_score_name": "one_minus_confidence",
  "clean_selective_aurc": 0.31058990955352783,
  "clean_uncertainty_mean": 0.7414202690124512,
  "clean_vs_noisy_auroc": 0.5973688960075378,
  "clean_vs_occluded_auroc": 0.5281588435173035,
  "condition_metrics_path": "reports/pluggable_uncertainty_real_20260427/runs/20260427_033123_uncertainty_cifar10_linear_seed2/uncertainty_eval.pt",
  "cuda_available": true,
  "dataset_name": "cifar10",
  "device": "cuda",
  "early_stop_min_evals": 2,
  "early_stop_patience": 4,
  "early_stop_triggered": true,
  "eval_interval": 25,
  "experiment_type": "frozen_features_uncertainty",
  "feature_dim": 64,
  "final_metric": 0.5013020634651184,
  "final_train_loss": 1.3605446815490723,
  "git_commit": "0c0b3db",
  "head_steps": 1200,
  "hostname": "user-NF5468M6",
  "metrics_json": "{\"best_metric\": 0.48828125, \"best_step\": 75, \"clean_accuracy\": 0.5013020634651184, \"clean_brier\": 0.7241950631141663, \"clean_confidence_mean\": 0.25857973098754883, \"clean_ece\": 0.24371123313903809, \"clean_nll\": 1.6186532974243164, \"clean_risk_at_100_coverage\": 0.4986979365348816, \"clean_risk_at_50_coverage\": 0.3229166865348816, \"clean_risk_at_70_coverage\": 0.40148699283599854, \"clean_risk_at_80_coverage\": 0.43739837408065796, \"clean_risk_at_90_coverage\": 0.46820807456970215, \"clean_score_name\": \"one_minus_confidence\", \"clean_selective_aurc\": 0.31058990955352783, \"clean_uncertainty_mean\": 0.7414202690124512, \"clean_vs_noisy_auroc\": 0.5973688960075378, \"clean_vs_occluded_auroc\": 0.5281588435173035, \"condition_metrics_path\": \"reports/pluggable_uncertainty_real_20260427/runs/20260427_033123_uncertainty_cifar10_linear_seed2/uncertainty_eval.pt\", \"early_stop_patience\": 4, \"early_stop_triggered\": true, \"final_metric\": 0.5013020634651184, \"final_train_loss\": 1.3605446815490723, \"noisy_accuracy\": 0.3720703125, \"noisy_brier\": 0.7764350771903992, \"noisy_confidence_mean\": 0.23520435392856598, \"noisy_ece\": 0.13686594367027283, \"noisy_nll\": 1.7914128303527832, \"noisy_risk_at_100_coverage\": 0.6279296875, \"noisy_risk_at_50_coverage\": 0.4765625, \"noisy_risk_at_70_coverage\": 0.5495118498802185, \"noisy_risk_at_80_coverage\": 0.5841463804244995, \"noisy_risk_at_90_coverage\": 0.6106290817260742, \"noisy_score_name\": \"one_minus_confidence\", \"noisy_selective_aurc\": 0.4425587058067322, \"noisy_uncertainty_mean\": 0.7647956609725952, \"occluded_accuracy\": 0.419921875, \"occluded_brier\": 0.7491422295570374, \"occluded_confidence_mean\": 0.25142982602119446, \"occluded_ece\": 0.16849207878112793, \"occluded_nll\": 1.6978448629379272, \"occluded_risk_at_100_coverage\": 0.580078125, \"occluded_risk_at_50_coverage\": 0.435546875, \"occluded_risk_at_70_coverage\": 0.5132496356964111, \"occluded_risk_at_80_coverage\": 0.5317072868347168, \"occluded_risk_at_90_coverage\": 0.5531453490257263, \"occluded_score_name\": \"one_minus_confidence\", \"occluded_selective_aurc\": 0.4214880168437958, \"occluded_uncertainty_mean\": 0.7485702037811279, \"steps_run\": 175, \"total_train_time_sec\": 2.2225871086120605}",
  "mode": "uncertainty_benchmark",
  "model_class": "LinearHead",
  "model_name": "linear",
  "noisy_accuracy": 0.3720703125,
  "noisy_brier": 0.7764350771903992,
  "noisy_confidence_mean": 0.23520435392856598,
  "noisy_ece": 0.13686594367027283,
  "noisy_nll": 1.7914128303527832,
  "noisy_risk_at_100_coverage": 0.6279296875,
  "noisy_risk_at_50_coverage": 0.4765625,
  "noisy_risk_at_70_coverage": 0.5495118498802185,
  "noisy_risk_at_80_coverage": 0.5841463804244995,
  "noisy_risk_at_90_coverage": 0.6106290817260742,
  "noisy_score_name": "one_minus_confidence",
  "noisy_selective_aurc": 0.4425587058067322,
  "noisy_uncertainty_mean": 0.7647956609725952,
  "num_classes": 10,
  "num_params": 650,
  "num_workers": 0,
  "occluded_accuracy": 0.419921875,
  "occluded_brier": 0.7491422295570374,
  "occluded_confidence_mean": 0.25142982602119446,
  "occluded_ece": 0.16849207878112793,
  "occluded_nll": 1.6978448629379272,
  "occluded_risk_at_100_coverage": 0.580078125,
  "occluded_risk_at_50_coverage": 0.435546875,
  "occluded_risk_at_70_coverage": 0.5132496356964111,
  "occluded_risk_at_80_coverage": 0.5317072868347168,
  "occluded_risk_at_90_coverage": 0.5531453490257263,
  "occluded_score_name": "one_minus_confidence",
  "occluded_selective_aurc": 0.4214880168437958,
  "occluded_uncertainty_mean": 0.7485702037811279,
  "platform": "Linux-5.4.0-216-generic-x86_64-with-glibc2.31",
  "python_version": "3.10.20",
  "reason": "",
  "run_dir": "reports/pluggable_uncertainty_real_20260427/runs/20260427_033123_uncertainty_cifar10_linear_seed2",
  "run_id": "uncertainty_cifar10_linear_seed2",
  "seed": 2,
  "selected_heads": [
    "linear",
    "mlp",
    "cosine_prototype",
    "eml_no_ambiguity",
    "eml_centered_ambiguity",
    "eml_supervised_resistance",
    "merc_linear",
    "merc_energy"
  ],
  "status": "COMPLETED",
  "steps_run": 175,
  "task_name": "image_uncertainty_selective_classification",
  "test_size": 1024,
  "timestamp": "2026-04-27T03:31:25Z",
  "torch_version": "2.7.1+cu118",
  "torchvision_version": "0.22.1+cu118",
  "total_train_time_sec": 2.2225871086120605,
  "train_size": 4096,
  "trainable_params": 650
}