{
  "batch_size": 32,
  "best_metric": 0.1953125,
  "best_step": 10,
  "best_val_accuracy": 0.1953125,
  "cuda_available": false,
  "dataset_name": "synthetic_shape",
  "device": "cpu",
  "early_stop_triggered": true,
  "experiment_type": "frozen_features",
  "feature_dim": 64,
  "features_dir": "reports/head_ablation/features/synthetic_shape_smoke_seed1",
  "final_metric": 0.203125,
  "final_train_accuracy": 0.1875,
  "final_train_loss": 1.6137944459915161,
  "git_commit": "3d40f93",
  "hostname": "BMW-Pro.local",
  "lr": 0.001,
  "metrics_json": "{\"best_metric\": 0.1953125, \"best_step\": 10, \"best_val_accuracy\": 0.1953125, \"early_stop_triggered\": true, \"final_metric\": 0.203125, \"final_train_accuracy\": 0.1875, \"final_train_loss\": 1.6137944459915161, \"steps_run\": 30, \"test_accuracy\": 0.203125, \"test_ambiguity_mean\": 0.0, \"test_brier\": 0.7998277544975281, \"test_class_resistance_mean\": 0.2001434564590454, \"test_conflict_resistance_corr\": NaN, \"test_ece\": 0.009791091084480286, \"test_hard_negative_drive_mean\": 0.19496580958366394, \"test_hard_negative_logit_mean\": -0.0002655593561939895, \"test_hard_negative_resistance_mean\": 0.8938312530517578, \"test_loss\": 1.6089978218078613, \"test_margin_mean\": -0.05411852151155472, \"test_nll\": 1.6089978218078613, \"test_positive_drive_mean\": -0.42945122718811035, \"test_positive_logit_mean\": -0.054384082555770874, \"test_positive_resistance_mean\": 0.8948276042938232, \"test_precision_mean\": NaN, \"test_resistance_noise_corr\": 0.03513505309820175, \"test_resistance_occlusion_corr\": -0.06051986292004585, \"test_sample_uncertainty_mean\": 0.694670557975769, \"test_support_evidence_corr\": NaN, \"test_update_gate_mean\": NaN, \"total_train_time_sec\": 0.20042181015014648, \"val_accuracy\": 0.1875, \"val_ambiguity_mean\": 0.0, \"val_brier\": 0.800807774066925, \"val_class_resistance_mean\": 0.2001434564590454, \"val_conflict_resistance_corr\": NaN, \"val_ece\": 0.02538895606994629, \"val_hard_negative_drive_mean\": 0.1990053951740265, \"val_hard_negative_logit_mean\": 0.00021763300173915923, \"val_hard_negative_resistance_mean\": 0.8938223719596863, \"val_loss\": 1.6114200353622437, \"val_margin_mean\": -0.05706598609685898, \"val_nll\": 1.6114200353622437, \"val_positive_drive_mean\": -0.4712200164794922, \"val_positive_logit_mean\": -0.05684835463762283, \"val_positive_resistance_mean\": 0.8947668075561523, \"val_precision_mean\": NaN, \"val_resistance_noise_corr\": 0.057493340224027634, \"val_resistance_occlusion_corr\": 0.1158805638551712, \"val_sample_uncertainty_mean\": 0.6946712136268616, \"val_support_evidence_corr\": NaN, \"val_update_gate_mean\": NaN}",
  "mode": "head_ablation",
  "model_class": "EMLPrototypeHeadNoAmbiguity",
  "model_name": "eml_no_ambiguity",
  "num_classes": 5,
  "num_params": 18002,
  "pairwise_margin": 0.0,
  "pairwise_weight": 0.0,
  "platform": "macOS-26.0-arm64-arm-64bit",
  "python_version": "3.12.12",
  "reason": "",
  "run_dir": "reports/head_ablation/runs/20260425_025613_frozen_synthetic_shape_eml_no_ambiguity_seed1",
  "run_id": "frozen_synthetic_shape_eml_no_ambiguity_seed1",
  "seed": 1,
  "status": "COMPLETED",
  "steps": 30,
  "steps_run": 30,
  "task_name": "image_classification",
  "test_accuracy": 0.203125,
  "test_ambiguity_mean": 0.0,
  "test_brier": 0.7998277544975281,
  "test_class_resistance_mean": 0.2001434564590454,
  "test_conflict_resistance_corr": NaN,
  "test_ece": 0.009791091084480286,
  "test_hard_negative_drive_mean": 0.19496580958366394,
  "test_hard_negative_logit_mean": -0.0002655593561939895,
  "test_hard_negative_resistance_mean": 0.8938312530517578,
  "test_loss": 1.6089978218078613,
  "test_margin_mean": -0.05411852151155472,
  "test_nll": 1.6089978218078613,
  "test_positive_drive_mean": -0.42945122718811035,
  "test_positive_logit_mean": -0.054384082555770874,
  "test_positive_resistance_mean": 0.8948276042938232,
  "test_precision_mean": NaN,
  "test_resistance_noise_corr": 0.03513505309820175,
  "test_resistance_occlusion_corr": -0.06051986292004585,
  "test_sample_uncertainty_mean": 0.694670557975769,
  "test_support_evidence_corr": NaN,
  "test_update_gate_mean": NaN,
  "timestamp": "2026-04-25T02:56:13Z",
  "torch_version": "2.10.0",
  "torchvision_version": "unavailable",
  "total_train_time_sec": 0.20042181015014648,
  "trainable_params": 18002,
  "val_accuracy": 0.1875,
  "val_ambiguity_mean": 0.0,
  "val_brier": 0.800807774066925,
  "val_class_resistance_mean": 0.2001434564590454,
  "val_conflict_resistance_corr": NaN,
  "val_ece": 0.02538895606994629,
  "val_hard_negative_drive_mean": 0.1990053951740265,
  "val_hard_negative_logit_mean": 0.00021763300173915923,
  "val_hard_negative_resistance_mean": 0.8938223719596863,
  "val_loss": 1.6114200353622437,
  "val_margin_mean": -0.05706598609685898,
  "val_nll": 1.6114200353622437,
  "val_positive_drive_mean": -0.4712200164794922,
  "val_positive_logit_mean": -0.05684835463762283,
  "val_positive_resistance_mean": 0.8947668075561523,
  "val_precision_mean": NaN,
  "val_resistance_noise_corr": 0.057493340224027634,
  "val_resistance_occlusion_corr": 0.1158805638551712,
  "val_sample_uncertainty_mean": 0.6946712136268616,
  "val_support_evidence_corr": NaN,
  "val_update_gate_mean": NaN
}