{
  "batch_size": 64,
  "best_metric": 0.451171875,
  "best_step": 300,
  "best_val_accuracy": 0.451171875,
  "cuda_available": true,
  "dataset_name": "cifar10",
  "device": "cuda",
  "early_stop_triggered": false,
  "experiment_type": "end_to_end",
  "feature_dim": 64,
  "final_metric": 0.44140625,
  "final_train_accuracy": 0.640625,
  "final_train_loss": 1.1962847709655762,
  "git_commit": "unknown",
  "head_name": "eml_centered_ambiguity",
  "hostname": "user-NF5468M6",
  "loss_mode": "ce_pairwise",
  "lr": 0.001,
  "metrics_json": "{\"best_metric\": 0.451171875, \"best_step\": 300, \"best_val_accuracy\": 0.451171875, \"early_stop_triggered\": false, \"final_metric\": 0.44140625, \"final_train_accuracy\": 0.640625, \"final_train_loss\": 1.1962847709655762, \"steps_run\": 300, \"test_accuracy\": 0.44140625, \"test_ambiguity_mean\": 1.0817703008651733, \"test_brier\": 0.7140108346939087, \"test_class_resistance_mean\": 0.2003103792667389, \"test_ece\": 0.056892313063144684, \"test_hard_negative_drive_mean\": 6.016539573669434, \"test_hard_negative_logit_mean\": 2.253159999847412, \"test_hard_negative_resistance_mean\": 0.939225971698761, \"test_loss\": 1.6247806549072266, \"test_margin_mean\": -0.4344030022621155, \"test_nll\": 1.6247806549072266, \"test_positive_drive_mean\": 4.932888984680176, \"test_positive_logit_mean\": 1.8187569379806519, \"test_positive_resistance_mean\": 0.9228329658508301, \"test_resistance_noise_corr\": NaN, \"test_resistance_occlusion_corr\": NaN, \"test_sample_uncertainty_mean\": 0.0034823298919945955, \"total_train_time_sec\": 17.16370677947998, \"val_accuracy\": 0.451171875, \"val_ambiguity_mean\": 1.069330096244812, \"val_brier\": 0.7067860960960388, \"val_class_resistance_mean\": 0.2003103792667389, \"val_ece\": 0.08021070063114166, \"val_hard_negative_drive_mean\": 5.886900901794434, \"val_hard_negative_logit_mean\": 2.2093100547790527, \"val_hard_negative_resistance_mean\": 0.9314016699790955, \"val_loss\": 1.6105149984359741, \"val_margin_mean\": -0.3893594741821289, \"val_nll\": 1.6105149984359741, \"val_positive_drive_mean\": 4.871997356414795, \"val_positive_logit_mean\": 1.8199506998062134, \"val_positive_resistance_mean\": 0.918024480342865, \"val_resistance_noise_corr\": NaN, \"val_resistance_occlusion_corr\": NaN, \"val_sample_uncertainty_mean\": 0.0038814798463135958}",
  "mode": "head_ablation",
  "model_class": "CNNHeadModel",
  "model_name": "eml_bank_centered_ambiguity",
  "num_classes": 10,
  "num_params": 221443,
  "pairwise_margin": 0.0,
  "pairwise_weight": 0.05,
  "platform": "Linux-5.4.0-216-generic-x86_64-with-glibc2.31",
  "python_version": "3.10.20",
  "reason": "",
  "run_dir": "reports/merc_end_to_end/runs/20260425_030811_e2e_cifar10_eml_bank_centered_ambiguity_ce_pairwise_seed0",
  "run_id": "e2e_cifar10_eml_bank_centered_ambiguity_ce_pairwise_seed0",
  "seed": 0,
  "status": "COMPLETED",
  "steps": 300,
  "steps_run": 300,
  "task_name": "image_classification",
  "test_accuracy": 0.44140625,
  "test_ambiguity_mean": 1.0817703008651733,
  "test_brier": 0.7140108346939087,
  "test_class_resistance_mean": 0.2003103792667389,
  "test_ece": 0.056892313063144684,
  "test_hard_negative_drive_mean": 6.016539573669434,
  "test_hard_negative_logit_mean": 2.253159999847412,
  "test_hard_negative_resistance_mean": 0.939225971698761,
  "test_loss": 1.6247806549072266,
  "test_margin_mean": -0.4344030022621155,
  "test_nll": 1.6247806549072266,
  "test_positive_drive_mean": 4.932888984680176,
  "test_positive_logit_mean": 1.8187569379806519,
  "test_positive_resistance_mean": 0.9228329658508301,
  "test_resistance_noise_corr": NaN,
  "test_resistance_occlusion_corr": NaN,
  "test_sample_uncertainty_mean": 0.0034823298919945955,
  "timestamp": "2026-04-25T03:08:28Z",
  "torch_version": "2.7.1+cu118",
  "torchvision_version": "0.22.1+cu118",
  "total_train_time_sec": 17.16370677947998,
  "trainable_params": 221443,
  "use_eml_residual_bank": true,
  "use_merc_block": false,
  "val_accuracy": 0.451171875,
  "val_ambiguity_mean": 1.069330096244812,
  "val_brier": 0.7067860960960388,
  "val_class_resistance_mean": 0.2003103792667389,
  "val_ece": 0.08021070063114166,
  "val_hard_negative_drive_mean": 5.886900901794434,
  "val_hard_negative_logit_mean": 2.2093100547790527,
  "val_hard_negative_resistance_mean": 0.9314016699790955,
  "val_loss": 1.6105149984359741,
  "val_margin_mean": -0.3893594741821289,
  "val_nll": 1.6105149984359741,
  "val_positive_drive_mean": 4.871997356414795,
  "val_positive_logit_mean": 1.8199506998062134,
  "val_positive_resistance_mean": 0.918024480342865,
  "val_resistance_noise_corr": NaN,
  "val_resistance_occlusion_corr": NaN,
  "val_sample_uncertainty_mean": 0.0038814798463135958
}