{
  "backbone_steps": 300,
  "batch_size": 64,
  "best_metric": 0.9765625,
  "best_step": 50,
  "clean_accuracy": 0.9947916865348816,
  "clean_brier": 0.00848887488245964,
  "clean_confidence_mean": 0.9737532138824463,
  "clean_ece": 0.02383219264447689,
  "clean_nll": 0.037174224853515625,
  "clean_risk_at_100_coverage": 0.005208313465118408,
  "clean_risk_at_50_coverage": 0.0,
  "clean_risk_at_70_coverage": 0.0,
  "clean_risk_at_80_coverage": 0.0,
  "clean_risk_at_90_coverage": 0.0,
  "clean_score_name": "one_minus_confidence",
  "clean_selective_aurc": 7.86429300205782e-05,
  "clean_uncertainty_mean": 0.026246830821037292,
  "clean_vs_noisy_auroc": 0.5947799682617188,
  "clean_vs_occluded_auroc": 0.6198208928108215,
  "condition_metrics_path": "reports/pluggable_primitive_real_20260427/frozen_runs/20260427_041446_uncertainty_synthetic_shape_mlp_seed2/uncertainty_eval.pt",
  "cuda_available": true,
  "dataset_name": "synthetic_shape",
  "device": "cuda",
  "early_stop_min_evals": 2,
  "early_stop_patience": 4,
  "early_stop_triggered": true,
  "eval_interval": 25,
  "experiment_type": "frozen_features_uncertainty",
  "feature_dim": 64,
  "final_metric": 0.9947916865348816,
  "final_train_loss": 0.09265851229429245,
  "git_commit": "0c0b3db",
  "head_steps": 1200,
  "hostname": "user-NF5468M6",
  "metrics_json": "{\"best_metric\": 0.9765625, \"best_step\": 50, \"clean_accuracy\": 0.9947916865348816, \"clean_brier\": 0.00848887488245964, \"clean_confidence_mean\": 0.9737532138824463, \"clean_ece\": 0.02383219264447689, \"clean_nll\": 0.037174224853515625, \"clean_risk_at_100_coverage\": 0.005208313465118408, \"clean_risk_at_50_coverage\": 0.0, \"clean_risk_at_70_coverage\": 0.0, \"clean_risk_at_80_coverage\": 0.0, \"clean_risk_at_90_coverage\": 0.0, \"clean_score_name\": \"one_minus_confidence\", \"clean_selective_aurc\": 7.86429300205782e-05, \"clean_uncertainty_mean\": 0.026246830821037292, \"clean_vs_noisy_auroc\": 0.5947799682617188, \"clean_vs_occluded_auroc\": 0.6198208928108215, \"condition_metrics_path\": \"reports/pluggable_primitive_real_20260427/frozen_runs/20260427_041446_uncertainty_synthetic_shape_mlp_seed2/uncertainty_eval.pt\", \"early_stop_patience\": 4, \"early_stop_triggered\": true, \"final_metric\": 0.9947916865348816, \"final_train_loss\": 0.09265851229429245, \"noisy_accuracy\": 0.9443359375, \"noisy_brier\": 0.08811488747596741, \"noisy_confidence_mean\": 0.9420492053031921, \"noisy_ece\": 0.03188130259513855, \"noisy_nll\": 0.18401484191417694, \"noisy_risk_at_100_coverage\": 0.0556640625, \"noisy_risk_at_50_coverage\": 0.00390625, \"noisy_risk_at_70_coverage\": 0.004184126853942871, \"noisy_risk_at_80_coverage\": 0.004878044128417969, \"noisy_risk_at_90_coverage\": 0.017353594303131104, \"noisy_score_name\": \"one_minus_confidence\", \"noisy_selective_aurc\": 0.007234543561935425, \"noisy_uncertainty_mean\": 0.057950831949710846, \"occluded_accuracy\": 0.9111328125, \"occluded_brier\": 0.11613547801971436, \"occluded_confidence_mean\": 0.9147261381149292, \"occluded_ece\": 0.0298478901386261, \"occluded_nll\": 0.2542482912540436, \"occluded_risk_at_100_coverage\": 0.0888671875, \"occluded_risk_at_50_coverage\": 0.01171875, \"occluded_risk_at_70_coverage\": 0.011157572269439697, \"occluded_risk_at_80_coverage\": 0.012195110321044922, \"occluded_risk_at_90_coverage\": 0.023861169815063477, \"occluded_score_name\": \"one_minus_confidence\", \"occluded_selective_aurc\": 0.012003534473478794, \"occluded_uncertainty_mean\": 0.08527391403913498, \"steps_run\": 150, \"total_train_time_sec\": 1.552755355834961}",
  "mode": "uncertainty_benchmark",
  "model_class": "MLPHead",
  "model_name": "mlp",
  "noisy_accuracy": 0.9443359375,
  "noisy_brier": 0.08811488747596741,
  "noisy_confidence_mean": 0.9420492053031921,
  "noisy_ece": 0.03188130259513855,
  "noisy_nll": 0.18401484191417694,
  "noisy_risk_at_100_coverage": 0.0556640625,
  "noisy_risk_at_50_coverage": 0.00390625,
  "noisy_risk_at_70_coverage": 0.004184126853942871,
  "noisy_risk_at_80_coverage": 0.004878044128417969,
  "noisy_risk_at_90_coverage": 0.017353594303131104,
  "noisy_score_name": "one_minus_confidence",
  "noisy_selective_aurc": 0.007234543561935425,
  "noisy_uncertainty_mean": 0.057950831949710846,
  "num_classes": 5,
  "num_params": 9093,
  "num_workers": 0,
  "occluded_accuracy": 0.9111328125,
  "occluded_brier": 0.11613547801971436,
  "occluded_confidence_mean": 0.9147261381149292,
  "occluded_ece": 0.0298478901386261,
  "occluded_nll": 0.2542482912540436,
  "occluded_risk_at_100_coverage": 0.0888671875,
  "occluded_risk_at_50_coverage": 0.01171875,
  "occluded_risk_at_70_coverage": 0.011157572269439697,
  "occluded_risk_at_80_coverage": 0.012195110321044922,
  "occluded_risk_at_90_coverage": 0.023861169815063477,
  "occluded_score_name": "one_minus_confidence",
  "occluded_selective_aurc": 0.012003534473478794,
  "occluded_uncertainty_mean": 0.08527391403913498,
  "platform": "Linux-5.4.0-216-generic-x86_64-with-glibc2.31",
  "python_version": "3.10.20",
  "reason": "",
  "run_dir": "reports/pluggable_primitive_real_20260427/frozen_runs/20260427_041446_uncertainty_synthetic_shape_mlp_seed2",
  "run_id": "uncertainty_synthetic_shape_mlp_seed2",
  "seed": 2,
  "selected_heads": [
    "linear",
    "mlp",
    "cosine_prototype",
    "eml_no_ambiguity",
    "eml_centered_ambiguity",
    "eml_supervised_resistance",
    "merc_linear",
    "merc_energy"
  ],
  "status": "COMPLETED",
  "steps_run": 150,
  "task_name": "image_uncertainty_selective_classification",
  "test_size": 1024,
  "timestamp": "2026-04-27T04:14:48Z",
  "torch_version": "2.7.1+cu118",
  "torchvision_version": "0.22.1+cu118",
  "total_train_time_sec": 1.552755355834961,
  "train_size": 4096,
  "trainable_params": 9093
}