{
  "ambiguity_weight": NaN,
  "attractor_entropy_weight": NaN,
  "batch_size": 8,
  "best_metric": 0.375,
  "completed_steps": 4,
  "cuda_available": false,
  "dataset_name": "SyntheticShapeEnergyDataset",
  "device": "cpu",
  "early_stop": false,
  "early_stop_step": "",
  "early_stop_triggered": false,
  "examples_per_sec": 125.72712387075984,
  "final_diagnostics": {
    "ambiguity_mean": 0.9784286618232727,
    "ambiguity_std": 0.4461123049259186,
    "ambiguity_weight_mean": 1.0,
    "ambiguity_weight_std": 0.0,
    "attractor_activation_mean": 0.9338102340698242,
    "attractor_activation_std": 2.3579588741995394e-05,
    "attractor_diversity": 0.027672529220581055,
    "drive_mean": 4.1076087654801086e-05,
    "drive_std": 0.07206244766712189,
    "energy_mean": -0.23911046981811523,
    "energy_std": 0.029600027948617935,
    "null_weight_mean": 0.15972167253494263,
    "null_weight_std": 0.044954244047403336,
    "prototype_diversity_penalty_mean": 0.017980244010686874,
    "prototype_diversity_penalty_std": 0.0,
    "resistance_mean": 1.3669779300689697,
    "resistance_std": 0.12181857228279114,
    "sample_uncertainty_mean": 0.6931941509246826,
    "sample_uncertainty_std": 5.1619135632563484e-08,
    "update_gate_mean": 0.09106200933456421,
    "update_gate_std": 0.004642154555767775,
    "update_strength_mean": 0.8542492985725403,
    "update_strength_std": 0.03836190328001976
  },
  "final_metric": 0.0,
  "final_train_accuracy": 0.0,
  "final_train_loss": 1.7369440793991089,
  "git_commit": "9ce7b7d",
  "grad_norm": 12.447943687438965,
  "hostname": "Mac-mini.local",
  "learning_rate": 0.001,
  "metrics_json": "{\"ambiguity_weight\": NaN, \"attractor_entropy_weight\": NaN, \"best_metric\": 0.375, \"completed_steps\": 4, \"early_stop_step\": \"\", \"early_stop_triggered\": false, \"examples_per_sec\": 125.72712387075984, \"final_diagnostics\": {\"ambiguity_mean\": 0.9784286618232727, \"ambiguity_std\": 0.4461123049259186, \"ambiguity_weight_mean\": 1.0, \"ambiguity_weight_std\": 0.0, \"attractor_activation_mean\": 0.9338102340698242, \"attractor_activation_std\": 2.3579588741995394e-05, \"attractor_diversity\": 0.027672529220581055, \"drive_mean\": 4.1076087654801086e-05, \"drive_std\": 0.07206244766712189, \"energy_mean\": -0.23911046981811523, \"energy_std\": 0.029600027948617935, \"null_weight_mean\": 0.15972167253494263, \"null_weight_std\": 0.044954244047403336, \"prototype_diversity_penalty_mean\": 0.017980244010686874, \"prototype_diversity_penalty_std\": 0.0, \"resistance_mean\": 1.3669779300689697, \"resistance_std\": 0.12181857228279114, \"sample_uncertainty_mean\": 0.6931941509246826, \"sample_uncertainty_std\": 5.1619135632563484e-08, \"update_gate_mean\": 0.09106200933456421, \"update_gate_std\": 0.004642154555767775, \"update_strength_mean\": 0.8542492985725403, \"update_strength_std\": 0.03836190328001976}, \"final_metric\": 0.0, \"final_train_accuracy\": 0.0, \"final_train_loss\": 1.7369440793991089, \"grad_norm\": 12.447943687438965, \"learning_rate\": 0.001, \"null_threshold\": NaN, \"peak_memory_mb\": 0.0, \"precision_update_threshold\": NaN, \"resistance_noise_corr\": 0.5407454371452332, \"resistance_occlusion_corr\": -0.6726440191268921, \"responsibility_temperature\": NaN, \"step\": 4, \"step_time_sec\": 0.0636298656463623, \"top1_accuracy\": 0.0, \"top5_accuracy\": 1.0, \"total_train_time_sec\": 0.2402501106262207, \"train_accuracy\": 0.0, \"train_loss\": 1.7369440793991089, \"wall_clock_time_sec\": 0.23904800415039062, \"warmup_eta\": 1.0}",
  "min_delta": 0.0001,
  "mode": "smoke",
  "model_name": "EfficientEMLImageClassifier",
  "null_threshold": NaN,
  "num_params": 115573,
  "num_workers": 0,
  "patience": 20,
  "peak_memory_mb": 0.0,
  "platform": "macOS-15.1-arm64-arm-64bit",
  "precision_update_threshold": NaN,
  "python_version": "3.12.7",
  "reason": "",
  "resistance_noise_corr": 0.5407454371452332,
  "resistance_occlusion_corr": -0.6726440191268921,
  "responsibility_temperature": NaN,
  "run_dir": "reports/runs/20260505_123425_smoke_image_efficient_eml",
  "run_id": "smoke_image_efficient_eml",
  "seed": 1,
  "status": "COMPLETED",
  "step": 4,
  "step_time_sec": 0.0636298656463623,
  "steps": 4,
  "task_name": "image_synthetic",
  "timestamp": "2026-05-05T12:34:25Z",
  "top1_accuracy": 0.0,
  "top5_accuracy": 1.0,
  "torch_version": "2.10.0",
  "torchvision_version": "0.25.0",
  "total_train_time_sec": 0.2402501106262207,
  "train_accuracy": 0.0,
  "train_loss": 1.7369440793991089,
  "trainable_params": 115573,
  "wall_clock_time_sec": 0.23904800415039062,
  "warmup_enabled": true,
  "warmup_eta": 1.0
}