{
  "best_metric": 0.990234375,
  "best_step": 400,
  "clean_accuracy": 0.990234375,
  "clean_aurc": 0.001043970580212772,
  "clean_ece": 0.017859764397144318,
  "clean_resistance_noise_corr": 5.212509179841618e-08,
  "clean_resistance_occlusion_corr": NaN,
  "clean_vs_noisy_auroc": 0.5669336318969727,
  "clean_vs_occluded_auroc": 0.6142082214355469,
  "cuda_available": true,
  "dataset_name": "synthetic_shape_uncertainty",
  "device": "cuda",
  "early_stop_triggered": true,
  "final_metric": 0.990234375,
  "git_commit": "0c0b3db",
  "hostname": "user-NF5468M6",
  "metrics_json": "{\"best_metric\": 0.990234375, \"best_step\": 400, \"clean_accuracy\": 0.990234375, \"clean_aurc\": 0.001043970580212772, \"clean_ece\": 0.017859764397144318, \"clean_resistance_noise_corr\": 5.212509179841618e-08, \"clean_resistance_occlusion_corr\": NaN, \"clean_vs_noisy_auroc\": 0.5669336318969727, \"clean_vs_occluded_auroc\": 0.6142082214355469, \"early_stop_triggered\": true, \"final_metric\": 0.990234375, \"noisy_accuracy\": 0.9794921875, \"noisy_aurc\": 0.0010348341893404722, \"noisy_ece\": 0.022491320967674255, \"noisy_resistance_noise_corr\": NaN, \"noisy_resistance_occlusion_corr\": NaN, \"occluded_accuracy\": 0.8564453125, \"occluded_aurc\": 0.020674925297498703, \"occluded_ece\": 0.04418134689331055, \"occluded_resistance_noise_corr\": 4.9907072252608486e-08, \"occluded_resistance_occlusion_corr\": 0.6892342567443848, \"steps_run\": 500, \"total_train_time_sec\": 51.858458518981934}",
  "mode": "medium",
  "model_name": "cnn_mlp",
  "noisy_accuracy": 0.9794921875,
  "noisy_aurc": 0.0010348341893404722,
  "noisy_ece": 0.022491320967674255,
  "noisy_resistance_noise_corr": NaN,
  "noisy_resistance_occlusion_corr": NaN,
  "occluded_accuracy": 0.8564453125,
  "occluded_aurc": 0.020674925297498703,
  "occluded_ece": 0.04418134689331055,
  "occluded_resistance_noise_corr": 4.9907072252608486e-08,
  "occluded_resistance_occlusion_corr": 0.6892342567443848,
  "platform": "Linux-5.4.0-216-generic-x86_64-with-glibc2.31",
  "python_version": "3.10.20",
  "reason": "",
  "run_dir": "reports/pluggable_primitive_real_20260427/end_to_end_runs/20260427_045640_uncertainty_e2e_synthetic_shape_uncertainty_cnn_mlp_seed1",
  "run_id": "uncertainty_e2e_synthetic_shape_uncertainty_cnn_mlp_seed1",
  "seed": 1,
  "status": "COMPLETED",
  "steps_run": 500,
  "task_name": "end_to_end_uncertainty",
  "timestamp": "2026-04-27T04:57:32Z",
  "torch_version": "2.7.1+cu118",
  "torchvision_version": "0.22.1+cu118",
  "total_train_time_sec": 51.858458518981934
}