{
  "batch_size": 64,
  "best_metric": 0.4983498454093933,
  "bits_per_char": 3.042642418594336,
  "char_accuracy": 0.44842565059661865,
  "completed_steps": 300,
  "cuda_available": true,
  "dataset_name": "SyntheticTextEnergyDataset",
  "device": "cuda",
  "early_stop": true,
  "early_stop_step": "",
  "early_stop_triggered": false,
  "final_diagnostics": {
    "attractor_activation_mean": 0.736454963684082,
    "attractor_activation_std": 0.10890309512615204,
    "attractor_diversity": 0.25346827507019043,
    "drive_mean": 0.27942705154418945,
    "drive_std": 3.7634003162384033,
    "energy_mean": 0.3610200583934784,
    "energy_std": 0.9552481770515442,
    "null_weight_mean": 0.573645293712616,
    "null_weight_std": 0.4498325288295746,
    "resistance_mean": 1.9276000261306763,
    "resistance_std": 3.9777708053588867,
    "update_gate_mean": 0.31413140892982483,
    "update_gate_std": 0.3911423981189728,
    "update_strength_mean": 0.42648693919181824,
    "update_strength_std": 0.4525393545627594
  },
  "final_metric": 0.44842565059661865,
  "final_train_accuracy": 0.44842565059661865,
  "final_train_loss": 2.108999013900757,
  "git_commit": "ae26ee9",
  "grad_norm": 1.702258825302124,
  "hostname": "user-NF5468M6",
  "learning_rate": 0.001,
  "metrics_json": "{\"best_metric\": 0.4983498454093933, \"bits_per_char\": 3.042642418594336, \"char_accuracy\": 0.44842565059661865, \"completed_steps\": 300, \"early_stop_step\": \"\", \"early_stop_triggered\": false, \"final_diagnostics\": {\"attractor_activation_mean\": 0.736454963684082, \"attractor_activation_std\": 0.10890309512615204, \"attractor_diversity\": 0.25346827507019043, \"drive_mean\": 0.27942705154418945, \"drive_std\": 3.7634003162384033, \"energy_mean\": 0.3610200583934784, \"energy_std\": 0.9552481770515442, \"null_weight_mean\": 0.573645293712616, \"null_weight_std\": 0.4498325288295746, \"resistance_mean\": 1.9276000261306763, \"resistance_std\": 3.9777708053588867, \"update_gate_mean\": 0.31413140892982483, \"update_gate_std\": 0.3911423981189728, \"update_strength_mean\": 0.42648693919181824, \"update_strength_std\": 0.4525393545627594}, \"final_metric\": 0.44842565059661865, \"final_train_accuracy\": 0.44842565059661865, \"final_train_loss\": 2.108999013900757, \"grad_norm\": 1.702258825302124, \"learning_rate\": 0.001, \"next_token_loss\": 2.108999013900757, \"peak_memory_mb\": 168.27099609375, \"perplexity\": 8.23998904063735, \"step\": 300, \"step_time_sec\": 0.015255928039550781, \"token_accuracy\": 0.44842565059661865, \"tokens_per_sec\": 120739.95074076389, \"total_train_time_sec\": 25.918776035308838, \"train_loss\": 2.108999013900757, \"wall_clock_time_sec\": 25.8888578414917}",
  "min_delta": 0.0001,
  "mode": "ablation",
  "model_name": "EfficientEMLTextEncoder_window8_workers0",
  "next_token_loss": 2.108999013900757,
  "num_params": 92950,
  "patience": 25,
  "peak_memory_mb": 168.27099609375,
  "perplexity": 8.23998904063735,
  "platform": "Linux-5.4.0-216-generic-x86_64-with-glibc2.31",
  "python_version": "3.10.20",
  "reason": "",
  "run_dir": "reports/runs_server_ablation_20260424_150157/20260424_070846_ablation_text_eff_window8_workers0",
  "run_id": "ablation_text_eff_window8_workers0",
  "seed": 140,
  "seq_len": 64,
  "status": "COMPLETED",
  "step": 300,
  "step_time_sec": 0.015255928039550781,
  "steps": 300,
  "task_name": "text_synthetic",
  "timestamp": "2026-04-24T07:09:13Z",
  "token_accuracy": 0.44842565059661865,
  "tokens_per_sec": 120739.95074076389,
  "torch_version": "2.7.1+cu118",
  "torchvision_version": "0.22.1+cu118",
  "total_train_time_sec": 25.918776035308838,
  "train_loss": 2.108999013900757,
  "trainable_params": 92950,
  "wall_clock_time_sec": 25.8888578414917
}