{
  "backbone_steps": 300,
  "batch_size": 64,
  "best_metric": 0.9765625,
  "best_step": 75,
  "clean_accuracy": 0.9934895634651184,
  "clean_brier": 0.08038125932216644,
  "clean_confidence_mean": 0.7642013430595398,
  "clean_ece": 0.22928829491138458,
  "clean_nll": 0.2769962251186371,
  "clean_risk_at_100_coverage": 0.006510436534881592,
  "clean_risk_at_50_coverage": 0.0,
  "clean_risk_at_70_coverage": 0.0,
  "clean_risk_at_80_coverage": 0.0,
  "clean_risk_at_90_coverage": 0.0,
  "clean_score_name": "one_minus_confidence",
  "clean_selective_aurc": 6.510430102935061e-05,
  "clean_uncertainty_mean": 0.2357986718416214,
  "clean_vs_noisy_auroc": 0.7241795659065247,
  "clean_vs_occluded_auroc": 0.6448389887809753,
  "condition_metrics_path": "reports/pluggable_uncertainty_real_20260427/runs/20260427_031958_uncertainty_synthetic_shape_linear_seed1/uncertainty_eval.pt",
  "cuda_available": true,
  "dataset_name": "synthetic_shape",
  "device": "cuda",
  "early_stop_min_evals": 2,
  "early_stop_patience": 4,
  "early_stop_triggered": true,
  "eval_interval": 25,
  "experiment_type": "frozen_features_uncertainty",
  "feature_dim": 64,
  "final_metric": 0.9934895634651184,
  "final_train_loss": 0.23756837844848633,
  "git_commit": "0c0b3db",
  "head_steps": 1200,
  "hostname": "user-NF5468M6",
  "metrics_json": "{\"best_metric\": 0.9765625, \"best_step\": 75, \"clean_accuracy\": 0.9934895634651184, \"clean_brier\": 0.08038125932216644, \"clean_confidence_mean\": 0.7642013430595398, \"clean_ece\": 0.22928829491138458, \"clean_nll\": 0.2769962251186371, \"clean_risk_at_100_coverage\": 0.006510436534881592, \"clean_risk_at_50_coverage\": 0.0, \"clean_risk_at_70_coverage\": 0.0, \"clean_risk_at_80_coverage\": 0.0, \"clean_risk_at_90_coverage\": 0.0, \"clean_score_name\": \"one_minus_confidence\", \"clean_selective_aurc\": 6.510430102935061e-05, \"clean_uncertainty_mean\": 0.2357986718416214, \"clean_vs_noisy_auroc\": 0.7241795659065247, \"clean_vs_occluded_auroc\": 0.6448389887809753, \"condition_metrics_path\": \"reports/pluggable_uncertainty_real_20260427/runs/20260427_031958_uncertainty_synthetic_shape_linear_seed1/uncertainty_eval.pt\", \"early_stop_patience\": 4, \"early_stop_triggered\": true, \"final_metric\": 0.9934895634651184, \"final_train_loss\": 0.23756837844848633, \"noisy_accuracy\": 0.9521484375, \"noisy_brier\": 0.15643933415412903, \"noisy_confidence_mean\": 0.7019016146659851, \"noisy_ece\": 0.2502467930316925, \"noisy_nll\": 0.40179306268692017, \"noisy_risk_at_100_coverage\": 0.0478515625, \"noisy_risk_at_50_coverage\": 0.0, \"noisy_risk_at_70_coverage\": 0.0027893781661987305, \"noisy_risk_at_80_coverage\": 0.008536577224731445, \"noisy_risk_at_90_coverage\": 0.020607352256774902, \"noisy_score_name\": \"one_minus_confidence\", \"noisy_selective_aurc\": 0.005244877189397812, \"noisy_uncertainty_mean\": 0.2980983555316925, \"occluded_accuracy\": 0.8876953125, \"occluded_brier\": 0.19928956031799316, \"occluded_confidence_mean\": 0.694143533706665, \"occluded_ece\": 0.20353443920612335, \"occluded_nll\": 0.48528075218200684, \"occluded_risk_at_100_coverage\": 0.1123046875, \"occluded_risk_at_50_coverage\": 0.001953125, \"occluded_risk_at_70_coverage\": 0.0027893781661987305, \"occluded_risk_at_80_coverage\": 0.01097559928894043, \"occluded_risk_at_90_coverage\": 0.049891531467437744, \"occluded_score_name\": \"one_minus_confidence\", \"occluded_selective_aurc\": 0.011807350441813469, \"occluded_uncertainty_mean\": 0.3058564364910126, \"steps_run\": 175, \"total_train_time_sec\": 2.5464253425598145}",
  "mode": "uncertainty_benchmark",
  "model_class": "LinearHead",
  "model_name": "linear",
  "noisy_accuracy": 0.9521484375,
  "noisy_brier": 0.15643933415412903,
  "noisy_confidence_mean": 0.7019016146659851,
  "noisy_ece": 0.2502467930316925,
  "noisy_nll": 0.40179306268692017,
  "noisy_risk_at_100_coverage": 0.0478515625,
  "noisy_risk_at_50_coverage": 0.0,
  "noisy_risk_at_70_coverage": 0.0027893781661987305,
  "noisy_risk_at_80_coverage": 0.008536577224731445,
  "noisy_risk_at_90_coverage": 0.020607352256774902,
  "noisy_score_name": "one_minus_confidence",
  "noisy_selective_aurc": 0.005244877189397812,
  "noisy_uncertainty_mean": 0.2980983555316925,
  "num_classes": 5,
  "num_params": 325,
  "num_workers": 0,
  "occluded_accuracy": 0.8876953125,
  "occluded_brier": 0.19928956031799316,
  "occluded_confidence_mean": 0.694143533706665,
  "occluded_ece": 0.20353443920612335,
  "occluded_nll": 0.48528075218200684,
  "occluded_risk_at_100_coverage": 0.1123046875,
  "occluded_risk_at_50_coverage": 0.001953125,
  "occluded_risk_at_70_coverage": 0.0027893781661987305,
  "occluded_risk_at_80_coverage": 0.01097559928894043,
  "occluded_risk_at_90_coverage": 0.049891531467437744,
  "occluded_score_name": "one_minus_confidence",
  "occluded_selective_aurc": 0.011807350441813469,
  "occluded_uncertainty_mean": 0.3058564364910126,
  "platform": "Linux-5.4.0-216-generic-x86_64-with-glibc2.31",
  "python_version": "3.10.20",
  "reason": "",
  "run_dir": "reports/pluggable_uncertainty_real_20260427/runs/20260427_031958_uncertainty_synthetic_shape_linear_seed1",
  "run_id": "uncertainty_synthetic_shape_linear_seed1",
  "seed": 1,
  "selected_heads": [
    "linear",
    "mlp",
    "cosine_prototype",
    "eml_no_ambiguity",
    "eml_centered_ambiguity",
    "eml_supervised_resistance",
    "merc_linear",
    "merc_energy"
  ],
  "status": "COMPLETED",
  "steps_run": 175,
  "task_name": "image_uncertainty_selective_classification",
  "test_size": 1024,
  "timestamp": "2026-04-27T03:20:01Z",
  "torch_version": "2.7.1+cu118",
  "torchvision_version": "0.22.1+cu118",
  "total_train_time_sec": 2.5464253425598145,
  "train_size": 4096,
  "trainable_params": 325
}