{
  "batch_size": 32,
  "best_metric": 0.1953125,
  "best_step": 10,
  "best_val_accuracy": 0.1953125,
  "cuda_available": false,
  "dataset_name": "synthetic_shape",
  "device": "cpu",
  "early_stop_triggered": true,
  "experiment_type": "end_to_end",
  "feature_dim": 64,
  "final_metric": 0.1953125,
  "final_train_accuracy": 0.65625,
  "final_train_loss": 1.1676255464553833,
  "git_commit": "3d40f93",
  "head_name": "eml_no_ambiguity",
  "hostname": "BMW-Pro.local",
  "loss_mode": "ce",
  "lr": 0.001,
  "metrics_json": "{\"best_metric\": 0.1953125, \"best_step\": 10, \"best_val_accuracy\": 0.1953125, \"early_stop_triggered\": true, \"final_metric\": 0.1953125, \"final_train_accuracy\": 0.65625, \"final_train_loss\": 1.1676255464553833, \"steps_run\": 30, \"test_accuracy\": 0.1953125, \"test_ambiguity_mean\": 0.0, \"test_brier\": 0.9110199213027954, \"test_class_resistance_mean\": 0.20020166039466858, \"test_ece\": 0.2927479147911072, \"test_hard_negative_drive_mean\": 4.079735279083252, \"test_hard_negative_logit_mean\": 1.2472004890441895, \"test_hard_negative_resistance_mean\": 0.9096894264221191, \"test_loss\": 1.8185536861419678, \"test_margin_mean\": -0.9216334819793701, \"test_nll\": 1.8185536861419678, \"test_positive_drive_mean\": 0.5087903738021851, \"test_positive_logit_mean\": 0.3255670964717865, \"test_positive_resistance_mean\": 0.9091882705688477, \"test_resistance_noise_corr\": 0.0005572226364165545, \"test_resistance_occlusion_corr\": 0.14218367636203766, \"test_sample_uncertainty_mean\": 0.7090159058570862, \"total_train_time_sec\": 6.50067400932312, \"val_accuracy\": 0.1953125, \"val_ambiguity_mean\": 0.0, \"val_brier\": 0.9164679050445557, \"val_class_resistance_mean\": 0.20020166039466858, \"val_ece\": 0.292577862739563, \"val_hard_negative_drive_mean\": 4.078273773193359, \"val_hard_negative_logit_mean\": 1.2467808723449707, \"val_hard_negative_resistance_mean\": 0.9096897840499878, \"val_loss\": 1.83788001537323, \"val_margin_mean\": -0.9405864477157593, \"val_nll\": 1.83788001537323, \"val_positive_drive_mean\": 0.38701745867729187, \"val_positive_logit_mean\": 0.3061944246292114, \"val_positive_resistance_mean\": 0.909251868724823, \"val_resistance_noise_corr\": 0.025254106149077415, \"val_resistance_occlusion_corr\": 0.05761658772826195, \"val_sample_uncertainty_mean\": 0.7090161442756653}",
  "mode": "head_ablation",
  "model_class": "CNNHeadModel",
  "model_name": "eml_no_ambiguity",
  "num_classes": 5,
  "num_params": 166258,
  "pairwise_margin": 0.0,
  "pairwise_weight": 0.0,
  "platform": "macOS-26.0-arm64-arm-64bit",
  "python_version": "3.12.12",
  "reason": "",
  "run_dir": "reports/merc_block_fix_smoke/runs/20260425_034502_e2e_synthetic_shape_eml_no_ambiguity_ce_seed0",
  "run_id": "e2e_synthetic_shape_eml_no_ambiguity_ce_seed0",
  "seed": 0,
  "status": "COMPLETED",
  "steps": 30,
  "steps_run": 30,
  "task_name": "image_classification",
  "test_accuracy": 0.1953125,
  "test_ambiguity_mean": 0.0,
  "test_brier": 0.9110199213027954,
  "test_class_resistance_mean": 0.20020166039466858,
  "test_ece": 0.2927479147911072,
  "test_hard_negative_drive_mean": 4.079735279083252,
  "test_hard_negative_logit_mean": 1.2472004890441895,
  "test_hard_negative_resistance_mean": 0.9096894264221191,
  "test_loss": 1.8185536861419678,
  "test_margin_mean": -0.9216334819793701,
  "test_nll": 1.8185536861419678,
  "test_positive_drive_mean": 0.5087903738021851,
  "test_positive_logit_mean": 0.3255670964717865,
  "test_positive_resistance_mean": 0.9091882705688477,
  "test_resistance_noise_corr": 0.0005572226364165545,
  "test_resistance_occlusion_corr": 0.14218367636203766,
  "test_sample_uncertainty_mean": 0.7090159058570862,
  "timestamp": "2026-04-25T03:45:08Z",
  "torch_version": "2.10.0",
  "torchvision_version": "unavailable",
  "total_train_time_sec": 6.50067400932312,
  "trainable_params": 166258,
  "use_eml_residual_bank": false,
  "use_merc_block": false,
  "val_accuracy": 0.1953125,
  "val_ambiguity_mean": 0.0,
  "val_brier": 0.9164679050445557,
  "val_class_resistance_mean": 0.20020166039466858,
  "val_ece": 0.292577862739563,
  "val_hard_negative_drive_mean": 4.078273773193359,
  "val_hard_negative_logit_mean": 1.2467808723449707,
  "val_hard_negative_resistance_mean": 0.9096897840499878,
  "val_loss": 1.83788001537323,
  "val_margin_mean": -0.9405864477157593,
  "val_nll": 1.83788001537323,
  "val_positive_drive_mean": 0.38701745867729187,
  "val_positive_logit_mean": 0.3061944246292114,
  "val_positive_resistance_mean": 0.909251868724823,
  "val_resistance_noise_corr": 0.025254106149077415,
  "val_resistance_occlusion_corr": 0.05761658772826195,
  "val_sample_uncertainty_mean": 0.7090161442756653
}