{
  "model_class": "LinearSplineKANNetwork",
  "num_params": 150529,
  "target_mean": -0.4192790985107422,
  "target_std": 0.7946105599403381,
  "trainable_params": 150529
}