{
  "backbone_steps": 300,
  "batch_size": 64,
  "best_metric": 0.9765625,
  "best_step": 25,
  "clean_accuracy": 0.9934895634651184,
  "clean_brier": 0.5215278267860413,
  "clean_confidence_mean": 0.3566114008426666,
  "clean_ece": 0.6368781924247742,
  "clean_nll": 1.042744755744934,
  "clean_positive_resistance_mean": 0.8878269791603088,
  "clean_resistance_noise_corr": -2.5371844003529986e-07,
  "clean_resistance_occlusion_corr": NaN,
  "clean_risk_at_100_coverage": 0.006510436534881592,
  "clean_risk_at_50_coverage": 0.005208313465118408,
  "clean_risk_at_70_coverage": 0.009293675422668457,
  "clean_risk_at_80_coverage": 0.008130073547363281,
  "clean_risk_at_90_coverage": 0.007225453853607178,
  "clean_score_name": "positive_resistance",
  "clean_selective_aurc": 0.00944242998957634,
  "clean_uncertainty_mean": 0.8878269791603088,
  "clean_vs_noisy_auroc": 0.5221850275993347,
  "clean_vs_occluded_auroc": 0.5117924809455872,
  "condition_metrics_path": "reports/pluggable_primitive_real_20260427/frozen_runs/20260427_041453_uncertainty_synthetic_shape_eml_no_ambiguity_seed2/uncertainty_eval.pt",
  "cuda_available": true,
  "dataset_name": "synthetic_shape",
  "device": "cuda",
  "early_stop_min_evals": 2,
  "early_stop_patience": 4,
  "early_stop_triggered": true,
  "eval_interval": 25,
  "experiment_type": "frozen_features_uncertainty",
  "feature_dim": 64,
  "final_metric": 0.9934895634651184,
  "final_train_loss": 0.9197033047676086,
  "git_commit": "0c0b3db",
  "head_steps": 1200,
  "hostname": "user-NF5468M6",
  "metrics_json": "{\"best_metric\": 0.9765625, \"best_step\": 25, \"clean_accuracy\": 0.9934895634651184, \"clean_brier\": 0.5215278267860413, \"clean_confidence_mean\": 0.3566114008426666, \"clean_ece\": 0.6368781924247742, \"clean_nll\": 1.042744755744934, \"clean_positive_resistance_mean\": 0.8878269791603088, \"clean_resistance_noise_corr\": -2.5371844003529986e-07, \"clean_resistance_occlusion_corr\": NaN, \"clean_risk_at_100_coverage\": 0.006510436534881592, \"clean_risk_at_50_coverage\": 0.005208313465118408, \"clean_risk_at_70_coverage\": 0.009293675422668457, \"clean_risk_at_80_coverage\": 0.008130073547363281, \"clean_risk_at_90_coverage\": 0.007225453853607178, \"clean_score_name\": \"positive_resistance\", \"clean_selective_aurc\": 0.00944242998957634, \"clean_uncertainty_mean\": 0.8878269791603088, \"clean_vs_noisy_auroc\": 0.5221850275993347, \"clean_vs_occluded_auroc\": 0.5117924809455872, \"condition_metrics_path\": \"reports/pluggable_primitive_real_20260427/frozen_runs/20260427_041453_uncertainty_synthetic_shape_eml_no_ambiguity_seed2/uncertainty_eval.pt\", \"early_stop_patience\": 4, \"early_stop_triggered\": true, \"final_metric\": 0.9934895634651184, \"final_train_loss\": 0.9197033047676086, \"noisy_accuracy\": 0.8955078125, \"noisy_brier\": 0.5963560938835144, \"noisy_confidence_mean\": 0.3171297013759613, \"noisy_ece\": 0.5783781409263611, \"noisy_nll\": 1.1839239597320557, \"noisy_positive_resistance_mean\": 0.888698160648346, \"noisy_resistance_noise_corr\": NaN, \"noisy_resistance_occlusion_corr\": NaN, \"noisy_risk_at_100_coverage\": 0.1044921875, \"noisy_risk_at_50_coverage\": 0.07421875, \"noisy_risk_at_70_coverage\": 0.14644348621368408, \"noisy_risk_at_80_coverage\": 0.12804877758026123, \"noisy_risk_at_90_coverage\": 0.11605203151702881, \"noisy_score_name\": \"positive_resistance\", \"noisy_selective_aurc\": 0.09082964807748795, \"noisy_uncertainty_mean\": 0.888698160648346, \"occluded_accuracy\": 0.8984375, \"occluded_brier\": 0.5798953175544739, \"occluded_confidence_mean\": 0.326452374458313, \"occluded_ece\": 0.571985125541687, \"occluded_nll\": 1.1556692123413086, \"occluded_positive_resistance_mean\": 0.887806236743927, \"occluded_resistance_noise_corr\": 1.2831353615183616e-06, \"occluded_resistance_occlusion_corr\": 0.12220121920108795, \"occluded_risk_at_100_coverage\": 0.1015625, \"occluded_risk_at_50_coverage\": 0.02734375, \"occluded_risk_at_70_coverage\": 0.13668060302734375, \"occluded_risk_at_80_coverage\": 0.12317073345184326, \"occluded_risk_at_90_coverage\": 0.11279827356338501, \"occluded_score_name\": \"positive_resistance\", \"occluded_selective_aurc\": 0.06490589678287506, \"occluded_uncertainty_mean\": 0.887806236743927, \"pooled_resistance_noise_corr\": 0.016002671793103218, \"pooled_resistance_occlusion_corr\": 0.05894174054265022, \"steps_run\": 125, \"total_train_time_sec\": 2.8563201427459717}",
  "mode": "uncertainty_benchmark",
  "model_class": "EMLPrototypeHeadNoAmbiguity",
  "model_name": "eml_no_ambiguity",
  "noisy_accuracy": 0.8955078125,
  "noisy_brier": 0.5963560938835144,
  "noisy_confidence_mean": 0.3171297013759613,
  "noisy_ece": 0.5783781409263611,
  "noisy_nll": 1.1839239597320557,
  "noisy_positive_resistance_mean": 0.888698160648346,
  "noisy_resistance_noise_corr": NaN,
  "noisy_resistance_occlusion_corr": NaN,
  "noisy_risk_at_100_coverage": 0.1044921875,
  "noisy_risk_at_50_coverage": 0.07421875,
  "noisy_risk_at_70_coverage": 0.14644348621368408,
  "noisy_risk_at_80_coverage": 0.12804877758026123,
  "noisy_risk_at_90_coverage": 0.11605203151702881,
  "noisy_score_name": "positive_resistance",
  "noisy_selective_aurc": 0.09082964807748795,
  "noisy_uncertainty_mean": 0.888698160648346,
  "num_classes": 5,
  "num_params": 18002,
  "num_workers": 0,
  "occluded_accuracy": 0.8984375,
  "occluded_brier": 0.5798953175544739,
  "occluded_confidence_mean": 0.326452374458313,
  "occluded_ece": 0.571985125541687,
  "occluded_nll": 1.1556692123413086,
  "occluded_positive_resistance_mean": 0.887806236743927,
  "occluded_resistance_noise_corr": 1.2831353615183616e-06,
  "occluded_resistance_occlusion_corr": 0.12220121920108795,
  "occluded_risk_at_100_coverage": 0.1015625,
  "occluded_risk_at_50_coverage": 0.02734375,
  "occluded_risk_at_70_coverage": 0.13668060302734375,
  "occluded_risk_at_80_coverage": 0.12317073345184326,
  "occluded_risk_at_90_coverage": 0.11279827356338501,
  "occluded_score_name": "positive_resistance",
  "occluded_selective_aurc": 0.06490589678287506,
  "occluded_uncertainty_mean": 0.887806236743927,
  "platform": "Linux-5.4.0-216-generic-x86_64-with-glibc2.31",
  "pooled_resistance_noise_corr": 0.016002671793103218,
  "pooled_resistance_occlusion_corr": 0.05894174054265022,
  "python_version": "3.10.20",
  "reason": "",
  "run_dir": "reports/pluggable_primitive_real_20260427/frozen_runs/20260427_041453_uncertainty_synthetic_shape_eml_no_ambiguity_seed2",
  "run_id": "uncertainty_synthetic_shape_eml_no_ambiguity_seed2",
  "seed": 2,
  "selected_heads": [
    "linear",
    "mlp",
    "cosine_prototype",
    "eml_no_ambiguity",
    "eml_centered_ambiguity",
    "eml_supervised_resistance",
    "merc_linear",
    "merc_energy"
  ],
  "status": "COMPLETED",
  "steps_run": 125,
  "task_name": "image_uncertainty_selective_classification",
  "test_size": 1024,
  "timestamp": "2026-04-27T04:14:56Z",
  "torch_version": "2.7.1+cu118",
  "torchvision_version": "0.22.1+cu118",
  "total_train_time_sec": 2.8563201427459717,
  "train_size": 4096,
  "trainable_params": 18002
}