{
  "batch_size": 16,
  "best_metric": 0.5625,
  "completed_steps": 50,
  "cuda_available": false,
  "dataset_name": "SyntheticShapeEnergyDataset",
  "device": "cpu",
  "early_stop": false,
  "early_stop_step": "",
  "early_stop_triggered": false,
  "examples_per_sec": 329.4543562251776,
  "final_diagnostics": {
    "ambiguity_mean": -0.10842446982860565,
    "ambiguity_std": 0.4758123755455017,
    "ambiguity_weight_mean": 1.0,
    "ambiguity_weight_std": 0.0,
    "attractor_activation_mean": 1.0,
    "attractor_activation_std": 0.0,
    "attractor_diversity": 1.0,
    "drive_mean": -0.08389052748680115,
    "drive_std": 0.06887100636959076,
    "energy_mean": -0.25770899653434753,
    "energy_std": 0.03046739660203457,
    "null_weight_mean": 0.16715407371520996,
    "null_weight_std": 0.04162372648715973,
    "prototype_diversity_penalty_mean": 0.0246236864477396,
    "prototype_diversity_penalty_std": 0.0,
    "resistance_mean": 1.3907520771026611,
    "resistance_std": 0.08957640081644058,
    "sample_uncertainty_mean": 0.7092623710632324,
    "sample_uncertainty_std": 2.0647654253025394e-07,
    "update_gate_mean": 0.08836237341165543,
    "update_gate_std": 0.0030574544798582792,
    "update_strength_mean": 0.8775599598884583,
    "update_strength_std": 0.06844519078731537
  },
  "final_metric": 0.1875,
  "final_train_accuracy": 0.1875,
  "final_train_loss": 1.629384160041809,
  "git_commit": "19568db",
  "grad_norm": 0.4829307198524475,
  "hostname": "BMW-Pro.local",
  "learning_rate": 0.001,
  "metrics_json": "{\"best_metric\": 0.5625, \"completed_steps\": 50, \"early_stop_step\": \"\", \"early_stop_triggered\": false, \"examples_per_sec\": 329.4543562251776, \"final_diagnostics\": {\"ambiguity_mean\": -0.10842446982860565, \"ambiguity_std\": 0.4758123755455017, \"ambiguity_weight_mean\": 1.0, \"ambiguity_weight_std\": 0.0, \"attractor_activation_mean\": 1.0, \"attractor_activation_std\": 0.0, \"attractor_diversity\": 1.0, \"drive_mean\": -0.08389052748680115, \"drive_std\": 0.06887100636959076, \"energy_mean\": -0.25770899653434753, \"energy_std\": 0.03046739660203457, \"null_weight_mean\": 0.16715407371520996, \"null_weight_std\": 0.04162372648715973, \"prototype_diversity_penalty_mean\": 0.0246236864477396, \"prototype_diversity_penalty_std\": 0.0, \"resistance_mean\": 1.3907520771026611, \"resistance_std\": 0.08957640081644058, \"sample_uncertainty_mean\": 0.7092623710632324, \"sample_uncertainty_std\": 2.0647654253025394e-07, \"update_gate_mean\": 0.08836237341165543, \"update_gate_std\": 0.0030574544798582792, \"update_strength_mean\": 0.8775599598884583, \"update_strength_std\": 0.06844519078731537}, \"final_metric\": 0.1875, \"final_train_accuracy\": 0.1875, \"final_train_loss\": 1.629384160041809, \"grad_norm\": 0.4829307198524475, \"learning_rate\": 0.001, \"peak_memory_mb\": 0.0, \"resistance_noise_corr\": -0.010877012275159359, \"resistance_occlusion_corr\": -0.03466308116912842, \"step\": 50, \"step_time_sec\": 0.04856514930725098, \"top1_accuracy\": 0.1875, \"top5_accuracy\": 1.0, \"total_train_time_sec\": 2.5176491737365723, \"train_accuracy\": 0.1875, \"train_loss\": 1.629384160041809, \"wall_clock_time_sec\": 2.5147151947021484}",
  "min_delta": 0.0001,
  "mode": "ablation",
  "model_name": "EfficientEMLImageClassifier_no_attractor",
  "num_params": 95375,
  "num_workers": 0,
  "patience": 20,
  "peak_memory_mb": 0.0,
  "platform": "macOS-26.0-arm64-arm-64bit",
  "python_version": "3.12.12",
  "reason": "",
  "resistance_noise_corr": -0.010877012275159359,
  "resistance_occlusion_corr": -0.03466308116912842,
  "run_dir": "reports/runs/stabilization_ablation_cpu_20260424_155136/20260424_075159_ablation_no_attractor",
  "run_id": "ablation_no_attractor",
  "seed": 38,
  "status": "COMPLETED",
  "step": 50,
  "step_time_sec": 0.04856514930725098,
  "steps": 50,
  "task_name": "image_synthetic",
  "timestamp": "2026-04-24T07:52:01Z",
  "top1_accuracy": 0.1875,
  "top5_accuracy": 1.0,
  "torch_version": "2.10.0",
  "torchvision_version": "unavailable",
  "total_train_time_sec": 2.5176491737365723,
  "train_accuracy": 0.1875,
  "train_loss": 1.629384160041809,
  "trainable_params": 95375,
  "wall_clock_time_sec": 2.5147151947021484,
  "warmup_enabled": true
}