{
  "batch_size": 64,
  "best_metric": 0.373046875,
  "best_step": 200,
  "best_val_accuracy": 0.373046875,
  "cuda_available": true,
  "dataset_name": "cifar10",
  "device": "cuda",
  "experiment_type": "frozen_features",
  "feature_dim": 64,
  "features_dir": "reports/head_ablation/features/cifar10_medium_seed0",
  "final_metric": 0.396484375,
  "final_train_accuracy": 0.359375,
  "final_train_loss": 1.6416213512420654,
  "git_commit": "unknown",
  "hostname": "user-NF5468M6",
  "lr": 0.001,
  "metrics_json": "{\"best_metric\": 0.373046875, \"best_step\": 200, \"best_val_accuracy\": 0.373046875, \"final_metric\": 0.396484375, \"final_train_accuracy\": 0.359375, \"final_train_loss\": 1.6416213512420654, \"test_accuracy\": 0.396484375, \"test_ambiguity_mean\": 0.0, \"test_brier\": 0.7423882484436035, \"test_class_resistance_mean\": 0.20066796243190765, \"test_ece\": 0.0697711706161499, \"test_hard_negative_drive_mean\": 6.523688793182373, \"test_hard_negative_logit_mean\": 1.9941397905349731, \"test_hard_negative_resistance_mean\": 2.7894368171691895, \"test_loss\": 1.6854519844055176, \"test_margin_mean\": -0.4354214668273926, \"test_nll\": 1.6854519844055176, \"test_positive_drive_mean\": 5.008125305175781, \"test_positive_logit_mean\": 1.5587184429168701, \"test_positive_resistance_mean\": 2.7894601821899414, \"test_resistance_noise_corr\": NaN, \"test_resistance_occlusion_corr\": NaN, \"test_sample_uncertainty_mean\": 2.588528633117676, \"total_train_time_sec\": 3.0482213497161865, \"val_accuracy\": 0.373046875, \"val_ambiguity_mean\": 0.0, \"val_brier\": 0.7495812773704529, \"val_class_resistance_mean\": 0.20066796243190765, \"val_ece\": 0.051949478685855865, \"val_hard_negative_drive_mean\": 6.544000148773193, \"val_hard_negative_logit_mean\": 2.0019540786743164, \"val_hard_negative_resistance_mean\": 2.7586326599121094, \"val_loss\": 1.6945089101791382, \"val_margin_mean\": -0.4544770419597626, \"val_nll\": 1.6945089101791382, \"val_positive_drive_mean\": 5.011751651763916, \"val_positive_logit_mean\": 1.5474770069122314, \"val_positive_resistance_mean\": 2.757965087890625, \"val_resistance_noise_corr\": NaN, \"val_resistance_occlusion_corr\": NaN, \"val_sample_uncertainty_mean\": 2.557485580444336}",
  "mode": "head_ablation",
  "model_class": "EMLPrototypeHeadNoAmbiguity",
  "model_name": "eml_no_ambiguity",
  "num_classes": 10,
  "num_params": 18977,
  "pairwise_margin": 0.0,
  "pairwise_weight": 0.0,
  "platform": "Linux-5.4.0-216-generic-x86_64-with-glibc2.31",
  "python_version": "3.10.20",
  "reason": "",
  "run_dir": "reports/head_ablation/runs/20260424_082644_frozen_cifar10_eml_no_ambiguity_seed0",
  "run_id": "frozen_cifar10_eml_no_ambiguity_seed0",
  "seed": 0,
  "status": "COMPLETED",
  "steps": 200,
  "task_name": "image_classification",
  "test_accuracy": 0.396484375,
  "test_ambiguity_mean": 0.0,
  "test_brier": 0.7423882484436035,
  "test_class_resistance_mean": 0.20066796243190765,
  "test_ece": 0.0697711706161499,
  "test_hard_negative_drive_mean": 6.523688793182373,
  "test_hard_negative_logit_mean": 1.9941397905349731,
  "test_hard_negative_resistance_mean": 2.7894368171691895,
  "test_loss": 1.6854519844055176,
  "test_margin_mean": -0.4354214668273926,
  "test_nll": 1.6854519844055176,
  "test_positive_drive_mean": 5.008125305175781,
  "test_positive_logit_mean": 1.5587184429168701,
  "test_positive_resistance_mean": 2.7894601821899414,
  "test_resistance_noise_corr": NaN,
  "test_resistance_occlusion_corr": NaN,
  "test_sample_uncertainty_mean": 2.588528633117676,
  "timestamp": "2026-04-24T08:26:47Z",
  "torch_version": "2.7.1+cu118",
  "torchvision_version": "0.22.1+cu118",
  "total_train_time_sec": 3.0482213497161865,
  "trainable_params": 18977,
  "val_accuracy": 0.373046875,
  "val_ambiguity_mean": 0.0,
  "val_brier": 0.7495812773704529,
  "val_class_resistance_mean": 0.20066796243190765,
  "val_ece": 0.051949478685855865,
  "val_hard_negative_drive_mean": 6.544000148773193,
  "val_hard_negative_logit_mean": 2.0019540786743164,
  "val_hard_negative_resistance_mean": 2.7586326599121094,
  "val_loss": 1.6945089101791382,
  "val_margin_mean": -0.4544770419597626,
  "val_nll": 1.6945089101791382,
  "val_positive_drive_mean": 5.011751651763916,
  "val_positive_logit_mean": 1.5474770069122314,
  "val_positive_resistance_mean": 2.757965087890625,
  "val_resistance_noise_corr": NaN,
  "val_resistance_occlusion_corr": NaN,
  "val_sample_uncertainty_mean": 2.557485580444336
}