{
  "backbone_steps": 300,
  "batch_size": 64,
  "best_metric": 0.43359375,
  "best_step": 50,
  "clean_accuracy": 0.3958333432674408,
  "clean_brier": 0.775155782699585,
  "clean_confidence_mean": 0.2238599807024002,
  "clean_ece": 0.1719733327627182,
  "clean_nll": 1.7786892652511597,
  "clean_positive_resistance_mean": 0.047659311443567276,
  "clean_resistance_noise_corr": NaN,
  "clean_resistance_occlusion_corr": NaN,
  "clean_risk_at_100_coverage": 0.6041666269302368,
  "clean_risk_at_50_coverage": 0.5364583730697632,
  "clean_risk_at_70_coverage": 0.5706319808959961,
  "clean_risk_at_80_coverage": 0.5707316994667053,
  "clean_risk_at_90_coverage": 0.5722543001174927,
  "clean_score_name": "positive_resistance",
  "clean_selective_aurc": 0.4697510302066803,
  "clean_uncertainty_mean": 0.047659311443567276,
  "clean_vs_noisy_auroc": 0.5191459655761719,
  "clean_vs_occluded_auroc": 0.5162709355354309,
  "condition_metrics_path": "reports/pluggable_primitive_real_20260427/frozen_runs/20260427_042012_uncertainty_cifar10_eml_supervised_resistance_seed2/uncertainty_eval.pt",
  "cuda_available": true,
  "dataset_name": "cifar10",
  "device": "cuda",
  "early_stop_min_evals": 2,
  "early_stop_patience": 4,
  "early_stop_triggered": true,
  "eval_interval": 25,
  "experiment_type": "frozen_features_uncertainty",
  "feature_dim": 64,
  "final_metric": 0.3958333432674408,
  "final_train_loss": 1.8609764575958252,
  "git_commit": "0c0b3db",
  "head_steps": 1200,
  "hostname": "user-NF5468M6",
  "metrics_json": "{\"best_metric\": 0.43359375, \"best_step\": 50, \"clean_accuracy\": 0.3958333432674408, \"clean_brier\": 0.775155782699585, \"clean_confidence_mean\": 0.2238599807024002, \"clean_ece\": 0.1719733327627182, \"clean_nll\": 1.7786892652511597, \"clean_positive_resistance_mean\": 0.047659311443567276, \"clean_resistance_noise_corr\": NaN, \"clean_resistance_occlusion_corr\": NaN, \"clean_risk_at_100_coverage\": 0.6041666269302368, \"clean_risk_at_50_coverage\": 0.5364583730697632, \"clean_risk_at_70_coverage\": 0.5706319808959961, \"clean_risk_at_80_coverage\": 0.5707316994667053, \"clean_risk_at_90_coverage\": 0.5722543001174927, \"clean_score_name\": \"positive_resistance\", \"clean_selective_aurc\": 0.4697510302066803, \"clean_uncertainty_mean\": 0.047659311443567276, \"clean_vs_noisy_auroc\": 0.5191459655761719, \"clean_vs_occluded_auroc\": 0.5162709355354309, \"condition_metrics_path\": \"reports/pluggable_primitive_real_20260427/frozen_runs/20260427_042012_uncertainty_cifar10_eml_supervised_resistance_seed2/uncertainty_eval.pt\", \"early_stop_patience\": 4, \"early_stop_triggered\": true, \"final_metric\": 0.3958333432674408, \"final_train_loss\": 1.8609764575958252, \"noisy_accuracy\": 0.32421875, \"noisy_brier\": 0.8074245452880859, \"noisy_confidence_mean\": 0.22084511816501617, \"noisy_ece\": 0.10337363928556442, \"noisy_nll\": 1.904590368270874, \"noisy_positive_resistance_mean\": 0.05745701864361763, \"noisy_resistance_noise_corr\": NaN, \"noisy_resistance_occlusion_corr\": NaN, \"noisy_risk_at_100_coverage\": 0.67578125, \"noisy_risk_at_50_coverage\": 0.6015625, \"noisy_risk_at_70_coverage\": 0.6276150941848755, \"noisy_risk_at_80_coverage\": 0.6353658437728882, \"noisy_risk_at_90_coverage\": 0.6550976037979126, \"noisy_score_name\": \"positive_resistance\", \"noisy_selective_aurc\": 0.516968309879303, \"noisy_uncertainty_mean\": 0.05745701864361763, \"occluded_accuracy\": 0.392578125, \"occluded_brier\": 0.7839921712875366, \"occluded_confidence_mean\": 0.2206968069076538, \"occluded_ece\": 0.1718813180923462, \"occluded_nll\": 1.815986156463623, \"occluded_positive_resistance_mean\": 0.059737104922533035, \"occluded_resistance_noise_corr\": NaN, \"occluded_resistance_occlusion_corr\": NaN, \"occluded_risk_at_100_coverage\": 0.607421875, \"occluded_risk_at_50_coverage\": 0.5625, \"occluded_risk_at_70_coverage\": 0.5746164321899414, \"occluded_risk_at_80_coverage\": 0.5841463804244995, \"occluded_risk_at_90_coverage\": 0.5932754874229431, \"occluded_score_name\": \"positive_resistance\", \"occluded_selective_aurc\": 0.4942938983440399, \"occluded_uncertainty_mean\": 0.059737104922533035, \"pooled_resistance_noise_corr\": 0.007015766575932503, \"pooled_resistance_occlusion_corr\": 0.01569547690451145, \"steps_run\": 150, \"total_train_time_sec\": 3.8730008602142334}",
  "mode": "uncertainty_benchmark",
  "model_class": "EMLPrototypeHeadSupervisedResistance",
  "model_name": "eml_supervised_resistance",
  "noisy_accuracy": 0.32421875,
  "noisy_brier": 0.8074245452880859,
  "noisy_confidence_mean": 0.22084511816501617,
  "noisy_ece": 0.10337363928556442,
  "noisy_nll": 1.904590368270874,
  "noisy_positive_resistance_mean": 0.05745701864361763,
  "noisy_resistance_noise_corr": NaN,
  "noisy_resistance_occlusion_corr": NaN,
  "noisy_risk_at_100_coverage": 0.67578125,
  "noisy_risk_at_50_coverage": 0.6015625,
  "noisy_risk_at_70_coverage": 0.6276150941848755,
  "noisy_risk_at_80_coverage": 0.6353658437728882,
  "noisy_risk_at_90_coverage": 0.6550976037979126,
  "noisy_score_name": "positive_resistance",
  "noisy_selective_aurc": 0.516968309879303,
  "noisy_uncertainty_mean": 0.05745701864361763,
  "num_classes": 10,
  "num_params": 18977,
  "num_workers": 0,
  "occluded_accuracy": 0.392578125,
  "occluded_brier": 0.7839921712875366,
  "occluded_confidence_mean": 0.2206968069076538,
  "occluded_ece": 0.1718813180923462,
  "occluded_nll": 1.815986156463623,
  "occluded_positive_resistance_mean": 0.059737104922533035,
  "occluded_resistance_noise_corr": NaN,
  "occluded_resistance_occlusion_corr": NaN,
  "occluded_risk_at_100_coverage": 0.607421875,
  "occluded_risk_at_50_coverage": 0.5625,
  "occluded_risk_at_70_coverage": 0.5746164321899414,
  "occluded_risk_at_80_coverage": 0.5841463804244995,
  "occluded_risk_at_90_coverage": 0.5932754874229431,
  "occluded_score_name": "positive_resistance",
  "occluded_selective_aurc": 0.4942938983440399,
  "occluded_uncertainty_mean": 0.059737104922533035,
  "platform": "Linux-5.4.0-216-generic-x86_64-with-glibc2.31",
  "pooled_resistance_noise_corr": 0.007015766575932503,
  "pooled_resistance_occlusion_corr": 0.01569547690451145,
  "python_version": "3.10.20",
  "reason": "",
  "run_dir": "reports/pluggable_primitive_real_20260427/frozen_runs/20260427_042012_uncertainty_cifar10_eml_supervised_resistance_seed2",
  "run_id": "uncertainty_cifar10_eml_supervised_resistance_seed2",
  "seed": 2,
  "selected_heads": [
    "linear",
    "mlp",
    "cosine_prototype",
    "eml_no_ambiguity",
    "eml_centered_ambiguity",
    "eml_supervised_resistance",
    "merc_linear",
    "merc_energy"
  ],
  "status": "COMPLETED",
  "steps_run": 150,
  "task_name": "image_uncertainty_selective_classification",
  "test_size": 1024,
  "timestamp": "2026-04-27T04:20:16Z",
  "torch_version": "2.7.1+cu118",
  "torchvision_version": "0.22.1+cu118",
  "total_train_time_sec": 3.8730008602142334,
  "train_size": 4096,
  "trainable_params": 18977
}