{
  "batch_size": 64,
  "best_metric": 0.541015625,
  "best_step": 300,
  "best_val_accuracy": 0.541015625,
  "cuda_available": true,
  "dataset_name": "cifar10",
  "device": "cuda",
  "experiment_type": "frozen_features",
  "feature_dim": 64,
  "features_dir": "reports/real_cifar_20260424_165937/features/cifar10_medium_seed0",
  "final_metric": 0.513671875,
  "final_train_accuracy": 0.578125,
  "final_train_loss": 1.2819877862930298,
  "git_commit": "unknown",
  "hostname": "user-NF5468M6",
  "lr": 0.001,
  "metrics_json": "{\"best_metric\": 0.541015625, \"best_step\": 300, \"best_val_accuracy\": 0.541015625, \"final_metric\": 0.513671875, \"final_train_accuracy\": 0.578125, \"final_train_loss\": 1.2819877862930298, \"test_accuracy\": 0.513671875, \"test_ambiguity_mean\": 0.14503100514411926, \"test_brier\": 0.6464294195175171, \"test_class_resistance_mean\": 0.200969859957695, \"test_ece\": 0.0846291333436966, \"test_hard_negative_drive_mean\": 5.535200595855713, \"test_hard_negative_logit_mean\": 1.9500370025634766, \"test_hard_negative_resistance_mean\": 0.7664505839347839, \"test_loss\": 1.4748058319091797, \"test_margin_mean\": -0.1765996515750885, \"test_nll\": 1.4748058319091797, \"test_positive_drive_mean\": 5.246472358703613, \"test_positive_logit_mean\": 1.7734373807907104, \"test_positive_resistance_mean\": 0.6778001189231873, \"test_resistance_noise_corr\": NaN, \"test_resistance_occlusion_corr\": NaN, \"test_sample_uncertainty_mean\": 0.556189775466919, \"total_train_time_sec\": 6.323503255844116, \"val_accuracy\": 0.541015625, \"val_ambiguity_mean\": 0.1457958072423935, \"val_brier\": 0.6429780721664429, \"val_class_resistance_mean\": 0.200969859957695, \"val_ece\": 0.09288346767425537, \"val_hard_negative_drive_mean\": 5.564777374267578, \"val_hard_negative_logit_mean\": 1.94636869430542, \"val_hard_negative_resistance_mean\": 0.7623600363731384, \"val_loss\": 1.4678705930709839, \"val_margin_mean\": -0.15894725918769836, \"val_nll\": 1.4678705930709839, \"val_positive_drive_mean\": 5.19970178604126, \"val_positive_logit_mean\": 1.7874213457107544, \"val_positive_resistance_mean\": 0.6853060722351074, \"val_resistance_noise_corr\": NaN, \"val_resistance_occlusion_corr\": NaN, \"val_sample_uncertainty_mean\": 0.5529153943061829}",
  "mode": "head_ablation",
  "model_class": "EMLPrototypeHeadCenteredAmbiguity",
  "model_name": "eml_centered_ambiguity",
  "num_classes": 10,
  "num_params": 18977,
  "pairwise_margin": 0.0,
  "pairwise_weight": 0.0,
  "platform": "Linux-5.4.0-216-generic-x86_64-with-glibc2.31",
  "python_version": "3.10.20",
  "reason": "",
  "run_dir": "reports/real_cifar_20260424_165937/runs/20260424_090006_frozen_cifar10_eml_centered_ambiguity_seed0",
  "run_id": "frozen_cifar10_eml_centered_ambiguity_seed0",
  "seed": 0,
  "status": "COMPLETED",
  "steps": 300,
  "task_name": "image_classification",
  "test_accuracy": 0.513671875,
  "test_ambiguity_mean": 0.14503100514411926,
  "test_brier": 0.6464294195175171,
  "test_class_resistance_mean": 0.200969859957695,
  "test_ece": 0.0846291333436966,
  "test_hard_negative_drive_mean": 5.535200595855713,
  "test_hard_negative_logit_mean": 1.9500370025634766,
  "test_hard_negative_resistance_mean": 0.7664505839347839,
  "test_loss": 1.4748058319091797,
  "test_margin_mean": -0.1765996515750885,
  "test_nll": 1.4748058319091797,
  "test_positive_drive_mean": 5.246472358703613,
  "test_positive_logit_mean": 1.7734373807907104,
  "test_positive_resistance_mean": 0.6778001189231873,
  "test_resistance_noise_corr": NaN,
  "test_resistance_occlusion_corr": NaN,
  "test_sample_uncertainty_mean": 0.556189775466919,
  "timestamp": "2026-04-24T09:00:13Z",
  "torch_version": "2.7.1+cu118",
  "torchvision_version": "0.22.1+cu118",
  "total_train_time_sec": 6.323503255844116,
  "trainable_params": 18977,
  "val_accuracy": 0.541015625,
  "val_ambiguity_mean": 0.1457958072423935,
  "val_brier": 0.6429780721664429,
  "val_class_resistance_mean": 0.200969859957695,
  "val_ece": 0.09288346767425537,
  "val_hard_negative_drive_mean": 5.564777374267578,
  "val_hard_negative_logit_mean": 1.94636869430542,
  "val_hard_negative_resistance_mean": 0.7623600363731384,
  "val_loss": 1.4678705930709839,
  "val_margin_mean": -0.15894725918769836,
  "val_nll": 1.4678705930709839,
  "val_positive_drive_mean": 5.19970178604126,
  "val_positive_logit_mean": 1.7874213457107544,
  "val_positive_resistance_mean": 0.6853060722351074,
  "val_resistance_noise_corr": NaN,
  "val_resistance_occlusion_corr": NaN,
  "val_sample_uncertainty_mean": 0.5529153943061829
}