{
  "batch_size": 8,
  "best_metric": 0.375,
  "completed_steps": 4,
  "cuda_available": false,
  "dataset_name": "SyntheticShapeEnergyDataset",
  "device": "cpu",
  "early_stop": false,
  "early_stop_step": "",
  "early_stop_triggered": false,
  "examples_per_sec": 385.373056161709,
  "final_diagnostics": {
    "ambiguity_mean": 0.9784284830093384,
    "ambiguity_std": 0.4461119472980499,
    "ambiguity_weight_mean": 1.0,
    "ambiguity_weight_std": 0.0,
    "attractor_activation_mean": 0.9338102340698242,
    "attractor_activation_std": 2.3579588741995394e-05,
    "attractor_diversity": 0.02767251990735531,
    "drive_mean": 4.110302324988879e-05,
    "drive_std": 0.07206244766712189,
    "energy_mean": -0.23911046981811523,
    "energy_std": 0.029599880799651146,
    "null_weight_mean": 0.15972165763378143,
    "null_weight_std": 0.044954244047403336,
    "prototype_diversity_penalty_mean": 0.017980244010686874,
    "prototype_diversity_penalty_std": 0.0,
    "resistance_mean": 1.3669779300689697,
    "resistance_std": 0.12181856483221054,
    "sample_uncertainty_mean": 0.6931940913200378,
    "sample_uncertainty_std": 0.0,
    "update_gate_mean": 0.09106200933456421,
    "update_gate_std": 0.0046421536244452,
    "update_strength_mean": 0.8542492985725403,
    "update_strength_std": 0.03836190328001976
  },
  "final_metric": 0.0,
  "final_train_accuracy": 0.0,
  "final_train_loss": 1.7369439601898193,
  "git_commit": "19568db",
  "grad_norm": 12.447948455810547,
  "hostname": "BMW-Pro.local",
  "learning_rate": 0.001,
  "metrics_json": "{\"best_metric\": 0.375, \"completed_steps\": 4, \"early_stop_step\": \"\", \"early_stop_triggered\": false, \"examples_per_sec\": 385.373056161709, \"final_diagnostics\": {\"ambiguity_mean\": 0.9784284830093384, \"ambiguity_std\": 0.4461119472980499, \"ambiguity_weight_mean\": 1.0, \"ambiguity_weight_std\": 0.0, \"attractor_activation_mean\": 0.9338102340698242, \"attractor_activation_std\": 2.3579588741995394e-05, \"attractor_diversity\": 0.02767251990735531, \"drive_mean\": 4.110302324988879e-05, \"drive_std\": 0.07206244766712189, \"energy_mean\": -0.23911046981811523, \"energy_std\": 0.029599880799651146, \"null_weight_mean\": 0.15972165763378143, \"null_weight_std\": 0.044954244047403336, \"prototype_diversity_penalty_mean\": 0.017980244010686874, \"prototype_diversity_penalty_std\": 0.0, \"resistance_mean\": 1.3669779300689697, \"resistance_std\": 0.12181856483221054, \"sample_uncertainty_mean\": 0.6931940913200378, \"sample_uncertainty_std\": 0.0, \"update_gate_mean\": 0.09106200933456421, \"update_gate_std\": 0.0046421536244452, \"update_strength_mean\": 0.8542492985725403, \"update_strength_std\": 0.03836190328001976}, \"final_metric\": 0.0, \"final_train_accuracy\": 0.0, \"final_train_loss\": 1.7369439601898193, \"grad_norm\": 12.447948455810547, \"learning_rate\": 0.001, \"peak_memory_mb\": 0.0, \"resistance_noise_corr\": 0.5396358370780945, \"resistance_occlusion_corr\": -0.6738765835762024, \"step\": 4, \"step_time_sec\": 0.020759105682373047, \"top1_accuracy\": 0.0, \"top5_accuracy\": 1.0, \"total_train_time_sec\": 0.09478282928466797, \"train_accuracy\": 0.0, \"train_loss\": 1.7369439601898193, \"wall_clock_time_sec\": 0.09405994415283203}",
  "min_delta": 0.0001,
  "mode": "smoke",
  "model_name": "EfficientEMLImageClassifier",
  "num_params": 115573,
  "num_workers": 0,
  "patience": 20,
  "peak_memory_mb": 0.0,
  "platform": "macOS-26.0-arm64-arm-64bit",
  "python_version": "3.12.12",
  "reason": "",
  "resistance_noise_corr": 0.5396358370780945,
  "resistance_occlusion_corr": -0.6738765835762024,
  "run_dir": "reports/runs/stabilization_smoke/20260424_074858_smoke_image_efficient_eml",
  "run_id": "smoke_image_efficient_eml",
  "seed": 1,
  "status": "COMPLETED",
  "step": 4,
  "step_time_sec": 0.020759105682373047,
  "steps": 4,
  "task_name": "image_synthetic",
  "timestamp": "2026-04-24T07:48:58Z",
  "top1_accuracy": 0.0,
  "top5_accuracy": 1.0,
  "torch_version": "2.10.0",
  "torchvision_version": "unavailable",
  "total_train_time_sec": 0.09478282928466797,
  "train_accuracy": 0.0,
  "train_loss": 1.7369439601898193,
  "trainable_params": 115573,
  "wall_clock_time_sec": 0.09405994415283203,
  "warmup_enabled": true
}