{
  "batch_size": 32,
  "best_metric": 0.1953125,
  "best_step": 10,
  "best_val_accuracy": 0.1953125,
  "cuda_available": false,
  "dataset_name": "synthetic_shape",
  "device": "cpu",
  "early_stop_triggered": true,
  "experiment_type": "end_to_end",
  "feature_dim": 64,
  "final_metric": 0.203125,
  "final_train_accuracy": 0.25,
  "final_train_loss": 1.6060736179351807,
  "git_commit": "3d40f93",
  "head_name": "merc_linear",
  "hostname": "BMW-Pro.local",
  "loss_mode": "ce",
  "lr": 0.001,
  "metrics_json": "{\"best_metric\": 0.1953125, \"best_step\": 10, \"best_val_accuracy\": 0.1953125, \"early_stop_triggered\": true, \"final_metric\": 0.203125, \"final_train_accuracy\": 0.25, \"final_train_loss\": 1.6060736179351807, \"steps_run\": 30, \"test_accuracy\": 0.203125, \"test_ambiguity_mean\": NaN, \"test_brier\": 0.7998916506767273, \"test_class_resistance_mean\": NaN, \"test_ece\": 0.0021332502365112305, \"test_hard_negative_drive_mean\": 0.002171476371586323, \"test_hard_negative_logit_mean\": 0.026500025764107704, \"test_hard_negative_resistance_mean\": 0.6928708553314209, \"test_loss\": 1.6091567277908325, \"test_margin_mean\": -0.02504042163491249, \"test_nll\": 1.6091567277908325, \"test_positive_drive_mean\": 0.000819272652734071, \"test_positive_logit_mean\": 0.0014596045948565006, \"test_positive_resistance_mean\": 0.6946015357971191, \"test_resistance_noise_corr\": 0.07558723539113998, \"test_resistance_occlusion_corr\": -0.1533757895231247, \"test_sample_uncertainty_mean\": NaN, \"total_train_time_sec\": 7.989741086959839, \"val_accuracy\": 0.1953125, \"val_ambiguity_mean\": NaN, \"val_brier\": 0.8005604147911072, \"val_class_resistance_mean\": NaN, \"val_ece\": 0.009946703910827637, \"val_hard_negative_drive_mean\": 0.002243288327008486, \"val_hard_negative_logit_mean\": 0.02653079479932785, \"val_hard_negative_resistance_mean\": 0.6928569674491882, \"val_loss\": 1.6108566522598267, \"val_margin_mean\": -0.02676938846707344, \"val_nll\": 1.6108566522598267, \"val_positive_drive_mean\": 0.001158284256234765, \"val_positive_logit_mean\": -0.00023859250359237194, \"val_positive_resistance_mean\": 0.6944867968559265, \"val_resistance_noise_corr\": -0.1062428280711174, \"val_resistance_occlusion_corr\": 0.06810866296291351, \"val_sample_uncertainty_mean\": NaN}",
  "mode": "head_ablation",
  "model_class": "CNNHeadModel",
  "model_name": "merc_block_linear",
  "num_classes": 5,
  "num_params": 331718,
  "pairwise_margin": 0.0,
  "pairwise_weight": 0.0,
  "platform": "macOS-26.0-arm64-arm-64bit",
  "python_version": "3.12.12",
  "reason": "",
  "run_dir": "reports/merc_block_fix_smoke/runs/20260425_034635_e2e_synthetic_shape_merc_block_linear_ce_seed0",
  "run_id": "e2e_synthetic_shape_merc_block_linear_ce_seed0",
  "seed": 0,
  "status": "COMPLETED",
  "steps": 30,
  "steps_run": 30,
  "task_name": "image_classification",
  "test_accuracy": 0.203125,
  "test_ambiguity_mean": NaN,
  "test_brier": 0.7998916506767273,
  "test_class_resistance_mean": NaN,
  "test_ece": 0.0021332502365112305,
  "test_hard_negative_drive_mean": 0.002171476371586323,
  "test_hard_negative_logit_mean": 0.026500025764107704,
  "test_hard_negative_resistance_mean": 0.6928708553314209,
  "test_loss": 1.6091567277908325,
  "test_margin_mean": -0.02504042163491249,
  "test_nll": 1.6091567277908325,
  "test_positive_drive_mean": 0.000819272652734071,
  "test_positive_logit_mean": 0.0014596045948565006,
  "test_positive_resistance_mean": 0.6946015357971191,
  "test_resistance_noise_corr": 0.07558723539113998,
  "test_resistance_occlusion_corr": -0.1533757895231247,
  "test_sample_uncertainty_mean": NaN,
  "timestamp": "2026-04-25T03:46:43Z",
  "torch_version": "2.10.0",
  "torchvision_version": "unavailable",
  "total_train_time_sec": 7.989741086959839,
  "trainable_params": 331718,
  "use_eml_residual_bank": false,
  "use_merc_block": true,
  "val_accuracy": 0.1953125,
  "val_ambiguity_mean": NaN,
  "val_brier": 0.8005604147911072,
  "val_class_resistance_mean": NaN,
  "val_ece": 0.009946703910827637,
  "val_hard_negative_drive_mean": 0.002243288327008486,
  "val_hard_negative_logit_mean": 0.02653079479932785,
  "val_hard_negative_resistance_mean": 0.6928569674491882,
  "val_loss": 1.6108566522598267,
  "val_margin_mean": -0.02676938846707344,
  "val_nll": 1.6108566522598267,
  "val_positive_drive_mean": 0.001158284256234765,
  "val_positive_logit_mean": -0.00023859250359237194,
  "val_positive_resistance_mean": 0.6944867968559265,
  "val_resistance_noise_corr": -0.1062428280711174,
  "val_resistance_occlusion_corr": 0.06810866296291351,
  "val_sample_uncertainty_mean": NaN
}