{
  "model_class": "LinearSplineKANNetwork",
  "num_params": 150529,
  "target_mean": -0.43698936700820923,
  "target_std": 0.7873830795288086,
  "trainable_params": 150529
}