{
  "best_metric": 0.984375,
  "best_step": 300,
  "clean_accuracy": 0.984375,
  "clean_aurc": 0.0025835142005234957,
  "clean_ece": 0.028132017701864243,
  "clean_resistance_noise_corr": 3.43046409057024e-08,
  "clean_resistance_occlusion_corr": NaN,
  "clean_vs_noisy_auroc": 0.5815744400024414,
  "clean_vs_occluded_auroc": 0.5921640396118164,
  "cuda_available": true,
  "dataset_name": "synthetic_shape_uncertainty",
  "device": "cuda",
  "early_stop_triggered": false,
  "final_metric": 0.984375,
  "git_commit": "0c0b3db",
  "hostname": "user-NF5468M6",
  "metrics_json": "{\"best_metric\": 0.984375, \"best_step\": 300, \"clean_accuracy\": 0.984375, \"clean_aurc\": 0.0025835142005234957, \"clean_ece\": 0.028132017701864243, \"clean_resistance_noise_corr\": 3.43046409057024e-08, \"clean_resistance_occlusion_corr\": NaN, \"clean_vs_noisy_auroc\": 0.5815744400024414, \"clean_vs_occluded_auroc\": 0.5921640396118164, \"early_stop_triggered\": false, \"final_metric\": 0.984375, \"noisy_accuracy\": 0.9443359375, \"noisy_aurc\": 0.010730871930718422, \"noisy_ece\": 0.023307092487812042, \"noisy_resistance_noise_corr\": NaN, \"noisy_resistance_occlusion_corr\": NaN, \"occluded_accuracy\": 0.84375, \"occluded_aurc\": 0.032286085188388824, \"occluded_ece\": 0.053643278777599335, \"occluded_resistance_noise_corr\": -2.392199682788032e-08, \"occluded_resistance_occlusion_corr\": 0.6913489699363708, \"steps_run\": 300, \"total_train_time_sec\": 25.892725467681885}",
  "mode": "medium",
  "model_name": "cnn_mlp",
  "noisy_accuracy": 0.9443359375,
  "noisy_aurc": 0.010730871930718422,
  "noisy_ece": 0.023307092487812042,
  "noisy_resistance_noise_corr": NaN,
  "noisy_resistance_occlusion_corr": NaN,
  "occluded_accuracy": 0.84375,
  "occluded_aurc": 0.032286085188388824,
  "occluded_ece": 0.053643278777599335,
  "occluded_resistance_noise_corr": -2.392199682788032e-08,
  "occluded_resistance_occlusion_corr": 0.6913489699363708,
  "platform": "Linux-5.4.0-216-generic-x86_64-with-glibc2.31",
  "python_version": "3.10.20",
  "reason": "",
  "run_dir": "reports/pluggable_primitive_real_20260427/end_to_end_runs/20260427_042056_uncertainty_e2e_synthetic_shape_uncertainty_cnn_mlp_seed0",
  "run_id": "uncertainty_e2e_synthetic_shape_uncertainty_cnn_mlp_seed0",
  "seed": 0,
  "status": "COMPLETED",
  "steps_run": 300,
  "task_name": "end_to_end_uncertainty",
  "timestamp": "2026-04-27T04:21:22Z",
  "torch_version": "2.7.1+cu118",
  "torchvision_version": "0.22.1+cu118",
  "total_train_time_sec": 25.892725467681885
}