{
  "best_metric": 1.0,
  "cuda_available": true,
  "dataset_name": "synthetic_probe_tensors",
  "device": "cuda",
  "final_diagnostics": {
    "drive_mean": 0.0005878298543393612,
    "drive_std": 0.0017442057142034173,
    "energy_mean": -0.8808898329734802,
    "energy_std": 0.21302010118961334,
    "gate_activation_rate": 0.14163218438625336,
    "gate_mean": 0.14163218438625336,
    "gate_std": 0.07081609964370728,
    "message_norm_mean": 0.04388114809989929,
    "message_norm_std": 0.005889310035854578,
    "new_precision_mean": 0.31327036023139954,
    "new_precision_std": 4.7862777137197554e-05,
    "null_weight_mean": 0.29183903336524963,
    "null_weight_std": 3.765690416912548e-05,
    "old_precision_mean": 0.693131148815155,
    "old_precision_std": 0.0006575683364644647,
    "resistance_mean": -0.00012295697524677962,
    "resistance_std": 0.0021887393668293953,
    "responsibility_entropy_mean": 1.5855096578598022,
    "responsibility_entropy_std": 1.8812501366483048e-05,
    "update_gate_mean": 0.311277836561203,
    "update_gate_std": 0.00020605050667654723,
    "update_strength_mean": 0.7081609964370728,
    "update_strength_std": 3.763068525586277e-05
  },
  "final_metric": 1.0,
  "git_commit": "ae26ee9",
  "hostname": "user-NF5468M6",
  "message_norm_mean": 0.04388114809989929,
  "metrics_json": "{\"best_metric\": 1.0, \"final_diagnostics\": {\"drive_mean\": 0.0005878298543393612, \"drive_std\": 0.0017442057142034173, \"energy_mean\": -0.8808898329734802, \"energy_std\": 0.21302010118961334, \"gate_activation_rate\": 0.14163218438625336, \"gate_mean\": 0.14163218438625336, \"gate_std\": 0.07081609964370728, \"message_norm_mean\": 0.04388114809989929, \"message_norm_std\": 0.005889310035854578, \"new_precision_mean\": 0.31327036023139954, \"new_precision_std\": 4.7862777137197554e-05, \"null_weight_mean\": 0.29183903336524963, \"null_weight_std\": 3.765690416912548e-05, \"old_precision_mean\": 0.693131148815155, \"old_precision_std\": 0.0006575683364644647, \"resistance_mean\": -0.00012295697524677962, \"resistance_std\": 0.0021887393668293953, \"responsibility_entropy_mean\": 1.5855096578598022, \"responsibility_entropy_std\": 1.8812501366483048e-05, \"update_gate_mean\": 0.311277836561203, \"update_gate_std\": 0.00020605050667654723, \"update_strength_mean\": 0.7081609964370728, \"update_strength_std\": 3.763068525586277e-05}, \"final_metric\": 1.0, \"message_norm_mean\": 0.04388114809989929, \"nan_inf_count\": 0.0, \"peak_memory_mb\": 9.39404296875, \"step\": 1, \"step_time_sec\": 0.0031583309173583984, \"total_train_time_sec\": 0.0031576156616210938, \"train_loss\": 0.0, \"update_norm_mean\": 1.0949591398239136, \"wall_clock_time_sec\": 0.0031576156616210938}",
  "mode": "ablation",
  "model_name": "ablation_resp_null_seed1",
  "nan_inf_count": 0.0,
  "num_params": 14151,
  "peak_memory_mb": 9.39404296875,
  "platform": "Linux-5.4.0-216-generic-x86_64-with-glibc2.31",
  "python_version": "3.10.20",
  "reason": "",
  "responsibility_mode": true,
  "run_dir": "reports/runs_server_ablation_20260424_150157/20260424_070201_ablation_resp_null_seed1",
  "run_id": "ablation_resp_null_seed1",
  "seed": 21,
  "status": "COMPLETED",
  "step": 1,
  "step_time_sec": 0.0031583309173583984,
  "task_name": "mechanism_probe",
  "timestamp": "2026-04-24T07:02:01Z",
  "torch_version": "2.7.1+cu118",
  "torchvision_version": "0.22.1+cu118",
  "total_train_time_sec": 0.0031576156616210938,
  "train_loss": 0.0,
  "trainable_params": 14151,
  "update_mode": "precision",
  "update_norm_mean": 1.0949591398239136,
  "use_null": true,
  "wall_clock_time_sec": 0.0031576156616210938
}