{
  "best_metric": 0.98046875,
  "best_step": 300,
  "clean_accuracy": 0.98046875,
  "clean_aurc": 0.001122351735830307,
  "clean_ece": 0.189484104514122,
  "clean_resistance_noise_corr": 1.553405297727295e-07,
  "clean_resistance_occlusion_corr": NaN,
  "clean_vs_noisy_auroc": 0.8442144393920898,
  "clean_vs_occluded_auroc": 0.6058740615844727,
  "cuda_available": true,
  "dataset_name": "synthetic_shape_uncertainty",
  "device": "cuda",
  "early_stop_triggered": false,
  "final_metric": 0.98046875,
  "git_commit": "0c0b3db",
  "hostname": "user-NF5468M6",
  "metrics_json": "{\"best_metric\": 0.98046875, \"best_step\": 300, \"clean_accuracy\": 0.98046875, \"clean_aurc\": 0.001122351735830307, \"clean_ece\": 0.189484104514122, \"clean_resistance_noise_corr\": 1.553405297727295e-07, \"clean_resistance_occlusion_corr\": NaN, \"clean_vs_noisy_auroc\": 0.8442144393920898, \"clean_vs_occluded_auroc\": 0.6058740615844727, \"early_stop_triggered\": false, \"final_metric\": 0.98046875, \"noisy_accuracy\": 0.9306640625, \"noisy_aurc\": 0.005970640107989311, \"noisy_ece\": 0.16787831485271454, \"noisy_resistance_noise_corr\": NaN, \"noisy_resistance_occlusion_corr\": NaN, \"occluded_accuracy\": 0.8427734375, \"occluded_aurc\": 0.020640505477786064, \"occluded_ece\": 0.11803485453128815, \"occluded_resistance_noise_corr\": 5.063881403088999e-08, \"occluded_resistance_occlusion_corr\": 0.57991623878479, \"steps_run\": 300, \"total_train_time_sec\": 30.344990253448486}",
  "mode": "medium",
  "model_name": "cnn_eml_supervised_resistance",
  "noisy_accuracy": 0.9306640625,
  "noisy_aurc": 0.005970640107989311,
  "noisy_ece": 0.16787831485271454,
  "noisy_resistance_noise_corr": NaN,
  "noisy_resistance_occlusion_corr": NaN,
  "occluded_accuracy": 0.8427734375,
  "occluded_aurc": 0.020640505477786064,
  "occluded_ece": 0.11803485453128815,
  "occluded_resistance_noise_corr": 5.063881403088999e-08,
  "occluded_resistance_occlusion_corr": 0.57991623878479,
  "platform": "Linux-5.4.0-216-generic-x86_64-with-glibc2.31",
  "python_version": "3.10.20",
  "reason": "",
  "run_dir": "reports/pluggable_primitive_real_20260427/end_to_end_runs/20260427_042906_uncertainty_e2e_synthetic_shape_uncertainty_cnn_eml_supervised_resistance_seed2",
  "run_id": "uncertainty_e2e_synthetic_shape_uncertainty_cnn_eml_supervised_resistance_seed2",
  "seed": 2,
  "status": "COMPLETED",
  "steps_run": 300,
  "task_name": "end_to_end_uncertainty",
  "timestamp": "2026-04-27T04:29:36Z",
  "torch_version": "2.7.1+cu118",
  "torchvision_version": "0.22.1+cu118",
  "total_train_time_sec": 30.344990253448486
}