{
  "ambiguity_weight": NaN,
  "attractor_entropy_weight": NaN,
  "batch_size": 8,
  "best_metric": 0.028409091755747795,
  "bits_per_char": 6.384284242950303,
  "char_accuracy": 0.028409091755747795,
  "completed_steps": 4,
  "corruption_resistance_corr": 0.014923331327736378,
  "cuda_available": false,
  "dataset_name": "SyntheticTextEnergyDataset",
  "device": "cpu",
  "early_stop": false,
  "early_stop_step": "",
  "early_stop_triggered": false,
  "final_diagnostics": {
    "drive_mean": 0.003761024447157979,
    "drive_std": 0.011945731937885284,
    "energy_mean": -0.6249697208404541,
    "energy_std": 0.2553912401199341,
    "gate_activation_rate": 0.32614898681640625,
    "gate_mean": 0.32614898681640625,
    "gate_std": 0.0940953865647316,
    "resistance_mean": -0.0036008802708238363,
    "resistance_std": 0.011102741584181786
  },
  "final_metric": 0.028409091755747795,
  "final_train_accuracy": 0.028409091755747795,
  "final_train_loss": 4.425248622894287,
  "git_commit": "9ce7b7d",
  "grad_norm": 0.17558538913726807,
  "hostname": "Mac-mini.local",
  "learning_rate": 0.001,
  "metrics_json": "{\"ambiguity_weight\": NaN, \"attractor_entropy_weight\": NaN, \"best_metric\": 0.028409091755747795, \"bits_per_char\": 6.384284242950303, \"char_accuracy\": 0.028409091755747795, \"completed_steps\": 4, \"corruption_resistance_corr\": 0.014923331327736378, \"early_stop_step\": \"\", \"early_stop_triggered\": false, \"final_diagnostics\": {\"drive_mean\": 0.003761024447157979, \"drive_std\": 0.011945731937885284, \"energy_mean\": -0.6249697208404541, \"energy_std\": 0.2553912401199341, \"gate_activation_rate\": 0.32614898681640625, \"gate_mean\": 0.32614898681640625, \"gate_std\": 0.0940953865647316, \"resistance_mean\": -0.0036008802708238363, \"resistance_std\": 0.011102741584181786}, \"final_metric\": 0.028409091755747795, \"final_train_accuracy\": 0.028409091755747795, \"final_train_loss\": 4.425248622894287, \"grad_norm\": 0.17558538913726807, \"learning_rate\": 0.001, \"next_token_loss\": 4.425248622894287, \"null_threshold\": NaN, \"peak_memory_mb\": 0.0, \"perplexity\": 83.53357299919963, \"precision_update_threshold\": NaN, \"responsibility_temperature\": NaN, \"step\": 4, \"step_time_sec\": 0.014941930770874023, \"token_accuracy\": 0.028409091755747795, \"tokens_per_sec\": 11778.932903575816, \"total_train_time_sec\": 0.07664322853088379, \"train_loss\": 4.425248622894287, \"wall_clock_time_sec\": 0.0759732723236084, \"warmup_eta\": 1.0}",
  "min_delta": 0.0001,
  "mode": "smoke",
  "model_name": "EMLTextBackbone",
  "next_token_loss": 4.425248622894287,
  "null_threshold": NaN,
  "num_params": 107370,
  "num_workers": 0,
  "patience": 20,
  "peak_memory_mb": 0.0,
  "perplexity": 83.53357299919963,
  "platform": "macOS-15.1-arm64-arm-64bit",
  "precision_update_threshold": NaN,
  "python_version": "3.12.7",
  "reason": "",
  "responsibility_temperature": NaN,
  "run_dir": "reports/text_representation_ablation/runs/20260505_123521_old_eml_text_backbone_seed0",
  "run_id": "old_eml_text_backbone_seed0",
  "seed": 0,
  "seq_len": 48,
  "status": "COMPLETED",
  "step": 4,
  "step_time_sec": 0.014941930770874023,
  "steps": 4,
  "task_name": "text_synthetic",
  "timestamp": "2026-05-05T12:35:21Z",
  "token_accuracy": 0.028409091755747795,
  "tokens_per_sec": 11778.932903575816,
  "torch_version": "2.10.0",
  "torchvision_version": "0.25.0",
  "total_train_time_sec": 0.07664322853088379,
  "train_loss": 4.425248622894287,
  "trainable_params": 107370,
  "wall_clock_time_sec": 0.0759732723236084,
  "warmup_eta": 1.0
}