drive_mean,drive_std,resistance_mean,resistance_std,energy_mean,energy_std,gate_mean,gate_std,ambiguity_mean,ambiguity_std,ambiguity_weight_mean,ambiguity_weight_std,sample_uncertainty_mean,sample_uncertainty_std,gate_activation_rate
0.013223915360867977,0.21045514941215515,0.12813635170459747,0.3259360194206238,-0.8669726252555847,0.33712899684906006,0.26895439624786377,5.011212488170713e-05,0.22780904173851013,0.301091730594635,0.25,0.0,0.6927396655082703,0.0001715392281766981,0.26895439624786377
0.011663351207971573,0.30282652378082275,0.14892084896564484,0.38989362120628357,-0.8655638694763184,0.342488557100296,0.26900097727775574,0.00019373968825675547,0.422324001789093,0.5357891321182251,0.5,0.0,0.6920545101165771,0.00015232028090395033,0.26900097727775574
0.01133650727570057,0.32493385672569275,0.16617053747177124,0.4424683749675751,-0.8640836477279663,0.3470827639102936,0.2690478563308716,0.0002987569023389369,0.453829288482666,0.48477575182914734,0.75,0.0,0.6927251815795898,0.0001792090042727068,0.2690478563308716
0.005902924109250307,0.3154415488243103,0.1726182997226715,0.457021027803421,-0.8641460537910461,0.347674161195755,0.26896119117736816,0.0003145656082779169,0.385517418384552,0.36182624101638794,1.0,0.0,0.6930795311927795,0.00016399793094024062,0.26896119117736816
