{
  "ambiguity_weight": NaN,
  "attractor_entropy_weight": NaN,
  "batch_size": 8,
  "best_metric": 0.25,
  "completed_steps": 4,
  "cuda_available": false,
  "dataset_name": "SyntheticShapeEnergyDataset",
  "device": "cpu",
  "early_stop": false,
  "early_stop_step": "",
  "early_stop_triggered": false,
  "examples_per_sec": 741.8459021467578,
  "final_diagnostics": {
    "ambiguity_mean": 0.385517418384552,
    "ambiguity_std": 0.36182624101638794,
    "ambiguity_weight_mean": 1.0,
    "ambiguity_weight_std": 0.0,
    "drive_mean": 0.005902924109250307,
    "drive_std": 0.3154415488243103,
    "energy_mean": -0.8641460537910461,
    "energy_std": 0.347674161195755,
    "gate_activation_rate": 0.26896119117736816,
    "gate_mean": 0.26896119117736816,
    "gate_std": 0.0003145656082779169,
    "resistance_mean": 0.1726182997226715,
    "resistance_std": 0.457021027803421,
    "sample_uncertainty_mean": 0.6930795311927795,
    "sample_uncertainty_std": 0.00016399793094024062
  },
  "final_metric": 0.25,
  "final_train_accuracy": 0.25,
  "final_train_loss": 1.6604844331741333,
  "git_commit": "9ce7b7d",
  "grad_norm": 1.1822915077209473,
  "hostname": "Mac-mini.local",
  "learning_rate": 0.001,
  "metrics_json": "{\"ambiguity_weight\": NaN, \"attractor_entropy_weight\": NaN, \"best_metric\": 0.25, \"completed_steps\": 4, \"early_stop_step\": \"\", \"early_stop_triggered\": false, \"examples_per_sec\": 741.8459021467578, \"final_diagnostics\": {\"ambiguity_mean\": 0.385517418384552, \"ambiguity_std\": 0.36182624101638794, \"ambiguity_weight_mean\": 1.0, \"ambiguity_weight_std\": 0.0, \"drive_mean\": 0.005902924109250307, \"drive_std\": 0.3154415488243103, \"energy_mean\": -0.8641460537910461, \"energy_std\": 0.347674161195755, \"gate_activation_rate\": 0.26896119117736816, \"gate_mean\": 0.26896119117736816, \"gate_std\": 0.0003145656082779169, \"resistance_mean\": 0.1726182997226715, \"resistance_std\": 0.457021027803421, \"sample_uncertainty_mean\": 0.6930795311927795, \"sample_uncertainty_std\": 0.00016399793094024062}, \"final_metric\": 0.25, \"final_train_accuracy\": 0.25, \"final_train_loss\": 1.6604844331741333, \"grad_norm\": 1.1822915077209473, \"learning_rate\": 0.001, \"null_threshold\": NaN, \"peak_memory_mb\": 0.0, \"precision_update_threshold\": NaN, \"resistance_noise_corr\": -0.22492145001888275, \"resistance_occlusion_corr\": -0.31494441628456116, \"responsibility_temperature\": NaN, \"step\": 4, \"step_time_sec\": 0.010783910751342773, \"top1_accuracy\": 0.25, \"top5_accuracy\": 1.0, \"total_train_time_sec\": 0.11236691474914551, \"train_accuracy\": 0.25, \"train_loss\": 1.6604844331741333, \"wall_clock_time_sec\": 0.11163997650146484, \"warmup_eta\": 1.0}",
  "min_delta": 0.0001,
  "mode": "smoke",
  "model_name": "cnn_eml_workers0",
  "null_threshold": NaN,
  "num_params": 162644,
  "num_workers": 0,
  "patience": 20,
  "peak_memory_mb": 0.0,
  "platform": "macOS-15.1-arm64-arm-64bit",
  "precision_update_threshold": NaN,
  "python_version": "3.12.7",
  "reason": "",
  "resistance_noise_corr": -0.22492145001888275,
  "resistance_occlusion_corr": -0.31494441628456116,
  "responsibility_temperature": NaN,
  "run_dir": "reports/image_representation_ablation/runs/20260505_123520_cnn_eml_workers0_seed0",
  "run_id": "cnn_eml_workers0_seed0",
  "seed": 0,
  "status": "COMPLETED",
  "step": 4,
  "step_time_sec": 0.010783910751342773,
  "steps": 4,
  "task_name": "image_synthetic",
  "timestamp": "2026-05-05T12:35:21Z",
  "top1_accuracy": 0.25,
  "top5_accuracy": 1.0,
  "torch_version": "2.10.0",
  "torchvision_version": "0.25.0",
  "total_train_time_sec": 0.11236691474914551,
  "train_accuracy": 0.25,
  "train_loss": 1.6604844331741333,
  "trainable_params": 162644,
  "wall_clock_time_sec": 0.11163997650146484,
  "warmup_enabled": true,
  "warmup_eta": 1.0
}