{
  "ambiguity_weight": NaN,
  "attractor_entropy_weight": NaN,
  "batch_size": 8,
  "best_metric": 0.25,
  "completed_steps": 4,
  "cuda_available": false,
  "dataset_name": "SyntheticShapeEnergyDataset",
  "device": "cpu",
  "early_stop": false,
  "early_stop_step": "",
  "early_stop_triggered": false,
  "examples_per_sec": 715.8126119976107,
  "final_diagnostics": {
    "ambiguity_mean": 0.4385599195957184,
    "ambiguity_std": 0.24919827282428741,
    "ambiguity_weight_mean": 1.0,
    "ambiguity_weight_std": 0.0,
    "drive_mean": 0.024366039782762527,
    "drive_std": 0.2906891107559204,
    "energy_mean": -0.8633516430854797,
    "energy_std": 0.34919503331184387,
    "gate_activation_rate": 0.2688747048377991,
    "gate_mean": 0.2688747048377991,
    "gate_std": 0.00036044817534275353,
    "resistance_mean": 0.18047185242176056,
    "resistance_std": 0.4645475745201111,
    "sample_uncertainty_mean": 0.694132387638092,
    "sample_uncertainty_std": 7.157349318731576e-05
  },
  "final_metric": 0.125,
  "final_train_accuracy": 0.125,
  "final_train_loss": 1.628164291381836,
  "git_commit": "19568db",
  "grad_norm": 1.570001482963562,
  "hostname": "BMW-Pro.local",
  "learning_rate": 0.001,
  "metrics_json": "{\"ambiguity_weight\": NaN, \"attractor_entropy_weight\": NaN, \"best_metric\": 0.25, \"completed_steps\": 4, \"early_stop_step\": \"\", \"early_stop_triggered\": false, \"examples_per_sec\": 715.8126119976107, \"final_diagnostics\": {\"ambiguity_mean\": 0.4385599195957184, \"ambiguity_std\": 0.24919827282428741, \"ambiguity_weight_mean\": 1.0, \"ambiguity_weight_std\": 0.0, \"drive_mean\": 0.024366039782762527, \"drive_std\": 0.2906891107559204, \"energy_mean\": -0.8633516430854797, \"energy_std\": 0.34919503331184387, \"gate_activation_rate\": 0.2688747048377991, \"gate_mean\": 0.2688747048377991, \"gate_std\": 0.00036044817534275353, \"resistance_mean\": 0.18047185242176056, \"resistance_std\": 0.4645475745201111, \"sample_uncertainty_mean\": 0.694132387638092, \"sample_uncertainty_std\": 7.157349318731576e-05}, \"final_metric\": 0.125, \"final_train_accuracy\": 0.125, \"final_train_loss\": 1.628164291381836, \"grad_norm\": 1.570001482963562, \"learning_rate\": 0.001, \"null_threshold\": NaN, \"peak_memory_mb\": 0.0, \"precision_update_threshold\": NaN, \"resistance_noise_corr\": 0.34631067514419556, \"resistance_occlusion_corr\": 0.23956215381622314, \"responsibility_temperature\": NaN, \"step\": 4, \"step_time_sec\": 0.011176109313964844, \"top1_accuracy\": 0.125, \"top5_accuracy\": 1.0, \"total_train_time_sec\": 0.051683902740478516, \"train_accuracy\": 0.125, \"train_loss\": 1.628164291381836, \"wall_clock_time_sec\": 0.05100703239440918, \"warmup_eta\": 1.0}",
  "min_delta": 0.0001,
  "mode": "smoke",
  "model_name": "cnn_eml_workers0",
  "null_threshold": NaN,
  "num_params": 162644,
  "num_workers": 0,
  "patience": 20,
  "peak_memory_mb": 0.0,
  "platform": "macOS-26.0-arm64-arm-64bit",
  "precision_update_threshold": NaN,
  "python_version": "3.12.12",
  "reason": "",
  "resistance_noise_corr": 0.34631067514419556,
  "resistance_occlusion_corr": 0.23956215381622314,
  "responsibility_temperature": NaN,
  "run_dir": "reports/image_representation_ablation/runs/20260424_085159_cnn_eml_workers0_seed1",
  "run_id": "cnn_eml_workers0_seed1",
  "seed": 1,
  "status": "COMPLETED",
  "step": 4,
  "step_time_sec": 0.011176109313964844,
  "steps": 4,
  "task_name": "image_synthetic",
  "timestamp": "2026-04-24T08:51:59Z",
  "top1_accuracy": 0.125,
  "top5_accuracy": 1.0,
  "torch_version": "2.10.0",
  "torchvision_version": "unavailable",
  "total_train_time_sec": 0.051683902740478516,
  "train_accuracy": 0.125,
  "train_loss": 1.628164291381836,
  "trainable_params": 162644,
  "wall_clock_time_sec": 0.05100703239440918,
  "warmup_enabled": true,
  "warmup_eta": 1.0
}