{
  "batch_size": 64,
  "best_metric": 0.37890625,
  "best_step": 200,
  "best_val_accuracy": 0.37890625,
  "cuda_available": true,
  "dataset_name": "cifar10",
  "device": "cuda",
  "early_stop_triggered": false,
  "experiment_type": "end_to_end",
  "feature_dim": 64,
  "final_metric": 0.392578125,
  "final_train_accuracy": 0.46875,
  "final_train_loss": 1.5007476806640625,
  "git_commit": "unknown",
  "head_name": "eml_centered_ambiguity",
  "hostname": "user-NF5468M6",
  "loss_mode": "ce",
  "lr": 0.001,
  "metrics_json": "{\"best_metric\": 0.37890625, \"best_step\": 200, \"best_val_accuracy\": 0.37890625, \"early_stop_triggered\": false, \"final_metric\": 0.392578125, \"final_train_accuracy\": 0.46875, \"final_train_loss\": 1.5007476806640625, \"steps_run\": 300, \"test_accuracy\": 0.392578125, \"test_ambiguity_mean\": 1.1743149757385254, \"test_brier\": 0.7613021731376648, \"test_class_resistance_mean\": 0.20032237470149994, \"test_ece\": 0.04191318526864052, \"test_hard_negative_drive_mean\": 6.839316368103027, \"test_hard_negative_logit_mean\": 2.3417000770568848, \"test_hard_negative_resistance_mean\": 1.0328232049942017, \"test_loss\": 1.7942354679107666, \"test_margin_mean\": -0.622282862663269, \"test_nll\": 1.7942354679107666, \"test_positive_drive_mean\": 4.797643661499023, \"test_positive_logit_mean\": 1.7194172143936157, \"test_positive_resistance_mean\": 1.0998961925506592, \"test_resistance_noise_corr\": NaN, \"test_resistance_occlusion_corr\": NaN, \"test_sample_uncertainty_mean\": 0.00014453270705416799, \"total_train_time_sec\": 13.116811037063599, \"val_accuracy\": 0.353515625, \"val_ambiguity_mean\": 1.1544870138168335, \"val_brier\": 0.769728422164917, \"val_class_resistance_mean\": 0.20032237470149994, \"val_ece\": 0.05058460682630539, \"val_hard_negative_drive_mean\": 6.794425010681152, \"val_hard_negative_logit_mean\": 2.3365228176116943, \"val_hard_negative_resistance_mean\": 1.0313817262649536, \"val_loss\": 1.81064772605896, \"val_margin_mean\": -0.6344093680381775, \"val_nll\": 1.81064772605896, \"val_positive_drive_mean\": 4.688021659851074, \"val_positive_logit_mean\": 1.702113389968872, \"val_positive_resistance_mean\": 1.0836504697799683, \"val_resistance_noise_corr\": NaN, \"val_resistance_occlusion_corr\": NaN, \"val_sample_uncertainty_mean\": 0.0001495114847784862}",
  "mode": "head_ablation",
  "model_class": "CNNHeadModel",
  "model_name": "eml_centered_ambiguity",
  "num_classes": 10,
  "num_params": 167233,
  "pairwise_margin": 0.0,
  "pairwise_weight": 0.0,
  "platform": "Linux-5.4.0-216-generic-x86_64-with-glibc2.31",
  "python_version": "3.10.20",
  "reason": "",
  "run_dir": "reports/merc_end_to_end_rerun/runs/20260425_035029_e2e_cifar10_eml_centered_ambiguity_ce_seed0",
  "run_id": "e2e_cifar10_eml_centered_ambiguity_ce_seed0",
  "seed": 0,
  "status": "COMPLETED",
  "steps": 300,
  "steps_run": 300,
  "task_name": "image_classification",
  "test_accuracy": 0.392578125,
  "test_ambiguity_mean": 1.1743149757385254,
  "test_brier": 0.7613021731376648,
  "test_class_resistance_mean": 0.20032237470149994,
  "test_ece": 0.04191318526864052,
  "test_hard_negative_drive_mean": 6.839316368103027,
  "test_hard_negative_logit_mean": 2.3417000770568848,
  "test_hard_negative_resistance_mean": 1.0328232049942017,
  "test_loss": 1.7942354679107666,
  "test_margin_mean": -0.622282862663269,
  "test_nll": 1.7942354679107666,
  "test_positive_drive_mean": 4.797643661499023,
  "test_positive_logit_mean": 1.7194172143936157,
  "test_positive_resistance_mean": 1.0998961925506592,
  "test_resistance_noise_corr": NaN,
  "test_resistance_occlusion_corr": NaN,
  "test_sample_uncertainty_mean": 0.00014453270705416799,
  "timestamp": "2026-04-25T03:50:42Z",
  "torch_version": "2.7.1+cu118",
  "torchvision_version": "0.22.1+cu118",
  "total_train_time_sec": 13.116811037063599,
  "trainable_params": 167233,
  "use_eml_residual_bank": false,
  "use_merc_block": false,
  "val_accuracy": 0.353515625,
  "val_ambiguity_mean": 1.1544870138168335,
  "val_brier": 0.769728422164917,
  "val_class_resistance_mean": 0.20032237470149994,
  "val_ece": 0.05058460682630539,
  "val_hard_negative_drive_mean": 6.794425010681152,
  "val_hard_negative_logit_mean": 2.3365228176116943,
  "val_hard_negative_resistance_mean": 1.0313817262649536,
  "val_loss": 1.81064772605896,
  "val_margin_mean": -0.6344093680381775,
  "val_nll": 1.81064772605896,
  "val_positive_drive_mean": 4.688021659851074,
  "val_positive_logit_mean": 1.702113389968872,
  "val_positive_resistance_mean": 1.0836504697799683,
  "val_resistance_noise_corr": NaN,
  "val_resistance_occlusion_corr": NaN,
  "val_sample_uncertainty_mean": 0.0001495114847784862
}