{
  "backbone_steps": 300,
  "batch_size": 64,
  "best_metric": 0.984375,
  "best_step": 225,
  "clean_accuracy": 0.9934895634651184,
  "clean_brier": 0.05874711647629738,
  "clean_confidence_mean": 0.80166095495224,
  "clean_ece": 0.1928795427083969,
  "clean_nll": 0.2378079891204834,
  "clean_positive_resistance_mean": -0.21975290775299072,
  "clean_resistance_noise_corr": 3.4311078422888386e-08,
  "clean_resistance_occlusion_corr": NaN,
  "clean_risk_at_100_coverage": 0.006510436534881592,
  "clean_risk_at_50_coverage": 0.0,
  "clean_risk_at_70_coverage": 0.0,
  "clean_risk_at_80_coverage": 0.0,
  "clean_risk_at_90_coverage": 0.0,
  "clean_score_name": "positive_resistance",
  "clean_selective_aurc": 6.510430102935061e-05,
  "clean_uncertainty_mean": -0.21975290775299072,
  "clean_vs_noisy_auroc": 0.5689684748649597,
  "clean_vs_occluded_auroc": 0.6001612544059753,
  "condition_metrics_path": "reports/pluggable_primitive_real_20260427/frozen_runs/20260427_041327_uncertainty_synthetic_shape_eml_centered_ambiguity_seed1/uncertainty_eval.pt",
  "cuda_available": true,
  "dataset_name": "synthetic_shape",
  "device": "cuda",
  "early_stop_min_evals": 2,
  "early_stop_patience": 4,
  "early_stop_triggered": true,
  "eval_interval": 25,
  "experiment_type": "frozen_features_uncertainty",
  "feature_dim": 64,
  "final_metric": 0.9934895634651184,
  "final_train_loss": 0.42655208706855774,
  "git_commit": "0c0b3db",
  "head_steps": 1200,
  "hostname": "user-NF5468M6",
  "metrics_json": "{\"best_metric\": 0.984375, \"best_step\": 225, \"clean_accuracy\": 0.9934895634651184, \"clean_brier\": 0.05874711647629738, \"clean_confidence_mean\": 0.80166095495224, \"clean_ece\": 0.1928795427083969, \"clean_nll\": 0.2378079891204834, \"clean_positive_resistance_mean\": -0.21975290775299072, \"clean_resistance_noise_corr\": 3.4311078422888386e-08, \"clean_resistance_occlusion_corr\": NaN, \"clean_risk_at_100_coverage\": 0.006510436534881592, \"clean_risk_at_50_coverage\": 0.0, \"clean_risk_at_70_coverage\": 0.0, \"clean_risk_at_80_coverage\": 0.0, \"clean_risk_at_90_coverage\": 0.0, \"clean_score_name\": \"positive_resistance\", \"clean_selective_aurc\": 6.510430102935061e-05, \"clean_uncertainty_mean\": -0.21975290775299072, \"clean_vs_noisy_auroc\": 0.5689684748649597, \"clean_vs_occluded_auroc\": 0.6001612544059753, \"condition_metrics_path\": \"reports/pluggable_primitive_real_20260427/frozen_runs/20260427_041327_uncertainty_synthetic_shape_eml_centered_ambiguity_seed1/uncertainty_eval.pt\", \"early_stop_patience\": 4, \"early_stop_triggered\": true, \"final_metric\": 0.9934895634651184, \"final_train_loss\": 0.42655208706855774, \"noisy_accuracy\": 0.9873046875, \"noisy_brier\": 0.06847931444644928, \"noisy_confidence_mean\": 0.7995811104774475, \"noisy_ece\": 0.18888209760189056, \"noisy_nll\": 0.25516533851623535, \"noisy_positive_resistance_mean\": -0.16371965408325195, \"noisy_resistance_noise_corr\": NaN, \"noisy_resistance_occlusion_corr\": NaN, \"noisy_risk_at_100_coverage\": 0.0126953125, \"noisy_risk_at_50_coverage\": 0.0, \"noisy_risk_at_70_coverage\": 0.0, \"noisy_risk_at_80_coverage\": 0.0, \"noisy_risk_at_90_coverage\": 0.0, \"noisy_score_name\": \"positive_resistance\", \"noisy_selective_aurc\": 0.00014687288785353303, \"noisy_uncertainty_mean\": -0.16371965408325195, \"occluded_accuracy\": 0.904296875, \"occluded_brier\": 0.16289658844470978, \"occluded_confidence_mean\": 0.7702471017837524, \"occluded_ece\": 0.1683805286884308, \"occluded_nll\": 0.42473503947257996, \"occluded_positive_resistance_mean\": -0.050833407789468765, \"occluded_resistance_noise_corr\": -7.893908637868208e-09, \"occluded_resistance_occlusion_corr\": 0.6112717986106873, \"occluded_risk_at_100_coverage\": 0.095703125, \"occluded_risk_at_50_coverage\": 0.0, \"occluded_risk_at_70_coverage\": 0.0, \"occluded_risk_at_80_coverage\": 0.0, \"occluded_risk_at_90_coverage\": 0.01843816041946411, \"occluded_score_name\": \"positive_resistance\", \"occluded_selective_aurc\": 0.006214782129973173, \"occluded_uncertainty_mean\": -0.050833407789468765, \"pooled_resistance_noise_corr\": -0.056456055492162704, \"pooled_resistance_occlusion_corr\": 0.5073274970054626, \"steps_run\": 325, \"total_train_time_sec\": 29.019636154174805}",
  "mode": "uncertainty_benchmark",
  "model_class": "EMLPrototypeHeadCenteredAmbiguity",
  "model_name": "eml_centered_ambiguity",
  "noisy_accuracy": 0.9873046875,
  "noisy_brier": 0.06847931444644928,
  "noisy_confidence_mean": 0.7995811104774475,
  "noisy_ece": 0.18888209760189056,
  "noisy_nll": 0.25516533851623535,
  "noisy_positive_resistance_mean": -0.16371965408325195,
  "noisy_resistance_noise_corr": NaN,
  "noisy_resistance_occlusion_corr": NaN,
  "noisy_risk_at_100_coverage": 0.0126953125,
  "noisy_risk_at_50_coverage": 0.0,
  "noisy_risk_at_70_coverage": 0.0,
  "noisy_risk_at_80_coverage": 0.0,
  "noisy_risk_at_90_coverage": 0.0,
  "noisy_score_name": "positive_resistance",
  "noisy_selective_aurc": 0.00014687288785353303,
  "noisy_uncertainty_mean": -0.16371965408325195,
  "num_classes": 5,
  "num_params": 18002,
  "num_workers": 0,
  "occluded_accuracy": 0.904296875,
  "occluded_brier": 0.16289658844470978,
  "occluded_confidence_mean": 0.7702471017837524,
  "occluded_ece": 0.1683805286884308,
  "occluded_nll": 0.42473503947257996,
  "occluded_positive_resistance_mean": -0.050833407789468765,
  "occluded_resistance_noise_corr": -7.893908637868208e-09,
  "occluded_resistance_occlusion_corr": 0.6112717986106873,
  "occluded_risk_at_100_coverage": 0.095703125,
  "occluded_risk_at_50_coverage": 0.0,
  "occluded_risk_at_70_coverage": 0.0,
  "occluded_risk_at_80_coverage": 0.0,
  "occluded_risk_at_90_coverage": 0.01843816041946411,
  "occluded_score_name": "positive_resistance",
  "occluded_selective_aurc": 0.006214782129973173,
  "occluded_uncertainty_mean": -0.050833407789468765,
  "platform": "Linux-5.4.0-216-generic-x86_64-with-glibc2.31",
  "pooled_resistance_noise_corr": -0.056456055492162704,
  "pooled_resistance_occlusion_corr": 0.5073274970054626,
  "python_version": "3.10.20",
  "reason": "",
  "run_dir": "reports/pluggable_primitive_real_20260427/frozen_runs/20260427_041327_uncertainty_synthetic_shape_eml_centered_ambiguity_seed1",
  "run_id": "uncertainty_synthetic_shape_eml_centered_ambiguity_seed1",
  "seed": 1,
  "selected_heads": [
    "linear",
    "mlp",
    "cosine_prototype",
    "eml_no_ambiguity",
    "eml_centered_ambiguity",
    "eml_supervised_resistance",
    "merc_linear",
    "merc_energy"
  ],
  "status": "COMPLETED",
  "steps_run": 325,
  "task_name": "image_uncertainty_selective_classification",
  "test_size": 1024,
  "timestamp": "2026-04-27T04:13:56Z",
  "torch_version": "2.7.1+cu118",
  "torchvision_version": "0.22.1+cu118",
  "total_train_time_sec": 29.019636154174805,
  "train_size": 4096,
  "trainable_params": 18002
}