{
  "best_metric": 0.994140625,
  "best_step": 425,
  "clean_accuracy": 0.994140625,
  "clean_aurc": 5.859369412064552e-05,
  "clean_ece": 0.12397459894418716,
  "clean_resistance_noise_corr": 5.0865523348875286e-08,
  "clean_resistance_occlusion_corr": NaN,
  "clean_vs_noisy_auroc": 0.5381383895874023,
  "clean_vs_occluded_auroc": 0.5904960632324219,
  "cuda_available": true,
  "dataset_name": "synthetic_shape_uncertainty",
  "device": "cuda",
  "early_stop_triggered": true,
  "final_metric": 0.994140625,
  "git_commit": "0c0b3db",
  "hostname": "user-NF5468M6",
  "metrics_json": "{\"best_metric\": 0.994140625, \"best_step\": 425, \"clean_accuracy\": 0.994140625, \"clean_aurc\": 5.859369412064552e-05, \"clean_ece\": 0.12397459894418716, \"clean_resistance_noise_corr\": 5.0865523348875286e-08, \"clean_resistance_occlusion_corr\": NaN, \"clean_vs_noisy_auroc\": 0.5381383895874023, \"clean_vs_occluded_auroc\": 0.5904960632324219, \"early_stop_triggered\": true, \"final_metric\": 0.994140625, \"noisy_accuracy\": 0.98828125, \"noisy_aurc\": 0.00013710727216675878, \"noisy_ece\": 0.11968380957841873, \"noisy_resistance_noise_corr\": NaN, \"noisy_resistance_occlusion_corr\": NaN, \"occluded_accuracy\": 0.8857421875, \"occluded_aurc\": 0.007581288926303387, \"occluded_ece\": 0.1032034382224083, \"occluded_resistance_noise_corr\": -3.1570233094413425e-09, \"occluded_resistance_occlusion_corr\": 0.5103337168693542, \"steps_run\": 525, \"total_train_time_sec\": 58.93662738800049}",
  "mode": "medium",
  "model_name": "cnn_eml_centered_ambiguity",
  "noisy_accuracy": 0.98828125,
  "noisy_aurc": 0.00013710727216675878,
  "noisy_ece": 0.11968380957841873,
  "noisy_resistance_noise_corr": NaN,
  "noisy_resistance_occlusion_corr": NaN,
  "occluded_accuracy": 0.8857421875,
  "occluded_aurc": 0.007581288926303387,
  "occluded_ece": 0.1032034382224083,
  "occluded_resistance_noise_corr": -3.1570233094413425e-09,
  "occluded_resistance_occlusion_corr": 0.5103337168693542,
  "platform": "Linux-5.4.0-216-generic-x86_64-with-glibc2.31",
  "python_version": "3.10.20",
  "reason": "",
  "run_dir": "reports/pluggable_primitive_real_20260427/end_to_end_runs/20260427_045751_uncertainty_e2e_synthetic_shape_uncertainty_cnn_eml_centered_ambiguity_seed1",
  "run_id": "uncertainty_e2e_synthetic_shape_uncertainty_cnn_eml_centered_ambiguity_seed1",
  "seed": 1,
  "status": "COMPLETED",
  "steps_run": 525,
  "task_name": "end_to_end_uncertainty",
  "timestamp": "2026-04-27T04:58:50Z",
  "torch_version": "2.7.1+cu118",
  "torchvision_version": "0.22.1+cu118",
  "total_train_time_sec": 58.93662738800049
}