{
  "ambiguity_weight": NaN,
  "attractor_entropy_weight": NaN,
  "batch_size": 4,
  "best_metric": 0.5,
  "completed_steps": 2,
  "cuda_available": false,
  "dataset_name": "SyntheticShapeEnergyDataset",
  "device": "cpu",
  "early_stop": false,
  "early_stop_step": "",
  "early_stop_triggered": false,
  "examples_per_sec": 507.61598741339145,
  "final_diagnostics": {
    "ambiguity_mean": 0.21048572659492493,
    "ambiguity_std": 0.44937992095947266,
    "ambiguity_weight_mean": 1.0,
    "ambiguity_weight_std": 0.0,
    "drive_mean": 0.0015370064647868276,
    "drive_std": 0.27782151103019714,
    "energy_mean": -0.8652982711791992,
    "energy_std": 0.3434239327907562,
    "gate_activation_rate": 0.26892125606536865,
    "gate_mean": 0.26892125606536865,
    "gate_std": 0.0001858940377132967,
    "resistance_mean": 0.1487397700548172,
    "resistance_std": 0.4116101861000061,
    "sample_uncertainty_mean": 0.692043662071228,
    "sample_uncertainty_std": 0.00016421829059254378
  },
  "final_metric": 0.5,
  "final_train_accuracy": 0.5,
  "final_train_loss": 1.5467561483383179,
  "git_commit": "9ce7b7d",
  "grad_norm": 2.9244494438171387,
  "hostname": "Mac-mini.local",
  "learning_rate": 0.001,
  "metrics_json": "{\"ambiguity_weight\": NaN, \"attractor_entropy_weight\": NaN, \"best_metric\": 0.5, \"completed_steps\": 2, \"early_stop_step\": \"\", \"early_stop_triggered\": false, \"examples_per_sec\": 507.61598741339145, \"final_diagnostics\": {\"ambiguity_mean\": 0.21048572659492493, \"ambiguity_std\": 0.44937992095947266, \"ambiguity_weight_mean\": 1.0, \"ambiguity_weight_std\": 0.0, \"drive_mean\": 0.0015370064647868276, \"drive_std\": 0.27782151103019714, \"energy_mean\": -0.8652982711791992, \"energy_std\": 0.3434239327907562, \"gate_activation_rate\": 0.26892125606536865, \"gate_mean\": 0.26892125606536865, \"gate_std\": 0.0001858940377132967, \"resistance_mean\": 0.1487397700548172, \"resistance_std\": 0.4116101861000061, \"sample_uncertainty_mean\": 0.692043662071228, \"sample_uncertainty_std\": 0.00016421829059254378}, \"final_metric\": 0.5, \"final_train_accuracy\": 0.5, \"final_train_loss\": 1.5467561483383179, \"grad_norm\": 2.9244494438171387, \"learning_rate\": 0.001, \"null_threshold\": NaN, \"peak_memory_mb\": 0.0, \"precision_update_threshold\": NaN, \"resistance_noise_corr\": -0.9109689593315125, \"resistance_occlusion_corr\": NaN, \"responsibility_temperature\": NaN, \"step\": 2, \"step_time_sec\": 0.007879972457885742, \"top1_accuracy\": 0.5, \"top5_accuracy\": 1.0, \"total_train_time_sec\": 0.052607059478759766, \"train_accuracy\": 0.5, \"train_loss\": 1.5467561483383179, \"wall_clock_time_sec\": 0.05198192596435547, \"warmup_eta\": 1.0}",
  "min_delta": 0.0001,
  "mode": "smoke",
  "model_name": "cnn_eml",
  "null_threshold": NaN,
  "num_params": 162644,
  "num_workers": 0,
  "patience": 20,
  "peak_memory_mb": 0.0,
  "platform": "macOS-15.1-arm64-arm-64bit",
  "precision_update_threshold": NaN,
  "python_version": "3.12.7",
  "reason": "",
  "resistance_noise_corr": -0.9109689593315125,
  "resistance_occlusion_corr": NaN,
  "responsibility_temperature": NaN,
  "run_dir": "reports/runs/20260505_123106_kan_compare_image_cnn_eml",
  "run_id": "kan_compare_image_cnn_eml",
  "seed": 0,
  "status": "COMPLETED",
  "step": 2,
  "step_time_sec": 0.007879972457885742,
  "steps": 2,
  "task_name": "image_synthetic",
  "timestamp": "2026-05-05T12:31:06Z",
  "top1_accuracy": 0.5,
  "top5_accuracy": 1.0,
  "torch_version": "2.10.0",
  "torchvision_version": "0.25.0",
  "total_train_time_sec": 0.052607059478759766,
  "train_accuracy": 0.5,
  "train_loss": 1.5467561483383179,
  "trainable_params": 162644,
  "wall_clock_time_sec": 0.05198192596435547,
  "warmup_enabled": true,
  "warmup_eta": 1.0
}