{
  "batch_size": 8,
  "best_metric": 0.05128205195069313,
  "bits_per_char": 6.348838618607478,
  "char_accuracy": 0.05128205195069313,
  "completed_steps": 4,
  "corruption_resistance_corr": -0.006243417970836163,
  "cuda_available": false,
  "dataset_name": "SyntheticTextEnergyDataset",
  "device": "cpu",
  "early_stop": false,
  "early_stop_step": "",
  "early_stop_triggered": false,
  "final_diagnostics": {
    "attractor_activation_mean": 0.7580594420433044,
    "attractor_activation_std": 0.07704510539770126,
    "attractor_diversity": 0.04485270380973816,
    "drive_mean": -0.003600694704800844,
    "drive_std": 0.3250875771045685,
    "energy_mean": -0.08681236207485199,
    "energy_std": 0.10101493448019028,
    "null_weight_mean": 0.4719710946083069,
    "null_weight_std": 0.4009075164794922,
    "resistance_mean": 1.6003907918930054,
    "resistance_std": 0.22194181382656097,
    "update_gate_mean": 0.05644186586141586,
    "update_gate_std": 0.042976174503564835,
    "update_strength_mean": 0.5235036015510559,
    "update_strength_std": 0.4000546932220459
  },
  "final_metric": 0.05128205195069313,
  "final_train_accuracy": 0.05128205195069313,
  "final_train_loss": 4.400679588317871,
  "git_commit": "19568db",
  "grad_norm": 1.378870964050293,
  "hostname": "BMW-Pro.local",
  "learning_rate": 0.001,
  "metrics_json": "{\"best_metric\": 0.05128205195069313, \"bits_per_char\": 6.348838618607478, \"char_accuracy\": 0.05128205195069313, \"completed_steps\": 4, \"corruption_resistance_corr\": -0.006243417970836163, \"early_stop_step\": \"\", \"early_stop_triggered\": false, \"final_diagnostics\": {\"attractor_activation_mean\": 0.7580594420433044, \"attractor_activation_std\": 0.07704510539770126, \"attractor_diversity\": 0.04485270380973816, \"drive_mean\": -0.003600694704800844, \"drive_std\": 0.3250875771045685, \"energy_mean\": -0.08681236207485199, \"energy_std\": 0.10101493448019028, \"null_weight_mean\": 0.4719710946083069, \"null_weight_std\": 0.4009075164794922, \"resistance_mean\": 1.6003907918930054, \"resistance_std\": 0.22194181382656097, \"update_gate_mean\": 0.05644186586141586, \"update_gate_std\": 0.042976174503564835, \"update_strength_mean\": 0.5235036015510559, \"update_strength_std\": 0.4000546932220459}, \"final_metric\": 0.05128205195069313, \"final_train_accuracy\": 0.05128205195069313, \"final_train_loss\": 4.400679588317871, \"grad_norm\": 1.378870964050293, \"learning_rate\": 0.001, \"next_token_loss\": 4.400679588317871, \"peak_memory_mb\": 0.0, \"perplexity\": 81.50624053670079, \"step\": 4, \"step_time_sec\": 0.008669137954711914, \"token_accuracy\": 0.05128205195069313, \"tokens_per_sec\": 26992.303181980693, \"total_train_time_sec\": 0.04846620559692383, \"train_loss\": 4.400679588317871, \"wall_clock_time_sec\": 0.04776906967163086}",
  "min_delta": 0.0001,
  "mode": "ablation",
  "model_name": "EfficientEMLTextEncoder_window8",
  "next_token_loss": 4.400679588317871,
  "num_params": 92950,
  "num_workers": 0,
  "patience": 20,
  "peak_memory_mb": 0.0,
  "perplexity": 81.50624053670079,
  "platform": "macOS-26.0-arm64-arm-64bit",
  "python_version": "3.12.12",
  "reason": "",
  "run_dir": "reports/runs/stabilization_ablation_cpu/20260424_074900_ablation_text_window8_baseline",
  "run_id": "ablation_text_window8_baseline",
  "seed": 40,
  "seq_len": 48,
  "status": "COMPLETED",
  "step": 4,
  "step_time_sec": 0.008669137954711914,
  "steps": 4,
  "task_name": "text_synthetic",
  "timestamp": "2026-04-24T07:49:01Z",
  "token_accuracy": 0.05128205195069313,
  "tokens_per_sec": 26992.303181980693,
  "torch_version": "2.10.0",
  "torchvision_version": "unavailable",
  "total_train_time_sec": 0.04846620559692383,
  "train_loss": 4.400679588317871,
  "trainable_params": 92950,
  "wall_clock_time_sec": 0.04776906967163086
}