{
  "batch_size": 64,
  "best_metric": 0.40625,
  "best_step": 198,
  "best_val_accuracy": 0.40625,
  "cuda_available": true,
  "dataset_name": "cifar10",
  "device": "cuda",
  "experiment_type": "end_to_end",
  "feature_dim": 64,
  "final_metric": 0.36328125,
  "final_train_accuracy": 0.4375,
  "final_train_loss": 1.4478588104248047,
  "git_commit": "unknown",
  "head_name": "eml_no_ambiguity",
  "hostname": "user-NF5468M6",
  "loss_mode": "ce_pairwise",
  "lr": 0.001,
  "metrics_json": "{\"best_metric\": 0.40625, \"best_step\": 198, \"best_val_accuracy\": 0.40625, \"final_metric\": 0.36328125, \"final_train_accuracy\": 0.4375, \"final_train_loss\": 1.4478588104248047, \"test_accuracy\": 0.36328125, \"test_ambiguity_mean\": 0.0, \"test_brier\": 0.7343329191207886, \"test_class_resistance_mean\": 0.20074446499347687, \"test_ece\": 0.03615271672606468, \"test_hard_negative_drive_mean\": 6.445004463195801, \"test_hard_negative_logit_mean\": 2.0669548511505127, \"test_hard_negative_resistance_mean\": 0.9550622701644897, \"test_loss\": 1.6514285802841187, \"test_margin_mean\": -0.4384091794490814, \"test_nll\": 1.6514285802841187, \"test_positive_drive_mean\": 5.066549777984619, \"test_positive_logit_mean\": 1.6285457611083984, \"test_positive_resistance_mean\": 0.9557436108589172, \"test_resistance_noise_corr\": NaN, \"test_resistance_occlusion_corr\": NaN, \"test_sample_uncertainty_mean\": 0.7549177408218384, \"total_train_time_sec\": 5.90532112121582, \"val_accuracy\": 0.37109375, \"val_ambiguity_mean\": 0.0, \"val_brier\": 0.7549455761909485, \"val_class_resistance_mean\": 0.20074446499347687, \"val_ece\": 0.049252450466156006, \"val_hard_negative_drive_mean\": 6.3586530685424805, \"val_hard_negative_logit_mean\": 2.055233955383301, \"val_hard_negative_resistance_mean\": 0.9471825957298279, \"val_loss\": 1.72296142578125, \"val_margin_mean\": -0.5058238506317139, \"val_nll\": 1.72296142578125, \"val_positive_drive_mean\": 4.725314617156982, \"val_positive_logit_mean\": 1.549410104751587, \"val_positive_resistance_mean\": 0.9476983547210693, \"val_resistance_noise_corr\": NaN, \"val_resistance_occlusion_corr\": NaN, \"val_sample_uncertainty_mean\": 0.7469390034675598}",
  "mode": "head_ablation",
  "model_class": "CNNHeadModel",
  "model_name": "eml_no_ambiguity",
  "num_classes": 10,
  "num_params": 167233,
  "pairwise_margin": 0.0,
  "pairwise_weight": 0.05,
  "platform": "Linux-5.4.0-216-generic-x86_64-with-glibc2.31",
  "python_version": "3.10.20",
  "reason": "",
  "run_dir": "reports/head_ablation/runs/20260424_082751_e2e_cifar10_eml_no_ambiguity_ce_pairwise_seed0",
  "run_id": "e2e_cifar10_eml_no_ambiguity_ce_pairwise_seed0",
  "seed": 0,
  "status": "COMPLETED",
  "steps": 200,
  "task_name": "image_classification",
  "test_accuracy": 0.36328125,
  "test_ambiguity_mean": 0.0,
  "test_brier": 0.7343329191207886,
  "test_class_resistance_mean": 0.20074446499347687,
  "test_ece": 0.03615271672606468,
  "test_hard_negative_drive_mean": 6.445004463195801,
  "test_hard_negative_logit_mean": 2.0669548511505127,
  "test_hard_negative_resistance_mean": 0.9550622701644897,
  "test_loss": 1.6514285802841187,
  "test_margin_mean": -0.4384091794490814,
  "test_nll": 1.6514285802841187,
  "test_positive_drive_mean": 5.066549777984619,
  "test_positive_logit_mean": 1.6285457611083984,
  "test_positive_resistance_mean": 0.9557436108589172,
  "test_resistance_noise_corr": NaN,
  "test_resistance_occlusion_corr": NaN,
  "test_sample_uncertainty_mean": 0.7549177408218384,
  "timestamp": "2026-04-24T08:27:57Z",
  "torch_version": "2.7.1+cu118",
  "torchvision_version": "0.22.1+cu118",
  "total_train_time_sec": 5.90532112121582,
  "trainable_params": 167233,
  "use_eml_residual_bank": false,
  "val_accuracy": 0.37109375,
  "val_ambiguity_mean": 0.0,
  "val_brier": 0.7549455761909485,
  "val_class_resistance_mean": 0.20074446499347687,
  "val_ece": 0.049252450466156006,
  "val_hard_negative_drive_mean": 6.3586530685424805,
  "val_hard_negative_logit_mean": 2.055233955383301,
  "val_hard_negative_resistance_mean": 0.9471825957298279,
  "val_loss": 1.72296142578125,
  "val_margin_mean": -0.5058238506317139,
  "val_nll": 1.72296142578125,
  "val_positive_drive_mean": 4.725314617156982,
  "val_positive_logit_mean": 1.549410104751587,
  "val_positive_resistance_mean": 0.9476983547210693,
  "val_resistance_noise_corr": NaN,
  "val_resistance_occlusion_corr": NaN,
  "val_sample_uncertainty_mean": 0.7469390034675598
}