{
  "ambiguity_weight": 1.0,
  "attractor_entropy_weight": 0.0,
  "batch_size": 8,
  "best_metric": 0.375,
  "completed_steps": 4,
  "cuda_available": false,
  "dataset_name": "SyntheticShapeEnergyDataset",
  "device": "cpu",
  "early_stop": false,
  "early_stop_step": "",
  "early_stop_triggered": false,
  "examples_per_sec": 315.03550840296685,
  "final_diagnostics": {
    "ambiguity_mean": 0.7657681703567505,
    "ambiguity_std": 0.73077791929245,
    "ambiguity_weight_mean": 1.0,
    "ambiguity_weight_std": 0.0,
    "attractor_activation_mean": 0.9318166971206665,
    "attractor_activation_std": 7.569692388642579e-05,
    "attractor_diversity": 0.022351926192641258,
    "drive_mean": 0.0065723867155611515,
    "drive_std": 0.058569177985191345,
    "energy_mean": -0.23690958321094513,
    "energy_std": 0.02903737872838974,
    "null_weight_mean": 0.16697418689727783,
    "null_weight_std": 0.04627809673547745,
    "prototype_diversity_penalty_mean": 0.05297434329986572,
    "prototype_diversity_penalty_std": 0.0,
    "resistance_mean": 1.3651174306869507,
    "resistance_std": 0.12222880870103836,
    "sample_uncertainty_mean": 0.6930425763130188,
    "sample_uncertainty_std": 0.0,
    "update_gate_mean": 0.09051233530044556,
    "update_gate_std": 0.004797548986971378,
    "update_strength_mean": 0.8470733761787415,
    "update_strength_std": 0.0401194766163826
  },
  "final_metric": 0.25,
  "final_train_accuracy": 0.25,
  "final_train_loss": 1.6241706609725952,
  "git_commit": "9ce7b7d",
  "grad_norm": 2.9840762615203857,
  "hostname": "Mac-mini.local",
  "learning_rate": 0.001,
  "metrics_json": "{\"ambiguity_weight\": 1.0, \"attractor_entropy_weight\": 0.0, \"best_metric\": 0.375, \"completed_steps\": 4, \"early_stop_step\": \"\", \"early_stop_triggered\": false, \"examples_per_sec\": 315.03550840296685, \"final_diagnostics\": {\"ambiguity_mean\": 0.7657681703567505, \"ambiguity_std\": 0.73077791929245, \"ambiguity_weight_mean\": 1.0, \"ambiguity_weight_std\": 0.0, \"attractor_activation_mean\": 0.9318166971206665, \"attractor_activation_std\": 7.569692388642579e-05, \"attractor_diversity\": 0.022351926192641258, \"drive_mean\": 0.0065723867155611515, \"drive_std\": 0.058569177985191345, \"energy_mean\": -0.23690958321094513, \"energy_std\": 0.02903737872838974, \"null_weight_mean\": 0.16697418689727783, \"null_weight_std\": 0.04627809673547745, \"prototype_diversity_penalty_mean\": 0.05297434329986572, \"prototype_diversity_penalty_std\": 0.0, \"resistance_mean\": 1.3651174306869507, \"resistance_std\": 0.12222880870103836, \"sample_uncertainty_mean\": 0.6930425763130188, \"sample_uncertainty_std\": 0.0, \"update_gate_mean\": 0.09051233530044556, \"update_gate_std\": 0.004797548986971378, \"update_strength_mean\": 0.8470733761787415, \"update_strength_std\": 0.0401194766163826}, \"final_metric\": 0.25, \"final_train_accuracy\": 0.25, \"final_train_loss\": 1.6241706609725952, \"grad_norm\": 2.9840762615203857, \"learning_rate\": 0.001, \"null_threshold\": 0.0, \"peak_memory_mb\": 0.0, \"precision_update_threshold\": 0.0, \"resistance_noise_corr\": 0.15982764959335327, \"resistance_occlusion_corr\": 0.005984415300190449, \"responsibility_temperature\": 0.8, \"step\": 4, \"step_time_sec\": 0.025393962860107422, \"top1_accuracy\": 0.25, \"top5_accuracy\": 1.0, \"total_train_time_sec\": 0.11949872970581055, \"train_accuracy\": 0.25, \"train_loss\": 1.6241706609725952, \"wall_clock_time_sec\": 0.11825776100158691, \"warmup_eta\": 1.0}",
  "min_delta": 0.0001,
  "mode": "smoke",
  "model_name": "EfficientEMLImageClassifier_bypass_staged",
  "null_threshold": 0.0,
  "num_params": 115573,
  "num_workers": 0,
  "patience": 20,
  "peak_memory_mb": 0.0,
  "platform": "macOS-15.1-arm64-arm-64bit",
  "precision_update_threshold": 0.0,
  "python_version": "3.12.7",
  "reason": "",
  "resistance_noise_corr": 0.15982764959335327,
  "resistance_occlusion_corr": 0.005984415300190449,
  "responsibility_temperature": 0.8,
  "run_dir": "reports/image_representation_ablation/runs/20260505_123522_efficient_combo_bypass_staged_seed0",
  "run_id": "efficient_combo_bypass_staged_seed0",
  "seed": 0,
  "status": "COMPLETED",
  "step": 4,
  "step_time_sec": 0.025393962860107422,
  "steps": 4,
  "task_name": "image_synthetic",
  "timestamp": "2026-05-05T12:35:23Z",
  "top1_accuracy": 0.25,
  "top5_accuracy": 1.0,
  "torch_version": "2.10.0",
  "torchvision_version": "0.25.0",
  "total_train_time_sec": 0.11949872970581055,
  "train_accuracy": 0.25,
  "train_loss": 1.6241706609725952,
  "trainable_params": 115573,
  "wall_clock_time_sec": 0.11825776100158691,
  "warmup_enabled": true,
  "warmup_eta": 1.0
}