{
  "best_metric": 0.9833984375,
  "best_step": 300,
  "clean_accuracy": 0.9833984375,
  "clean_aurc": 0.0014312660787254572,
  "clean_ece": 0.036448411643505096,
  "clean_resistance_noise_corr": 4.892824367885851e-09,
  "clean_resistance_occlusion_corr": NaN,
  "clean_vs_noisy_auroc": 0.502070426940918,
  "clean_vs_occluded_auroc": 0.5987339019775391,
  "cuda_available": true,
  "dataset_name": "synthetic_shape_uncertainty",
  "device": "cuda",
  "early_stop_triggered": false,
  "final_metric": 0.9833984375,
  "git_commit": "0c0b3db",
  "hostname": "user-NF5468M6",
  "metrics_json": "{\"best_metric\": 0.9833984375, \"best_step\": 300, \"clean_accuracy\": 0.9833984375, \"clean_aurc\": 0.0014312660787254572, \"clean_ece\": 0.036448411643505096, \"clean_resistance_noise_corr\": 4.892824367885851e-09, \"clean_resistance_occlusion_corr\": NaN, \"clean_vs_noisy_auroc\": 0.502070426940918, \"clean_vs_occluded_auroc\": 0.5987339019775391, \"early_stop_triggered\": false, \"final_metric\": 0.9833984375, \"noisy_accuracy\": 0.9677734375, \"noisy_aurc\": 0.0039621698670089245, \"noisy_ece\": 0.03678476810455322, \"noisy_resistance_noise_corr\": NaN, \"noisy_resistance_occlusion_corr\": NaN, \"occluded_accuracy\": 0.8564453125, \"occluded_aurc\": 0.024609016254544258, \"occluded_ece\": 0.04282743111252785, \"occluded_resistance_noise_corr\": 4.240557416324009e-08, \"occluded_resistance_occlusion_corr\": 0.74148029088974, \"steps_run\": 300, \"total_train_time_sec\": 28.550416946411133}",
  "mode": "medium",
  "model_name": "cnn_mlp",
  "noisy_accuracy": 0.9677734375,
  "noisy_aurc": 0.0039621698670089245,
  "noisy_ece": 0.03678476810455322,
  "noisy_resistance_noise_corr": NaN,
  "noisy_resistance_occlusion_corr": NaN,
  "occluded_accuracy": 0.8564453125,
  "occluded_aurc": 0.024609016254544258,
  "occluded_ece": 0.04282743111252785,
  "occluded_resistance_noise_corr": 4.240557416324009e-08,
  "occluded_resistance_occlusion_corr": 0.74148029088974,
  "platform": "Linux-5.4.0-216-generic-x86_64-with-glibc2.31",
  "python_version": "3.10.20",
  "reason": "",
  "run_dir": "reports/pluggable_primitive_real_20260427/end_to_end_runs/20260427_042412_uncertainty_e2e_synthetic_shape_uncertainty_cnn_mlp_seed1",
  "run_id": "uncertainty_e2e_synthetic_shape_uncertainty_cnn_mlp_seed1",
  "seed": 1,
  "status": "COMPLETED",
  "steps_run": 300,
  "task_name": "end_to_end_uncertainty",
  "timestamp": "2026-04-27T04:24:41Z",
  "torch_version": "2.7.1+cu118",
  "torchvision_version": "0.22.1+cu118",
  "total_train_time_sec": 28.550416946411133
}