{
  "best_metric": 0.9921875,
  "best_step": 400,
  "clean_accuracy": 0.9921875,
  "clean_aurc": 0.009164886549115181,
  "clean_ece": 0.05548344552516937,
  "clean_resistance_noise_corr": -2.088878758854662e-08,
  "clean_resistance_occlusion_corr": NaN,
  "clean_vs_noisy_auroc": 0.9984073638916016,
  "clean_vs_occluded_auroc": 0.6410837173461914,
  "cuda_available": true,
  "dataset_name": "synthetic_shape_uncertainty",
  "device": "cuda",
  "early_stop_triggered": true,
  "final_metric": 0.9921875,
  "git_commit": "0c0b3db",
  "hostname": "user-NF5468M6",
  "metrics_json": "{\"best_metric\": 0.9921875, \"best_step\": 400, \"clean_accuracy\": 0.9921875, \"clean_aurc\": 0.009164886549115181, \"clean_ece\": 0.05548344552516937, \"clean_resistance_noise_corr\": -2.088878758854662e-08, \"clean_resistance_occlusion_corr\": NaN, \"clean_vs_noisy_auroc\": 0.9984073638916016, \"clean_vs_occluded_auroc\": 0.6410837173461914, \"early_stop_triggered\": true, \"final_metric\": 0.9921875, \"noisy_accuracy\": 0.9775390625, \"noisy_aurc\": 0.004143626429140568, \"noisy_ece\": 0.05882905796170235, \"noisy_resistance_noise_corr\": NaN, \"noisy_resistance_occlusion_corr\": NaN, \"occluded_accuracy\": 0.8955078125, \"occluded_aurc\": 0.05325429141521454, \"occluded_ece\": 0.05373844504356384, \"occluded_resistance_noise_corr\": 1.4721901209213684e-07, \"occluded_resistance_occlusion_corr\": 0.6190576553344727, \"steps_run\": 500, \"total_train_time_sec\": 52.072582960128784}",
  "mode": "medium",
  "model_name": "cnn_cosine_eml_aux_resistance",
  "noisy_accuracy": 0.9775390625,
  "noisy_aurc": 0.004143626429140568,
  "noisy_ece": 0.05882905796170235,
  "noisy_resistance_noise_corr": NaN,
  "noisy_resistance_occlusion_corr": NaN,
  "occluded_accuracy": 0.8955078125,
  "occluded_aurc": 0.05325429141521454,
  "occluded_ece": 0.05373844504356384,
  "occluded_resistance_noise_corr": 1.4721901209213684e-07,
  "occluded_resistance_occlusion_corr": 0.6190576553344727,
  "platform": "Linux-5.4.0-216-generic-x86_64-with-glibc2.31",
  "python_version": "3.10.20",
  "reason": "",
  "run_dir": "reports/pluggable_primitive_real_20260427/end_to_end_runs/20260427_050005_uncertainty_e2e_synthetic_shape_uncertainty_cnn_cosine_eml_aux_resistance_seed1",
  "run_id": "uncertainty_e2e_synthetic_shape_uncertainty_cnn_cosine_eml_aux_resistance_seed1",
  "seed": 1,
  "status": "COMPLETED",
  "steps_run": 500,
  "task_name": "end_to_end_uncertainty",
  "timestamp": "2026-04-27T05:00:57Z",
  "torch_version": "2.7.1+cu118",
  "torchvision_version": "0.22.1+cu118",
  "total_train_time_sec": 52.072582960128784
}