{
  "batch_size": 64,
  "best_metric": 0.5,
  "best_step": 150,
  "clean_accuracy": 0.5104166865348816,
  "clean_brier": 0.6533161401748657,
  "clean_confidence_mean": 0.37439343333244324,
  "clean_ece": 0.13738732039928436,
  "clean_nll": 1.4319628477096558,
  "clean_risk_at_100_coverage": 0.4895833134651184,
  "clean_risk_at_50_coverage": 0.3255208134651184,
  "clean_risk_at_70_coverage": 0.3977695107460022,
  "clean_risk_at_80_coverage": 0.42276424169540405,
  "clean_risk_at_90_coverage": 0.4624277353286743,
  "clean_score_name": "one_minus_confidence",
  "clean_selective_aurc": 0.3062107563018799,
  "clean_uncertainty_mean": 0.6256065964698792,
  "clean_vs_noisy_auroc": 0.5650444030761719,
  "clean_vs_occluded_auroc": 0.5048344731330872,
  "condition_metrics_path": "reports/uncertainty_remote_20260424_175558/runs/20260424_095728_uncertainty_cifar10_cosine_prototype_seed2/uncertainty_eval.pt",
  "cuda_available": true,
  "dataset_name": "cifar10",
  "device": "cuda",
  "early_stop_patience": 4,
  "early_stop_triggered": true,
  "experiment_type": "frozen_features_uncertainty",
  "feature_dim": 64,
  "final_metric": 0.5104166865348816,
  "final_train_loss": 1.555740475654602,
  "git_commit": "unknown",
  "hostname": "user-NF5468M6",
  "metrics_json": "{\"best_metric\": 0.5, \"best_step\": 150, \"clean_accuracy\": 0.5104166865348816, \"clean_brier\": 0.6533161401748657, \"clean_confidence_mean\": 0.37439343333244324, \"clean_ece\": 0.13738732039928436, \"clean_nll\": 1.4319628477096558, \"clean_risk_at_100_coverage\": 0.4895833134651184, \"clean_risk_at_50_coverage\": 0.3255208134651184, \"clean_risk_at_70_coverage\": 0.3977695107460022, \"clean_risk_at_80_coverage\": 0.42276424169540405, \"clean_risk_at_90_coverage\": 0.4624277353286743, \"clean_score_name\": \"one_minus_confidence\", \"clean_selective_aurc\": 0.3062107563018799, \"clean_uncertainty_mean\": 0.6256065964698792, \"clean_vs_noisy_auroc\": 0.5650444030761719, \"clean_vs_occluded_auroc\": 0.5048344731330872, \"condition_metrics_path\": \"reports/uncertainty_remote_20260424_175558/runs/20260424_095728_uncertainty_cifar10_cosine_prototype_seed2/uncertainty_eval.pt\", \"early_stop_patience\": 4, \"early_stop_triggered\": true, \"final_metric\": 0.5104166865348816, \"final_train_loss\": 1.555740475654602, \"noisy_accuracy\": 0.3994140625, \"noisy_brier\": 0.731121838092804, \"noisy_confidence_mean\": 0.345306396484375, \"noisy_ece\": 0.05410764738917351, \"noisy_nll\": 1.6534512042999268, \"noisy_risk_at_100_coverage\": 0.6005859375, \"noisy_risk_at_50_coverage\": 0.462890625, \"noisy_risk_at_70_coverage\": 0.5425383448600769, \"noisy_risk_at_80_coverage\": 0.5634146332740784, \"noisy_risk_at_90_coverage\": 0.5845986604690552, \"noisy_score_name\": \"one_minus_confidence\", \"noisy_selective_aurc\": 0.43935543298721313, \"noisy_uncertainty_mean\": 0.654693603515625, \"occluded_accuracy\": 0.4453125, \"occluded_brier\": 0.6916210651397705, \"occluded_confidence_mean\": 0.37071341276168823, \"occluded_ece\": 0.08073374629020691, \"occluded_nll\": 1.533173680305481, \"occluded_risk_at_100_coverage\": 0.5546875, \"occluded_risk_at_50_coverage\": 0.42578125, \"occluded_risk_at_70_coverage\": 0.47001397609710693, \"occluded_risk_at_80_coverage\": 0.497560977935791, \"occluded_risk_at_90_coverage\": 0.5292841792106628, \"occluded_score_name\": \"one_minus_confidence\", \"occluded_selective_aurc\": 0.38733339309692383, \"occluded_uncertainty_mean\": 0.629286527633667, \"steps_run\": 250, \"total_train_time_sec\": 2.298471689224243}",
  "mode": "uncertainty_benchmark",
  "model_class": "CosinePrototypeHead",
  "model_name": "cosine_prototype",
  "noisy_accuracy": 0.3994140625,
  "noisy_brier": 0.731121838092804,
  "noisy_confidence_mean": 0.345306396484375,
  "noisy_ece": 0.05410764738917351,
  "noisy_nll": 1.6534512042999268,
  "noisy_risk_at_100_coverage": 0.6005859375,
  "noisy_risk_at_50_coverage": 0.462890625,
  "noisy_risk_at_70_coverage": 0.5425383448600769,
  "noisy_risk_at_80_coverage": 0.5634146332740784,
  "noisy_risk_at_90_coverage": 0.5845986604690552,
  "noisy_score_name": "one_minus_confidence",
  "noisy_selective_aurc": 0.43935543298721313,
  "noisy_uncertainty_mean": 0.654693603515625,
  "num_classes": 10,
  "num_params": 640,
  "num_workers": 0,
  "occluded_accuracy": 0.4453125,
  "occluded_brier": 0.6916210651397705,
  "occluded_confidence_mean": 0.37071341276168823,
  "occluded_ece": 0.08073374629020691,
  "occluded_nll": 1.533173680305481,
  "occluded_risk_at_100_coverage": 0.5546875,
  "occluded_risk_at_50_coverage": 0.42578125,
  "occluded_risk_at_70_coverage": 0.47001397609710693,
  "occluded_risk_at_80_coverage": 0.497560977935791,
  "occluded_risk_at_90_coverage": 0.5292841792106628,
  "occluded_score_name": "one_minus_confidence",
  "occluded_selective_aurc": 0.38733339309692383,
  "occluded_uncertainty_mean": 0.629286527633667,
  "platform": "Linux-5.4.0-216-generic-x86_64-with-glibc2.31",
  "python_version": "3.10.20",
  "reason": "",
  "run_dir": "reports/uncertainty_remote_20260424_175558/runs/20260424_095728_uncertainty_cifar10_cosine_prototype_seed2",
  "run_id": "uncertainty_cifar10_cosine_prototype_seed2",
  "seed": 2,
  "status": "COMPLETED",
  "steps_run": 250,
  "task_name": "image_uncertainty_selective_classification",
  "test_size": 1024,
  "timestamp": "2026-04-24T09:57:30Z",
  "torch_version": "2.7.1+cu118",
  "torchvision_version": "0.22.1+cu118",
  "total_train_time_sec": 2.298471689224243,
  "train_size": 4096,
  "trainable_params": 640
}