{
  "backbone_steps": 300,
  "batch_size": 64,
  "best_metric": 0.97265625,
  "best_step": 50,
  "clean_accuracy": 0.9947916865348816,
  "clean_brier": 0.010489010252058506,
  "clean_confidence_mean": 0.9745286107063293,
  "clean_ece": 0.024372030049562454,
  "clean_nll": 0.04020901024341583,
  "clean_risk_at_100_coverage": 0.005208313465118408,
  "clean_risk_at_50_coverage": 0.0,
  "clean_risk_at_70_coverage": 0.0,
  "clean_risk_at_80_coverage": 0.0016260147094726562,
  "clean_risk_at_90_coverage": 0.0014451146125793457,
  "clean_score_name": "one_minus_confidence",
  "clean_selective_aurc": 0.0004321581218391657,
  "clean_uncertainty_mean": 0.02547137625515461,
  "clean_vs_noisy_auroc": 0.605047881603241,
  "clean_vs_occluded_auroc": 0.6309178471565247,
  "condition_metrics_path": "reports/pluggable_uncertainty_real_20260427/runs/20260427_032147_uncertainty_synthetic_shape_mlp_seed2/uncertainty_eval.pt",
  "cuda_available": true,
  "dataset_name": "synthetic_shape",
  "device": "cuda",
  "early_stop_min_evals": 2,
  "early_stop_patience": 4,
  "early_stop_triggered": true,
  "eval_interval": 25,
  "experiment_type": "frozen_features_uncertainty",
  "feature_dim": 64,
  "final_metric": 0.9947916865348816,
  "final_train_loss": 0.07504568248987198,
  "git_commit": "0c0b3db",
  "head_steps": 1200,
  "hostname": "user-NF5468M6",
  "metrics_json": "{\"best_metric\": 0.97265625, \"best_step\": 50, \"clean_accuracy\": 0.9947916865348816, \"clean_brier\": 0.010489010252058506, \"clean_confidence_mean\": 0.9745286107063293, \"clean_ece\": 0.024372030049562454, \"clean_nll\": 0.04020901024341583, \"clean_risk_at_100_coverage\": 0.005208313465118408, \"clean_risk_at_50_coverage\": 0.0, \"clean_risk_at_70_coverage\": 0.0, \"clean_risk_at_80_coverage\": 0.0016260147094726562, \"clean_risk_at_90_coverage\": 0.0014451146125793457, \"clean_score_name\": \"one_minus_confidence\", \"clean_selective_aurc\": 0.0004321581218391657, \"clean_uncertainty_mean\": 0.02547137625515461, \"clean_vs_noisy_auroc\": 0.605047881603241, \"clean_vs_occluded_auroc\": 0.6309178471565247, \"condition_metrics_path\": \"reports/pluggable_uncertainty_real_20260427/runs/20260427_032147_uncertainty_synthetic_shape_mlp_seed2/uncertainty_eval.pt\", \"early_stop_patience\": 4, \"early_stop_triggered\": true, \"final_metric\": 0.9947916865348816, \"final_train_loss\": 0.07504568248987198, \"noisy_accuracy\": 0.9521484375, \"noisy_brier\": 0.07603563368320465, \"noisy_confidence_mean\": 0.9486267566680908, \"noisy_ece\": 0.02062070742249489, \"noisy_nll\": 0.16460596024990082, \"noisy_risk_at_100_coverage\": 0.0478515625, \"noisy_risk_at_50_coverage\": 0.005859375, \"noisy_risk_at_70_coverage\": 0.008368194103240967, \"noisy_risk_at_80_coverage\": 0.007317066192626953, \"noisy_risk_at_90_coverage\": 0.017353594303131104, \"noisy_score_name\": \"one_minus_confidence\", \"noisy_selective_aurc\": 0.006814782507717609, \"noisy_uncertainty_mean\": 0.051373258233070374, \"occluded_accuracy\": 0.90234375, \"occluded_brier\": 0.1287621259689331, \"occluded_confidence_mean\": 0.9131610989570618, \"occluded_ece\": 0.04056898504495621, \"occluded_nll\": 0.26568371057510376, \"occluded_risk_at_100_coverage\": 0.09765625, \"occluded_risk_at_50_coverage\": 0.001953125, \"occluded_risk_at_70_coverage\": 0.008368194103240967, \"occluded_risk_at_80_coverage\": 0.012195110321044922, \"occluded_risk_at_90_coverage\": 0.036876380443573, \"occluded_score_name\": \"one_minus_confidence\", \"occluded_selective_aurc\": 0.010936125181615353, \"occluded_uncertainty_mean\": 0.08683893084526062, \"steps_run\": 150, \"total_train_time_sec\": 2.399730682373047}",
  "mode": "uncertainty_benchmark",
  "model_class": "MLPHead",
  "model_name": "mlp",
  "noisy_accuracy": 0.9521484375,
  "noisy_brier": 0.07603563368320465,
  "noisy_confidence_mean": 0.9486267566680908,
  "noisy_ece": 0.02062070742249489,
  "noisy_nll": 0.16460596024990082,
  "noisy_risk_at_100_coverage": 0.0478515625,
  "noisy_risk_at_50_coverage": 0.005859375,
  "noisy_risk_at_70_coverage": 0.008368194103240967,
  "noisy_risk_at_80_coverage": 0.007317066192626953,
  "noisy_risk_at_90_coverage": 0.017353594303131104,
  "noisy_score_name": "one_minus_confidence",
  "noisy_selective_aurc": 0.006814782507717609,
  "noisy_uncertainty_mean": 0.051373258233070374,
  "num_classes": 5,
  "num_params": 9093,
  "num_workers": 0,
  "occluded_accuracy": 0.90234375,
  "occluded_brier": 0.1287621259689331,
  "occluded_confidence_mean": 0.9131610989570618,
  "occluded_ece": 0.04056898504495621,
  "occluded_nll": 0.26568371057510376,
  "occluded_risk_at_100_coverage": 0.09765625,
  "occluded_risk_at_50_coverage": 0.001953125,
  "occluded_risk_at_70_coverage": 0.008368194103240967,
  "occluded_risk_at_80_coverage": 0.012195110321044922,
  "occluded_risk_at_90_coverage": 0.036876380443573,
  "occluded_score_name": "one_minus_confidence",
  "occluded_selective_aurc": 0.010936125181615353,
  "occluded_uncertainty_mean": 0.08683893084526062,
  "platform": "Linux-5.4.0-216-generic-x86_64-with-glibc2.31",
  "python_version": "3.10.20",
  "reason": "",
  "run_dir": "reports/pluggable_uncertainty_real_20260427/runs/20260427_032147_uncertainty_synthetic_shape_mlp_seed2",
  "run_id": "uncertainty_synthetic_shape_mlp_seed2",
  "seed": 2,
  "selected_heads": [
    "linear",
    "mlp",
    "cosine_prototype",
    "eml_no_ambiguity",
    "eml_centered_ambiguity",
    "eml_supervised_resistance",
    "merc_linear",
    "merc_energy"
  ],
  "status": "COMPLETED",
  "steps_run": 150,
  "task_name": "image_uncertainty_selective_classification",
  "test_size": 1024,
  "timestamp": "2026-04-27T03:21:49Z",
  "torch_version": "2.7.1+cu118",
  "torchvision_version": "0.22.1+cu118",
  "total_train_time_sec": 2.399730682373047,
  "train_size": 4096,
  "trainable_params": 9093
}