{
  "batch_size": 8,
  "best_metric": 0.11274509876966476,
  "bits_per_char": 6.324559483819874,
  "char_accuracy": 0.11274509876966476,
  "cuda_available": false,
  "dataset_name": "SyntheticTextEnergyDataset",
  "device": "cpu",
  "final_diagnostics": {
    "attractor_activation_mean": 0.7435799837112427,
    "attractor_activation_std": 0.07057155668735504,
    "attractor_diversity": 0.2318623661994934,
    "drive_mean": 0.008638320490717888,
    "drive_std": 0.35013386607170105,
    "energy_mean": -0.0833578035235405,
    "energy_std": 0.10557853430509567,
    "null_weight_mean": 0.5352526903152466,
    "null_weight_std": 0.40942808985710144,
    "resistance_mean": 1.5926281213760376,
    "resistance_std": 0.22648027539253235,
    "update_gate_mean": 0.2142019271850586,
    "update_gate_std": 0.1897396445274353,
    "update_strength_mean": 0.459848552942276,
    "update_strength_std": 0.40828537940979004
  },
  "final_metric": 0.11274509876966476,
  "final_train_accuracy": 0.11274509876966476,
  "final_train_loss": 4.383850574493408,
  "git_commit": "ae26ee9",
  "grad_norm": 1.3688243627548218,
  "hostname": "BMW-Pro.local",
  "learning_rate": 0.001,
  "metrics_json": "{\"best_metric\": 0.11274509876966476, \"bits_per_char\": 6.324559483819874, \"char_accuracy\": 0.11274509876966476, \"final_diagnostics\": {\"attractor_activation_mean\": 0.7435799837112427, \"attractor_activation_std\": 0.07057155668735504, \"attractor_diversity\": 0.2318623661994934, \"drive_mean\": 0.008638320490717888, \"drive_std\": 0.35013386607170105, \"energy_mean\": -0.0833578035235405, \"energy_std\": 0.10557853430509567, \"null_weight_mean\": 0.5352526903152466, \"null_weight_std\": 0.40942808985710144, \"resistance_mean\": 1.5926281213760376, \"resistance_std\": 0.22648027539253235, \"update_gate_mean\": 0.2142019271850586, \"update_gate_std\": 0.1897396445274353, \"update_strength_mean\": 0.459848552942276, \"update_strength_std\": 0.40828537940979004}, \"final_metric\": 0.11274509876966476, \"final_train_accuracy\": 0.11274509876966476, \"final_train_loss\": 4.383850574493408, \"grad_norm\": 1.3688243627548218, \"learning_rate\": 0.001, \"next_token_loss\": 4.383850574493408, \"peak_memory_mb\": 0.0, \"perplexity\": 80.1460483367617, \"step\": 4, \"step_time_sec\": 0.00882411003112793, \"token_accuracy\": 0.11274509876966476, \"tokens_per_sec\": 23118.478722541946, \"total_train_time_sec\": 0.047122955322265625, \"train_loss\": 4.383850574493408, \"wall_clock_time_sec\": 0.046571969985961914}",
  "mode": "smoke",
  "model_name": "EfficientEMLTextEncoder",
  "next_token_loss": 4.383850574493408,
  "num_params": 92950,
  "peak_memory_mb": 0.0,
  "perplexity": 80.1460483367617,
  "platform": "macOS-26.0-arm64-arm-64bit",
  "python_version": "3.12.12",
  "reason": "",
  "run_dir": "reports/runs/20260424_063608_smoke_text_efficient_eml",
  "run_id": "smoke_text_efficient_eml",
  "seed": 2,
  "seq_len": 48,
  "status": "COMPLETED",
  "step": 4,
  "step_time_sec": 0.00882411003112793,
  "steps": 4,
  "task_name": "text_synthetic",
  "timestamp": "2026-04-24T06:36:08Z",
  "token_accuracy": 0.11274509876966476,
  "tokens_per_sec": 23118.478722541946,
  "torch_version": "2.10.0",
  "torchvision_version": "unavailable",
  "total_train_time_sec": 0.047122955322265625,
  "train_loss": 4.383850574493408,
  "trainable_params": 92950,
  "wall_clock_time_sec": 0.046571969985961914
}