{
  "ambiguity_weight": NaN,
  "attractor_entropy_weight": NaN,
  "batch_size": 8,
  "best_metric": 0.375,
  "completed_steps": 21,
  "cuda_available": false,
  "dataset_name": "SyntheticShapeEnergyDataset",
  "device": "cpu",
  "early_stop": true,
  "early_stop_step": 21,
  "early_stop_triggered": true,
  "examples_per_sec": 389.96376314719043,
  "final_diagnostics": {
    "ambiguity_mean": 0.896618664264679,
    "ambiguity_std": 0.2597166895866394,
    "ambiguity_weight_mean": 0.07000000029802322,
    "ambiguity_weight_std": 0.0,
    "attractor_activation_mean": 0.9359223246574402,
    "attractor_activation_std": 0.00038429387495853007,
    "attractor_diversity": 0.28215813636779785,
    "drive_mean": 0.02990981936454773,
    "drive_std": 0.06405533850193024,
    "energy_mean": -0.23034322261810303,
    "energy_std": 0.029057951644062996,
    "null_weight_mean": 0.15896043181419373,
    "null_weight_std": 0.04542361572384834,
    "prototype_diversity_penalty_mean": 0.012677228078246117,
    "prototype_diversity_penalty_std": 0.0,
    "resistance_mean": 1.3567140102386475,
    "resistance_std": 0.13224729895591736,
    "sample_uncertainty_mean": 0.6957562565803528,
    "sample_uncertainty_std": 0.0,
    "update_gate_mean": 0.09199386835098267,
    "update_gate_std": 0.005133897997438908,
    "update_strength_mean": 0.8553768992424011,
    "update_strength_std": 0.03833533078432083
  },
  "final_metric": 0.25,
  "final_train_accuracy": 0.25,
  "final_train_loss": 1.6056783199310303,
  "git_commit": "9ce7b7d",
  "grad_norm": 0.4583984613418579,
  "hostname": "Mac-mini.local",
  "learning_rate": 0.001,
  "metrics_json": "{\"ambiguity_weight\": NaN, \"attractor_entropy_weight\": NaN, \"best_metric\": 0.375, \"completed_steps\": 21, \"early_stop_step\": 21, \"early_stop_triggered\": true, \"examples_per_sec\": 389.96376314719043, \"final_diagnostics\": {\"ambiguity_mean\": 0.896618664264679, \"ambiguity_std\": 0.2597166895866394, \"ambiguity_weight_mean\": 0.07000000029802322, \"ambiguity_weight_std\": 0.0, \"attractor_activation_mean\": 0.9359223246574402, \"attractor_activation_std\": 0.00038429387495853007, \"attractor_diversity\": 0.28215813636779785, \"drive_mean\": 0.02990981936454773, \"drive_std\": 0.06405533850193024, \"energy_mean\": -0.23034322261810303, \"energy_std\": 0.029057951644062996, \"null_weight_mean\": 0.15896043181419373, \"null_weight_std\": 0.04542361572384834, \"prototype_diversity_penalty_mean\": 0.012677228078246117, \"prototype_diversity_penalty_std\": 0.0, \"resistance_mean\": 1.3567140102386475, \"resistance_std\": 0.13224729895591736, \"sample_uncertainty_mean\": 0.6957562565803528, \"sample_uncertainty_std\": 0.0, \"update_gate_mean\": 0.09199386835098267, \"update_gate_std\": 0.005133897997438908, \"update_strength_mean\": 0.8553768992424011, \"update_strength_std\": 0.03833533078432083}, \"final_metric\": 0.25, \"final_train_accuracy\": 0.25, \"final_train_loss\": 1.6056783199310303, \"grad_norm\": 0.4583984613418579, \"learning_rate\": 0.001, \"null_threshold\": NaN, \"peak_memory_mb\": 0.0, \"precision_update_threshold\": NaN, \"resistance_noise_corr\": 0.40570375323295593, \"resistance_occlusion_corr\": 0.5227423906326294, \"responsibility_temperature\": NaN, \"step\": 21, \"step_time_sec\": 0.020514726638793945, \"top1_accuracy\": 0.25, \"top5_accuracy\": 1.0, \"total_train_time_sec\": 0.5140008926391602, \"train_accuracy\": 0.25, \"train_loss\": 1.6056783199310303, \"wall_clock_time_sec\": 0.5119438171386719, \"warmup_eta\": 0.07}",
  "min_delta": 0.01,
  "mode": "ablation",
  "model_name": "EfficientEMLImageClassifier",
  "null_threshold": NaN,
  "num_params": 115573,
  "num_workers": 0,
  "patience": 10,
  "peak_memory_mb": 0.0,
  "platform": "macOS-15.1-arm64-arm-64bit",
  "precision_update_threshold": NaN,
  "python_version": "3.12.7",
  "reason": "",
  "resistance_noise_corr": 0.40570375323295593,
  "resistance_occlusion_corr": 0.5227423906326294,
  "responsibility_temperature": NaN,
  "run_dir": "reports/runs/20260505_123238_kan_compare_image_efficient_eml",
  "run_id": "kan_compare_image_efficient_eml",
  "seed": 1,
  "status": "COMPLETED",
  "step": 21,
  "step_time_sec": 0.020514726638793945,
  "steps": 300,
  "task_name": "image_synthetic",
  "timestamp": "2026-05-05T12:32:39Z",
  "top1_accuracy": 0.25,
  "top5_accuracy": 1.0,
  "torch_version": "2.10.0",
  "torchvision_version": "0.25.0",
  "total_train_time_sec": 0.5140008926391602,
  "train_accuracy": 0.25,
  "train_loss": 1.6056783199310303,
  "trainable_params": 115573,
  "wall_clock_time_sec": 0.5119438171386719,
  "warmup_enabled": true,
  "warmup_eta": 0.07
}