{
  "backbone_steps": 300,
  "batch_size": 64,
  "best_metric": 0.98046875,
  "best_step": 100,
  "clean_accuracy": 0.9934895634651184,
  "clean_brier": 0.12162049859762192,
  "clean_confidence_mean": 0.6969682574272156,
  "clean_ece": 0.30021774768829346,
  "clean_nll": 0.3717416822910309,
  "clean_positive_resistance_mean": 5.071207523345947,
  "clean_resistance_noise_corr": -7.130999790661008e-08,
  "clean_resistance_occlusion_corr": NaN,
  "clean_risk_at_100_coverage": 0.006510436534881592,
  "clean_risk_at_50_coverage": 0.0,
  "clean_risk_at_70_coverage": 0.007434964179992676,
  "clean_risk_at_80_coverage": 0.006504058837890625,
  "clean_risk_at_90_coverage": 0.007225453853607178,
  "clean_score_name": "positive_resistance",
  "clean_selective_aurc": 0.002632506424561143,
  "clean_uncertainty_mean": 5.071207523345947,
  "clean_vs_noisy_auroc": 0.6602885127067566,
  "clean_vs_occluded_auroc": 0.5424105525016785,
  "condition_metrics_path": "reports/pluggable_uncertainty_real_20260427/runs/20260427_031821_uncertainty_synthetic_shape_eml_no_ambiguity_seed0/uncertainty_eval.pt",
  "cuda_available": true,
  "dataset_name": "synthetic_shape",
  "device": "cuda",
  "early_stop_min_evals": 2,
  "early_stop_patience": 4,
  "early_stop_triggered": true,
  "eval_interval": 25,
  "experiment_type": "frozen_features_uncertainty",
  "feature_dim": 64,
  "final_metric": 0.9934895634651184,
  "final_train_loss": 0.734044075012207,
  "git_commit": "0c0b3db",
  "head_steps": 1200,
  "hostname": "user-NF5468M6",
  "metrics_json": "{\"best_metric\": 0.98046875, \"best_step\": 100, \"clean_accuracy\": 0.9934895634651184, \"clean_brier\": 0.12162049859762192, \"clean_confidence_mean\": 0.6969682574272156, \"clean_ece\": 0.30021774768829346, \"clean_nll\": 0.3717416822910309, \"clean_positive_resistance_mean\": 5.071207523345947, \"clean_resistance_noise_corr\": -7.130999790661008e-08, \"clean_resistance_occlusion_corr\": NaN, \"clean_risk_at_100_coverage\": 0.006510436534881592, \"clean_risk_at_50_coverage\": 0.0, \"clean_risk_at_70_coverage\": 0.007434964179992676, \"clean_risk_at_80_coverage\": 0.006504058837890625, \"clean_risk_at_90_coverage\": 0.007225453853607178, \"clean_score_name\": \"positive_resistance\", \"clean_selective_aurc\": 0.002632506424561143, \"clean_uncertainty_mean\": 5.071207523345947, \"clean_vs_noisy_auroc\": 0.6602885127067566, \"clean_vs_occluded_auroc\": 0.5424105525016785, \"condition_metrics_path\": \"reports/pluggable_uncertainty_real_20260427/runs/20260427_031821_uncertainty_synthetic_shape_eml_no_ambiguity_seed0/uncertainty_eval.pt\", \"early_stop_patience\": 4, \"early_stop_triggered\": true, \"final_metric\": 0.9934895634651184, \"final_train_loss\": 0.734044075012207, \"noisy_accuracy\": 0.935546875, \"noisy_brier\": 0.18408143520355225, \"noisy_confidence_mean\": 0.6706819534301758, \"noisy_ece\": 0.26704317331314087, \"noisy_nll\": 0.47878721356391907, \"noisy_positive_resistance_mean\": 7.545902729034424, \"noisy_resistance_noise_corr\": NaN, \"noisy_resistance_occlusion_corr\": NaN, \"noisy_risk_at_100_coverage\": 0.064453125, \"noisy_risk_at_50_coverage\": 0.005859375, \"noisy_risk_at_70_coverage\": 0.05718272924423218, \"noisy_risk_at_80_coverage\": 0.056097567081451416, \"noisy_risk_at_90_coverage\": 0.06507593393325806, \"noisy_score_name\": \"positive_resistance\", \"noisy_selective_aurc\": 0.02872050367295742, \"noisy_uncertainty_mean\": 7.545902729034424, \"occluded_accuracy\": 0.90234375, \"occluded_brier\": 0.2230507880449295, \"occluded_confidence_mean\": 0.6523090600967407, \"occluded_ece\": 0.2552795112133026, \"occluded_nll\": 0.5503891110420227, \"occluded_positive_resistance_mean\": 5.462817192077637, \"occluded_resistance_noise_corr\": 3.4006930604846275e-08, \"occluded_resistance_occlusion_corr\": 0.021351227536797523, \"occluded_risk_at_100_coverage\": 0.09765625, \"occluded_risk_at_50_coverage\": 0.08203125, \"occluded_risk_at_70_coverage\": 0.10739189386367798, \"occluded_risk_at_80_coverage\": 0.10609757900238037, \"occluded_risk_at_90_coverage\": 0.0954446792602539, \"occluded_score_name\": \"positive_resistance\", \"occluded_selective_aurc\": 0.053595952689647675, \"occluded_uncertainty_mean\": 5.462817192077637, \"pooled_resistance_noise_corr\": 0.1805247664451599, \"pooled_resistance_occlusion_corr\": -0.027138687670230865, \"steps_run\": 200, \"total_train_time_sec\": 15.007892608642578}",
  "mode": "uncertainty_benchmark",
  "model_class": "EMLPrototypeHeadNoAmbiguity",
  "model_name": "eml_no_ambiguity",
  "noisy_accuracy": 0.935546875,
  "noisy_brier": 0.18408143520355225,
  "noisy_confidence_mean": 0.6706819534301758,
  "noisy_ece": 0.26704317331314087,
  "noisy_nll": 0.47878721356391907,
  "noisy_positive_resistance_mean": 7.545902729034424,
  "noisy_resistance_noise_corr": NaN,
  "noisy_resistance_occlusion_corr": NaN,
  "noisy_risk_at_100_coverage": 0.064453125,
  "noisy_risk_at_50_coverage": 0.005859375,
  "noisy_risk_at_70_coverage": 0.05718272924423218,
  "noisy_risk_at_80_coverage": 0.056097567081451416,
  "noisy_risk_at_90_coverage": 0.06507593393325806,
  "noisy_score_name": "positive_resistance",
  "noisy_selective_aurc": 0.02872050367295742,
  "noisy_uncertainty_mean": 7.545902729034424,
  "num_classes": 5,
  "num_params": 18002,
  "num_workers": 0,
  "occluded_accuracy": 0.90234375,
  "occluded_brier": 0.2230507880449295,
  "occluded_confidence_mean": 0.6523090600967407,
  "occluded_ece": 0.2552795112133026,
  "occluded_nll": 0.5503891110420227,
  "occluded_positive_resistance_mean": 5.462817192077637,
  "occluded_resistance_noise_corr": 3.4006930604846275e-08,
  "occluded_resistance_occlusion_corr": 0.021351227536797523,
  "occluded_risk_at_100_coverage": 0.09765625,
  "occluded_risk_at_50_coverage": 0.08203125,
  "occluded_risk_at_70_coverage": 0.10739189386367798,
  "occluded_risk_at_80_coverage": 0.10609757900238037,
  "occluded_risk_at_90_coverage": 0.0954446792602539,
  "occluded_score_name": "positive_resistance",
  "occluded_selective_aurc": 0.053595952689647675,
  "occluded_uncertainty_mean": 5.462817192077637,
  "platform": "Linux-5.4.0-216-generic-x86_64-with-glibc2.31",
  "pooled_resistance_noise_corr": 0.1805247664451599,
  "pooled_resistance_occlusion_corr": -0.027138687670230865,
  "python_version": "3.10.20",
  "reason": "",
  "run_dir": "reports/pluggable_uncertainty_real_20260427/runs/20260427_031821_uncertainty_synthetic_shape_eml_no_ambiguity_seed0",
  "run_id": "uncertainty_synthetic_shape_eml_no_ambiguity_seed0",
  "seed": 0,
  "selected_heads": [
    "linear",
    "mlp",
    "cosine_prototype",
    "eml_no_ambiguity",
    "eml_centered_ambiguity",
    "eml_supervised_resistance",
    "merc_linear",
    "merc_energy"
  ],
  "status": "COMPLETED",
  "steps_run": 200,
  "task_name": "image_uncertainty_selective_classification",
  "test_size": 1024,
  "timestamp": "2026-04-27T03:18:36Z",
  "torch_version": "2.7.1+cu118",
  "torchvision_version": "0.22.1+cu118",
  "total_train_time_sec": 15.007892608642578,
  "train_size": 4096,
  "trainable_params": 18002
}