{
  "batch_size": 16,
  "best_metric": 0.4009324014186859,
  "bits_per_char": 5.317136021930196,
  "char_accuracy": 0.3563714921474457,
  "completed_steps": 50,
  "corruption_resistance_corr": -0.053194306790828705,
  "cuda_available": false,
  "dataset_name": "SyntheticTextEnergyDataset",
  "device": "cpu",
  "early_stop": false,
  "early_stop_step": "",
  "early_stop_triggered": false,
  "final_diagnostics": {
    "attractor_activation_mean": 0.7539572715759277,
    "attractor_activation_std": 0.07749681919813156,
    "attractor_diversity": 0.08856648206710815,
    "drive_mean": 0.016208473592996597,
    "drive_std": 1.2826720476150513,
    "energy_mean": -0.014896036125719547,
    "energy_std": 0.208122119307518,
    "null_weight_mean": 0.4716504216194153,
    "null_weight_std": 0.4076801836490631,
    "resistance_mean": 1.213924765586853,
    "resistance_std": 0.38699787855148315,
    "update_gate_mean": 0.06102839857339859,
    "update_gate_std": 0.04819725826382637,
    "update_strength_mean": 0.5245444178581238,
    "update_strength_std": 0.4073910415172577
  },
  "final_metric": 0.3563714921474457,
  "final_train_accuracy": 0.3563714921474457,
  "final_train_loss": 3.6855578422546387,
  "git_commit": "19568db",
  "grad_norm": 1.030794382095337,
  "hostname": "BMW-Pro.local",
  "learning_rate": 0.001,
  "metrics_json": "{\"best_metric\": 0.4009324014186859, \"bits_per_char\": 5.317136021930196, \"char_accuracy\": 0.3563714921474457, \"completed_steps\": 50, \"corruption_resistance_corr\": -0.053194306790828705, \"early_stop_step\": \"\", \"early_stop_triggered\": false, \"final_diagnostics\": {\"attractor_activation_mean\": 0.7539572715759277, \"attractor_activation_std\": 0.07749681919813156, \"attractor_diversity\": 0.08856648206710815, \"drive_mean\": 0.016208473592996597, \"drive_std\": 1.2826720476150513, \"energy_mean\": -0.014896036125719547, \"energy_std\": 0.208122119307518, \"null_weight_mean\": 0.4716504216194153, \"null_weight_std\": 0.4076801836490631, \"resistance_mean\": 1.213924765586853, \"resistance_std\": 0.38699787855148315, \"update_gate_mean\": 0.06102839857339859, \"update_gate_std\": 0.04819725826382637, \"update_strength_mean\": 0.5245444178581238, \"update_strength_std\": 0.4073910415172577}, \"final_metric\": 0.3563714921474457, \"final_train_accuracy\": 0.3563714921474457, \"final_train_loss\": 3.6855578422546387, \"grad_norm\": 1.030794382095337, \"learning_rate\": 0.001, \"next_token_loss\": 3.6855578422546387, \"peak_memory_mb\": 0.0, \"perplexity\": 39.86735594361976, \"step\": 50, \"step_time_sec\": 0.015563011169433594, \"token_accuracy\": 0.3563714921474457, \"tokens_per_sec\": 29750.026839879894, \"total_train_time_sec\": 1.0508010387420654, \"train_loss\": 3.6855578422546387, \"wall_clock_time_sec\": 1.0483100414276123}",
  "min_delta": 0.0001,
  "mode": "ablation",
  "model_name": "EfficientEMLTextEncoder_window8_precision_identity",
  "next_token_loss": 3.6855578422546387,
  "num_params": 92950,
  "num_workers": 0,
  "patience": 20,
  "peak_memory_mb": 0.0,
  "perplexity": 39.86735594361976,
  "platform": "macOS-26.0-arm64-arm-64bit",
  "python_version": "3.12.12",
  "reason": "",
  "run_dir": "reports/runs/stabilization_ablation_cpu_20260424_155136/20260424_075206_ablation_text_window8_precision_identity",
  "run_id": "ablation_text_window8_precision_identity",
  "seed": 42,
  "seq_len": 48,
  "status": "COMPLETED",
  "step": 50,
  "step_time_sec": 0.015563011169433594,
  "steps": 50,
  "task_name": "text_synthetic",
  "timestamp": "2026-04-24T07:52:08Z",
  "token_accuracy": 0.3563714921474457,
  "tokens_per_sec": 29750.026839879894,
  "torch_version": "2.10.0",
  "torchvision_version": "unavailable",
  "total_train_time_sec": 1.0508010387420654,
  "train_loss": 3.6855578422546387,
  "trainable_params": 92950,
  "wall_clock_time_sec": 1.0483100414276123
}