{
  "batch_size": 32,
  "best_metric": 0.9921875,
  "best_step": 100,
  "best_val_accuracy": 0.9921875,
  "cuda_available": true,
  "dataset_name": "synthetic_evidence",
  "device": "cuda",
  "early_stop_triggered": false,
  "experiment_type": "frozen_features",
  "feature_dim": 64,
  "features_dir": "reports/head_ablation/features/synthetic_evidence_medium_seed0",
  "final_metric": 0.99609375,
  "final_train_accuracy": 1.0,
  "final_train_loss": 0.06112151965498924,
  "git_commit": "unknown",
  "hostname": "user-NF5468M6",
  "lr": 0.001,
  "metrics_json": "{\"best_metric\": 0.9921875, \"best_step\": 100, \"best_val_accuracy\": 0.9921875, \"early_stop_triggered\": false, \"final_metric\": 0.99609375, \"final_train_accuracy\": 1.0, \"final_train_loss\": 0.06112151965498924, \"steps_run\": 300, \"test_accuracy\": 0.99609375, \"test_ambiguity_mean\": 0.0, \"test_brier\": 0.012736672535538673, \"test_class_resistance_mean\": 0.20413164794445038, \"test_conflict_resistance_corr\": NaN, \"test_ece\": 0.052686579525470734, \"test_hard_negative_drive_mean\": -12.376511573791504, \"test_hard_negative_logit_mean\": -0.302030086517334, \"test_hard_negative_resistance_mean\": 1.979396104812622, \"test_loss\": 0.06278053671121597, \"test_margin_mean\": 2.8843436241149902, \"test_nll\": 0.06278053671121597, \"test_positive_drive_mean\": 14.96415901184082, \"test_positive_logit_mean\": 2.5823135375976562, \"test_positive_resistance_mean\": 1.9233548641204834, \"test_precision_mean\": NaN, \"test_resistance_noise_corr\": 0.019833071157336235, \"test_resistance_occlusion_corr\": 0.018168389797210693, \"test_sample_uncertainty_mean\": 1.7472437620162964, \"test_support_evidence_corr\": NaN, \"test_update_gate_mean\": NaN, \"total_train_time_sec\": 7.953671455383301, \"val_accuracy\": 0.9921875, \"val_ambiguity_mean\": 0.0, \"val_brier\": 0.018396174535155296, \"val_class_resistance_mean\": 0.20413164794445038, \"val_conflict_resistance_corr\": NaN, \"val_ece\": 0.05150407552719116, \"val_hard_negative_drive_mean\": -12.077535629272461, \"val_hard_negative_logit_mean\": -0.2946934700012207, \"val_hard_negative_resistance_mean\": 2.341946601867676, \"val_loss\": 0.07281531393527985, \"val_margin_mean\": 2.859304189682007, \"val_nll\": 0.07281531393527985, \"val_positive_drive_mean\": 14.694214820861816, \"val_positive_logit_mean\": 2.5646109580993652, \"val_positive_resistance_mean\": 2.2880425453186035, \"val_precision_mean\": NaN, \"val_resistance_noise_corr\": 0.011479489505290985, \"val_resistance_occlusion_corr\": -0.02233712002635002, \"val_sample_uncertainty_mean\": 2.110862970352173, \"val_support_evidence_corr\": NaN, \"val_update_gate_mean\": NaN}",
  "mode": "head_ablation",
  "model_class": "EMLPrototypeHeadNoAmbiguity",
  "model_name": "eml_no_ambiguity",
  "num_classes": 2,
  "num_params": 17417,
  "pairwise_margin": 0.0,
  "pairwise_weight": 0.0,
  "platform": "Linux-5.4.0-216-generic-x86_64-with-glibc2.31",
  "python_version": "3.10.20",
  "reason": "",
  "run_dir": "reports/merc_synthetic_evidence/runs/20260425_031431_frozen_synthetic_evidence_eml_no_ambiguity_seed0",
  "run_id": "frozen_synthetic_evidence_eml_no_ambiguity_seed0",
  "seed": 0,
  "status": "COMPLETED",
  "steps": 300,
  "steps_run": 300,
  "task_name": "image_classification",
  "test_accuracy": 0.99609375,
  "test_ambiguity_mean": 0.0,
  "test_brier": 0.012736672535538673,
  "test_class_resistance_mean": 0.20413164794445038,
  "test_conflict_resistance_corr": NaN,
  "test_ece": 0.052686579525470734,
  "test_hard_negative_drive_mean": -12.376511573791504,
  "test_hard_negative_logit_mean": -0.302030086517334,
  "test_hard_negative_resistance_mean": 1.979396104812622,
  "test_loss": 0.06278053671121597,
  "test_margin_mean": 2.8843436241149902,
  "test_nll": 0.06278053671121597,
  "test_positive_drive_mean": 14.96415901184082,
  "test_positive_logit_mean": 2.5823135375976562,
  "test_positive_resistance_mean": 1.9233548641204834,
  "test_precision_mean": NaN,
  "test_resistance_noise_corr": 0.019833071157336235,
  "test_resistance_occlusion_corr": 0.018168389797210693,
  "test_sample_uncertainty_mean": 1.7472437620162964,
  "test_support_evidence_corr": NaN,
  "test_update_gate_mean": NaN,
  "timestamp": "2026-04-25T03:14:39Z",
  "torch_version": "2.7.1+cu118",
  "torchvision_version": "0.22.1+cu118",
  "total_train_time_sec": 7.953671455383301,
  "trainable_params": 17417,
  "val_accuracy": 0.9921875,
  "val_ambiguity_mean": 0.0,
  "val_brier": 0.018396174535155296,
  "val_class_resistance_mean": 0.20413164794445038,
  "val_conflict_resistance_corr": NaN,
  "val_ece": 0.05150407552719116,
  "val_hard_negative_drive_mean": -12.077535629272461,
  "val_hard_negative_logit_mean": -0.2946934700012207,
  "val_hard_negative_resistance_mean": 2.341946601867676,
  "val_loss": 0.07281531393527985,
  "val_margin_mean": 2.859304189682007,
  "val_nll": 0.07281531393527985,
  "val_positive_drive_mean": 14.694214820861816,
  "val_positive_logit_mean": 2.5646109580993652,
  "val_positive_resistance_mean": 2.2880425453186035,
  "val_precision_mean": NaN,
  "val_resistance_noise_corr": 0.011479489505290985,
  "val_resistance_occlusion_corr": -0.02233712002635002,
  "val_sample_uncertainty_mean": 2.110862970352173,
  "val_support_evidence_corr": NaN,
  "val_update_gate_mean": NaN
}