{
  "batch_size": 64,
  "best_metric": 0.9765625,
  "best_step": 100,
  "clean_accuracy": 0.9947916865348816,
  "clean_brier": 0.10280826687812805,
  "clean_confidence_mean": 0.7208545207977295,
  "clean_ece": 0.27584317326545715,
  "clean_nll": 0.3352217972278595,
  "clean_positive_resistance_mean": -0.039223890751600266,
  "clean_resistance_noise_corr": -1.686253447985564e-08,
  "clean_resistance_occlusion_corr": NaN,
  "clean_risk_at_100_coverage": 0.005208313465118408,
  "clean_risk_at_50_coverage": 0.0,
  "clean_risk_at_70_coverage": 0.0,
  "clean_risk_at_80_coverage": 0.0,
  "clean_risk_at_90_coverage": 0.0,
  "clean_score_name": "positive_resistance",
  "clean_selective_aurc": 5.208308357396163e-05,
  "clean_uncertainty_mean": -0.039223890751600266,
  "clean_vs_noisy_auroc": 0.5886497497558594,
  "clean_vs_occluded_auroc": 0.6160710453987122,
  "condition_metrics_path": "reports/uncertainty_remote_20260424_175558/runs/20260424_095547_uncertainty_synthetic_shape_eml_centered_ambiguity_seed1/uncertainty_eval.pt",
  "cuda_available": true,
  "dataset_name": "synthetic_shape",
  "device": "cuda",
  "early_stop_patience": 4,
  "early_stop_triggered": true,
  "experiment_type": "frozen_features_uncertainty",
  "feature_dim": 64,
  "final_metric": 0.9947916865348816,
  "final_train_loss": 0.4241235554218292,
  "git_commit": "unknown",
  "hostname": "user-NF5468M6",
  "metrics_json": "{\"best_metric\": 0.9765625, \"best_step\": 100, \"clean_accuracy\": 0.9947916865348816, \"clean_brier\": 0.10280826687812805, \"clean_confidence_mean\": 0.7208545207977295, \"clean_ece\": 0.27584317326545715, \"clean_nll\": 0.3352217972278595, \"clean_positive_resistance_mean\": -0.039223890751600266, \"clean_resistance_noise_corr\": -1.686253447985564e-08, \"clean_resistance_occlusion_corr\": NaN, \"clean_risk_at_100_coverage\": 0.005208313465118408, \"clean_risk_at_50_coverage\": 0.0, \"clean_risk_at_70_coverage\": 0.0, \"clean_risk_at_80_coverage\": 0.0, \"clean_risk_at_90_coverage\": 0.0, \"clean_score_name\": \"positive_resistance\", \"clean_selective_aurc\": 5.208308357396163e-05, \"clean_uncertainty_mean\": -0.039223890751600266, \"clean_vs_noisy_auroc\": 0.5886497497558594, \"clean_vs_occluded_auroc\": 0.6160710453987122, \"condition_metrics_path\": \"reports/uncertainty_remote_20260424_175558/runs/20260424_095547_uncertainty_synthetic_shape_eml_centered_ambiguity_seed1/uncertainty_eval.pt\", \"early_stop_patience\": 4, \"early_stop_triggered\": true, \"final_metric\": 0.9947916865348816, \"final_train_loss\": 0.4241235554218292, \"noisy_accuracy\": 0.986328125, \"noisy_brier\": 0.11349467933177948, \"noisy_confidence_mean\": 0.7187198400497437, \"noisy_ece\": 0.26868098974227905, \"noisy_nll\": 0.35368597507476807, \"noisy_positive_resistance_mean\": 0.00038154167123138905, \"noisy_resistance_noise_corr\": NaN, \"noisy_resistance_occlusion_corr\": NaN, \"noisy_risk_at_100_coverage\": 0.013671875, \"noisy_risk_at_50_coverage\": 0.0, \"noisy_risk_at_70_coverage\": 0.0, \"noisy_risk_at_80_coverage\": 0.0, \"noisy_risk_at_90_coverage\": 0.0, \"noisy_score_name\": \"positive_resistance\", \"noisy_selective_aurc\": 0.00015663850354030728, \"noisy_uncertainty_mean\": 0.00038154167123138905, \"occluded_accuracy\": 0.9052734375, \"occluded_brier\": 0.1979253739118576, \"occluded_confidence_mean\": 0.6840651631355286, \"occluded_ece\": 0.22820374369621277, \"occluded_nll\": 0.5024086236953735, \"occluded_positive_resistance_mean\": 0.10656167566776276, \"occluded_resistance_noise_corr\": -1.1594343263254814e-08, \"occluded_resistance_occlusion_corr\": 0.6111847758293152, \"occluded_risk_at_100_coverage\": 0.0947265625, \"occluded_risk_at_50_coverage\": 0.0, \"occluded_risk_at_70_coverage\": 0.0, \"occluded_risk_at_80_coverage\": 0.0, \"occluded_risk_at_90_coverage\": 0.01843816041946411, \"occluded_score_name\": \"positive_resistance\", \"occluded_selective_aurc\": 0.0056475186720490456, \"occluded_uncertainty_mean\": 0.10656167566776276, \"pooled_resistance_noise_corr\": NaN, \"pooled_resistance_occlusion_corr\": NaN, \"steps_run\": 200, \"total_train_time_sec\": 3.5889954566955566}",
  "mode": "uncertainty_benchmark",
  "model_class": "EMLPrototypeHeadCenteredAmbiguity",
  "model_name": "eml_centered_ambiguity",
  "noisy_accuracy": 0.986328125,
  "noisy_brier": 0.11349467933177948,
  "noisy_confidence_mean": 0.7187198400497437,
  "noisy_ece": 0.26868098974227905,
  "noisy_nll": 0.35368597507476807,
  "noisy_positive_resistance_mean": 0.00038154167123138905,
  "noisy_resistance_noise_corr": NaN,
  "noisy_resistance_occlusion_corr": NaN,
  "noisy_risk_at_100_coverage": 0.013671875,
  "noisy_risk_at_50_coverage": 0.0,
  "noisy_risk_at_70_coverage": 0.0,
  "noisy_risk_at_80_coverage": 0.0,
  "noisy_risk_at_90_coverage": 0.0,
  "noisy_score_name": "positive_resistance",
  "noisy_selective_aurc": 0.00015663850354030728,
  "noisy_uncertainty_mean": 0.00038154167123138905,
  "num_classes": 5,
  "num_params": 18002,
  "num_workers": 0,
  "occluded_accuracy": 0.9052734375,
  "occluded_brier": 0.1979253739118576,
  "occluded_confidence_mean": 0.6840651631355286,
  "occluded_ece": 0.22820374369621277,
  "occluded_nll": 0.5024086236953735,
  "occluded_positive_resistance_mean": 0.10656167566776276,
  "occluded_resistance_noise_corr": -1.1594343263254814e-08,
  "occluded_resistance_occlusion_corr": 0.6111847758293152,
  "occluded_risk_at_100_coverage": 0.0947265625,
  "occluded_risk_at_50_coverage": 0.0,
  "occluded_risk_at_70_coverage": 0.0,
  "occluded_risk_at_80_coverage": 0.0,
  "occluded_risk_at_90_coverage": 0.01843816041946411,
  "occluded_score_name": "positive_resistance",
  "occluded_selective_aurc": 0.0056475186720490456,
  "occluded_uncertainty_mean": 0.10656167566776276,
  "platform": "Linux-5.4.0-216-generic-x86_64-with-glibc2.31",
  "pooled_resistance_noise_corr": NaN,
  "pooled_resistance_occlusion_corr": NaN,
  "python_version": "3.10.20",
  "reason": "",
  "run_dir": "reports/uncertainty_remote_20260424_175558/runs/20260424_095547_uncertainty_synthetic_shape_eml_centered_ambiguity_seed1",
  "run_id": "uncertainty_synthetic_shape_eml_centered_ambiguity_seed1",
  "seed": 1,
  "status": "COMPLETED",
  "steps_run": 200,
  "task_name": "image_uncertainty_selective_classification",
  "test_size": 1024,
  "timestamp": "2026-04-24T09:55:50Z",
  "torch_version": "2.7.1+cu118",
  "torchvision_version": "0.22.1+cu118",
  "total_train_time_sec": 3.5889954566955566,
  "train_size": 4096,
  "trainable_params": 18002
}