{
  "batch_size": 32,
  "best_metric": 0.9921875,
  "best_step": 100,
  "best_val_accuracy": 0.9921875,
  "cuda_available": true,
  "dataset_name": "synthetic_evidence",
  "device": "cuda",
  "early_stop_triggered": false,
  "experiment_type": "frozen_features",
  "feature_dim": 64,
  "features_dir": "reports/head_ablation/features/synthetic_evidence_medium_seed0",
  "final_metric": 0.994140625,
  "final_train_accuracy": 1.0,
  "final_train_loss": 0.05254911258816719,
  "git_commit": "unknown",
  "hostname": "user-NF5468M6",
  "lr": 0.001,
  "metrics_json": "{\"best_metric\": 0.9921875, \"best_step\": 100, \"best_val_accuracy\": 0.9921875, \"early_stop_triggered\": false, \"final_metric\": 0.994140625, \"final_train_accuracy\": 1.0, \"final_train_loss\": 0.05254911258816719, \"steps_run\": 300, \"test_accuracy\": 0.994140625, \"test_ambiguity_mean\": -0.07888900488615036, \"test_brier\": 0.01114027202129364, \"test_class_resistance_mean\": 0.20266011357307434, \"test_conflict_resistance_corr\": NaN, \"test_ece\": 0.04573370888829231, \"test_hard_negative_drive_mean\": -13.536815643310547, \"test_hard_negative_logit_mean\": -0.40671616792678833, \"test_hard_negative_resistance_mean\": 4.230551719665527, \"test_loss\": 0.05464396998286247, \"test_margin_mean\": 3.052522659301758, \"test_nll\": 0.05464396998286247, \"test_positive_drive_mean\": 15.518266677856445, \"test_positive_logit_mean\": 2.645806312561035, \"test_positive_resistance_mean\": -1.1069700717926025, \"test_precision_mean\": NaN, \"test_resistance_noise_corr\": 0.09449635446071625, \"test_resistance_occlusion_corr\": 0.11644584685564041, \"test_sample_uncertainty_mean\": 1.4380197525024414, \"test_support_evidence_corr\": NaN, \"test_update_gate_mean\": NaN, \"total_train_time_sec\": 7.017297744750977, \"val_accuracy\": 0.9921875, \"val_ambiguity_mean\": -0.06881653517484665, \"val_brier\": 0.017076849937438965, \"val_class_resistance_mean\": 0.20266011357307434, \"val_conflict_resistance_corr\": NaN, \"val_ece\": 0.04419402778148651, \"val_hard_negative_drive_mean\": -13.223612785339355, \"val_hard_negative_logit_mean\": -0.3901166319847107, \"val_hard_negative_resistance_mean\": 4.1471076011657715, \"val_loss\": 0.06542755663394928, \"val_margin_mean\": 3.02335262298584, \"val_nll\": 0.06542755663394928, \"val_positive_drive_mean\": 15.226836204528809, \"val_positive_logit_mean\": 2.6332359313964844, \"val_positive_resistance_mean\": -1.0687239170074463, \"val_precision_mean\": NaN, \"val_resistance_noise_corr\": 0.08642552047967911, \"val_resistance_occlusion_corr\": 0.14229902625083923, \"val_sample_uncertainty_mean\": 1.405348300933838, \"val_support_evidence_corr\": NaN, \"val_update_gate_mean\": NaN}",
  "mode": "head_ablation",
  "model_class": "EMLPrototypeHeadRawAmbiguity",
  "model_name": "eml_raw_ambiguity",
  "num_classes": 2,
  "num_params": 17417,
  "pairwise_margin": 0.0,
  "pairwise_weight": 0.0,
  "platform": "Linux-5.4.0-216-generic-x86_64-with-glibc2.31",
  "python_version": "3.10.20",
  "reason": "",
  "run_dir": "reports/merc_synthetic_evidence/runs/20260425_031439_frozen_synthetic_evidence_eml_raw_ambiguity_seed0",
  "run_id": "frozen_synthetic_evidence_eml_raw_ambiguity_seed0",
  "seed": 0,
  "status": "COMPLETED",
  "steps": 300,
  "steps_run": 300,
  "task_name": "image_classification",
  "test_accuracy": 0.994140625,
  "test_ambiguity_mean": -0.07888900488615036,
  "test_brier": 0.01114027202129364,
  "test_class_resistance_mean": 0.20266011357307434,
  "test_conflict_resistance_corr": NaN,
  "test_ece": 0.04573370888829231,
  "test_hard_negative_drive_mean": -13.536815643310547,
  "test_hard_negative_logit_mean": -0.40671616792678833,
  "test_hard_negative_resistance_mean": 4.230551719665527,
  "test_loss": 0.05464396998286247,
  "test_margin_mean": 3.052522659301758,
  "test_nll": 0.05464396998286247,
  "test_positive_drive_mean": 15.518266677856445,
  "test_positive_logit_mean": 2.645806312561035,
  "test_positive_resistance_mean": -1.1069700717926025,
  "test_precision_mean": NaN,
  "test_resistance_noise_corr": 0.09449635446071625,
  "test_resistance_occlusion_corr": 0.11644584685564041,
  "test_sample_uncertainty_mean": 1.4380197525024414,
  "test_support_evidence_corr": NaN,
  "test_update_gate_mean": NaN,
  "timestamp": "2026-04-25T03:14:46Z",
  "torch_version": "2.7.1+cu118",
  "torchvision_version": "0.22.1+cu118",
  "total_train_time_sec": 7.017297744750977,
  "trainable_params": 17417,
  "val_accuracy": 0.9921875,
  "val_ambiguity_mean": -0.06881653517484665,
  "val_brier": 0.017076849937438965,
  "val_class_resistance_mean": 0.20266011357307434,
  "val_conflict_resistance_corr": NaN,
  "val_ece": 0.04419402778148651,
  "val_hard_negative_drive_mean": -13.223612785339355,
  "val_hard_negative_logit_mean": -0.3901166319847107,
  "val_hard_negative_resistance_mean": 4.1471076011657715,
  "val_loss": 0.06542755663394928,
  "val_margin_mean": 3.02335262298584,
  "val_nll": 0.06542755663394928,
  "val_positive_drive_mean": 15.226836204528809,
  "val_positive_logit_mean": 2.6332359313964844,
  "val_positive_resistance_mean": -1.0687239170074463,
  "val_precision_mean": NaN,
  "val_resistance_noise_corr": 0.08642552047967911,
  "val_resistance_occlusion_corr": 0.14229902625083923,
  "val_sample_uncertainty_mean": 1.405348300933838,
  "val_support_evidence_corr": NaN,
  "val_update_gate_mean": NaN
}