{
  "ambiguity_weight": NaN,
  "attractor_entropy_weight": NaN,
  "batch_size": 8,
  "best_metric": 0.42944785952568054,
  "bits_per_char": 4.599821494648447,
  "char_accuracy": 0.34296029806137085,
  "completed_steps": 177,
  "corruption_resistance_corr": -0.042513407766819,
  "cuda_available": false,
  "dataset_name": "SyntheticTextEnergyDataset",
  "device": "cpu",
  "early_stop": true,
  "early_stop_step": 177,
  "early_stop_triggered": true,
  "final_diagnostics": {
    "attractor_activation_mean": 0.7800194621086121,
    "attractor_activation_std": 0.08377833664417267,
    "attractor_diversity": 0.028966128826141357,
    "drive_mean": -0.6421295404434204,
    "drive_std": 1.9279955625534058,
    "energy_mean": -0.09904249012470245,
    "energy_std": 0.3837052881717682,
    "null_weight_mean": 0.37939363718032837,
    "null_weight_std": 0.37076014280319214,
    "resistance_mean": 1.7361950874328613,
    "resistance_std": 1.5657044649124146,
    "update_gate_mean": 0.06843112409114838,
    "update_gate_std": 0.043459657579660416,
    "update_strength_mean": 0.616156816482544,
    "update_strength_std": 0.3711877465248108
  },
  "final_metric": 0.34296029806137085,
  "final_train_accuracy": 0.34296029806137085,
  "final_train_loss": 3.1883533000946045,
  "git_commit": "9ce7b7d",
  "grad_norm": 1.396641492843628,
  "hostname": "Mac-mini.local",
  "learning_rate": 0.001,
  "metrics_json": "{\"ambiguity_weight\": NaN, \"attractor_entropy_weight\": NaN, \"best_metric\": 0.42944785952568054, \"bits_per_char\": 4.599821494648447, \"char_accuracy\": 0.34296029806137085, \"completed_steps\": 177, \"corruption_resistance_corr\": -0.042513407766819, \"early_stop_step\": 177, \"early_stop_triggered\": true, \"final_diagnostics\": {\"attractor_activation_mean\": 0.7800194621086121, \"attractor_activation_std\": 0.08377833664417267, \"attractor_diversity\": 0.028966128826141357, \"drive_mean\": -0.6421295404434204, \"drive_std\": 1.9279955625534058, \"energy_mean\": -0.09904249012470245, \"energy_std\": 0.3837052881717682, \"null_weight_mean\": 0.37939363718032837, \"null_weight_std\": 0.37076014280319214, \"resistance_mean\": 1.7361950874328613, \"resistance_std\": 1.5657044649124146, \"update_gate_mean\": 0.06843112409114838, \"update_gate_std\": 0.043459657579660416, \"update_strength_mean\": 0.616156816482544, \"update_strength_std\": 0.3711877465248108}, \"final_metric\": 0.34296029806137085, \"final_train_accuracy\": 0.34296029806137085, \"final_train_loss\": 3.1883533000946045, \"grad_norm\": 1.396641492843628, \"learning_rate\": 0.001, \"next_token_loss\": 3.1883533000946045, \"null_threshold\": NaN, \"peak_memory_mb\": 0.0, \"perplexity\": 24.24846460435353, \"precision_update_threshold\": NaN, \"responsibility_temperature\": NaN, \"step\": 177, \"step_time_sec\": 0.009270191192626953, \"token_accuracy\": 0.34296029806137085, \"tokens_per_sec\": 29880.721362069853, \"total_train_time_sec\": 2.843071937561035, \"train_loss\": 3.1883533000946045, \"wall_clock_time_sec\": 2.833984851837158, \"warmup_eta\": 0.59}",
  "min_delta": 0.01,
  "mode": "ablation",
  "model_name": "EfficientEMLTextEncoder",
  "next_token_loss": 3.1883533000946045,
  "null_threshold": NaN,
  "num_params": 92950,
  "num_workers": 0,
  "patience": 10,
  "peak_memory_mb": 0.0,
  "perplexity": 24.24846460435353,
  "platform": "macOS-15.1-arm64-arm-64bit",
  "precision_update_threshold": NaN,
  "python_version": "3.12.7",
  "reason": "",
  "responsibility_temperature": NaN,
  "run_dir": "reports/runs/20260505_123240_kan_compare_text_efficient_eml",
  "run_id": "kan_compare_text_efficient_eml",
  "seed": 12,
  "seq_len": 48,
  "status": "COMPLETED",
  "step": 177,
  "step_time_sec": 0.009270191192626953,
  "steps": 300,
  "task_name": "text_synthetic",
  "timestamp": "2026-05-05T12:32:42Z",
  "token_accuracy": 0.34296029806137085,
  "tokens_per_sec": 29880.721362069853,
  "torch_version": "2.10.0",
  "torchvision_version": "0.25.0",
  "total_train_time_sec": 2.843071937561035,
  "train_loss": 3.1883533000946045,
  "trainable_params": 92950,
  "wall_clock_time_sec": 2.833984851837158,
  "warmup_eta": 0.59
}