{
  "ambiguity_weight": NaN,
  "attractor_entropy_weight": NaN,
  "batch_size": 8,
  "best_metric": 0.375,
  "completed_steps": 4,
  "cuda_available": false,
  "dataset_name": "SyntheticShapeEnergyDataset",
  "device": "cpu",
  "early_stop": false,
  "early_stop_step": "",
  "early_stop_triggered": false,
  "examples_per_sec": 321.104261366355,
  "final_diagnostics": {
    "ambiguity_mean": 0.7636078000068665,
    "ambiguity_std": 0.6140426397323608,
    "ambiguity_weight_mean": 1.0,
    "ambiguity_weight_std": 0.0,
    "attractor_activation_mean": 0.9337958097457886,
    "attractor_activation_std": 6.113625568104908e-05,
    "attractor_diversity": 0.01890239305794239,
    "drive_mean": 0.014100058004260063,
    "drive_std": 0.05251361057162285,
    "energy_mean": -0.23546241223812103,
    "energy_std": 0.028311120346188545,
    "null_weight_mean": 0.1597428172826767,
    "null_weight_std": 0.0455072745680809,
    "prototype_diversity_penalty_mean": 0.05301724746823311,
    "prototype_diversity_penalty_std": 0.0,
    "resistance_mean": 1.3631786108016968,
    "resistance_std": 0.12045645713806152,
    "sample_uncertainty_mean": 0.692825198173523,
    "sample_uncertainty_std": 0.0,
    "update_gate_mean": 0.09137196838855743,
    "update_gate_std": 0.004592863377183676,
    "update_strength_mean": 0.8547105193138123,
    "update_strength_std": 0.03822897747159004
  },
  "final_metric": 0.25,
  "final_train_accuracy": 0.25,
  "final_train_loss": 1.6158926486968994,
  "git_commit": "19568db",
  "grad_norm": 1.767300009727478,
  "hostname": "BMW-Pro.local",
  "learning_rate": 0.001,
  "metrics_json": "{\"ambiguity_weight\": NaN, \"attractor_entropy_weight\": NaN, \"best_metric\": 0.375, \"completed_steps\": 4, \"early_stop_step\": \"\", \"early_stop_triggered\": false, \"examples_per_sec\": 321.104261366355, \"final_diagnostics\": {\"ambiguity_mean\": 0.7636078000068665, \"ambiguity_std\": 0.6140426397323608, \"ambiguity_weight_mean\": 1.0, \"ambiguity_weight_std\": 0.0, \"attractor_activation_mean\": 0.9337958097457886, \"attractor_activation_std\": 6.113625568104908e-05, \"attractor_diversity\": 0.01890239305794239, \"drive_mean\": 0.014100058004260063, \"drive_std\": 0.05251361057162285, \"energy_mean\": -0.23546241223812103, \"energy_std\": 0.028311120346188545, \"null_weight_mean\": 0.1597428172826767, \"null_weight_std\": 0.0455072745680809, \"prototype_diversity_penalty_mean\": 0.05301724746823311, \"prototype_diversity_penalty_std\": 0.0, \"resistance_mean\": 1.3631786108016968, \"resistance_std\": 0.12045645713806152, \"sample_uncertainty_mean\": 0.692825198173523, \"sample_uncertainty_std\": 0.0, \"update_gate_mean\": 0.09137196838855743, \"update_gate_std\": 0.004592863377183676, \"update_strength_mean\": 0.8547105193138123, \"update_strength_std\": 0.03822897747159004}, \"final_metric\": 0.25, \"final_train_accuracy\": 0.25, \"final_train_loss\": 1.6158926486968994, \"grad_norm\": 1.767300009727478, \"learning_rate\": 0.001, \"null_threshold\": NaN, \"peak_memory_mb\": 0.0, \"precision_update_threshold\": NaN, \"resistance_noise_corr\": -0.33736586570739746, \"resistance_occlusion_corr\": -0.5603407025337219, \"responsibility_temperature\": NaN, \"step\": 4, \"step_time_sec\": 0.024914026260375977, \"top1_accuracy\": 0.25, \"top5_accuracy\": 1.0, \"total_train_time_sec\": 0.1080780029296875, \"train_accuracy\": 0.25, \"train_loss\": 1.6158926486968994, \"wall_clock_time_sec\": 0.10690927505493164, \"warmup_eta\": 1.0}",
  "min_delta": 0.0001,
  "mode": "smoke",
  "model_name": "EfficientEMLImageClassifier_precision_identity",
  "null_threshold": NaN,
  "num_params": 115573,
  "num_workers": 0,
  "patience": 20,
  "peak_memory_mb": 0.0,
  "platform": "macOS-26.0-arm64-arm-64bit",
  "precision_update_threshold": NaN,
  "python_version": "3.12.12",
  "reason": "",
  "resistance_noise_corr": -0.33736586570739746,
  "resistance_occlusion_corr": -0.5603407025337219,
  "responsibility_temperature": NaN,
  "run_dir": "reports/image_representation_ablation/runs/20260424_085158_efficient_precision_identity_seed0",
  "run_id": "efficient_precision_identity_seed0",
  "seed": 0,
  "status": "COMPLETED",
  "step": 4,
  "step_time_sec": 0.024914026260375977,
  "steps": 4,
  "task_name": "image_synthetic",
  "timestamp": "2026-04-24T08:51:58Z",
  "top1_accuracy": 0.25,
  "top5_accuracy": 1.0,
  "torch_version": "2.10.0",
  "torchvision_version": "unavailable",
  "total_train_time_sec": 0.1080780029296875,
  "train_accuracy": 0.25,
  "train_loss": 1.6158926486968994,
  "trainable_params": 115573,
  "wall_clock_time_sec": 0.10690927505493164,
  "warmup_enabled": true,
  "warmup_eta": 1.0
}