drive_mean,drive_std,resistance_mean,resistance_std,energy_mean,energy_std
0.997719407081604,0.002231708960607648,1.9979784488677979,0.0019734716042876244,0.019940920174121857,0.0004800283059012145
