drive_mean,drive_std,resistance_mean,resistance_std,activation_gap
0.999672532081604,0.0001378856977680698,1.6015812158584595,0.4210093915462494,0.6038168668746948
