{
  "ambiguity_weight": 1.0,
  "attractor_entropy_weight": 0.0,
  "batch_size": 8,
  "best_metric": 0.13333334028720856,
  "bits_per_char": 6.307425884210317,
  "char_accuracy": 0.13333334028720856,
  "completed_steps": 4,
  "corruption_resistance_corr": 0.07532472163438797,
  "cuda_available": false,
  "dataset_name": "SyntheticTextEnergyDataset",
  "device": "cpu",
  "early_stop": false,
  "early_stop_step": "",
  "early_stop_triggered": false,
  "final_diagnostics": {
    "attractor_activation_mean": 0.7493926286697388,
    "attractor_activation_std": 0.09286605566740036,
    "attractor_diversity": 0.04129819944500923,
    "drive_mean": -0.024337762966752052,
    "drive_std": 0.37185564637184143,
    "energy_mean": -0.08813650161027908,
    "energy_std": 0.10301236808300018,
    "null_weight_mean": 0.4650481641292572,
    "null_weight_std": 0.3941531479358673,
    "resistance_mean": 1.6088054180145264,
    "resistance_std": 0.24141356348991394,
    "update_gate_mean": 0.05712145194411278,
    "update_gate_std": 0.04222359135746956,
    "update_strength_mean": 0.5302745699882507,
    "update_strength_std": 0.3934822082519531
  },
  "final_metric": 0.13333334028720856,
  "final_train_accuracy": 0.13333334028720856,
  "final_train_loss": 4.371974468231201,
  "git_commit": "19568db",
  "grad_norm": 1.3522228002548218,
  "hostname": "BMW-Pro.local",
  "learning_rate": 0.001,
  "metrics_json": "{\"ambiguity_weight\": 1.0, \"attractor_entropy_weight\": 0.0, \"best_metric\": 0.13333334028720856, \"bits_per_char\": 6.307425884210317, \"char_accuracy\": 0.13333334028720856, \"completed_steps\": 4, \"corruption_resistance_corr\": 0.07532472163438797, \"early_stop_step\": \"\", \"early_stop_triggered\": false, \"final_diagnostics\": {\"attractor_activation_mean\": 0.7493926286697388, \"attractor_activation_std\": 0.09286605566740036, \"attractor_diversity\": 0.04129819944500923, \"drive_mean\": -0.024337762966752052, \"drive_std\": 0.37185564637184143, \"energy_mean\": -0.08813650161027908, \"energy_std\": 0.10301236808300018, \"null_weight_mean\": 0.4650481641292572, \"null_weight_std\": 0.3941531479358673, \"resistance_mean\": 1.6088054180145264, \"resistance_std\": 0.24141356348991394, \"update_gate_mean\": 0.05712145194411278, \"update_gate_std\": 0.04222359135746956, \"update_strength_mean\": 0.5302745699882507, \"update_strength_std\": 0.3934822082519531}, \"final_metric\": 0.13333334028720856, \"final_train_accuracy\": 0.13333334028720856, \"final_train_loss\": 4.371974468231201, \"grad_norm\": 1.3522228002548218, \"learning_rate\": 0.001, \"next_token_loss\": 4.371974468231201, \"null_threshold\": 0.0, \"peak_memory_mb\": 0.0, \"perplexity\": 79.19985501746973, \"precision_update_threshold\": 0.0, \"responsibility_temperature\": 0.8, \"step\": 4, \"step_time_sec\": 0.00923299789428711, \"token_accuracy\": 0.13333334028720856, \"tokens_per_sec\": 25993.724112999018, \"total_train_time_sec\": 0.04970502853393555, \"train_loss\": 4.371974468231201, \"wall_clock_time_sec\": 0.0490419864654541, \"warmup_eta\": 1.0}",
  "min_delta": 0.0001,
  "mode": "smoke",
  "model_name": "EfficientEMLTextEncoder_best_text_config",
  "next_token_loss": 4.371974468231201,
  "null_threshold": 0.0,
  "num_params": 92950,
  "num_workers": 0,
  "patience": 20,
  "peak_memory_mb": 0.0,
  "perplexity": 79.19985501746973,
  "platform": "macOS-26.0-arm64-arm-64bit",
  "precision_update_threshold": 0.0,
  "python_version": "3.12.12",
  "reason": "",
  "responsibility_temperature": 0.8,
  "run_dir": "reports/text_representation_ablation/runs/20260424_085214_best_text_config_seed1",
  "run_id": "best_text_config_seed1",
  "seed": 1,
  "seq_len": 48,
  "status": "COMPLETED",
  "step": 4,
  "step_time_sec": 0.00923299789428711,
  "steps": 4,
  "task_name": "text_synthetic",
  "timestamp": "2026-04-24T08:52:14Z",
  "token_accuracy": 0.13333334028720856,
  "tokens_per_sec": 25993.724112999018,
  "torch_version": "2.10.0",
  "torchvision_version": "unavailable",
  "total_train_time_sec": 0.04970502853393555,
  "train_loss": 4.371974468231201,
  "trainable_params": 92950,
  "wall_clock_time_sec": 0.0490419864654541,
  "warmup_eta": 1.0
}