{
  "backbone_steps": 300,
  "batch_size": 64,
  "best_metric": 0.984375,
  "best_step": 150,
  "clean_accuracy": 0.9921875,
  "clean_brier": 0.014435592107474804,
  "clean_confidence_mean": 0.997842013835907,
  "clean_conflict_resistance_corr": NaN,
  "clean_conflict_score_mean": 0.8723664283752441,
  "clean_ece": 0.005654487758874893,
  "clean_nll": 0.043929100036621094,
  "clean_positive_resistance_mean": 0.0636025071144104,
  "clean_resistance_noise_corr": 3.3570706214902657e-09,
  "clean_resistance_occlusion_corr": NaN,
  "clean_risk_at_100_coverage": 0.0078125,
  "clean_risk_at_50_coverage": 0.002604186534881592,
  "clean_risk_at_70_coverage": 0.007434964179992676,
  "clean_risk_at_80_coverage": 0.006504058837890625,
  "clean_risk_at_90_coverage": 0.005780339241027832,
  "clean_score_name": "positive_resistance",
  "clean_selective_aurc": 0.0031433107797056437,
  "clean_support_score_mean": 1.9269437789916992,
  "clean_uncertainty_mean": 0.0636025071144104,
  "clean_vs_noisy_auroc": 0.530737578868866,
  "clean_vs_occluded_auroc": 0.5479990839958191,
  "condition_metrics_path": "reports/pluggable_primitive_real_20260427/frozen_runs/20260427_041419_uncertainty_synthetic_shape_merc_energy_seed1/uncertainty_eval.pt",
  "cuda_available": true,
  "dataset_name": "synthetic_shape",
  "device": "cuda",
  "early_stop_min_evals": 2,
  "early_stop_patience": 4,
  "early_stop_triggered": true,
  "eval_interval": 25,
  "experiment_type": "frozen_features_uncertainty",
  "feature_dim": 64,
  "final_metric": 0.9921875,
  "final_train_loss": 0.019760707393288612,
  "git_commit": "0c0b3db",
  "head_steps": 1200,
  "hostname": "user-NF5468M6",
  "metrics_json": "{\"best_metric\": 0.984375, \"best_step\": 150, \"clean_accuracy\": 0.9921875, \"clean_brier\": 0.014435592107474804, \"clean_confidence_mean\": 0.997842013835907, \"clean_conflict_resistance_corr\": NaN, \"clean_conflict_score_mean\": 0.8723664283752441, \"clean_ece\": 0.005654487758874893, \"clean_nll\": 0.043929100036621094, \"clean_positive_resistance_mean\": 0.0636025071144104, \"clean_resistance_noise_corr\": 3.3570706214902657e-09, \"clean_resistance_occlusion_corr\": NaN, \"clean_risk_at_100_coverage\": 0.0078125, \"clean_risk_at_50_coverage\": 0.002604186534881592, \"clean_risk_at_70_coverage\": 0.007434964179992676, \"clean_risk_at_80_coverage\": 0.006504058837890625, \"clean_risk_at_90_coverage\": 0.005780339241027832, \"clean_score_name\": \"positive_resistance\", \"clean_selective_aurc\": 0.0031433107797056437, \"clean_support_score_mean\": 1.9269437789916992, \"clean_uncertainty_mean\": 0.0636025071144104, \"clean_vs_noisy_auroc\": 0.530737578868866, \"clean_vs_occluded_auroc\": 0.5479990839958191, \"condition_metrics_path\": \"reports/pluggable_primitive_real_20260427/frozen_runs/20260427_041419_uncertainty_synthetic_shape_merc_energy_seed1/uncertainty_eval.pt\", \"early_stop_patience\": 4, \"early_stop_triggered\": true, \"final_metric\": 0.9921875, \"final_train_loss\": 0.019760707393288612, \"noisy_accuracy\": 0.9873046875, \"noisy_brier\": 0.024332687258720398, \"noisy_confidence_mean\": 0.9946457147598267, \"noisy_conflict_resistance_corr\": -1.024331730548056e-08, \"noisy_conflict_score_mean\": 0.8769538998603821, \"noisy_ece\": 0.011440115049481392, \"noisy_nll\": 0.07861000299453735, \"noisy_positive_resistance_mean\": 0.1775708943605423, \"noisy_resistance_noise_corr\": NaN, \"noisy_resistance_occlusion_corr\": NaN, \"noisy_risk_at_100_coverage\": 0.0126953125, \"noisy_risk_at_50_coverage\": 0.005859375, \"noisy_risk_at_70_coverage\": 0.005578815937042236, \"noisy_risk_at_80_coverage\": 0.004878044128417969, \"noisy_risk_at_90_coverage\": 0.006507575511932373, \"noisy_score_name\": \"positive_resistance\", \"noisy_selective_aurc\": 0.0034333516377955675, \"noisy_support_score_mean\": 2.034088134765625, \"noisy_uncertainty_mean\": 0.1775708943605423, \"occluded_accuracy\": 0.9013671875, \"occluded_brier\": 0.13879930973052979, \"occluded_confidence_mean\": 0.9503856301307678, \"occluded_conflict_resistance_corr\": -0.15108683705329895, \"occluded_conflict_score_mean\": 0.9034591317176819, \"occluded_ece\": 0.04929715022444725, \"occluded_nll\": 0.37245965003967285, \"occluded_positive_resistance_mean\": 0.9849268198013306, \"occluded_resistance_noise_corr\": -7.334640450551433e-09, \"occluded_resistance_occlusion_corr\": 0.4565657675266266, \"occluded_risk_at_100_coverage\": 0.0986328125, \"occluded_risk_at_50_coverage\": 0.017578125, \"occluded_risk_at_70_coverage\": 0.015341699123382568, \"occluded_risk_at_80_coverage\": 0.019512176513671875, \"occluded_risk_at_90_coverage\": 0.020607352256774902, \"occluded_score_name\": \"positive_resistance\", \"occluded_selective_aurc\": 0.015812808647751808, \"occluded_support_score_mean\": 1.7837213277816772, \"occluded_uncertainty_mean\": 0.9849268198013306, \"pooled_conflict_resistance_corr\": -0.04689676687121391, \"pooled_resistance_noise_corr\": -0.07938919216394424, \"pooled_resistance_occlusion_corr\": 0.42340680956840515, \"steps_run\": 250, \"total_train_time_sec\": 10.220678091049194}",
  "mode": "uncertainty_benchmark",
  "model_class": "MERCHeadClassEnergy",
  "model_name": "merc_energy",
  "noisy_accuracy": 0.9873046875,
  "noisy_brier": 0.024332687258720398,
  "noisy_confidence_mean": 0.9946457147598267,
  "noisy_conflict_resistance_corr": -1.024331730548056e-08,
  "noisy_conflict_score_mean": 0.8769538998603821,
  "noisy_ece": 0.011440115049481392,
  "noisy_nll": 0.07861000299453735,
  "noisy_positive_resistance_mean": 0.1775708943605423,
  "noisy_resistance_noise_corr": NaN,
  "noisy_resistance_occlusion_corr": NaN,
  "noisy_risk_at_100_coverage": 0.0126953125,
  "noisy_risk_at_50_coverage": 0.005859375,
  "noisy_risk_at_70_coverage": 0.005578815937042236,
  "noisy_risk_at_80_coverage": 0.004878044128417969,
  "noisy_risk_at_90_coverage": 0.006507575511932373,
  "noisy_score_name": "positive_resistance",
  "noisy_selective_aurc": 0.0034333516377955675,
  "noisy_support_score_mean": 2.034088134765625,
  "noisy_uncertainty_mean": 0.1775708943605423,
  "num_classes": 5,
  "num_params": 92222,
  "num_workers": 0,
  "occluded_accuracy": 0.9013671875,
  "occluded_brier": 0.13879930973052979,
  "occluded_confidence_mean": 0.9503856301307678,
  "occluded_conflict_resistance_corr": -0.15108683705329895,
  "occluded_conflict_score_mean": 0.9034591317176819,
  "occluded_ece": 0.04929715022444725,
  "occluded_nll": 0.37245965003967285,
  "occluded_positive_resistance_mean": 0.9849268198013306,
  "occluded_resistance_noise_corr": -7.334640450551433e-09,
  "occluded_resistance_occlusion_corr": 0.4565657675266266,
  "occluded_risk_at_100_coverage": 0.0986328125,
  "occluded_risk_at_50_coverage": 0.017578125,
  "occluded_risk_at_70_coverage": 0.015341699123382568,
  "occluded_risk_at_80_coverage": 0.019512176513671875,
  "occluded_risk_at_90_coverage": 0.020607352256774902,
  "occluded_score_name": "positive_resistance",
  "occluded_selective_aurc": 0.015812808647751808,
  "occluded_support_score_mean": 1.7837213277816772,
  "occluded_uncertainty_mean": 0.9849268198013306,
  "platform": "Linux-5.4.0-216-generic-x86_64-with-glibc2.31",
  "pooled_conflict_resistance_corr": -0.04689676687121391,
  "pooled_resistance_noise_corr": -0.07938919216394424,
  "pooled_resistance_occlusion_corr": 0.42340680956840515,
  "python_version": "3.10.20",
  "reason": "",
  "run_dir": "reports/pluggable_primitive_real_20260427/frozen_runs/20260427_041419_uncertainty_synthetic_shape_merc_energy_seed1",
  "run_id": "uncertainty_synthetic_shape_merc_energy_seed1",
  "seed": 1,
  "selected_heads": [
    "linear",
    "mlp",
    "cosine_prototype",
    "eml_no_ambiguity",
    "eml_centered_ambiguity",
    "eml_supervised_resistance",
    "merc_linear",
    "merc_energy"
  ],
  "status": "COMPLETED",
  "steps_run": 250,
  "task_name": "image_uncertainty_selective_classification",
  "test_size": 1024,
  "timestamp": "2026-04-27T04:14:29Z",