{
  "batch_size": 64,
  "best_metric": 0.4765625,
  "best_step": 300,
  "best_val_accuracy": 0.4765625,
  "cuda_available": true,
  "dataset_name": "cifar10",
  "device": "cuda",
  "early_stop_triggered": false,
  "experiment_type": "end_to_end",
  "feature_dim": 64,
  "final_metric": 0.458984375,
  "final_train_accuracy": 0.578125,
  "final_train_loss": 1.2611788511276245,
  "git_commit": "unknown",
  "head_name": "eml_centered_ambiguity",
  "hostname": "user-NF5468M6",
  "loss_mode": "ce",
  "lr": 0.001,
  "metrics_json": "{\"best_metric\": 0.4765625, \"best_step\": 300, \"best_val_accuracy\": 0.4765625, \"early_stop_triggered\": false, \"final_metric\": 0.458984375, \"final_train_accuracy\": 0.578125, \"final_train_loss\": 1.2611788511276245, \"steps_run\": 300, \"test_accuracy\": 0.458984375, \"test_ambiguity_mean\": 1.1855900287628174, \"test_brier\": 0.6966800689697266, \"test_class_resistance_mean\": 0.20011000335216522, \"test_ece\": 0.05805974081158638, \"test_hard_negative_drive_mean\": 6.406275749206543, \"test_hard_negative_logit_mean\": 2.2299304008483887, \"test_hard_negative_resistance_mean\": 1.0456771850585938, \"test_loss\": 1.5702309608459473, \"test_margin_mean\": -0.4131648540496826, \"test_nll\": 1.5702309608459473, \"test_positive_drive_mean\": 5.327239513397217, \"test_positive_logit_mean\": 1.816765546798706, \"test_positive_resistance_mean\": 0.9910358190536499, \"test_resistance_noise_corr\": NaN, \"test_resistance_occlusion_corr\": NaN, \"test_sample_uncertainty_mean\": 0.0007970776059664786, \"total_train_time_sec\": 16.61708426475525, \"val_accuracy\": 0.4765625, \"val_ambiguity_mean\": 1.1916873455047607, \"val_brier\": 0.6748179197311401, \"val_class_resistance_mean\": 0.20011000335216522, \"val_ece\": 0.07928526401519775, \"val_hard_negative_drive_mean\": 6.3702616691589355, \"val_hard_negative_logit_mean\": 2.229407548904419, \"val_hard_negative_resistance_mean\": 1.079972743988037, \"val_loss\": 1.4936566352844238, \"val_margin_mean\": -0.3161501884460449, \"val_nll\": 1.4936566352844238, \"val_positive_drive_mean\": 5.491767883300781, \"val_positive_logit_mean\": 1.913257360458374, \"val_positive_resistance_mean\": 0.9707229137420654, \"val_resistance_noise_corr\": NaN, \"val_resistance_occlusion_corr\": NaN, \"val_sample_uncertainty_mean\": 0.0006460534641519189}",
  "mode": "head_ablation",
  "model_class": "CNNHeadModel",
  "model_name": "eml_bank_centered_ambiguity",
  "num_classes": 10,
  "num_params": 221443,
  "pairwise_margin": 0.0,
  "pairwise_weight": 0.0,
  "platform": "Linux-5.4.0-216-generic-x86_64-with-glibc2.31",
  "python_version": "3.10.20",
  "reason": "",
  "run_dir": "reports/merc_end_to_end/runs/20260425_031034_e2e_cifar10_eml_bank_centered_ambiguity_ce_seed1",
  "run_id": "e2e_cifar10_eml_bank_centered_ambiguity_ce_seed1",
  "seed": 1,
  "status": "COMPLETED",
  "steps": 300,
  "steps_run": 300,
  "task_name": "image_classification",
  "test_accuracy": 0.458984375,
  "test_ambiguity_mean": 1.1855900287628174,
  "test_brier": 0.6966800689697266,
  "test_class_resistance_mean": 0.20011000335216522,
  "test_ece": 0.05805974081158638,
  "test_hard_negative_drive_mean": 6.406275749206543,
  "test_hard_negative_logit_mean": 2.2299304008483887,
  "test_hard_negative_resistance_mean": 1.0456771850585938,
  "test_loss": 1.5702309608459473,
  "test_margin_mean": -0.4131648540496826,
  "test_nll": 1.5702309608459473,
  "test_positive_drive_mean": 5.327239513397217,
  "test_positive_logit_mean": 1.816765546798706,
  "test_positive_resistance_mean": 0.9910358190536499,
  "test_resistance_noise_corr": NaN,
  "test_resistance_occlusion_corr": NaN,
  "test_sample_uncertainty_mean": 0.0007970776059664786,
  "timestamp": "2026-04-25T03:10:50Z",
  "torch_version": "2.7.1+cu118",
  "torchvision_version": "0.22.1+cu118",
  "total_train_time_sec": 16.61708426475525,
  "trainable_params": 221443,
  "use_eml_residual_bank": true,
  "use_merc_block": false,
  "val_accuracy": 0.4765625,
  "val_ambiguity_mean": 1.1916873455047607,
  "val_brier": 0.6748179197311401,
  "val_class_resistance_mean": 0.20011000335216522,
  "val_ece": 0.07928526401519775,
  "val_hard_negative_drive_mean": 6.3702616691589355,
  "val_hard_negative_logit_mean": 2.229407548904419,
  "val_hard_negative_resistance_mean": 1.079972743988037,
  "val_loss": 1.4936566352844238,
  "val_margin_mean": -0.3161501884460449,
  "val_nll": 1.4936566352844238,
  "val_positive_drive_mean": 5.491767883300781,
  "val_positive_logit_mean": 1.913257360458374,
  "val_positive_resistance_mean": 0.9707229137420654,
  "val_resistance_noise_corr": NaN,
  "val_resistance_occlusion_corr": NaN,
  "val_sample_uncertainty_mean": 0.0006460534641519189
}