{
  "batch_size": 64,
  "best_metric": 0.45703125,
  "best_step": 198,
  "best_val_accuracy": 0.45703125,
  "cuda_available": true,
  "dataset_name": "cifar10",
  "device": "cuda",
  "experiment_type": "end_to_end",
  "feature_dim": 64,
  "final_metric": 0.474609375,
  "final_train_accuracy": 0.453125,
  "final_train_loss": 1.4382061958312988,
  "git_commit": "unknown",
  "head_name": "eml_no_ambiguity",
  "hostname": "user-NF5468M6",
  "loss_mode": "ce_pairwise",
  "lr": 0.001,
  "metrics_json": "{\"best_metric\": 0.45703125, \"best_step\": 198, \"best_val_accuracy\": 0.45703125, \"final_metric\": 0.474609375, \"final_train_accuracy\": 0.453125, \"final_train_loss\": 1.4382061958312988, \"test_accuracy\": 0.474609375, \"test_ambiguity_mean\": 0.0, \"test_brier\": 0.6964116096496582, \"test_class_resistance_mean\": 0.20060311257839203, \"test_ece\": 0.15286684036254883, \"test_hard_negative_drive_mean\": 6.475930690765381, \"test_hard_negative_logit_mean\": 2.020857334136963, \"test_hard_negative_resistance_mean\": 2.24857759475708, \"test_loss\": 1.5484827756881714, \"test_margin_mean\": -0.29736000299453735, \"test_nll\": 1.5484827756881714, \"test_positive_drive_mean\": 5.592790603637695, \"test_positive_logit_mean\": 1.7234972715377808, \"test_positive_resistance_mean\": 2.2481064796447754, \"test_resistance_noise_corr\": NaN, \"test_resistance_occlusion_corr\": NaN, \"test_sample_uncertainty_mean\": 2.047480583190918, \"total_train_time_sec\": 6.061052322387695, \"val_accuracy\": 0.4453125, \"val_ambiguity_mean\": 0.0, \"val_brier\": 0.6875860095024109, \"val_class_resistance_mean\": 0.20060311257839203, \"val_ece\": 0.10069659352302551, \"val_hard_negative_drive_mean\": 6.619514465332031, \"val_hard_negative_logit_mean\": 2.0576348304748535, \"val_hard_negative_resistance_mean\": 2.21754789352417, \"val_loss\": 1.5095341205596924, \"val_margin_mean\": -0.2736301124095917, \"val_nll\": 1.5095341205596924, \"val_positive_drive_mean\": 5.771229267120361, \"val_positive_logit_mean\": 1.7840046882629395, \"val_positive_resistance_mean\": 2.2174177169799805, \"val_resistance_noise_corr\": NaN, \"val_resistance_occlusion_corr\": NaN, \"val_sample_uncertainty_mean\": 2.01678466796875}",
  "mode": "head_ablation",
  "model_class": "CNNHeadModel",
  "model_name": "eml_no_ambiguity",
  "num_classes": 10,
  "num_params": 167233,
  "pairwise_margin": 0.0,
  "pairwise_weight": 0.05,
  "platform": "Linux-5.4.0-216-generic-x86_64-with-glibc2.31",
  "python_version": "3.10.20",
  "reason": "",
  "run_dir": "reports/head_ablation/runs/20260424_082946_e2e_cifar10_eml_no_ambiguity_ce_pairwise_seed2",
  "run_id": "e2e_cifar10_eml_no_ambiguity_ce_pairwise_seed2",
  "seed": 2,
  "status": "COMPLETED",
  "steps": 200,
  "task_name": "image_classification",
  "test_accuracy": 0.474609375,
  "test_ambiguity_mean": 0.0,
  "test_brier": 0.6964116096496582,
  "test_class_resistance_mean": 0.20060311257839203,
  "test_ece": 0.15286684036254883,
  "test_hard_negative_drive_mean": 6.475930690765381,
  "test_hard_negative_logit_mean": 2.020857334136963,
  "test_hard_negative_resistance_mean": 2.24857759475708,
  "test_loss": 1.5484827756881714,
  "test_margin_mean": -0.29736000299453735,
  "test_nll": 1.5484827756881714,
  "test_positive_drive_mean": 5.592790603637695,
  "test_positive_logit_mean": 1.7234972715377808,
  "test_positive_resistance_mean": 2.2481064796447754,
  "test_resistance_noise_corr": NaN,
  "test_resistance_occlusion_corr": NaN,
  "test_sample_uncertainty_mean": 2.047480583190918,
  "timestamp": "2026-04-24T08:29:53Z",
  "torch_version": "2.7.1+cu118",
  "torchvision_version": "0.22.1+cu118",
  "total_train_time_sec": 6.061052322387695,
  "trainable_params": 167233,
  "use_eml_residual_bank": false,
  "val_accuracy": 0.4453125,
  "val_ambiguity_mean": 0.0,
  "val_brier": 0.6875860095024109,
  "val_class_resistance_mean": 0.20060311257839203,
  "val_ece": 0.10069659352302551,
  "val_hard_negative_drive_mean": 6.619514465332031,
  "val_hard_negative_logit_mean": 2.0576348304748535,
  "val_hard_negative_resistance_mean": 2.21754789352417,
  "val_loss": 1.5095341205596924,
  "val_margin_mean": -0.2736301124095917,
  "val_nll": 1.5095341205596924,
  "val_positive_drive_mean": 5.771229267120361,
  "val_positive_logit_mean": 1.7840046882629395,
  "val_positive_resistance_mean": 2.2174177169799805,
  "val_resistance_noise_corr": NaN,
  "val_resistance_occlusion_corr": NaN,
  "val_sample_uncertainty_mean": 2.01678466796875
}