{
  "batch_size": 8,
  "best_metric": 0.375,
  "completed_steps": 4,
  "cuda_available": false,
  "dataset_name": "SyntheticShapeEnergyDataset",
  "device": "cpu",
  "early_stop": false,
  "early_stop_step": "",
  "early_stop_triggered": false,
  "examples_per_sec": 368.7664933894561,
  "final_diagnostics": {
    "ambiguity_mean": -0.028310980647802353,
    "ambiguity_std": 0.17897281050682068,
    "ambiguity_weight_mean": 1.0,
    "ambiguity_weight_std": 0.0,
    "attractor_activation_mean": 0.9338411092758179,
    "attractor_activation_std": 3.0977804271969944e-05,
    "attractor_diversity": 0.0833219662308693,
    "drive_mean": -0.0051824008114635944,
    "drive_std": 0.0330684669315815,
    "energy_mean": -0.24114462733268738,
    "energy_std": 0.025434326380491257,
    "null_weight_mean": 0.16009819507598877,
    "null_weight_std": 0.04520410671830177,
    "prototype_diversity_penalty_mean": 0.028341019526124,
    "prototype_diversity_penalty_std": 0.0,
    "resistance_mean": 1.365376353263855,
    "resistance_std": 0.11924933642148972,
    "sample_uncertainty_mean": 0.6940243244171143,
    "sample_uncertainty_std": 0.0,
    "update_gate_mean": 0.090866319835186,
    "update_gate_std": 0.004682518076151609,
    "update_strength_mean": 0.8540259599685669,
    "update_strength_std": 0.038430340588092804
  },
  "final_metric": 0.125,
  "final_train_accuracy": 0.125,
  "final_train_loss": 1.6323421001434326,
  "git_commit": "19568db",
  "grad_norm": 2.1917707920074463,
  "hostname": "BMW-Pro.local",
  "learning_rate": 0.001,
  "metrics_json": "{\"best_metric\": 0.375, \"completed_steps\": 4, \"early_stop_step\": \"\", \"early_stop_triggered\": false, \"examples_per_sec\": 368.7664933894561, \"final_diagnostics\": {\"ambiguity_mean\": -0.028310980647802353, \"ambiguity_std\": 0.17897281050682068, \"ambiguity_weight_mean\": 1.0, \"ambiguity_weight_std\": 0.0, \"attractor_activation_mean\": 0.9338411092758179, \"attractor_activation_std\": 3.0977804271969944e-05, \"attractor_diversity\": 0.0833219662308693, \"drive_mean\": -0.0051824008114635944, \"drive_std\": 0.0330684669315815, \"energy_mean\": -0.24114462733268738, \"energy_std\": 0.025434326380491257, \"null_weight_mean\": 0.16009819507598877, \"null_weight_std\": 0.04520410671830177, \"prototype_diversity_penalty_mean\": 0.028341019526124, \"prototype_diversity_penalty_std\": 0.0, \"resistance_mean\": 1.365376353263855, \"resistance_std\": 0.11924933642148972, \"sample_uncertainty_mean\": 0.6940243244171143, \"sample_uncertainty_std\": 0.0, \"update_gate_mean\": 0.090866319835186, \"update_gate_std\": 0.004682518076151609, \"update_strength_mean\": 0.8540259599685669, \"update_strength_std\": 0.038430340588092804}, \"final_metric\": 0.125, \"final_train_accuracy\": 0.125, \"final_train_loss\": 1.6323421001434326, \"grad_norm\": 2.1917707920074463, \"learning_rate\": 0.001, \"peak_memory_mb\": 0.0, \"resistance_noise_corr\": -0.36321043968200684, \"resistance_occlusion_corr\": 0.6840226054191589, \"step\": 4, \"step_time_sec\": 0.021693944931030273, \"top1_accuracy\": 0.125, \"top5_accuracy\": 1.0, \"total_train_time_sec\": 0.10023188591003418, \"train_accuracy\": 0.125, \"train_loss\": 1.6323421001434326, \"wall_clock_time_sec\": 0.09957361221313477}",
  "min_delta": 0.0001,
  "mode": "ablation",
  "model_name": "EfficientEMLImageClassifier_no_warmup",
  "num_params": 115573,
  "num_workers": 0,
  "patience": 20,
  "peak_memory_mb": 0.0,
  "platform": "macOS-26.0-arm64-arm-64bit",
  "python_version": "3.12.12",
  "reason": "",
  "resistance_noise_corr": -0.36321043968200684,
  "resistance_occlusion_corr": 0.6840226054191589,
  "run_dir": "reports/runs/stabilization_ablation_cpu/20260424_074900_ablation_image_eff_no_warmup",
  "run_id": "ablation_image_eff_no_warmup",
  "seed": 36,
  "status": "COMPLETED",
  "step": 4,
  "step_time_sec": 0.021693944931030273,
  "steps": 4,
  "task_name": "image_synthetic",
  "timestamp": "2026-04-24T07:49:00Z",
  "top1_accuracy": 0.125,
  "top5_accuracy": 1.0,
  "torch_version": "2.10.0",
  "torchvision_version": "unavailable",
  "total_train_time_sec": 0.10023188591003418,
  "train_accuracy": 0.125,
  "train_loss": 1.6323421001434326,
  "trainable_params": 115573,
  "wall_clock_time_sec": 0.09957361221313477,
  "warmup_enabled": false
}