{
  "batch_size": 64,
  "best_metric": 0.39453125,
  "best_step": 300,
  "best_val_accuracy": 0.39453125,
  "cuda_available": true,
  "dataset_name": "cifar10",
  "device": "cuda",
  "early_stop_triggered": false,
  "experiment_type": "end_to_end",
  "feature_dim": 64,
  "final_metric": 0.419921875,
  "final_train_accuracy": 0.640625,
  "final_train_loss": 1.2351634502410889,
  "git_commit": "unknown",
  "head_name": "eml_centered_ambiguity",
  "hostname": "user-NF5468M6",
  "loss_mode": "ce",
  "lr": 0.001,
  "metrics_json": "{\"best_metric\": 0.39453125, \"best_step\": 300, \"best_val_accuracy\": 0.39453125, \"early_stop_triggered\": false, \"final_metric\": 0.419921875, \"final_train_accuracy\": 0.640625, \"final_train_loss\": 1.2351634502410889, \"steps_run\": 300, \"test_accuracy\": 0.419921875, \"test_ambiguity_mean\": 1.0929324626922607, \"test_brier\": 0.7380221486091614, \"test_class_resistance_mean\": 0.20010137557983398, \"test_ece\": 0.06000622361898422, \"test_hard_negative_drive_mean\": 5.982265472412109, \"test_hard_negative_logit_mean\": 2.2433974742889404, \"test_hard_negative_resistance_mean\": 0.9217045307159424, \"test_loss\": 1.7060658931732178, \"test_margin_mean\": -0.5175085067749023, \"test_nll\": 1.7060658931732178, \"test_positive_drive_mean\": 4.546726226806641, \"test_positive_logit_mean\": 1.7258888483047485, \"test_positive_resistance_mean\": 0.9638146162033081, \"test_resistance_noise_corr\": NaN, \"test_resistance_occlusion_corr\": NaN, \"test_sample_uncertainty_mean\": 0.0007217483362182975, \"total_train_time_sec\": 16.312241315841675, \"val_accuracy\": 0.39453125, \"val_ambiguity_mean\": 1.062408447265625, \"val_brier\": 0.7470395565032959, \"val_class_resistance_mean\": 0.20010137557983398, \"val_ece\": 0.03965747356414795, \"val_hard_negative_drive_mean\": 5.912137985229492, \"val_hard_negative_logit_mean\": 2.225724935531616, \"val_hard_negative_resistance_mean\": 0.8989332914352417, \"val_loss\": 1.7270234823226929, \"val_margin_mean\": -0.5312986373901367, \"val_nll\": 1.7270234823226929, \"val_positive_drive_mean\": 4.373884201049805, \"val_positive_logit_mean\": 1.6944262981414795, \"val_positive_resistance_mean\": 0.952502965927124, \"val_resistance_noise_corr\": NaN, \"val_resistance_occlusion_corr\": NaN, \"val_sample_uncertainty_mean\": 0.0008101038401946425}",
  "mode": "head_ablation",
  "model_class": "CNNHeadModel",
  "model_name": "eml_bank_centered_ambiguity",
  "num_classes": 10,
  "num_params": 221443,
  "pairwise_margin": 0.0,
  "pairwise_weight": 0.0,
  "platform": "Linux-5.4.0-216-generic-x86_64-with-glibc2.31",
  "python_version": "3.10.20",
  "reason": "",
  "run_dir": "reports/merc_end_to_end/runs/20260425_030755_e2e_cifar10_eml_bank_centered_ambiguity_ce_seed0",
  "run_id": "e2e_cifar10_eml_bank_centered_ambiguity_ce_seed0",
  "seed": 0,
  "status": "COMPLETED",
  "steps": 300,
  "steps_run": 300,
  "task_name": "image_classification",
  "test_accuracy": 0.419921875,
  "test_ambiguity_mean": 1.0929324626922607,
  "test_brier": 0.7380221486091614,
  "test_class_resistance_mean": 0.20010137557983398,
  "test_ece": 0.06000622361898422,
  "test_hard_negative_drive_mean": 5.982265472412109,
  "test_hard_negative_logit_mean": 2.2433974742889404,
  "test_hard_negative_resistance_mean": 0.9217045307159424,
  "test_loss": 1.7060658931732178,
  "test_margin_mean": -0.5175085067749023,
  "test_nll": 1.7060658931732178,
  "test_positive_drive_mean": 4.546726226806641,
  "test_positive_logit_mean": 1.7258888483047485,
  "test_positive_resistance_mean": 0.9638146162033081,
  "test_resistance_noise_corr": NaN,
  "test_resistance_occlusion_corr": NaN,
  "test_sample_uncertainty_mean": 0.0007217483362182975,
  "timestamp": "2026-04-25T03:08:11Z",
  "torch_version": "2.7.1+cu118",
  "torchvision_version": "0.22.1+cu118",
  "total_train_time_sec": 16.312241315841675,
  "trainable_params": 221443,
  "use_eml_residual_bank": true,
  "use_merc_block": false,
  "val_accuracy": 0.39453125,
  "val_ambiguity_mean": 1.062408447265625,
  "val_brier": 0.7470395565032959,
  "val_class_resistance_mean": 0.20010137557983398,
  "val_ece": 0.03965747356414795,
  "val_hard_negative_drive_mean": 5.912137985229492,
  "val_hard_negative_logit_mean": 2.225724935531616,
  "val_hard_negative_resistance_mean": 0.8989332914352417,
  "val_loss": 1.7270234823226929,
  "val_margin_mean": -0.5312986373901367,
  "val_nll": 1.7270234823226929,
  "val_positive_drive_mean": 4.373884201049805,
  "val_positive_logit_mean": 1.6944262981414795,
  "val_positive_resistance_mean": 0.952502965927124,
  "val_resistance_noise_corr": NaN,
  "val_resistance_occlusion_corr": NaN,
  "val_sample_uncertainty_mean": 0.0008101038401946425
}