{
  "batch_size": 32,
  "best_metric": 0.1953125,
  "best_step": 10,
  "best_val_accuracy": 0.1953125,
  "cuda_available": false,
  "dataset_name": "synthetic_shape",
  "device": "cpu",
  "experiment_type": "frozen_features",
  "feature_dim": 64,
  "features_dir": "reports/head_ablation/features/synthetic_shape_smoke_seed1",
  "final_metric": 0.203125,
  "final_train_accuracy": 0.1875,
  "final_train_loss": 1.6141434907913208,
  "git_commit": "19568db",
  "hostname": "BMW-Pro.local",
  "lr": 0.001,
  "metrics_json": "{\"best_metric\": 0.1953125, \"best_step\": 10, \"best_val_accuracy\": 0.1953125, \"final_metric\": 0.203125, \"final_train_accuracy\": 0.1875, \"final_train_loss\": 1.6141434907913208, \"test_accuracy\": 0.203125, \"test_ambiguity_mean\": 1.0461761951446533, \"test_brier\": 0.7998402118682861, \"test_class_resistance_mean\": 0.20014716684818268, \"test_ece\": 0.010856419801712036, \"test_hard_negative_drive_mean\": 0.1970120668411255, \"test_hard_negative_logit_mean\": -0.029204852879047394, \"test_hard_negative_resistance_mean\": 1.8648970127105713, \"test_loss\": 1.609025239944458, \"test_margin_mean\": -0.058236945420503616, \"test_nll\": 1.609025239944458, \"test_positive_drive_mean\": -0.42339539527893066, \"test_positive_logit_mean\": -0.08744179457426071, \"test_positive_resistance_mean\": 2.013967275619507, \"test_resistance_noise_corr\": -0.016479939222335815, \"test_resistance_occlusion_corr\": 0.12083400040864944, \"test_sample_uncertainty_mean\": 0.7720929384231567, \"total_train_time_sec\": 0.08033204078674316, \"val_accuracy\": 0.1875, \"val_ambiguity_mean\": 1.0456701517105103, \"val_brier\": 0.8009032011032104, \"val_class_resistance_mean\": 0.20014716684818268, \"val_ece\": 0.02645222842693329, \"val_hard_negative_drive_mean\": 0.20131242275238037, \"val_hard_negative_logit_mean\": -0.028644928708672523, \"val_hard_negative_resistance_mean\": 1.8631622791290283, \"val_loss\": 1.611652135848999, \"val_margin_mean\": -0.06145228445529938, \"val_nll\": 1.611652135848999, \"val_positive_drive_mean\": -0.46407070755958557, \"val_positive_logit_mean\": -0.09009721875190735, \"val_positive_resistance_mean\": 2.0233359336853027, \"val_resistance_noise_corr\": -0.00913216546177864, \"val_resistance_occlusion_corr\": 0.10526718199253082, \"val_sample_uncertainty_mean\": 0.772108256816864}",
  "mode": "head_ablation",
  "model_class": "EMLPrototypeHeadRawAmbiguity",
  "model_name": "eml_raw_ambiguity",
  "num_classes": 5,
  "num_params": 18002,
  "pairwise_margin": 0.0,
  "pairwise_weight": 0.0,
  "platform": "macOS-26.0-arm64-arm-64bit",
  "python_version": "3.12.12",
  "reason": "",
  "run_dir": "reports/head_ablation/runs/20260424_085044_frozen_synthetic_shape_eml_raw_ambiguity_seed1",
  "run_id": "frozen_synthetic_shape_eml_raw_ambiguity_seed1",
  "seed": 1,
  "status": "COMPLETED",
  "steps": 30,
  "task_name": "image_classification",
  "test_accuracy": 0.203125,
  "test_ambiguity_mean": 1.0461761951446533,
  "test_brier": 0.7998402118682861,
  "test_class_resistance_mean": 0.20014716684818268,
  "test_ece": 0.010856419801712036,
  "test_hard_negative_drive_mean": 0.1970120668411255,
  "test_hard_negative_logit_mean": -0.029204852879047394,
  "test_hard_negative_resistance_mean": 1.8648970127105713,
  "test_loss": 1.609025239944458,
  "test_margin_mean": -0.058236945420503616,
  "test_nll": 1.609025239944458,
  "test_positive_drive_mean": -0.42339539527893066,
  "test_positive_logit_mean": -0.08744179457426071,
  "test_positive_resistance_mean": 2.013967275619507,
  "test_resistance_noise_corr": -0.016479939222335815,
  "test_resistance_occlusion_corr": 0.12083400040864944,
  "test_sample_uncertainty_mean": 0.7720929384231567,
  "timestamp": "2026-04-24T08:50:44Z",
  "torch_version": "2.10.0",
  "torchvision_version": "unavailable",
  "total_train_time_sec": 0.08033204078674316,
  "trainable_params": 18002,
  "val_accuracy": 0.1875,
  "val_ambiguity_mean": 1.0456701517105103,
  "val_brier": 0.8009032011032104,
  "val_class_resistance_mean": 0.20014716684818268,
  "val_ece": 0.02645222842693329,
  "val_hard_negative_drive_mean": 0.20131242275238037,
  "val_hard_negative_logit_mean": -0.028644928708672523,
  "val_hard_negative_resistance_mean": 1.8631622791290283,
  "val_loss": 1.611652135848999,
  "val_margin_mean": -0.06145228445529938,
  "val_nll": 1.611652135848999,
  "val_positive_drive_mean": -0.46407070755958557,
  "val_positive_logit_mean": -0.09009721875190735,
  "val_positive_resistance_mean": 2.0233359336853027,
  "val_resistance_noise_corr": -0.00913216546177864,
  "val_resistance_occlusion_corr": 0.10526718199253082,
  "val_sample_uncertainty_mean": 0.772108256816864
}