{
  "backbone_steps": 40,
  "batch_size": 32,
  "best_metric": 0.3515625,
  "best_step": 40,
  "clean_accuracy": 0.359375,
  "clean_brier": 0.7038566470146179,
  "clean_confidence_mean": 0.30646491050720215,
  "clean_ece": 0.19576102495193481,
  "clean_nll": 1.3921139240264893,
  "clean_positive_resistance_mean": 0.8900353908538818,
  "clean_resistance_noise_corr": 1.7755495491655893e-06,
  "clean_resistance_occlusion_corr": NaN,
  "clean_risk_at_100_coverage": 0.640625,
  "clean_risk_at_50_coverage": 0.640625,
  "clean_risk_at_70_coverage": 0.6888889074325562,
  "clean_risk_at_80_coverage": 0.6796116828918457,
  "clean_risk_at_90_coverage": 0.6896551847457886,
  "clean_score_name": "positive_resistance",
  "clean_selective_aurc": 0.4915444850921631,
  "clean_uncertainty_mean": 0.8900353908538818,
  "clean_vs_noisy_auroc": 0.524169921875,
  "clean_vs_occluded_auroc": 0.450347900390625,
  "condition_metrics_path": "reports/pluggable_primitive_smoke/frozen_runs/20260427_035710_uncertainty_synthetic_shape_eml_no_ambiguity_seed0/uncertainty_eval.pt",
  "cuda_available": false,
  "dataset_name": "synthetic_shape",
  "device": "cpu",
  "early_stop_min_evals": 2,
  "early_stop_patience": 4,
  "early_stop_triggered": false,
  "eval_interval": 10,
  "experiment_type": "frozen_features_uncertainty",
  "feature_dim": 64,
  "final_metric": 0.359375,
  "final_train_loss": 1.481245994567871,
  "git_commit": "e445378",
  "head_steps": 40,
  "hostname": "Mac",
  "metrics_json": "{\"best_metric\": 0.3515625, \"best_step\": 40, \"clean_accuracy\": 0.359375, \"clean_brier\": 0.7038566470146179, \"clean_confidence_mean\": 0.30646491050720215, \"clean_ece\": 0.19576102495193481, \"clean_nll\": 1.3921139240264893, \"clean_positive_resistance_mean\": 0.8900353908538818, \"clean_resistance_noise_corr\": 1.7755495491655893e-06, \"clean_resistance_occlusion_corr\": NaN, \"clean_risk_at_100_coverage\": 0.640625, \"clean_risk_at_50_coverage\": 0.640625, \"clean_risk_at_70_coverage\": 0.6888889074325562, \"clean_risk_at_80_coverage\": 0.6796116828918457, \"clean_risk_at_90_coverage\": 0.6896551847457886, \"clean_score_name\": \"positive_resistance\", \"clean_selective_aurc\": 0.4915444850921631, \"clean_uncertainty_mean\": 0.8900353908538818, \"clean_vs_noisy_auroc\": 0.524169921875, \"clean_vs_occluded_auroc\": 0.450347900390625, \"condition_metrics_path\": \"reports/pluggable_primitive_smoke/frozen_runs/20260427_035710_uncertainty_synthetic_shape_eml_no_ambiguity_seed0/uncertainty_eval.pt\", \"early_stop_patience\": 4, \"early_stop_triggered\": false, \"final_metric\": 0.359375, \"final_train_loss\": 1.481245994567871, \"noisy_accuracy\": 0.421875, \"noisy_brier\": 0.7003276944160461, \"noisy_confidence_mean\": 0.2961505055427551, \"noisy_ece\": 0.2234853059053421, \"noisy_nll\": 1.386420488357544, \"noisy_positive_resistance_mean\": 0.8900905251502991, \"noisy_resistance_noise_corr\": NaN, \"noisy_resistance_occlusion_corr\": NaN, \"noisy_risk_at_100_coverage\": 0.578125, \"noisy_risk_at_50_coverage\": 0.53125, \"noisy_risk_at_70_coverage\": 0.5888888835906982, \"noisy_risk_at_80_coverage\": 0.5951219797134399, \"noisy_risk_at_90_coverage\": 0.6320346593856812, \"noisy_score_name\": \"positive_resistance\", \"noisy_selective_aurc\": 0.3955947160720825, \"noisy_uncertainty_mean\": 0.8900905251502991, \"occluded_accuracy\": 0.421875, \"occluded_brier\": 0.6983745694160461, \"occluded_confidence_mean\": 0.3213060796260834, \"occluded_ece\": 0.1606525033712387, \"occluded_nll\": 1.3840785026550293, \"occluded_positive_resistance_mean\": 0.8882330060005188, \"occluded_resistance_noise_corr\": 1.669314542596112e-06, \"occluded_resistance_occlusion_corr\": -0.14190927147865295, \"occluded_risk_at_100_coverage\": 0.578125, \"occluded_risk_at_50_coverage\": 0.5625, \"occluded_risk_at_70_coverage\": 0.6166666746139526, \"occluded_risk_at_80_coverage\": 0.6048780679702759, \"occluded_risk_at_90_coverage\": 0.6277056336402893, \"occluded_score_name\": \"positive_resistance\", \"occluded_selective_aurc\": 0.4098855257034302, \"occluded_uncertainty_mean\": 0.8882330060005188, \"pooled_resistance_noise_corr\": 0.04082150384783745, \"pooled_resistance_occlusion_corr\": -0.10893210023641586, \"steps_run\": 40, \"total_train_time_sec\": 0.11099910736083984}",
  "mode": "uncertainty_benchmark",
  "model_class": "EMLPrototypeHeadNoAmbiguity",
  "model_name": "eml_no_ambiguity",
  "noisy_accuracy": 0.421875,
  "noisy_brier": 0.7003276944160461,
  "noisy_confidence_mean": 0.2961505055427551,
  "noisy_ece": 0.2234853059053421,
  "noisy_nll": 1.386420488357544,
  "noisy_positive_resistance_mean": 0.8900905251502991,
  "noisy_resistance_noise_corr": NaN,
  "noisy_resistance_occlusion_corr": NaN,
  "noisy_risk_at_100_coverage": 0.578125,
  "noisy_risk_at_50_coverage": 0.53125,
  "noisy_risk_at_70_coverage": 0.5888888835906982,
  "noisy_risk_at_80_coverage": 0.5951219797134399,
  "noisy_risk_at_90_coverage": 0.6320346593856812,
  "noisy_score_name": "positive_resistance",
  "noisy_selective_aurc": 0.3955947160720825,
  "noisy_uncertainty_mean": 0.8900905251502991,
  "num_classes": 5,
  "num_params": 18002,
  "num_workers": 0,
  "occluded_accuracy": 0.421875,
  "occluded_brier": 0.6983745694160461,
  "occluded_confidence_mean": 0.3213060796260834,
  "occluded_ece": 0.1606525033712387,
  "occluded_nll": 1.3840785026550293,
  "occluded_positive_resistance_mean": 0.8882330060005188,
  "occluded_resistance_noise_corr": 1.669314542596112e-06,
  "occluded_resistance_occlusion_corr": -0.14190927147865295,
  "occluded_risk_at_100_coverage": 0.578125,
  "occluded_risk_at_50_coverage": 0.5625,
  "occluded_risk_at_70_coverage": 0.6166666746139526,
  "occluded_risk_at_80_coverage": 0.6048780679702759,
  "occluded_risk_at_90_coverage": 0.6277056336402893,
  "occluded_score_name": "positive_resistance",
  "occluded_selective_aurc": 0.4098855257034302,
  "occluded_uncertainty_mean": 0.8882330060005188,
  "platform": "macOS-26.0-arm64-arm-64bit",
  "pooled_resistance_noise_corr": 0.04082150384783745,
  "pooled_resistance_occlusion_corr": -0.10893210023641586,
  "python_version": "3.12.12",
  "reason": "",
  "run_dir": "reports/pluggable_primitive_smoke/frozen_runs/20260427_035710_uncertainty_synthetic_shape_eml_no_ambiguity_seed0",
  "run_id": "uncertainty_synthetic_shape_eml_no_ambiguity_seed0",
  "seed": 0,
  "selected_heads": [
    "linear",
    "mlp",
    "cosine_prototype",
    "eml_no_ambiguity",
    "eml_centered_ambiguity",
    "eml_supervised_resistance",
    "merc_linear",
    "merc_energy"
  ],
  "status": "COMPLETED",
  "steps_run": 40,
  "task_name": "image_uncertainty_selective_classification",
  "test_size": 256,
  "timestamp": "2026-04-27T03:57:10Z",
  "torch_version": "2.10.0",
  "torchvision_version": "unavailable",
  "total_train_time_sec": 0.11099910736083984,
  "train_size": 768,
  "trainable_params": 18002
}