{
  "batch_size": 64,
  "best_metric": 0.428720623254776,
  "bits_per_char": 3.0256605076828404,
  "char_accuracy": 0.4079952836036682,
  "completed_steps": 300,
  "cuda_available": true,
  "dataset_name": "SyntheticTextEnergyDataset",
  "device": "cuda",
  "early_stop": true,
  "early_stop_step": "",
  "early_stop_triggered": false,
  "final_diagnostics": {
    "attractor_activation_mean": 0.7361932992935181,
    "attractor_activation_std": 0.0906609520316124,
    "attractor_diversity": 0.17317035794258118,
    "drive_mean": -1.0595455169677734,
    "drive_std": 3.2275876998901367,
    "energy_mean": -0.12400531768798828,
    "energy_std": 0.6091359853744507,
    "null_weight_mean": 0.6071265935897827,
    "null_weight_std": 0.44415464997291565,
    "resistance_mean": 6.078234672546387,
    "resistance_std": 7.743809700012207,
    "update_gate_mean": 0.25075721740722656,
    "update_gate_std": 0.3585662543773651,
    "update_strength_mean": 0.3925277888774872,
    "update_strength_std": 0.4464828372001648
  },
  "final_metric": 0.4079952836036682,
  "final_train_accuracy": 0.4079952836036682,
  "final_train_loss": 2.0972280502319336,
  "git_commit": "ae26ee9",
  "grad_norm": 1.4442099332809448,
  "hostname": "user-NF5468M6",
  "learning_rate": 0.001,
  "metrics_json": "{\"best_metric\": 0.428720623254776, \"bits_per_char\": 3.0256605076828404, \"char_accuracy\": 0.4079952836036682, \"completed_steps\": 300, \"early_stop_step\": \"\", \"early_stop_triggered\": false, \"final_diagnostics\": {\"attractor_activation_mean\": 0.7361932992935181, \"attractor_activation_std\": 0.0906609520316124, \"attractor_diversity\": 0.17317035794258118, \"drive_mean\": -1.0595455169677734, \"drive_std\": 3.2275876998901367, \"energy_mean\": -0.12400531768798828, \"energy_std\": 0.6091359853744507, \"null_weight_mean\": 0.6071265935897827, \"null_weight_std\": 0.44415464997291565, \"resistance_mean\": 6.078234672546387, \"resistance_std\": 7.743809700012207, \"update_gate_mean\": 0.25075721740722656, \"update_gate_std\": 0.3585662543773651, \"update_strength_mean\": 0.3925277888774872, \"update_strength_std\": 0.4464828372001648}, \"final_metric\": 0.4079952836036682, \"final_train_accuracy\": 0.4079952836036682, \"final_train_loss\": 2.0972280502319336, \"grad_norm\": 1.4442099332809448, \"learning_rate\": 0.001, \"next_token_loss\": 2.0972280502319336, \"peak_memory_mb\": 247.95849609375, \"perplexity\": 8.143565044026666, \"step\": 300, \"step_time_sec\": 0.017179489135742188, \"token_accuracy\": 0.4079952836036682, \"tokens_per_sec\": 99013.4215610081, \"total_train_time_sec\": 25.262678384780884, \"train_loss\": 2.0972280502319336, \"wall_clock_time_sec\": 25.231537342071533}",
  "min_delta": 0.0001,
  "mode": "ablation",
  "model_name": "EfficientEMLTextEncoder_window16_workers0",
  "next_token_loss": 2.0972280502319336,
  "num_params": 92950,
  "patience": 25,
  "peak_memory_mb": 247.95849609375,
  "perplexity": 8.143565044026666,
  "platform": "Linux-5.4.0-216-generic-x86_64-with-glibc2.31",
  "python_version": "3.10.20",
  "reason": "",
  "run_dir": "reports/runs_server_ablation_20260424_150157/20260424_070914_ablation_text_eff_window16_workers0",
  "run_id": "ablation_text_eff_window16_workers0",
  "seed": 141,
  "seq_len": 64,
  "status": "COMPLETED",
  "step": 300,
  "step_time_sec": 0.017179489135742188,
  "steps": 300,
  "task_name": "text_synthetic",
  "timestamp": "2026-04-24T07:09:39Z",
  "token_accuracy": 0.4079952836036682,
  "tokens_per_sec": 99013.4215610081,
  "torch_version": "2.7.1+cu118",
  "torchvision_version": "0.22.1+cu118",
  "total_train_time_sec": 25.262678384780884,
  "train_loss": 2.0972280502319336,
  "trainable_params": 92950,
  "wall_clock_time_sec": 25.231537342071533
}