{
  "attractor_diversity_penalty": 0.09055542200803757,
  "best_metric": 1.0,
  "cuda_available": false,
  "dataset_name": "synthetic_probe_tensors",
  "device": "cpu",
  "final_diagnostics": {
    "attractor_diversity": 0.09055542200803757,
    "drive_mean": 2.1228748664725572e-05,
    "drive_std": 0.0009092956897802651,
    "energy_mean": -0.12146851420402527,
    "energy_std": 9.6306306659244e-05,
    "null_weight_mean": 0.1014590933918953,
    "null_weight_std": 2.620141685838462e-06,
    "resistance_mean": 0.6932085156440735,
    "resistance_std": 0.0005639154696837068,
    "update_gate_mean": 0.10184334963560104,
    "update_gate_std": 5.07288768858416e-06,
    "update_strength_mean": 0.8985409140586853,
    "update_strength_std": 2.6142938622797374e-06
  },
  "final_metric": 1.0,
  "git_commit": "19568db",
  "hostname": "BMW-Pro.local",
  "metrics_json": "{\"attractor_diversity_penalty\": 0.09055542200803757, \"best_metric\": 1.0, \"final_diagnostics\": {\"attractor_diversity\": 0.09055542200803757, \"drive_mean\": 2.1228748664725572e-05, \"drive_std\": 0.0009092956897802651, \"energy_mean\": -0.12146851420402527, \"energy_std\": 9.6306306659244e-05, \"null_weight_mean\": 0.1014590933918953, \"null_weight_std\": 2.620141685838462e-06, \"resistance_mean\": 0.6932085156440735, \"resistance_std\": 0.0005639154696837068, \"update_gate_mean\": 0.10184334963560104, \"update_gate_std\": 5.07288768858416e-06, \"update_strength_mean\": 0.8985409140586853, \"update_strength_std\": 2.6142938622797374e-06}, \"final_metric\": 1.0, \"nan_inf_count\": 0.0, \"peak_memory_mb\": 0.0, \"step\": 1, \"step_time_sec\": 0.0024940967559814453, \"total_train_time_sec\": 0.0024940967559814453, \"train_loss\": 0.0, \"wall_clock_time_sec\": 0.0024940967559814453}",
  "mode": "ablation",
  "model_name": "attractor_should_not_collapse",
  "nan_inf_count": 0.0,
  "num_params": 1406,
  "peak_memory_mb": 0.0,
  "platform": "macOS-26.0-arm64-arm-64bit",
  "probe_name": "attractor_should_not_collapse",
  "python_version": "3.12.12",
  "reason": "",
  "run_dir": "reports/runs/stabilization_ablation_cpu_20260424_155136/20260424_075137_probe_attractor_should_not_collapse",
  "run_id": "probe_attractor_should_not_collapse",
  "seed": 66,
  "status": "COMPLETED",
  "step": 1,
  "step_time_sec": 0.0024940967559814453,
  "task_name": "mechanism_probe",
  "timestamp": "2026-04-24T07:51:37Z",
  "torch_version": "2.10.0",
  "torchvision_version": "unavailable",
  "total_train_time_sec": 0.0024940967559814453,
  "train_loss": 0.0,
  "trainable_params": 1406,
  "wall_clock_time_sec": 0.0024940967559814453
}