{
  "batch_size": 64,
  "best_metric": 0.41796875,
  "best_step": 300,
  "best_val_accuracy": 0.41796875,
  "cuda_available": true,
  "dataset_name": "cifar10",
  "device": "cuda",
  "experiment_type": "end_to_end",
  "feature_dim": 64,
  "final_metric": 0.4375,
  "final_train_accuracy": 0.5,
  "final_train_loss": 1.3412468433380127,
  "git_commit": "unknown",
  "head_name": "eml_no_ambiguity",
  "hostname": "user-NF5468M6",
  "loss_mode": "ce_pairwise",
  "lr": 0.001,
  "metrics_json": "{\"best_metric\": 0.41796875, \"best_step\": 300, \"best_val_accuracy\": 0.41796875, \"final_metric\": 0.4375, \"final_train_accuracy\": 0.5, \"final_train_loss\": 1.3412468433380127, \"test_accuracy\": 0.4375, \"test_ambiguity_mean\": 0.0, \"test_brier\": 0.7281594276428223, \"test_class_resistance_mean\": 0.20175383985042572, \"test_ece\": 0.08184131234884262, \"test_hard_negative_drive_mean\": 6.030406951904297, \"test_hard_negative_logit_mean\": 2.0521347522735596, \"test_hard_negative_resistance_mean\": 12.43661117553711, \"test_loss\": 1.6563178300857544, \"test_margin_mean\": -0.47966268658638, \"test_nll\": 1.6563178300857544, \"test_positive_drive_mean\": 4.7235212326049805, \"test_positive_logit_mean\": 1.572472095489502, \"test_positive_resistance_mean\": 12.435744285583496, \"test_resistance_noise_corr\": NaN, \"test_resistance_occlusion_corr\": NaN, \"test_sample_uncertainty_mean\": 12.234397888183594, \"total_train_time_sec\": 10.980270147323608, \"val_accuracy\": 0.41796875, \"val_ambiguity_mean\": 0.0, \"val_brier\": 0.7375202178955078, \"val_class_resistance_mean\": 0.20175383985042572, \"val_ece\": 0.07479573786258698, \"val_hard_negative_drive_mean\": 6.09282922744751, \"val_hard_negative_logit_mean\": 2.0618672370910645, \"val_hard_negative_resistance_mean\": 12.652023315429688, \"val_loss\": 1.6670619249343872, \"val_margin_mean\": -0.5005767345428467, \"val_nll\": 1.6670619249343872, \"val_positive_drive_mean\": 4.72377347946167, \"val_positive_logit_mean\": 1.5612905025482178, \"val_positive_resistance_mean\": 12.652130126953125, \"val_resistance_noise_corr\": NaN, \"val_resistance_occlusion_corr\": NaN, \"val_sample_uncertainty_mean\": 12.450447082519531}",
  "mode": "head_ablation",
  "model_class": "CNNHeadModel",
  "model_name": "eml_no_ambiguity",
  "num_classes": 10,
  "num_params": 167233,
  "pairwise_margin": 0.0,
  "pairwise_weight": 0.05,
  "platform": "Linux-5.4.0-216-generic-x86_64-with-glibc2.31",
  "python_version": "3.10.20",
  "reason": "",
  "run_dir": "reports/real_cifar_20260424_165937/runs/20260424_090556_e2e_cifar10_eml_no_ambiguity_ce_pairwise_seed2",
  "run_id": "e2e_cifar10_eml_no_ambiguity_ce_pairwise_seed2",
  "seed": 2,
  "status": "COMPLETED",
  "steps": 300,
  "task_name": "image_classification",
  "test_accuracy": 0.4375,
  "test_ambiguity_mean": 0.0,
  "test_brier": 0.7281594276428223,
  "test_class_resistance_mean": 0.20175383985042572,
  "test_ece": 0.08184131234884262,
  "test_hard_negative_drive_mean": 6.030406951904297,
  "test_hard_negative_logit_mean": 2.0521347522735596,
  "test_hard_negative_resistance_mean": 12.43661117553711,
  "test_loss": 1.6563178300857544,
  "test_margin_mean": -0.47966268658638,
  "test_nll": 1.6563178300857544,
  "test_positive_drive_mean": 4.7235212326049805,
  "test_positive_logit_mean": 1.572472095489502,
  "test_positive_resistance_mean": 12.435744285583496,
  "test_resistance_noise_corr": NaN,
  "test_resistance_occlusion_corr": NaN,
  "test_sample_uncertainty_mean": 12.234397888183594,
  "timestamp": "2026-04-24T09:06:07Z",
  "torch_version": "2.7.1+cu118",
  "torchvision_version": "0.22.1+cu118",
  "total_train_time_sec": 10.980270147323608,
  "trainable_params": 167233,
  "use_eml_residual_bank": false,
  "val_accuracy": 0.41796875,
  "val_ambiguity_mean": 0.0,
  "val_brier": 0.7375202178955078,
  "val_class_resistance_mean": 0.20175383985042572,
  "val_ece": 0.07479573786258698,
  "val_hard_negative_drive_mean": 6.09282922744751,
  "val_hard_negative_logit_mean": 2.0618672370910645,
  "val_hard_negative_resistance_mean": 12.652023315429688,
  "val_loss": 1.6670619249343872,
  "val_margin_mean": -0.5005767345428467,
  "val_nll": 1.6670619249343872,
  "val_positive_drive_mean": 4.72377347946167,
  "val_positive_logit_mean": 1.5612905025482178,
  "val_positive_resistance_mean": 12.652130126953125,
  "val_resistance_noise_corr": NaN,
  "val_resistance_occlusion_corr": NaN,
  "val_sample_uncertainty_mean": 12.450447082519531
}