{
  "backbone_steps": 300,
  "batch_size": 64,
  "best_metric": 0.98046875,
  "best_step": 50,
  "clean_accuracy": 0.9921875,
  "clean_brier": 0.021440356969833374,
  "clean_confidence_mean": 0.9460327625274658,
  "clean_ece": 0.04903777316212654,
  "clean_nll": 0.06985149532556534,
  "clean_risk_at_100_coverage": 0.0078125,
  "clean_risk_at_50_coverage": 0.0,
  "clean_risk_at_70_coverage": 0.0,
  "clean_risk_at_80_coverage": 0.0016260147094726562,
  "clean_risk_at_90_coverage": 0.0014451146125793457,
  "clean_score_name": "one_minus_confidence",
  "clean_selective_aurc": 0.00045819993829354644,
  "clean_uncertainty_mean": 0.05396716669201851,
  "clean_vs_noisy_auroc": 0.621496856212616,
  "clean_vs_occluded_auroc": 0.6027946472167969,
  "condition_metrics_path": "reports/pluggable_uncertainty_real_20260427/runs/20260427_031811_uncertainty_synthetic_shape_mlp_seed0/uncertainty_eval.pt",
  "cuda_available": true,
  "dataset_name": "synthetic_shape",
  "device": "cuda",
  "early_stop_min_evals": 2,
  "early_stop_patience": 4,
  "early_stop_triggered": true,
  "eval_interval": 25,
  "experiment_type": "frozen_features_uncertainty",
  "feature_dim": 64,
  "final_metric": 0.9921875,
  "final_train_loss": 0.16991223394870758,
  "git_commit": "0c0b3db",
  "head_steps": 1200,
  "hostname": "user-NF5468M6",
  "metrics_json": "{\"best_metric\": 0.98046875, \"best_step\": 50, \"clean_accuracy\": 0.9921875, \"clean_brier\": 0.021440356969833374, \"clean_confidence_mean\": 0.9460327625274658, \"clean_ece\": 0.04903777316212654, \"clean_nll\": 0.06985149532556534, \"clean_risk_at_100_coverage\": 0.0078125, \"clean_risk_at_50_coverage\": 0.0, \"clean_risk_at_70_coverage\": 0.0, \"clean_risk_at_80_coverage\": 0.0016260147094726562, \"clean_risk_at_90_coverage\": 0.0014451146125793457, \"clean_score_name\": \"one_minus_confidence\", \"clean_selective_aurc\": 0.00045819993829354644, \"clean_uncertainty_mean\": 0.05396716669201851, \"clean_vs_noisy_auroc\": 0.621496856212616, \"clean_vs_occluded_auroc\": 0.6027946472167969, \"condition_metrics_path\": \"reports/pluggable_uncertainty_real_20260427/runs/20260427_031811_uncertainty_synthetic_shape_mlp_seed0/uncertainty_eval.pt\", \"early_stop_patience\": 4, \"early_stop_triggered\": true, \"final_metric\": 0.9921875, \"final_train_loss\": 0.16991223394870758, \"noisy_accuracy\": 0.9306640625, \"noisy_brier\": 0.10029058158397675, \"noisy_confidence_mean\": 0.897297203540802, \"noisy_ece\": 0.05839066207408905, \"noisy_nll\": 0.20439088344573975, \"noisy_risk_at_100_coverage\": 0.0693359375, \"noisy_risk_at_50_coverage\": 0.001953125, \"noisy_risk_at_70_coverage\": 0.009762883186340332, \"noisy_risk_at_80_coverage\": 0.008536577224731445, \"noisy_risk_at_90_coverage\": 0.022776544094085693, \"noisy_score_name\": \"one_minus_confidence\", \"noisy_selective_aurc\": 0.007975991815328598, \"noisy_uncertainty_mean\": 0.10270272940397263, \"occluded_accuracy\": 0.892578125, \"occluded_brier\": 0.1434781551361084, \"occluded_confidence_mean\": 0.8721116185188293, \"occluded_ece\": 0.045117177069187164, \"occluded_nll\": 0.30061089992523193, \"occluded_risk_at_100_coverage\": 0.107421875, \"occluded_risk_at_50_coverage\": 0.001953125, \"occluded_risk_at_70_coverage\": 0.012552320957183838, \"occluded_risk_at_80_coverage\": 0.01097559928894043, \"occluded_risk_at_90_coverage\": 0.048806965351104736, \"occluded_score_name\": \"one_minus_confidence\", \"occluded_selective_aurc\": 0.012746510095894337, \"occluded_uncertainty_mean\": 0.12788839638233185, \"steps_run\": 150, \"total_train_time_sec\": 2.2636899948120117}",
  "mode": "uncertainty_benchmark",
  "model_class": "MLPHead",
  "model_name": "mlp",
  "noisy_accuracy": 0.9306640625,
  "noisy_brier": 0.10029058158397675,
  "noisy_confidence_mean": 0.897297203540802,
  "noisy_ece": 0.05839066207408905,
  "noisy_nll": 0.20439088344573975,
  "noisy_risk_at_100_coverage": 0.0693359375,
  "noisy_risk_at_50_coverage": 0.001953125,
  "noisy_risk_at_70_coverage": 0.009762883186340332,
  "noisy_risk_at_80_coverage": 0.008536577224731445,
  "noisy_risk_at_90_coverage": 0.022776544094085693,
  "noisy_score_name": "one_minus_confidence",
  "noisy_selective_aurc": 0.007975991815328598,
  "noisy_uncertainty_mean": 0.10270272940397263,
  "num_classes": 5,
  "num_params": 9093,
  "num_workers": 0,
  "occluded_accuracy": 0.892578125,
  "occluded_brier": 0.1434781551361084,
  "occluded_confidence_mean": 0.8721116185188293,
  "occluded_ece": 0.045117177069187164,
  "occluded_nll": 0.30061089992523193,
  "occluded_risk_at_100_coverage": 0.107421875,
  "occluded_risk_at_50_coverage": 0.001953125,
  "occluded_risk_at_70_coverage": 0.012552320957183838,
  "occluded_risk_at_80_coverage": 0.01097559928894043,
  "occluded_risk_at_90_coverage": 0.048806965351104736,
  "occluded_score_name": "one_minus_confidence",
  "occluded_selective_aurc": 0.012746510095894337,
  "occluded_uncertainty_mean": 0.12788839638233185,
  "platform": "Linux-5.4.0-216-generic-x86_64-with-glibc2.31",
  "python_version": "3.10.20",
  "reason": "",
  "run_dir": "reports/pluggable_uncertainty_real_20260427/runs/20260427_031811_uncertainty_synthetic_shape_mlp_seed0",
  "run_id": "uncertainty_synthetic_shape_mlp_seed0",
  "seed": 0,
  "selected_heads": [
    "linear",
    "mlp",
    "cosine_prototype",
    "eml_no_ambiguity",
    "eml_centered_ambiguity",
    "eml_supervised_resistance",
    "merc_linear",
    "merc_energy"
  ],
  "status": "COMPLETED",
  "steps_run": 150,
  "task_name": "image_uncertainty_selective_classification",
  "test_size": 1024,
  "timestamp": "2026-04-27T03:18:13Z",
  "torch_version": "2.7.1+cu118",
  "torchvision_version": "0.22.1+cu118",
  "total_train_time_sec": 2.2636899948120117,
  "train_size": 4096,
  "trainable_params": 9093
}