{
  "backbone_steps": 300,
  "batch_size": 64,
  "best_metric": 0.4921875,
  "best_step": 200,
  "clean_accuracy": 0.4440104067325592,
  "clean_brier": 0.6960228085517883,
  "clean_confidence_mean": 0.4794878661632538,
  "clean_conflict_resistance_corr": NaN,
  "clean_conflict_score_mean": 0.5343109965324402,
  "clean_ece": 0.05506916344165802,
  "clean_nll": 1.5528019666671753,
  "clean_positive_resistance_mean": 0.7083451151847839,
  "clean_resistance_noise_corr": NaN,
  "clean_resistance_occlusion_corr": NaN,
  "clean_risk_at_100_coverage": 0.5559896230697632,
  "clean_risk_at_50_coverage": 0.6015625,
  "clean_risk_at_70_coverage": 0.5799256563186646,
  "clean_risk_at_80_coverage": 0.585365891456604,
  "clean_risk_at_90_coverage": 0.5780346393585205,
  "clean_score_name": "positive_resistance",
  "clean_selective_aurc": 0.5874626636505127,
  "clean_support_score_mean": 1.0374137163162231,
  "clean_uncertainty_mean": 0.7083451151847839,
  "clean_vs_noisy_auroc": 0.4764518737792969,
  "clean_vs_occluded_auroc": 0.4769071042537689,
  "condition_metrics_path": "reports/pluggable_primitive_real_20260427/frozen_runs/20260427_041713_uncertainty_cifar10_merc_linear_seed0/uncertainty_eval.pt",
  "cuda_available": true,
  "dataset_name": "cifar10",
  "device": "cuda",
  "early_stop_min_evals": 2,
  "early_stop_patience": 4,
  "early_stop_triggered": true,
  "eval_interval": 25,
  "experiment_type": "frozen_features_uncertainty",
  "feature_dim": 64,
  "final_metric": 0.4440104067325592,
  "final_train_loss": 1.4484760761260986,
  "git_commit": "0c0b3db",
  "head_steps": 1200,
  "hostname": "user-NF5468M6",
  "metrics_json": "{\"best_metric\": 0.4921875, \"best_step\": 200, \"clean_accuracy\": 0.4440104067325592, \"clean_brier\": 0.6960228085517883, \"clean_confidence_mean\": 0.4794878661632538, \"clean_conflict_resistance_corr\": NaN, \"clean_conflict_score_mean\": 0.5343109965324402, \"clean_ece\": 0.05506916344165802, \"clean_nll\": 1.5528019666671753, \"clean_positive_resistance_mean\": 0.7083451151847839, \"clean_resistance_noise_corr\": NaN, \"clean_resistance_occlusion_corr\": NaN, \"clean_risk_at_100_coverage\": 0.5559896230697632, \"clean_risk_at_50_coverage\": 0.6015625, \"clean_risk_at_70_coverage\": 0.5799256563186646, \"clean_risk_at_80_coverage\": 0.585365891456604, \"clean_risk_at_90_coverage\": 0.5780346393585205, \"clean_score_name\": \"positive_resistance\", \"clean_selective_aurc\": 0.5874626636505127, \"clean_support_score_mean\": 1.0374137163162231, \"clean_uncertainty_mean\": 0.7083451151847839, \"clean_vs_noisy_auroc\": 0.4764518737792969, \"clean_vs_occluded_auroc\": 0.4769071042537689, \"condition_metrics_path\": \"reports/pluggable_primitive_real_20260427/frozen_runs/20260427_041713_uncertainty_cifar10_merc_linear_seed0/uncertainty_eval.pt\", \"early_stop_patience\": 4, \"early_stop_triggered\": true, \"final_metric\": 0.4440104067325592, \"final_train_loss\": 1.4484760761260986, \"noisy_accuracy\": 0.3994140625, \"noisy_brier\": 0.7290002703666687, \"noisy_confidence_mean\": 0.46901941299438477, \"noisy_conflict_resistance_corr\": NaN, \"noisy_conflict_score_mean\": 0.5830053687095642, \"noisy_ece\": 0.0699564591050148, \"noisy_nll\": 1.651628017425537, \"noisy_positive_resistance_mean\": 0.6973180174827576, \"noisy_resistance_noise_corr\": NaN, \"noisy_resistance_occlusion_corr\": NaN, \"noisy_risk_at_100_coverage\": 0.6005859375, \"noisy_risk_at_50_coverage\": 0.650390625, \"noisy_risk_at_70_coverage\": 0.6304044723510742, \"noisy_risk_at_80_coverage\": 0.6304877996444702, \"noisy_risk_at_90_coverage\": 0.6290672421455383, \"noisy_score_name\": \"positive_resistance\", \"noisy_selective_aurc\": 0.6313000321388245, \"noisy_support_score_mean\": 1.300571322441101, \"noisy_uncertainty_mean\": 0.6973180174827576, \"occluded_accuracy\": 0.392578125, \"occluded_brier\": 0.728051483631134, \"occluded_confidence_mean\": 0.46944451332092285, \"occluded_conflict_resistance_corr\": NaN, \"occluded_conflict_score_mean\": 0.500110387802124, \"occluded_ece\": 0.07686638832092285, \"occluded_nll\": 1.6496070623397827, \"occluded_positive_resistance_mean\": 0.698468804359436, \"occluded_resistance_noise_corr\": NaN, \"occluded_resistance_occlusion_corr\": NaN, \"occluded_risk_at_100_coverage\": 0.607421875, \"occluded_risk_at_50_coverage\": 0.625, \"occluded_risk_at_70_coverage\": 0.5997210741043091, \"occluded_risk_at_80_coverage\": 0.6231707334518433, \"occluded_risk_at_90_coverage\": 0.6247288584709167, \"occluded_score_name\": \"positive_resistance\", \"occluded_selective_aurc\": 0.6055669784545898, \"occluded_support_score_mean\": 1.173243522644043, \"occluded_uncertainty_mean\": 0.698468804359436, \"pooled_conflict_resistance_corr\": 0.10060857236385345, \"pooled_resistance_noise_corr\": -0.019278839230537415, \"pooled_resistance_occlusion_corr\": -0.012802665121853352, \"steps_run\": 300, \"total_train_time_sec\": 10.518845319747925}",
  "mode": "uncertainty_benchmark",
  "model_class": "MERCHeadLinearReadout",
  "model_name": "merc_linear",
  "noisy_accuracy": 0.3994140625,
  "noisy_brier": 0.7290002703666687,
  "noisy_confidence_mean": 0.46901941299438477,
  "noisy_conflict_resistance_corr": NaN,
  "noisy_conflict_score_mean": 0.5830053687095642,
  "noisy_ece": 0.0699564591050148,
  "noisy_nll": 1.651628017425537,
  "noisy_positive_resistance_mean": 0.6973180174827576,
  "noisy_resistance_noise_corr": NaN,
  "noisy_resistance_occlusion_corr": NaN,
  "noisy_risk_at_100_coverage": 0.6005859375,
  "noisy_risk_at_50_coverage": 0.650390625,
  "noisy_risk_at_70_coverage": 0.6304044723510742,
  "noisy_risk_at_80_coverage": 0.6304877996444702,
  "noisy_risk_at_90_coverage": 0.6290672421455383,
  "noisy_score_name": "positive_resistance",
  "noisy_selective_aurc": 0.6313000321388245,
  "noisy_support_score_mean": 1.300571322441101,
  "noisy_uncertainty_mean": 0.6973180174827576,
  "num_classes": 10,
  "num_params": 93202,
  "num_workers": 0,
  "occluded_accuracy": 0.392578125,
  "occluded_brier": 0.728051483631134,
  "occluded_confidence_mean": 0.46944451332092285,
  "occluded_conflict_resistance_corr": NaN,
  "occluded_conflict_score_mean": 0.500110387802124,
  "occluded_ece": 0.07686638832092285,
  "occluded_nll": 1.6496070623397827,
  "occluded_positive_resistance_mean": 0.698468804359436,
  "occluded_resistance_noise_corr": NaN,
  "occluded_resistance_occlusion_corr": NaN,
  "occluded_risk_at_100_coverage": 0.607421875,
  "occluded_risk_at_50_coverage": 0.625,
  "occluded_risk_at_70_coverage": 0.5997210741043091,
  "occluded_risk_at_80_coverage": 0.6231707334518433,
  "occluded_risk_at_90_coverage": 0.6247288584709167,
  "occluded_score_name": "positive_resistance",
  "occluded_selective_aurc": 0.6055669784545898,
  "occluded_support_score_mean": 1.173243522644043,
  "occluded_uncertainty_mean": 0.698468804359436,
  "platform": "Linux-5.4.0-216-generic-x86_64-with-glibc2.31",
  "pooled_conflict_resistance_corr": 0.10060857236385345,
  "pooled_resistance_noise_corr": -0.019278839230537415,
  "pooled_resistance_occlusion_corr": -0.012802665121853352,
  "python_version": "3.10.20",
  "reason": "",
  "run_dir": "reports/pluggable_primitive_real_20260427/frozen_runs/20260427_041713_uncertainty_cifar10_merc_linear_seed0",
  "run_id": "uncertainty_cifar10_merc_linear_seed0",
  "seed": 0,
  "selected_heads": [
    "linear",
    "mlp",
    "cosine_prototype",
    "eml_no_ambiguity",
    "eml_centered_ambiguity",
    "eml_supervised_resistance",
    "merc_linear",
    "merc_energy"
  ],
  "status": "COMPLETED",
  "steps_run": 300,
  "task_name": "image_uncertainty_selective_classification",
  "test_size": 1024,
  "timestamp": "2026-04-27T04:17:23Z",
  "torch_version": "2.7.1+cu118",
  "torchvision_version": "0.22.1+cu118",
  "total_train_time_sec": 10.518845319747925,
  "train_size": 4096,
  "trainable_params": 93202
}