{
  "ambiguity_weight": NaN,
  "attractor_entropy_weight": NaN,
  "batch_size": 8,
  "best_metric": 0.40963855385780334,
  "bits_per_char": 5.513734549610998,
  "char_accuracy": 0.3787234127521515,
  "completed_steps": 50,
  "corruption_resistance_corr": -0.029454251751303673,
  "cuda_available": false,
  "dataset_name": "SyntheticTextEnergyDataset",
  "device": "cpu",
  "early_stop": false,
  "early_stop_step": "",
  "early_stop_triggered": false,
  "final_diagnostics": {
    "attractor_activation_mean": 0.7371261119842529,
    "attractor_activation_std": 0.09832700341939926,
    "attractor_diversity": 0.031234493479132652,
    "drive_mean": -0.6329398155212402,
    "drive_std": 1.2085785865783691,
    "energy_mean": -0.1051442101597786,
    "energy_std": 0.2370544672012329,
    "null_weight_mean": 0.4815486669540405,
    "null_weight_std": 0.39452946186065674,
    "resistance_mean": 1.4756042957305908,
    "resistance_std": 0.5497932434082031,
    "update_gate_mean": 0.04824262484908104,
    "update_gate_std": 0.036693159490823746,
    "update_strength_mean": 0.5137180685997009,
    "update_strength_std": 0.3918672800064087
  },
  "final_metric": 0.3787234127521515,
  "final_train_accuracy": 0.3787234127521515,
  "final_train_loss": 3.8218295574188232,
  "git_commit": "9ce7b7d",
  "grad_norm": 1.1551092863082886,
  "hostname": "Mac-mini.local",
  "learning_rate": 0.001,
  "metrics_json": "{\"ambiguity_weight\": NaN, \"attractor_entropy_weight\": NaN, \"best_metric\": 0.40963855385780334, \"bits_per_char\": 5.513734549610998, \"char_accuracy\": 0.3787234127521515, \"completed_steps\": 50, \"corruption_resistance_corr\": -0.029454251751303673, \"early_stop_step\": \"\", \"early_stop_triggered\": false, \"final_diagnostics\": {\"attractor_activation_mean\": 0.7371261119842529, \"attractor_activation_std\": 0.09832700341939926, \"attractor_diversity\": 0.031234493479132652, \"drive_mean\": -0.6329398155212402, \"drive_std\": 1.2085785865783691, \"energy_mean\": -0.1051442101597786, \"energy_std\": 0.2370544672012329, \"null_weight_mean\": 0.4815486669540405, \"null_weight_std\": 0.39452946186065674, \"resistance_mean\": 1.4756042957305908, \"resistance_std\": 0.5497932434082031, \"update_gate_mean\": 0.04824262484908104, \"update_gate_std\": 0.036693159490823746, \"update_strength_mean\": 0.5137180685997009, \"update_strength_std\": 0.3918672800064087}, \"final_metric\": 0.3787234127521515, \"final_train_accuracy\": 0.3787234127521515, \"final_train_loss\": 3.8218295574188232, \"grad_norm\": 1.1551092863082886, \"learning_rate\": 0.001, \"next_token_loss\": 3.8218295574188232, \"null_threshold\": NaN, \"peak_memory_mb\": 0.0, \"perplexity\": 45.68772021011518, \"precision_update_threshold\": NaN, \"responsibility_temperature\": NaN, \"step\": 50, \"step_time_sec\": 0.008790731430053711, \"token_accuracy\": 0.3787234127521515, \"tokens_per_sec\": 26732.701581188467, \"total_train_time_sec\": 0.7171981334686279, \"train_loss\": 3.8218295574188232, \"wall_clock_time_sec\": 0.7141709327697754, \"warmup_eta\": 1.0}",
  "min_delta": 0.0001,
  "mode": "ablation",
  "model_name": "EfficientEMLTextEncoder",
  "next_token_loss": 3.8218295574188232,
  "null_threshold": NaN,
  "num_params": 92950,
  "num_workers": 0,
  "patience": 20,
  "peak_memory_mb": 0.0,
  "perplexity": 45.68772021011518,
  "platform": "macOS-15.1-arm64-arm-64bit",
  "precision_update_threshold": NaN,
  "python_version": "3.12.7",
  "reason": "",
  "responsibility_temperature": NaN,
  "run_dir": "reports/runs/20260505_123139_kan_compare_text_efficient_eml",
  "run_id": "kan_compare_text_efficient_eml",
  "seed": 12,
  "seq_len": 48,
  "status": "COMPLETED",
  "step": 50,
  "step_time_sec": 0.008790731430053711,
  "steps": 50,
  "task_name": "text_synthetic",
  "timestamp": "2026-05-05T12:31:40Z",
  "token_accuracy": 0.3787234127521515,
  "tokens_per_sec": 26732.701581188467,
  "torch_version": "2.10.0",
  "torchvision_version": "0.25.0",
  "total_train_time_sec": 0.7171981334686279,
  "train_loss": 3.8218295574188232,
  "trainable_params": 92950,
  "wall_clock_time_sec": 0.7141709327697754,
  "warmup_eta": 1.0
}