{
  "ambiguity_weight": NaN,
  "attractor_entropy_weight": NaN,
  "batch_size": 8,
  "best_metric": 0.375,
  "completed_steps": 4,
  "cuda_available": false,
  "dataset_name": "SyntheticShapeEnergyDataset",
  "device": "cpu",
  "early_stop": false,
  "early_stop_step": "",
  "early_stop_triggered": false,
  "examples_per_sec": 347.9198282923592,
  "final_diagnostics": {
    "ambiguity_mean": 0.7636078596115112,
    "ambiguity_std": 0.6140426397323608,
    "ambiguity_weight_mean": 1.0,
    "ambiguity_weight_std": 0.0,
    "attractor_activation_mean": 0.9337958097457886,
    "attractor_activation_std": 6.113625568104908e-05,
    "attractor_diversity": 0.018902378156781197,
    "drive_mean": 0.01410005521029234,
    "drive_std": 0.05251360684633255,
    "energy_mean": -0.23546259105205536,
    "energy_std": 0.028309814631938934,
    "null_weight_mean": 0.1597428172826767,
    "null_weight_std": 0.0455072745680809,
    "prototype_diversity_penalty_mean": 0.05301724746823311,
    "prototype_diversity_penalty_std": 0.0,
    "resistance_mean": 1.3631786108016968,
    "resistance_std": 0.12045645713806152,
    "sample_uncertainty_mean": 0.692825198173523,
    "sample_uncertainty_std": 0.0,
    "update_gate_mean": 0.09137196838855743,
    "update_gate_std": 0.004592863377183676,
    "update_strength_mean": 0.8547105193138123,
    "update_strength_std": 0.03822897747159004
  },
  "final_metric": 0.25,
  "final_train_accuracy": 0.25,
  "final_train_loss": 1.6158926486968994,
  "git_commit": "9ce7b7d",
  "grad_norm": 1.7673006057739258,
  "hostname": "Mac-mini.local",
  "learning_rate": 0.001,
  "metrics_json": "{\"ambiguity_weight\": NaN, \"attractor_entropy_weight\": NaN, \"best_metric\": 0.375, \"completed_steps\": 4, \"early_stop_step\": \"\", \"early_stop_triggered\": false, \"examples_per_sec\": 347.9198282923592, \"final_diagnostics\": {\"ambiguity_mean\": 0.7636078596115112, \"ambiguity_std\": 0.6140426397323608, \"ambiguity_weight_mean\": 1.0, \"ambiguity_weight_std\": 0.0, \"attractor_activation_mean\": 0.9337958097457886, \"attractor_activation_std\": 6.113625568104908e-05, \"attractor_diversity\": 0.018902378156781197, \"drive_mean\": 0.01410005521029234, \"drive_std\": 0.05251360684633255, \"energy_mean\": -0.23546259105205536, \"energy_std\": 0.028309814631938934, \"null_weight_mean\": 0.1597428172826767, \"null_weight_std\": 0.0455072745680809, \"prototype_diversity_penalty_mean\": 0.05301724746823311, \"prototype_diversity_penalty_std\": 0.0, \"resistance_mean\": 1.3631786108016968, \"resistance_std\": 0.12045645713806152, \"sample_uncertainty_mean\": 0.692825198173523, \"sample_uncertainty_std\": 0.0, \"update_gate_mean\": 0.09137196838855743, \"update_gate_std\": 0.004592863377183676, \"update_strength_mean\": 0.8547105193138123, \"update_strength_std\": 0.03822897747159004}, \"final_metric\": 0.25, \"final_train_accuracy\": 0.25, \"final_train_loss\": 1.6158926486968994, \"grad_norm\": 1.7673006057739258, \"learning_rate\": 0.001, \"null_threshold\": NaN, \"peak_memory_mb\": 0.0, \"precision_update_threshold\": NaN, \"resistance_noise_corr\": -0.28255972266197205, \"resistance_occlusion_corr\": -0.4892120659351349, \"responsibility_temperature\": NaN, \"step\": 4, \"step_time_sec\": 0.022993803024291992, \"top1_accuracy\": 0.25, \"top5_accuracy\": 1.0, \"total_train_time_sec\": 0.10917496681213379, \"train_accuracy\": 0.25, \"train_loss\": 1.6158926486968994, \"wall_clock_time_sec\": 0.10835123062133789, \"warmup_eta\": 1.0}",
  "min_delta": 0.0001,
  "mode": "smoke",
  "model_name": "EfficientEMLImageClassifier_combo",
  "null_threshold": NaN,
  "num_params": 115573,
  "num_workers": 0,
  "patience": 20,
  "peak_memory_mb": 0.0,
  "platform": "macOS-15.1-arm64-arm-64bit",
  "precision_update_threshold": NaN,
  "python_version": "3.12.7",
  "reason": "",
  "resistance_noise_corr": -0.28255972266197205,
  "resistance_occlusion_corr": -0.4892120659351349,
  "responsibility_temperature": NaN,
  "run_dir": "reports/image_representation_ablation/runs/20260505_123522_efficient_combo_seed0",
  "run_id": "efficient_combo_seed0",
  "seed": 0,
  "status": "COMPLETED",
  "step": 4,
  "step_time_sec": 0.022993803024291992,
  "steps": 4,
  "task_name": "image_synthetic",
  "timestamp": "2026-05-05T12:35:22Z",
  "top1_accuracy": 0.25,
  "top5_accuracy": 1.0,
  "torch_version": "2.10.0",
  "torchvision_version": "0.25.0",
  "total_train_time_sec": 0.10917496681213379,
  "train_accuracy": 0.25,
  "train_loss": 1.6158926486968994,
  "trainable_params": 115573,
  "wall_clock_time_sec": 0.10835123062133789,
  "warmup_enabled": true,
  "warmup_eta": 1.0
}