{
  "batch_size": 64,
  "best_metric": 0.447265625,
  "best_step": 300,
  "best_val_accuracy": 0.447265625,
  "cuda_available": true,
  "dataset_name": "cifar10",
  "device": "cuda",
  "experiment_type": "end_to_end",
  "feature_dim": 64,
  "final_metric": 0.455078125,
  "final_train_accuracy": 0.59375,
  "final_train_loss": 1.334775447845459,
  "git_commit": "unknown",
  "head_name": "eml_centered_ambiguity",
  "hostname": "user-NF5468M6",
  "loss_mode": "ce_pairwise",
  "lr": 0.001,
  "metrics_json": "{\"best_metric\": 0.447265625, \"best_step\": 300, \"best_val_accuracy\": 0.447265625, \"final_metric\": 0.455078125, \"final_train_accuracy\": 0.59375, \"final_train_loss\": 1.334775447845459, \"test_accuracy\": 0.455078125, \"test_ambiguity_mean\": 1.058184027671814, \"test_brier\": 0.7080013751983643, \"test_class_resistance_mean\": 0.20028653740882874, \"test_ece\": 0.07129170745611191, \"test_hard_negative_drive_mean\": 6.203730583190918, \"test_hard_negative_logit_mean\": 2.2310304641723633, \"test_hard_negative_resistance_mean\": 0.956068754196167, \"test_loss\": 1.599813461303711, \"test_margin_mean\": -0.41216447949409485, \"test_nll\": 1.599813461303711, \"test_positive_drive_mean\": 5.2133073806762695, \"test_positive_logit_mean\": 1.8188657760620117, \"test_positive_resistance_mean\": 0.9250259399414062, \"test_resistance_noise_corr\": NaN, \"test_resistance_occlusion_corr\": NaN, \"test_sample_uncertainty_mean\": 0.0003719705273397267, \"total_train_time_sec\": 13.216989755630493, \"val_accuracy\": 0.447265625, \"val_ambiguity_mean\": 1.0842528343200684, \"val_brier\": 0.7103064060211182, \"val_class_resistance_mean\": 0.20028653740882874, \"val_ece\": 0.08049047738313675, \"val_hard_negative_drive_mean\": 6.191606521606445, \"val_hard_negative_logit_mean\": 2.222642183303833, \"val_hard_negative_resistance_mean\": 0.9802698493003845, \"val_loss\": 1.5999057292938232, \"val_margin_mean\": -0.39629876613616943, \"val_nll\": 1.5999057292938232, \"val_positive_drive_mean\": 5.079645156860352, \"val_positive_logit_mean\": 1.8263435363769531, \"val_positive_resistance_mean\": 0.9535312652587891, \"val_resistance_noise_corr\": NaN, \"val_resistance_occlusion_corr\": NaN, \"val_sample_uncertainty_mean\": 0.00040590547723695636}",
  "mode": "head_ablation",
  "model_class": "CNNHeadModel",
  "model_name": "eml_bank_centered_ambiguity",
  "num_classes": 10,
  "num_params": 221443,
  "pairwise_margin": 0.0,
  "pairwise_weight": 0.05,
  "platform": "Linux-5.4.0-216-generic-x86_64-with-glibc2.31",
  "python_version": "3.10.20",
  "reason": "",
  "run_dir": "reports/real_cifar_20260424_165937/runs/20260424_090450_e2e_cifar10_eml_bank_centered_ambiguity_ce_pairwise_seed1",
  "run_id": "e2e_cifar10_eml_bank_centered_ambiguity_ce_pairwise_seed1",
  "seed": 1,
  "status": "COMPLETED",
  "steps": 300,
  "task_name": "image_classification",
  "test_accuracy": 0.455078125,
  "test_ambiguity_mean": 1.058184027671814,
  "test_brier": 0.7080013751983643,
  "test_class_resistance_mean": 0.20028653740882874,
  "test_ece": 0.07129170745611191,
  "test_hard_negative_drive_mean": 6.203730583190918,
  "test_hard_negative_logit_mean": 2.2310304641723633,
  "test_hard_negative_resistance_mean": 0.956068754196167,
  "test_loss": 1.599813461303711,
  "test_margin_mean": -0.41216447949409485,
  "test_nll": 1.599813461303711,
  "test_positive_drive_mean": 5.2133073806762695,
  "test_positive_logit_mean": 1.8188657760620117,
  "test_positive_resistance_mean": 0.9250259399414062,
  "test_resistance_noise_corr": NaN,
  "test_resistance_occlusion_corr": NaN,
  "test_sample_uncertainty_mean": 0.0003719705273397267,
  "timestamp": "2026-04-24T09:05:03Z",
  "torch_version": "2.7.1+cu118",
  "torchvision_version": "0.22.1+cu118",
  "total_train_time_sec": 13.216989755630493,
  "trainable_params": 221443,
  "use_eml_residual_bank": true,
  "val_accuracy": 0.447265625,
  "val_ambiguity_mean": 1.0842528343200684,
  "val_brier": 0.7103064060211182,
  "val_class_resistance_mean": 0.20028653740882874,
  "val_ece": 0.08049047738313675,
  "val_hard_negative_drive_mean": 6.191606521606445,
  "val_hard_negative_logit_mean": 2.222642183303833,
  "val_hard_negative_resistance_mean": 0.9802698493003845,
  "val_loss": 1.5999057292938232,
  "val_margin_mean": -0.39629876613616943,
  "val_nll": 1.5999057292938232,
  "val_positive_drive_mean": 5.079645156860352,
  "val_positive_logit_mean": 1.8263435363769531,
  "val_positive_resistance_mean": 0.9535312652587891,
  "val_resistance_noise_corr": NaN,
  "val_resistance_occlusion_corr": NaN,
  "val_sample_uncertainty_mean": 0.00040590547723695636
}