{
  "batch_size": 64,
  "best_metric": 0.98828125,
  "best_step": 25,
  "clean_accuracy": 0.98828125,
  "clean_brier": 0.43217942118644714,
  "clean_confidence_mean": 0.41833218932151794,
  "clean_ece": 0.5706088542938232,
  "clean_nll": 0.884275496006012,
  "clean_risk_at_100_coverage": 0.01171875,
  "clean_risk_at_50_coverage": 0.0,
  "clean_risk_at_70_coverage": 0.0018587112426757812,
  "clean_risk_at_80_coverage": 0.004878044128417969,
  "clean_risk_at_90_coverage": 0.004335284233093262,
  "clean_score_name": "one_minus_confidence",
  "clean_selective_aurc": 0.001319388160482049,
  "clean_uncertainty_mean": 0.5816678404808044,
  "clean_vs_noisy_auroc": 0.621826171875,
  "clean_vs_occluded_auroc": 0.5719337463378906,
  "condition_metrics_path": "reports/uncertainty_remote_20260424_175558/runs/20260424_095606_uncertainty_synthetic_shape_linear_seed2/uncertainty_eval.pt",
  "cuda_available": true,
  "dataset_name": "synthetic_shape",
  "device": "cuda",
  "early_stop_patience": 4,
  "early_stop_triggered": true,
  "experiment_type": "frozen_features_uncertainty",
  "feature_dim": 64,
  "final_metric": 0.98828125,
  "final_train_loss": 0.20776401460170746,
  "git_commit": "unknown",
  "hostname": "user-NF5468M6",
  "metrics_json": "{\"best_metric\": 0.98828125, \"best_step\": 25, \"clean_accuracy\": 0.98828125, \"clean_brier\": 0.43217942118644714, \"clean_confidence_mean\": 0.41833218932151794, \"clean_ece\": 0.5706088542938232, \"clean_nll\": 0.884275496006012, \"clean_risk_at_100_coverage\": 0.01171875, \"clean_risk_at_50_coverage\": 0.0, \"clean_risk_at_70_coverage\": 0.0018587112426757812, \"clean_risk_at_80_coverage\": 0.004878044128417969, \"clean_risk_at_90_coverage\": 0.004335284233093262, \"clean_score_name\": \"one_minus_confidence\", \"clean_selective_aurc\": 0.001319388160482049, \"clean_uncertainty_mean\": 0.5816678404808044, \"clean_vs_noisy_auroc\": 0.621826171875, \"clean_vs_occluded_auroc\": 0.5719337463378906, \"condition_metrics_path\": \"reports/uncertainty_remote_20260424_175558/runs/20260424_095606_uncertainty_synthetic_shape_linear_seed2/uncertainty_eval.pt\", \"early_stop_patience\": 4, \"early_stop_triggered\": true, \"final_metric\": 0.98828125, \"final_train_loss\": 0.20776401460170746, \"noisy_accuracy\": 0.9189453125, \"noisy_brier\": 0.4899001717567444, \"noisy_confidence_mean\": 0.39279282093048096, \"noisy_ece\": 0.526152491569519, \"noisy_nll\": 0.9835302829742432, \"noisy_risk_at_100_coverage\": 0.0810546875, \"noisy_risk_at_50_coverage\": 0.025390625, \"noisy_risk_at_70_coverage\": 0.046025097370147705, \"noisy_risk_at_80_coverage\": 0.043902456760406494, \"noisy_risk_at_90_coverage\": 0.05639910697937012, \"noisy_score_name\": \"one_minus_confidence\", \"noisy_selective_aurc\": 0.03168482705950737, \"noisy_uncertainty_mean\": 0.607207179069519, \"occluded_accuracy\": 0.876953125, \"occluded_brier\": 0.4851689040660858, \"occluded_confidence_mean\": 0.396708220243454, \"occluded_ece\": 0.48128563165664673, \"occluded_nll\": 0.9836682081222534, \"occluded_risk_at_100_coverage\": 0.123046875, \"occluded_risk_at_50_coverage\": 0.005859375, \"occluded_risk_at_70_coverage\": 0.01952582597732544, \"occluded_risk_at_80_coverage\": 0.026829242706298828, \"occluded_risk_at_90_coverage\": 0.06290674209594727, \"occluded_score_name\": \"one_minus_confidence\", \"occluded_selective_aurc\": 0.02019001543521881, \"occluded_uncertainty_mean\": 0.6032917499542236, \"steps_run\": 125, \"total_train_time_sec\": 0.7380762100219727}",
  "mode": "uncertainty_benchmark",
  "model_class": "LinearHead",
  "model_name": "linear",
  "noisy_accuracy": 0.9189453125,
  "noisy_brier": 0.4899001717567444,
  "noisy_confidence_mean": 0.39279282093048096,
  "noisy_ece": 0.526152491569519,
  "noisy_nll": 0.9835302829742432,
  "noisy_risk_at_100_coverage": 0.0810546875,
  "noisy_risk_at_50_coverage": 0.025390625,
  "noisy_risk_at_70_coverage": 0.046025097370147705,
  "noisy_risk_at_80_coverage": 0.043902456760406494,
  "noisy_risk_at_90_coverage": 0.05639910697937012,
  "noisy_score_name": "one_minus_confidence",
  "noisy_selective_aurc": 0.03168482705950737,
  "noisy_uncertainty_mean": 0.607207179069519,
  "num_classes": 5,
  "num_params": 325,
  "num_workers": 0,
  "occluded_accuracy": 0.876953125,
  "occluded_brier": 0.4851689040660858,
  "occluded_confidence_mean": 0.396708220243454,
  "occluded_ece": 0.48128563165664673,
  "occluded_nll": 0.9836682081222534,
  "occluded_risk_at_100_coverage": 0.123046875,
  "occluded_risk_at_50_coverage": 0.005859375,
  "occluded_risk_at_70_coverage": 0.01952582597732544,
  "occluded_risk_at_80_coverage": 0.026829242706298828,
  "occluded_risk_at_90_coverage": 0.06290674209594727,
  "occluded_score_name": "one_minus_confidence",
  "occluded_selective_aurc": 0.02019001543521881,
  "occluded_uncertainty_mean": 0.6032917499542236,
  "platform": "Linux-5.4.0-216-generic-x86_64-with-glibc2.31",
  "python_version": "3.10.20",
  "reason": "",
  "run_dir": "reports/uncertainty_remote_20260424_175558/runs/20260424_095606_uncertainty_synthetic_shape_linear_seed2",
  "run_id": "uncertainty_synthetic_shape_linear_seed2",
  "seed": 2,
  "status": "COMPLETED",
  "steps_run": 125,
  "task_name": "image_uncertainty_selective_classification",
  "test_size": 1024,
  "timestamp": "2026-04-24T09:56:07Z",
  "torch_version": "2.7.1+cu118",
  "torchvision_version": "0.22.1+cu118",
  "total_train_time_sec": 0.7380762100219727,
  "train_size": 4096,
  "trainable_params": 325
}