{
  "batch_size": 64,
  "best_metric": 0.416015625,
  "best_step": 200,
  "best_val_accuracy": 0.416015625,
  "cuda_available": true,
  "dataset_name": "cifar10",
  "device": "cuda",
  "experiment_type": "frozen_features",
  "feature_dim": 64,
  "features_dir": "reports/head_ablation/features/cifar10_medium_seed1",
  "final_metric": 0.400390625,
  "final_train_accuracy": 0.421875,
  "final_train_loss": 1.5206975936889648,
  "git_commit": "unknown",
  "hostname": "user-NF5468M6",
  "lr": 0.001,
  "metrics_json": "{\"best_metric\": 0.416015625, \"best_step\": 200, \"best_val_accuracy\": 0.416015625, \"final_metric\": 0.400390625, \"final_train_accuracy\": 0.421875, \"final_train_loss\": 1.5206975936889648, \"test_accuracy\": 0.400390625, \"test_ambiguity_mean\": 0.3320609927177429, \"test_brier\": 0.7475557327270508, \"test_class_resistance_mean\": 0.20093777775764465, \"test_ece\": 0.08231192082166672, \"test_hard_negative_drive_mean\": 6.155501365661621, \"test_hard_negative_logit_mean\": 2.022594928741455, \"test_hard_negative_resistance_mean\": 0.6789712905883789, \"test_loss\": 1.7015678882598877, \"test_margin_mean\": -0.4517483115196228, \"test_nll\": 1.7015678882598877, \"test_positive_drive_mean\": 4.841283321380615, \"test_positive_logit_mean\": 1.570846676826477, \"test_positive_resistance_mean\": 0.7091535925865173, \"test_resistance_noise_corr\": NaN, \"test_resistance_occlusion_corr\": NaN, \"test_sample_uncertainty_mean\": 0.33307307958602905, \"total_train_time_sec\": 2.978687286376953, \"val_accuracy\": 0.416015625, \"val_ambiguity_mean\": 0.3554510772228241, \"val_brier\": 0.7375309467315674, \"val_class_resistance_mean\": 0.20093777775764465, \"val_ece\": 0.09277133643627167, \"val_hard_negative_drive_mean\": 6.433359146118164, \"val_hard_negative_logit_mean\": 2.052028179168701, \"val_hard_negative_resistance_mean\": 0.6925511956214905, \"val_loss\": 1.660601019859314, \"val_margin_mean\": -0.4327184855937958, \"val_nll\": 1.660601019859314, \"val_positive_drive_mean\": 4.989003658294678, \"val_positive_logit_mean\": 1.619309663772583, \"val_positive_resistance_mean\": 0.7014526128768921, \"val_resistance_noise_corr\": NaN, \"val_resistance_occlusion_corr\": NaN, \"val_sample_uncertainty_mean\": 0.3172793388366699}",
  "mode": "head_ablation",
  "model_class": "EMLPrototypeHeadCenteredAmbiguity",
  "model_name": "eml_centered_ambiguity",
  "num_classes": 10,
  "num_params": 18977,
  "pairwise_margin": 0.0,
  "pairwise_weight": 0.0,
  "platform": "Linux-5.4.0-216-generic-x86_64-with-glibc2.31",
  "python_version": "3.10.20",
  "reason": "",
  "run_dir": "reports/head_ablation/runs/20260424_082705_frozen_cifar10_eml_centered_ambiguity_seed1",
  "run_id": "frozen_cifar10_eml_centered_ambiguity_seed1",
  "seed": 1,
  "status": "COMPLETED",
  "steps": 200,
  "task_name": "image_classification",
  "test_accuracy": 0.400390625,
  "test_ambiguity_mean": 0.3320609927177429,
  "test_brier": 0.7475557327270508,
  "test_class_resistance_mean": 0.20093777775764465,
  "test_ece": 0.08231192082166672,
  "test_hard_negative_drive_mean": 6.155501365661621,
  "test_hard_negative_logit_mean": 2.022594928741455,
  "test_hard_negative_resistance_mean": 0.6789712905883789,
  "test_loss": 1.7015678882598877,
  "test_margin_mean": -0.4517483115196228,
  "test_nll": 1.7015678882598877,
  "test_positive_drive_mean": 4.841283321380615,
  "test_positive_logit_mean": 1.570846676826477,
  "test_positive_resistance_mean": 0.7091535925865173,
  "test_resistance_noise_corr": NaN,
  "test_resistance_occlusion_corr": NaN,
  "test_sample_uncertainty_mean": 0.33307307958602905,
  "timestamp": "2026-04-24T08:27:08Z",
  "torch_version": "2.7.1+cu118",
  "torchvision_version": "0.22.1+cu118",
  "total_train_time_sec": 2.978687286376953,
  "trainable_params": 18977,
  "val_accuracy": 0.416015625,
  "val_ambiguity_mean": 0.3554510772228241,
  "val_brier": 0.7375309467315674,
  "val_class_resistance_mean": 0.20093777775764465,
  "val_ece": 0.09277133643627167,
  "val_hard_negative_drive_mean": 6.433359146118164,
  "val_hard_negative_logit_mean": 2.052028179168701,
  "val_hard_negative_resistance_mean": 0.6925511956214905,
  "val_loss": 1.660601019859314,
  "val_margin_mean": -0.4327184855937958,
  "val_nll": 1.660601019859314,
  "val_positive_drive_mean": 4.989003658294678,
  "val_positive_logit_mean": 1.619309663772583,
  "val_positive_resistance_mean": 0.7014526128768921,
  "val_resistance_noise_corr": NaN,
  "val_resistance_occlusion_corr": NaN,
  "val_sample_uncertainty_mean": 0.3172793388366699
}