{
  "best_metric": 1.0,
  "cuda_available": true,
  "dataset_name": "synthetic_probe_tensors",
  "device": "cuda",
  "final_diagnostics": {
    "drive_mean": -4.276585968909785e-05,
    "drive_std": 0.0019226634176447988,
    "energy_mean": -0.8809575438499451,
    "energy_std": 0.21291311085224152,
    "gate_activation_rate": 0.19999998807907104,
    "gate_mean": 0.19999998807907104,
    "gate_std": 0.10000000149011612,
    "message_norm_mean": 0.06691908836364746,
    "message_norm_std": 0.012411212548613548,
    "new_precision_mean": 0.3132682144641876,
    "new_precision_std": 4.6995828597573563e-05,
    "old_precision_mean": 0.6931555867195129,
    "old_precision_std": 0.0006075848359614611,
    "resistance_mean": 3.68365399481263e-05,
    "resistance_std": 0.0018753433832898736,
    "responsibility_entropy_mean": 1.3862943649291992,
    "responsibility_entropy_std": 0.0,
    "update_gate_mean": 0.31126880645751953,
    "update_gate_std": 0.00018767408619169146,
    "update_strength_mean": 1.0,
    "update_strength_std": 0.0
  },
  "final_metric": 1.0,
  "git_commit": "ae26ee9",
  "hostname": "user-NF5468M6",
  "message_norm_mean": 0.06691908836364746,
  "metrics_json": "{\"best_metric\": 1.0, \"final_diagnostics\": {\"drive_mean\": -4.276585968909785e-05, \"drive_std\": 0.0019226634176447988, \"energy_mean\": -0.8809575438499451, \"energy_std\": 0.21291311085224152, \"gate_activation_rate\": 0.19999998807907104, \"gate_mean\": 0.19999998807907104, \"gate_std\": 0.10000000149011612, \"message_norm_mean\": 0.06691908836364746, \"message_norm_std\": 0.012411212548613548, \"new_precision_mean\": 0.3132682144641876, \"new_precision_std\": 4.6995828597573563e-05, \"old_precision_mean\": 0.6931555867195129, \"old_precision_std\": 0.0006075848359614611, \"resistance_mean\": 3.68365399481263e-05, \"resistance_std\": 0.0018753433832898736, \"responsibility_entropy_mean\": 1.3862943649291992, \"responsibility_entropy_std\": 0.0, \"update_gate_mean\": 0.31126880645751953, \"update_gate_std\": 0.00018767408619169146, \"update_strength_mean\": 1.0, \"update_strength_std\": 0.0}, \"final_metric\": 1.0, \"message_norm_mean\": 0.06691908836364746, \"nan_inf_count\": 0.0, \"peak_memory_mb\": 9.3935546875, \"step\": 1, \"step_time_sec\": 0.01846599578857422, \"total_train_time_sec\": 0.018465518951416016, \"train_loss\": 0.0, \"update_norm_mean\": 1.0743745565414429, \"wall_clock_time_sec\": 0.018465518951416016}",
  "mode": "ablation",
  "model_name": "ablation_resp_no_null_seed0",
  "nan_inf_count": 0.0,
  "num_params": 14151,
  "peak_memory_mb": 9.3935546875,
  "platform": "Linux-5.4.0-216-generic-x86_64-with-glibc2.31",
  "python_version": "3.10.20",
  "reason": "",
  "responsibility_mode": true,
  "run_dir": "reports/runs_server_ablation_20260424_150157/20260424_070200_ablation_resp_no_null_seed0",
  "run_id": "ablation_resp_no_null_seed0",
  "seed": 10,
  "status": "COMPLETED",
  "step": 1,
  "step_time_sec": 0.01846599578857422,
  "task_name": "mechanism_probe",
  "timestamp": "2026-04-24T07:02:00Z",
  "torch_version": "2.7.1+cu118",
  "torchvision_version": "0.22.1+cu118",
  "total_train_time_sec": 0.018465518951416016,
  "train_loss": 0.0,
  "trainable_params": 14151,
  "update_mode": "precision",
  "update_norm_mean": 1.0743745565414429,
  "use_null": false,
  "wall_clock_time_sec": 0.018465518951416016
}