{
  "batch_size": 8,
  "best_metric": 0.07287449389696121,
  "bits_per_char": 6.300951769301237,
  "char_accuracy": 0.07287449389696121,
  "completed_steps": 4,
  "corruption_resistance_corr": 0.08419813960790634,
  "cuda_available": false,
  "dataset_name": "SyntheticTextEnergyDataset",
  "device": "cpu",
  "early_stop": false,
  "early_stop_step": "",
  "early_stop_triggered": false,
  "final_diagnostics": {
    "attractor_activation_mean": 0.7592105269432068,
    "attractor_activation_std": 0.09355533123016357,
    "attractor_diversity": 0.04503229260444641,
    "drive_mean": -0.004781716037541628,
    "drive_std": 0.3610087037086487,
    "energy_mean": -0.08750972896814346,
    "energy_std": 0.1050117239356041,
    "null_weight_mean": 0.44423505663871765,
    "null_weight_std": 0.393239289522171,
    "resistance_mean": 1.5966355800628662,
    "resistance_std": 0.2294786125421524,
    "update_gate_mean": 0.059119995683431625,
    "update_gate_std": 0.04206475615501404,
    "update_strength_mean": 0.5502172112464905,
    "update_strength_std": 0.39298155903816223
  },
  "final_metric": 0.07287449389696121,
  "final_train_accuracy": 0.07287449389696121,
  "final_train_loss": 4.367486953735352,
  "git_commit": "19568db",
  "grad_norm": 1.298849105834961,
  "hostname": "BMW-Pro.local",
  "learning_rate": 0.001,
  "metrics_json": "{\"best_metric\": 0.07287449389696121, \"bits_per_char\": 6.300951769301237, \"char_accuracy\": 0.07287449389696121, \"completed_steps\": 4, \"corruption_resistance_corr\": 0.08419813960790634, \"early_stop_step\": \"\", \"early_stop_triggered\": false, \"final_diagnostics\": {\"attractor_activation_mean\": 0.7592105269432068, \"attractor_activation_std\": 0.09355533123016357, \"attractor_diversity\": 0.04503229260444641, \"drive_mean\": -0.004781716037541628, \"drive_std\": 0.3610087037086487, \"energy_mean\": -0.08750972896814346, \"energy_std\": 0.1050117239356041, \"null_weight_mean\": 0.44423505663871765, \"null_weight_std\": 0.393239289522171, \"resistance_mean\": 1.5966355800628662, \"resistance_std\": 0.2294786125421524, \"update_gate_mean\": 0.059119995683431625, \"update_gate_std\": 0.04206475615501404, \"update_strength_mean\": 0.5502172112464905, \"update_strength_std\": 0.39298155903816223}, \"final_metric\": 0.07287449389696121, \"final_train_accuracy\": 0.07287449389696121, \"final_train_loss\": 4.367486953735352, \"grad_norm\": 1.298849105834961, \"learning_rate\": 0.001, \"next_token_loss\": 4.367486953735352, \"peak_memory_mb\": 0.0, \"perplexity\": 78.84524078336291, \"step\": 4, \"step_time_sec\": 0.009152889251708984, \"token_accuracy\": 0.07287449389696121, \"tokens_per_sec\": 26986.014274550664, \"total_train_time_sec\": 0.04738306999206543, \"train_loss\": 4.367486953735352, \"wall_clock_time_sec\": 0.04670405387878418}",
  "min_delta": 0.0001,
  "mode": "ablation",
  "model_name": "EfficientEMLTextEncoder_window8_chunk_attractor",
  "next_token_loss": 4.367486953735352,
  "num_params": 92950,
  "num_workers": 0,
  "patience": 20,
  "peak_memory_mb": 0.0,
  "perplexity": 78.84524078336291,
  "platform": "macOS-26.0-arm64-arm-64bit",
  "python_version": "3.12.12",
  "reason": "",
  "run_dir": "reports/runs/stabilization_ablation_cpu/20260424_074901_ablation_text_window8_chunk_attractor",
  "run_id": "ablation_text_window8_chunk_attractor",
  "seed": 45,
  "seq_len": 48,
  "status": "COMPLETED",
  "step": 4,
  "step_time_sec": 0.009152889251708984,
  "steps": 4,
  "task_name": "text_synthetic",
  "timestamp": "2026-04-24T07:49:01Z",
  "token_accuracy": 0.07287449389696121,
  "tokens_per_sec": 26986.014274550664,
  "torch_version": "2.10.0",
  "torchvision_version": "unavailable",
  "total_train_time_sec": 0.04738306999206543,
  "train_loss": 4.367486953735352,
  "trainable_params": 92950,
  "wall_clock_time_sec": 0.04670405387878418
}