{
  "batch_size": 32,
  "best_metric": 0.234375,
  "best_step": 30,
  "best_val_accuracy": 0.234375,
  "cuda_available": false,
  "dataset_name": "synthetic_shape",
  "device": "cpu",
  "early_stop_triggered": false,
  "experiment_type": "frozen_features",
  "feature_dim": 64,
  "features_dir": "reports/head_ablation/features/synthetic_shape_smoke_seed0",
  "final_metric": 0.1796875,
  "final_train_accuracy": 0.25,
  "final_train_loss": 1.6076910495758057,
  "git_commit": "3d40f93",
  "hostname": "BMW-Pro.local",
  "lr": 0.001,
  "metrics_json": "{\"best_metric\": 0.234375, \"best_step\": 30, \"best_val_accuracy\": 0.234375, \"early_stop_triggered\": false, \"final_metric\": 0.1796875, \"final_train_accuracy\": 0.25, \"final_train_loss\": 1.6076910495758057, \"steps_run\": 30, \"test_accuracy\": 0.1796875, \"test_ambiguity_mean\": NaN, \"test_brier\": 0.8001033067703247, \"test_class_resistance_mean\": NaN, \"test_conflict_resistance_corr\": NaN, \"test_ece\": 0.022213056683540344, \"test_hard_negative_drive_mean\": 0.01772937923669815, \"test_hard_negative_logit_mean\": -0.05576420947909355, \"test_hard_negative_resistance_mean\": 0.6886609196662903, \"test_loss\": 1.6096965074539185, \"test_margin_mean\": -0.008740314282476902, \"test_nll\": 1.6096965074539185, \"test_positive_drive_mean\": -0.0008578990818932652, \"test_positive_logit_mean\": -0.06450452655553818, \"test_positive_resistance_mean\": 0.6929870843887329, \"test_precision_mean\": 0.26039546728134155, \"test_resistance_noise_corr\": -0.020655687898397446, \"test_resistance_occlusion_corr\": -0.06511387228965759, \"test_sample_uncertainty_mean\": NaN, \"test_support_evidence_corr\": NaN, \"test_update_gate_mean\": 0.06086074933409691, \"total_train_time_sec\": 0.4458801746368408, \"val_accuracy\": 0.234375, \"val_ambiguity_mean\": NaN, \"val_brier\": 0.7998926639556885, \"val_class_resistance_mean\": NaN, \"val_conflict_resistance_corr\": NaN, \"val_ece\": 0.032474398612976074, \"val_hard_negative_drive_mean\": 0.01673421449959278, \"val_hard_negative_logit_mean\": -0.05606101453304291, \"val_hard_negative_resistance_mean\": 0.6889557838439941, \"val_loss\": 1.60917067527771, \"val_margin_mean\": -0.007917601615190506, \"val_nll\": 1.60917067527771, \"val_positive_drive_mean\": 0.00032103416742756963, \"val_positive_logit_mean\": -0.06397861242294312, \"val_positive_resistance_mean\": 0.6927028298377991, \"val_precision_mean\": 0.2603949308395386, \"val_resistance_noise_corr\": 0.027427170425653458, \"val_resistance_occlusion_corr\": -0.08721475303173065, \"val_sample_uncertainty_mean\": NaN, \"val_support_evidence_corr\": NaN, \"val_update_gate_mean\": 0.06086062639951706}",
  "mode": "head_ablation",
  "model_class": "MERCHeadClassEnergy",
  "model_name": "merc_energy",
  "num_classes": 5,
  "num_params": 92222,
  "pairwise_margin": 0.0,
  "pairwise_weight": 0.0,
  "platform": "macOS-26.0-arm64-arm-64bit",
  "python_version": "3.12.12",
  "reason": "",
  "run_dir": "reports/head_ablation/runs/20260425_025611_frozen_synthetic_shape_merc_energy_seed0",
  "run_id": "frozen_synthetic_shape_merc_energy_seed0",
  "seed": 0,
  "status": "COMPLETED",
  "steps": 30,
  "steps_run": 30,
  "task_name": "image_classification",
  "test_accuracy": 0.1796875,
  "test_ambiguity_mean": NaN,
  "test_brier": 0.8001033067703247,
  "test_class_resistance_mean": NaN,
  "test_conflict_resistance_corr": NaN,
  "test_ece": 0.022213056683540344,
  "test_hard_negative_drive_mean": 0.01772937923669815,
  "test_hard_negative_logit_mean": -0.05576420947909355,
  "test_hard_negative_resistance_mean": 0.6886609196662903,
  "test_loss": 1.6096965074539185,
  "test_margin_mean": -0.008740314282476902,
  "test_nll": 1.6096965074539185,
  "test_positive_drive_mean": -0.0008578990818932652,
  "test_positive_logit_mean": -0.06450452655553818,
  "test_positive_resistance_mean": 0.6929870843887329,
  "test_precision_mean": 0.26039546728134155,
  "test_resistance_noise_corr": -0.020655687898397446,
  "test_resistance_occlusion_corr": -0.06511387228965759,
  "test_sample_uncertainty_mean": NaN,
  "test_support_evidence_corr": NaN,
  "test_update_gate_mean": 0.06086074933409691,
  "timestamp": "2026-04-25T02:56:12Z",
  "torch_version": "2.10.0",
  "torchvision_version": "unavailable",
  "total_train_time_sec": 0.4458801746368408,
  "trainable_params": 92222,
  "val_accuracy": 0.234375,
  "val_ambiguity_mean": NaN,
  "val_brier": 0.7998926639556885,
  "val_class_resistance_mean": NaN,
  "val_conflict_resistance_corr": NaN,
  "val_ece": 0.032474398612976074,
  "val_hard_negative_drive_mean": 0.01673421449959278,
  "val_hard_negative_logit_mean": -0.05606101453304291,
  "val_hard_negative_resistance_mean": 0.6889557838439941,
  "val_loss": 1.60917067527771,
  "val_margin_mean": -0.007917601615190506,
  "val_nll": 1.60917067527771,
  "val_positive_drive_mean": 0.00032103416742756963,
  "val_positive_logit_mean": -0.06397861242294312,
  "val_positive_resistance_mean": 0.6927028298377991,
  "val_precision_mean": 0.2603949308395386,
  "val_resistance_noise_corr": 0.027427170425653458,
  "val_resistance_occlusion_corr": -0.08721475303173065,
  "val_sample_uncertainty_mean": NaN,
  "val_support_evidence_corr": NaN,
  "val_update_gate_mean": 0.06086062639951706
}