{
  "backbone_steps": 300,
  "batch_size": 64,
  "best_metric": 0.984375,
  "best_step": 150,
  "clean_accuracy": 0.9973958134651184,
  "clean_brier": 0.006106401327997446,
  "clean_confidence_mean": 0.9901768565177917,
  "clean_ece": 0.007218936458230019,
  "clean_nll": 0.022703668102622032,
  "clean_risk_at_100_coverage": 0.002604186534881592,
  "clean_risk_at_50_coverage": 0.0,
  "clean_risk_at_70_coverage": 0.0,
  "clean_risk_at_80_coverage": 0.0032520294189453125,
  "clean_risk_at_90_coverage": 0.002890169620513916,
  "clean_score_name": "one_minus_confidence",
  "clean_selective_aurc": 0.0006799501134082675,
  "clean_uncertainty_mean": 0.00982312485575676,
  "clean_vs_noisy_auroc": 0.5325838923454285,
  "clean_vs_occluded_auroc": 0.5992228388786316,
  "condition_metrics_path": "reports/pluggable_uncertainty_real_20260427/runs/20260427_032001_uncertainty_synthetic_shape_mlp_seed1/uncertainty_eval.pt",
  "cuda_available": true,
  "dataset_name": "synthetic_shape",
  "device": "cuda",
  "early_stop_min_evals": 2,
  "early_stop_patience": 4,
  "early_stop_triggered": true,
  "eval_interval": 25,
  "experiment_type": "frozen_features_uncertainty",
  "feature_dim": 64,
  "final_metric": 0.9973958134651184,
  "final_train_loss": 0.019360950216650963,
  "git_commit": "0c0b3db",
  "head_steps": 1200,
  "hostname": "user-NF5468M6",
  "metrics_json": "{\"best_metric\": 0.984375, \"best_step\": 150, \"clean_accuracy\": 0.9973958134651184, \"clean_brier\": 0.006106401327997446, \"clean_confidence_mean\": 0.9901768565177917, \"clean_ece\": 0.007218936458230019, \"clean_nll\": 0.022703668102622032, \"clean_risk_at_100_coverage\": 0.002604186534881592, \"clean_risk_at_50_coverage\": 0.0, \"clean_risk_at_70_coverage\": 0.0, \"clean_risk_at_80_coverage\": 0.0032520294189453125, \"clean_risk_at_90_coverage\": 0.002890169620513916, \"clean_score_name\": \"one_minus_confidence\", \"clean_selective_aurc\": 0.0006799501134082675, \"clean_uncertainty_mean\": 0.00982312485575676, \"clean_vs_noisy_auroc\": 0.5325838923454285, \"clean_vs_occluded_auroc\": 0.5992228388786316, \"condition_metrics_path\": \"reports/pluggable_uncertainty_real_20260427/runs/20260427_032001_uncertainty_synthetic_shape_mlp_seed1/uncertainty_eval.pt\", \"early_stop_patience\": 4, \"early_stop_triggered\": true, \"final_metric\": 0.9973958134651184, \"final_train_loss\": 0.019360950216650963, \"noisy_accuracy\": 0.984375, \"noisy_brier\": 0.02710399590432644, \"noisy_confidence_mean\": 0.9826787114143372, \"noisy_ece\": 0.010201137512922287, \"noisy_nll\": 0.05927792564034462, \"noisy_risk_at_100_coverage\": 0.015625, \"noisy_risk_at_50_coverage\": 0.001953125, \"noisy_risk_at_70_coverage\": 0.0013946890830993652, \"noisy_risk_at_80_coverage\": 0.0012195110321044922, \"noisy_risk_at_90_coverage\": 0.0010846257209777832, \"noisy_score_name\": \"one_minus_confidence\", \"noisy_selective_aurc\": 0.001739083556458354, \"noisy_uncertainty_mean\": 0.017321210354566574, \"occluded_accuracy\": 0.9091796875, \"occluded_brier\": 0.12080660462379456, \"occluded_confidence_mean\": 0.9358652830123901, \"occluded_ece\": 0.027044489979743958, \"occluded_nll\": 0.24430103600025177, \"occluded_risk_at_100_coverage\": 0.0908203125, \"occluded_risk_at_50_coverage\": 0.00390625, \"occluded_risk_at_70_coverage\": 0.0027893781661987305, \"occluded_risk_at_80_coverage\": 0.0024390220642089844, \"occluded_risk_at_90_coverage\": 0.03145337104797363, \"occluded_score_name\": \"one_minus_confidence\", \"occluded_selective_aurc\": 0.008607478812336922, \"occluded_uncertainty_mean\": 0.06413478404283524, \"steps_run\": 250, \"total_train_time_sec\": 4.285928010940552}",
  "mode": "uncertainty_benchmark",
  "model_class": "MLPHead",
  "model_name": "mlp",
  "noisy_accuracy": 0.984375,
  "noisy_brier": 0.02710399590432644,
  "noisy_confidence_mean": 0.9826787114143372,
  "noisy_ece": 0.010201137512922287,
  "noisy_nll": 0.05927792564034462,
  "noisy_risk_at_100_coverage": 0.015625,
  "noisy_risk_at_50_coverage": 0.001953125,
  "noisy_risk_at_70_coverage": 0.0013946890830993652,
  "noisy_risk_at_80_coverage": 0.0012195110321044922,
  "noisy_risk_at_90_coverage": 0.0010846257209777832,
  "noisy_score_name": "one_minus_confidence",
  "noisy_selective_aurc": 0.001739083556458354,
  "noisy_uncertainty_mean": 0.017321210354566574,
  "num_classes": 5,
  "num_params": 9093,
  "num_workers": 0,
  "occluded_accuracy": 0.9091796875,
  "occluded_brier": 0.12080660462379456,
  "occluded_confidence_mean": 0.9358652830123901,
  "occluded_ece": 0.027044489979743958,
  "occluded_nll": 0.24430103600025177,
  "occluded_risk_at_100_coverage": 0.0908203125,
  "occluded_risk_at_50_coverage": 0.00390625,
  "occluded_risk_at_70_coverage": 0.0027893781661987305,
  "occluded_risk_at_80_coverage": 0.0024390220642089844,
  "occluded_risk_at_90_coverage": 0.03145337104797363,
  "occluded_score_name": "one_minus_confidence",
  "occluded_selective_aurc": 0.008607478812336922,
  "occluded_uncertainty_mean": 0.06413478404283524,
  "platform": "Linux-5.4.0-216-generic-x86_64-with-glibc2.31",
  "python_version": "3.10.20",
  "reason": "",
  "run_dir": "reports/pluggable_uncertainty_real_20260427/runs/20260427_032001_uncertainty_synthetic_shape_mlp_seed1",
  "run_id": "uncertainty_synthetic_shape_mlp_seed1",
  "seed": 1,
  "selected_heads": [
    "linear",
    "mlp",
    "cosine_prototype",
    "eml_no_ambiguity",
    "eml_centered_ambiguity",
    "eml_supervised_resistance",
    "merc_linear",
    "merc_energy"
  ],
  "status": "COMPLETED",
  "steps_run": 250,
  "task_name": "image_uncertainty_selective_classification",
  "test_size": 1024,
  "timestamp": "2026-04-27T03:20:05Z",
  "torch_version": "2.7.1+cu118",
  "torchvision_version": "0.22.1+cu118",
  "total_train_time_sec": 4.285928010940552,
  "train_size": 4096,
  "trainable_params": 9093
}