{
  "batch_size": 64,
  "best_metric": 0.3984375,
  "best_step": 300,
  "best_val_accuracy": 0.3984375,
  "cuda_available": true,
  "dataset_name": "cifar10",
  "device": "cuda",
  "early_stop_triggered": false,
  "experiment_type": "end_to_end",
  "feature_dim": 64,
  "final_metric": 0.419921875,
  "final_train_accuracy": 0.515625,
  "final_train_loss": 1.3191522359848022,
  "git_commit": "unknown",
  "head_name": "eml_centered_ambiguity",
  "hostname": "user-NF5468M6",
  "loss_mode": "ce_pairwise",
  "lr": 0.001,
  "metrics_json": "{\"best_metric\": 0.3984375, \"best_step\": 300, \"best_val_accuracy\": 0.3984375, \"early_stop_triggered\": false, \"final_metric\": 0.419921875, \"final_train_accuracy\": 0.515625, \"final_train_loss\": 1.3191522359848022, \"steps_run\": 300, \"test_accuracy\": 0.419921875, \"test_ambiguity_mean\": 1.1306723356246948, \"test_brier\": 0.7027102708816528, \"test_class_resistance_mean\": 0.200286865234375, \"test_ece\": 0.0745849609375, \"test_hard_negative_drive_mean\": 6.012726783752441, \"test_hard_negative_logit_mean\": 2.139922618865967, \"test_hard_negative_resistance_mean\": 0.9854506254196167, \"test_loss\": 1.6127203702926636, \"test_margin_mean\": -0.38478001952171326, \"test_nll\": 1.6127203702926636, \"test_positive_drive_mean\": 4.876781940460205, \"test_positive_logit_mean\": 1.7551424503326416, \"test_positive_resistance_mean\": 0.9616332054138184, \"test_resistance_noise_corr\": NaN, \"test_resistance_occlusion_corr\": NaN, \"test_sample_uncertainty_mean\": 0.0024653011932969093, \"total_train_time_sec\": 14.061266899108887, \"val_accuracy\": 0.3984375, \"val_ambiguity_mean\": 1.1204874515533447, \"val_brier\": 0.724531352519989, \"val_class_resistance_mean\": 0.200286865234375, \"val_ece\": 0.023698290809988976, \"val_hard_negative_drive_mean\": 6.26995849609375, \"val_hard_negative_logit_mean\": 2.2251181602478027, \"val_hard_negative_resistance_mean\": 0.9256025552749634, \"val_loss\": 1.6382036209106445, \"val_margin_mean\": -0.4750670790672302, \"val_nll\": 1.6382036209106445, \"val_positive_drive_mean\": 4.827081680297852, \"val_positive_logit_mean\": 1.7500507831573486, \"val_positive_resistance_mean\": 1.008763313293457, \"val_resistance_noise_corr\": NaN, \"val_resistance_occlusion_corr\": NaN, \"val_sample_uncertainty_mean\": 0.00244655879214406}",
  "mode": "head_ablation",
  "model_class": "CNNHeadModel",
  "model_name": "eml_bank_centered_ambiguity",
  "num_classes": 10,
  "num_params": 221443,
  "pairwise_margin": 0.0,
  "pairwise_weight": 0.05,
  "platform": "Linux-5.4.0-216-generic-x86_64-with-glibc2.31",
  "python_version": "3.10.20",
  "reason": "",
  "run_dir": "reports/merc_end_to_end/runs/20260425_031312_e2e_cifar10_eml_bank_centered_ambiguity_ce_pairwise_seed2",
  "run_id": "e2e_cifar10_eml_bank_centered_ambiguity_ce_pairwise_seed2",
  "seed": 2,
  "status": "COMPLETED",
  "steps": 300,
  "steps_run": 300,
  "task_name": "image_classification",
  "test_accuracy": 0.419921875,
  "test_ambiguity_mean": 1.1306723356246948,
  "test_brier": 0.7027102708816528,
  "test_class_resistance_mean": 0.200286865234375,
  "test_ece": 0.0745849609375,
  "test_hard_negative_drive_mean": 6.012726783752441,
  "test_hard_negative_logit_mean": 2.139922618865967,
  "test_hard_negative_resistance_mean": 0.9854506254196167,
  "test_loss": 1.6127203702926636,
  "test_margin_mean": -0.38478001952171326,
  "test_nll": 1.6127203702926636,
  "test_positive_drive_mean": 4.876781940460205,
  "test_positive_logit_mean": 1.7551424503326416,
  "test_positive_resistance_mean": 0.9616332054138184,
  "test_resistance_noise_corr": NaN,
  "test_resistance_occlusion_corr": NaN,
  "test_sample_uncertainty_mean": 0.0024653011932969093,
  "timestamp": "2026-04-25T03:13:26Z",
  "torch_version": "2.7.1+cu118",
  "torchvision_version": "0.22.1+cu118",
  "total_train_time_sec": 14.061266899108887,
  "trainable_params": 221443,
  "use_eml_residual_bank": true,
  "use_merc_block": false,
  "val_accuracy": 0.3984375,
  "val_ambiguity_mean": 1.1204874515533447,
  "val_brier": 0.724531352519989,
  "val_class_resistance_mean": 0.200286865234375,
  "val_ece": 0.023698290809988976,
  "val_hard_negative_drive_mean": 6.26995849609375,
  "val_hard_negative_logit_mean": 2.2251181602478027,
  "val_hard_negative_resistance_mean": 0.9256025552749634,
  "val_loss": 1.6382036209106445,
  "val_margin_mean": -0.4750670790672302,
  "val_nll": 1.6382036209106445,
  "val_positive_drive_mean": 4.827081680297852,
  "val_positive_logit_mean": 1.7500507831573486,
  "val_positive_resistance_mean": 1.008763313293457,
  "val_resistance_noise_corr": NaN,
  "val_resistance_occlusion_corr": NaN,
  "val_sample_uncertainty_mean": 0.00244655879214406
}