{
  "ambiguity_weight": NaN,
  "attractor_entropy_weight": NaN,
  "batch_size": 8,
  "best_metric": 0.07960198819637299,
  "bits_per_char": 6.29207815244732,
  "char_accuracy": 0.07916666567325592,
  "completed_steps": 4,
  "corruption_resistance_corr": 0.005213500466197729,
  "cuda_available": false,
  "dataset_name": "SyntheticTextEnergyDataset",
  "device": "cpu",
  "early_stop": false,
  "early_stop_step": "",
  "early_stop_triggered": false,
  "final_diagnostics": {
    "drive_mean": 0.000937741482630372,
    "drive_std": 0.12412542849779129,
    "energy_mean": -0.005033793393522501,
    "energy_std": 0.01437831949442625,
    "resistance_mean": 0.19394956529140472,
    "resistance_std": 0.22804240882396698
  },
  "final_metric": 0.07916666567325592,
  "final_train_accuracy": 0.07916666567325592,
  "final_train_loss": 4.3613362312316895,
  "git_commit": "9ce7b7d",
  "grad_norm": 1.5214359760284424,
  "hostname": "Mac-mini.local",
  "learning_rate": 0.001,
  "metrics_json": "{\"ambiguity_weight\": NaN, \"attractor_entropy_weight\": NaN, \"best_metric\": 0.07960198819637299, \"bits_per_char\": 6.29207815244732, \"char_accuracy\": 0.07916666567325592, \"completed_steps\": 4, \"corruption_resistance_corr\": 0.005213500466197729, \"early_stop_step\": \"\", \"early_stop_triggered\": false, \"final_diagnostics\": {\"drive_mean\": 0.000937741482630372, \"drive_std\": 0.12412542849779129, \"energy_mean\": -0.005033793393522501, \"energy_std\": 0.01437831949442625, \"resistance_mean\": 0.19394956529140472, \"resistance_std\": 0.22804240882396698}, \"final_metric\": 0.07916666567325592, \"final_train_accuracy\": 0.07916666567325592, \"final_train_loss\": 4.3613362312316895, \"grad_norm\": 1.5214359760284424, \"learning_rate\": 0.001, \"next_token_loss\": 4.3613362312316895, \"null_threshold\": NaN, \"peak_memory_mb\": 0.0, \"perplexity\": 78.36177394593254, \"precision_update_threshold\": NaN, \"responsibility_temperature\": NaN, \"step\": 4, \"step_time_sec\": 0.04812169075012207, \"token_accuracy\": 0.07916666567325592, \"tokens_per_sec\": 4987.3559357303175, \"total_train_time_sec\": 0.2610812187194824, \"train_loss\": 4.3613362312316895, \"wall_clock_time_sec\": 0.2602260112762451, \"warmup_eta\": 1.0}",
  "min_delta": 0.0001,
  "mode": "smoke",
  "model_name": "EMLEdgeTextLM_kan_style",
  "next_token_loss": 4.3613362312316895,
  "null_threshold": NaN,
  "num_params": 53736,
  "num_workers": 0,
  "patience": 20,
  "peak_memory_mb": 0.0,
  "perplexity": 78.36177394593254,
  "platform": "macOS-15.1-arm64-arm-64bit",
  "precision_update_threshold": NaN,
  "python_version": "3.12.7",
  "reason": "",
  "responsibility_temperature": NaN,
  "run_dir": "reports/text_representation_ablation/runs/20260505_123522_eml_edge_kan_text_seed1",
  "run_id": "eml_edge_kan_text_seed1",
  "seed": 1,
  "seq_len": 48,
  "status": "COMPLETED",
  "step": 4,
  "step_time_sec": 0.04812169075012207,
  "steps": 4,
  "task_name": "text_synthetic",
  "timestamp": "2026-05-05T12:35:22Z",
  "token_accuracy": 0.07916666567325592,
  "tokens_per_sec": 4987.3559357303175,
  "torch_version": "2.10.0",
  "torchvision_version": "0.25.0",
  "total_train_time_sec": 0.2610812187194824,
  "train_loss": 4.3613362312316895,
  "trainable_params": 53736,
  "wall_clock_time_sec": 0.2602260112762451,
  "warmup_eta": 1.0
}