{
  "batch_size": 64,
  "best_metric": 0.5703125,
  "best_step": 300,
  "best_val_accuracy": 0.5703125,
  "cuda_available": true,
  "dataset_name": "cifar10",
  "device": "cuda",
  "early_stop_triggered": false,
  "experiment_type": "frozen_features",
  "feature_dim": 64,
  "features_dir": "reports/head_ablation/features/cifar10_medium_seed2",
  "final_metric": 0.529296875,
  "final_train_accuracy": 0.578125,
  "final_train_loss": 1.2950763702392578,
  "git_commit": "unknown",
  "hostname": "user-NF5468M6",
  "lr": 0.001,
  "metrics_json": "{\"best_metric\": 0.5703125, \"best_step\": 300, \"best_val_accuracy\": 0.5703125, \"early_stop_triggered\": false, \"final_metric\": 0.529296875, \"final_train_accuracy\": 0.578125, \"final_train_loss\": 1.2950763702392578, \"steps_run\": 300, \"test_accuracy\": 0.529296875, \"test_ambiguity_mean\": 0.0, \"test_brier\": 0.6378610730171204, \"test_class_resistance_mean\": 0.20501649379730225, \"test_conflict_resistance_corr\": NaN, \"test_ece\": 0.08335555344820023, \"test_hard_negative_drive_mean\": 5.500919342041016, \"test_hard_negative_logit_mean\": 1.6090747117996216, \"test_hard_negative_resistance_mean\": 22.941905975341797, \"test_loss\": 1.4575436115264893, \"test_margin_mean\": -0.06474541127681732, \"test_nll\": 1.4575436115264893, \"test_positive_drive_mean\": 5.569406986236572, \"test_positive_logit_mean\": 1.544329285621643, \"test_positive_resistance_mean\": 22.93851089477539, \"test_precision_mean\": NaN, \"test_resistance_noise_corr\": NaN, \"test_resistance_occlusion_corr\": NaN, \"test_sample_uncertainty_mean\": 22.734619140625, \"test_support_evidence_corr\": NaN, \"test_update_gate_mean\": NaN, \"total_train_time_sec\": 7.22717022895813, \"val_accuracy\": 0.5703125, \"val_ambiguity_mean\": 0.0, \"val_brier\": 0.6173491477966309, \"val_class_resistance_mean\": 0.20501649379730225, \"val_conflict_resistance_corr\": NaN, \"val_ece\": 0.1221429780125618, \"val_hard_negative_drive_mean\": 5.441786766052246, \"val_hard_negative_logit_mean\": 1.6045881509780884, \"val_hard_negative_resistance_mean\": 23.6729679107666, \"val_loss\": 1.4103039503097534, \"val_margin_mean\": -0.0010178331285715103, \"val_nll\": 1.4103039503097534, \"val_positive_drive_mean\": 5.7576093673706055, \"val_positive_logit_mean\": 1.6035702228546143, \"val_positive_resistance_mean\": 23.670825958251953, \"val_precision_mean\": NaN, \"val_resistance_noise_corr\": NaN, \"val_resistance_occlusion_corr\": NaN, \"val_sample_uncertainty_mean\": 23.465904235839844, \"val_support_evidence_corr\": NaN, \"val_update_gate_mean\": NaN}",
  "mode": "head_ablation",
  "model_class": "EMLPrototypeHeadNoAmbiguity",
  "model_name": "eml_no_ambiguity",
  "num_classes": 10,
  "num_params": 18977,
  "pairwise_margin": 0.0,
  "pairwise_weight": 0.0,
  "platform": "Linux-5.4.0-216-generic-x86_64-with-glibc2.31",
  "python_version": "3.10.20",
  "reason": "",
  "run_dir": "reports/merc_head_ablation/runs/20260425_030459_frozen_cifar10_eml_no_ambiguity_seed2",
  "run_id": "frozen_cifar10_eml_no_ambiguity_seed2",
  "seed": 2,
  "status": "COMPLETED",
  "steps": 300,
  "steps_run": 300,
  "task_name": "image_classification",
  "test_accuracy": 0.529296875,
  "test_ambiguity_mean": 0.0,
  "test_brier": 0.6378610730171204,
  "test_class_resistance_mean": 0.20501649379730225,
  "test_conflict_resistance_corr": NaN,
  "test_ece": 0.08335555344820023,
  "test_hard_negative_drive_mean": 5.500919342041016,
  "test_hard_negative_logit_mean": 1.6090747117996216,
  "test_hard_negative_resistance_mean": 22.941905975341797,
  "test_loss": 1.4575436115264893,
  "test_margin_mean": -0.06474541127681732,
  "test_nll": 1.4575436115264893,
  "test_positive_drive_mean": 5.569406986236572,
  "test_positive_logit_mean": 1.544329285621643,
  "test_positive_resistance_mean": 22.93851089477539,
  "test_precision_mean": NaN,
  "test_resistance_noise_corr": NaN,
  "test_resistance_occlusion_corr": NaN,
  "test_sample_uncertainty_mean": 22.734619140625,
  "test_support_evidence_corr": NaN,
  "test_update_gate_mean": NaN,
  "timestamp": "2026-04-25T03:05:06Z",
  "torch_version": "2.7.1+cu118",
  "torchvision_version": "0.22.1+cu118",
  "total_train_time_sec": 7.22717022895813,
  "trainable_params": 18977,
  "val_accuracy": 0.5703125,
  "val_ambiguity_mean": 0.0,
  "val_brier": 0.6173491477966309,
  "val_class_resistance_mean": 0.20501649379730225,
  "val_conflict_resistance_corr": NaN,
  "val_ece": 0.1221429780125618,
  "val_hard_negative_drive_mean": 5.441786766052246,
  "val_hard_negative_logit_mean": 1.6045881509780884,
  "val_hard_negative_resistance_mean": 23.6729679107666,
  "val_loss": 1.4103039503097534,
  "val_margin_mean": -0.0010178331285715103,
  "val_nll": 1.4103039503097534,
  "val_positive_drive_mean": 5.7576093673706055,
  "val_positive_logit_mean": 1.6035702228546143,
  "val_positive_resistance_mean": 23.670825958251953,
  "val_precision_mean": NaN,
  "val_resistance_noise_corr": NaN,
  "val_resistance_occlusion_corr": NaN,
  "val_sample_uncertainty_mean": 23.465904235839844,
  "val_support_evidence_corr": NaN,
  "val_update_gate_mean": NaN
}