{
  "batch_size": 64,
  "best_metric": 0.984375,
  "best_step": 25,
  "clean_accuracy": 0.99609375,
  "clean_brier": 0.5113754868507385,
  "clean_confidence_mean": 0.3629148304462433,
  "clean_ece": 0.6331788301467896,
  "clean_nll": 1.0254343748092651,
  "clean_positive_resistance_mean": 0.12684091925621033,
  "clean_resistance_noise_corr": -4.502819450635798e-08,
  "clean_resistance_occlusion_corr": NaN,
  "clean_risk_at_100_coverage": 0.00390625,
  "clean_risk_at_50_coverage": 0.002604186534881592,
  "clean_risk_at_70_coverage": 0.0018587112426757812,
  "clean_risk_at_80_coverage": 0.0016260147094726562,
  "clean_risk_at_90_coverage": 0.0014451146125793457,
  "clean_score_name": "positive_resistance",
  "clean_selective_aurc": 0.0012122775660827756,
  "clean_uncertainty_mean": 0.12684091925621033,
  "clean_vs_noisy_auroc": 0.5669479370117188,
  "clean_vs_occluded_auroc": 0.5444018244743347,
  "condition_metrics_path": "reports/uncertainty_resistance_true_20260427/runs/20260427_015422_uncertainty_synthetic_shape_eml_supervised_resistance_seed1/uncertainty_eval.pt",
  "cuda_available": true,
  "dataset_name": "synthetic_shape",
  "device": "cuda",
  "early_stop_patience": 4,
  "early_stop_triggered": true,
  "experiment_type": "frozen_features_uncertainty",
  "feature_dim": 64,
  "final_metric": 0.99609375,
  "final_train_loss": 0.3829331398010254,
  "git_commit": "0c0b3db",
  "hostname": "user-NF5468M6",
  "metrics_json": "{\"best_metric\": 0.984375, \"best_step\": 25, \"clean_accuracy\": 0.99609375, \"clean_brier\": 0.5113754868507385, \"clean_confidence_mean\": 0.3629148304462433, \"clean_ece\": 0.6331788301467896, \"clean_nll\": 1.0254343748092651, \"clean_positive_resistance_mean\": 0.12684091925621033, \"clean_resistance_noise_corr\": -4.502819450635798e-08, \"clean_resistance_occlusion_corr\": NaN, \"clean_risk_at_100_coverage\": 0.00390625, \"clean_risk_at_50_coverage\": 0.002604186534881592, \"clean_risk_at_70_coverage\": 0.0018587112426757812, \"clean_risk_at_80_coverage\": 0.0016260147094726562, \"clean_risk_at_90_coverage\": 0.0014451146125793457, \"clean_score_name\": \"positive_resistance\", \"clean_selective_aurc\": 0.0012122775660827756, \"clean_uncertainty_mean\": 0.12684091925621033, \"clean_vs_noisy_auroc\": 0.5669479370117188, \"clean_vs_occluded_auroc\": 0.5444018244743347, \"condition_metrics_path\": \"reports/uncertainty_resistance_true_20260427/runs/20260427_015422_uncertainty_synthetic_shape_eml_supervised_resistance_seed1/uncertainty_eval.pt\", \"early_stop_patience\": 4, \"early_stop_triggered\": true, \"final_metric\": 0.99609375, \"final_train_loss\": 0.3829331398010254, \"noisy_accuracy\": 0.9765625, \"noisy_brier\": 0.5204595923423767, \"noisy_confidence_mean\": 0.35975345969200134, \"noisy_ece\": 0.6168090105056763, \"noisy_nll\": 1.0429412126541138, \"noisy_positive_resistance_mean\": 0.15836109220981598, \"noisy_resistance_noise_corr\": NaN, \"noisy_resistance_occlusion_corr\": NaN, \"noisy_risk_at_100_coverage\": 0.0234375, \"noisy_risk_at_50_coverage\": 0.001953125, \"noisy_risk_at_70_coverage\": 0.008368194103240967, \"noisy_risk_at_80_coverage\": 0.007317066192626953, \"noisy_risk_at_90_coverage\": 0.008676767349243164, \"noisy_score_name\": \"positive_resistance\", \"noisy_selective_aurc\": 0.003930318169295788, \"noisy_uncertainty_mean\": 0.15836109220981598, \"occluded_accuracy\": 0.890625, \"occluded_brier\": 0.550015389919281, \"occluded_confidence_mean\": 0.3480779528617859, \"occluded_ece\": 0.5425470471382141, \"occluded_nll\": 1.1036953926086426, \"occluded_positive_resistance_mean\": 0.18032856285572052, \"occluded_resistance_noise_corr\": -1.9074141377473097e-08, \"occluded_resistance_occlusion_corr\": 0.531105637550354, \"occluded_risk_at_100_coverage\": 0.109375, \"occluded_risk_at_50_coverage\": 0.00390625, \"occluded_risk_at_70_coverage\": 0.011157572269439697, \"occluded_risk_at_80_coverage\": 0.014634132385253906, \"occluded_risk_at_90_coverage\": 0.033622562885284424, \"occluded_score_name\": \"positive_resistance\", \"occluded_selective_aurc\": 0.012883540242910385, \"occluded_uncertainty_mean\": 0.18032856285572052, \"pooled_resistance_noise_corr\": 0.0023922149557620287, \"pooled_resistance_occlusion_corr\": 0.3836503028869629, \"steps_run\": 125, \"total_train_time_sec\": 5.411498785018921}",
  "mode": "uncertainty_benchmark",
  "model_class": "EMLPrototypeHeadSupervisedResistance",
  "model_name": "eml_supervised_resistance",
  "noisy_accuracy": 0.9765625,
  "noisy_brier": 0.5204595923423767,
  "noisy_confidence_mean": 0.35975345969200134,
  "noisy_ece": 0.6168090105056763,
  "noisy_nll": 1.0429412126541138,
  "noisy_positive_resistance_mean": 0.15836109220981598,
  "noisy_resistance_noise_corr": NaN,
  "noisy_resistance_occlusion_corr": NaN,
  "noisy_risk_at_100_coverage": 0.0234375,
  "noisy_risk_at_50_coverage": 0.001953125,
  "noisy_risk_at_70_coverage": 0.008368194103240967,
  "noisy_risk_at_80_coverage": 0.007317066192626953,
  "noisy_risk_at_90_coverage": 0.008676767349243164,
  "noisy_score_name": "positive_resistance",
  "noisy_selective_aurc": 0.003930318169295788,
  "noisy_uncertainty_mean": 0.15836109220981598,
  "num_classes": 5,
  "num_params": 18002,
  "num_workers": 0,
  "occluded_accuracy": 0.890625,
  "occluded_brier": 0.550015389919281,
  "occluded_confidence_mean": 0.3480779528617859,
  "occluded_ece": 0.5425470471382141,
  "occluded_nll": 1.1036953926086426,
  "occluded_positive_resistance_mean": 0.18032856285572052,
  "occluded_resistance_noise_corr": -1.9074141377473097e-08,
  "occluded_resistance_occlusion_corr": 0.531105637550354,
  "occluded_risk_at_100_coverage": 0.109375,
  "occluded_risk_at_50_coverage": 0.00390625,
  "occluded_risk_at_70_coverage": 0.011157572269439697,
  "occluded_risk_at_80_coverage": 0.014634132385253906,
  "occluded_risk_at_90_coverage": 0.033622562885284424,
  "occluded_score_name": "positive_resistance",
  "occluded_selective_aurc": 0.012883540242910385,
  "occluded_uncertainty_mean": 0.18032856285572052,
  "platform": "Linux-5.4.0-216-generic-x86_64-with-glibc2.31",
  "pooled_resistance_noise_corr": 0.0023922149557620287,
  "pooled_resistance_occlusion_corr": 0.3836503028869629,
  "python_version": "3.10.20",
  "reason": "",
  "run_dir": "reports/uncertainty_resistance_true_20260427/runs/20260427_015422_uncertainty_synthetic_shape_eml_supervised_resistance_seed1",
  "run_id": "uncertainty_synthetic_shape_eml_supervised_resistance_seed1",
  "seed": 1,
  "status": "COMPLETED",
  "steps_run": 125,
  "task_name": "image_uncertainty_selective_classification",
  "test_size": 1024,
  "timestamp": "2026-04-27T01:54:27Z",
  "torch_version": "2.7.1+cu118",
  "torchvision_version": "0.22.1+cu118",
  "total_train_time_sec": 5.411498785018921,
  "train_size": 4096,
  "trainable_params": 18002
}