{
  "model_class": "LinearSplineKANNetwork",
  "num_params": 21505,
  "target_mean": 0.24642165005207062,
  "target_std": 0.3743087351322174,
  "trainable_params": 21505
}