{
  "best_metric": 0.98828125,
  "best_step": 250,
  "clean_accuracy": 0.98828125,
  "clean_aurc": 0.00011718738824129105,
  "clean_ece": 0.2037726789712906,
  "clean_resistance_noise_corr": -7.641573596117723e-09,
  "clean_resistance_occlusion_corr": NaN,
  "clean_vs_noisy_auroc": 0.5610084533691406,
  "clean_vs_occluded_auroc": 0.5847682952880859,
  "cuda_available": true,
  "dataset_name": "synthetic_shape_uncertainty",
  "device": "cuda",
  "early_stop_triggered": false,
  "final_metric": 0.98828125,
  "git_commit": "0c0b3db",
  "hostname": "user-NF5468M6",
  "metrics_json": "{\"best_metric\": 0.98828125, \"best_step\": 250, \"clean_accuracy\": 0.98828125, \"clean_aurc\": 0.00011718738824129105, \"clean_ece\": 0.2037726789712906, \"clean_resistance_noise_corr\": -7.641573596117723e-09, \"clean_resistance_occlusion_corr\": NaN, \"clean_vs_noisy_auroc\": 0.5610084533691406, \"clean_vs_occluded_auroc\": 0.5847682952880859, \"early_stop_triggered\": false, \"final_metric\": 0.98828125, \"noisy_accuracy\": 0.9677734375, \"noisy_aurc\": 0.0006218801718205214, \"noisy_ece\": 0.1974664032459259, \"noisy_resistance_noise_corr\": NaN, \"noisy_resistance_occlusion_corr\": NaN, \"occluded_accuracy\": 0.849609375, \"occluded_aurc\": 0.012192928232252598, \"occluded_ece\": 0.160149946808815, \"occluded_resistance_noise_corr\": -4.641604789412668e-08, \"occluded_resistance_occlusion_corr\": 0.5852751135826111, \"steps_run\": 300, \"total_train_time_sec\": 28.75329566001892}",
  "mode": "medium",
  "model_name": "cnn_eml_centered_ambiguity",
  "noisy_accuracy": 0.9677734375,
  "noisy_aurc": 0.0006218801718205214,
  "noisy_ece": 0.1974664032459259,
  "noisy_resistance_noise_corr": NaN,
  "noisy_resistance_occlusion_corr": NaN,
  "occluded_accuracy": 0.849609375,
  "occluded_aurc": 0.012192928232252598,
  "occluded_ece": 0.160149946808815,
  "occluded_resistance_noise_corr": -4.641604789412668e-08,
  "occluded_resistance_occlusion_corr": 0.5852751135826111,
  "platform": "Linux-5.4.0-216-generic-x86_64-with-glibc2.31",
  "python_version": "3.10.20",
  "reason": "",
  "run_dir": "reports/pluggable_primitive_real_20260427/end_to_end_runs/20260427_042148_uncertainty_e2e_synthetic_shape_uncertainty_cnn_eml_centered_ambiguity_seed0",
  "run_id": "uncertainty_e2e_synthetic_shape_uncertainty_cnn_eml_centered_ambiguity_seed0",
  "seed": 0,
  "status": "COMPLETED",
  "steps_run": 300,
  "task_name": "end_to_end_uncertainty",
  "timestamp": "2026-04-27T04:22:17Z",
  "torch_version": "2.7.1+cu118",
  "torchvision_version": "0.22.1+cu118",
  "total_train_time_sec": 28.75329566001892
}