{
  "model_class": "LinearSplineKANNetwork",
  "num_params": 21505,
  "target_mean": -0.42546382546424866,
  "target_std": 0.7871055603027344,
  "trainable_params": 21505
}