{
  "batch_size": 64,
  "best_metric": 0.4453125,
  "best_step": 200,
  "best_val_accuracy": 0.4453125,
  "cuda_available": true,
  "dataset_name": "cifar10",
  "device": "cuda",
  "early_stop_triggered": false,
  "experiment_type": "end_to_end",
  "feature_dim": 64,
  "final_metric": 0.4609375,
  "final_train_accuracy": 0.546875,
  "final_train_loss": 1.3339694738388062,
  "git_commit": "unknown",
  "head_name": "eml_centered_ambiguity",
  "hostname": "user-NF5468M6",
  "loss_mode": "ce_pairwise",
  "lr": 0.001,
  "metrics_json": "{\"best_metric\": 0.4453125, \"best_step\": 200, \"best_val_accuracy\": 0.4453125, \"early_stop_triggered\": false, \"final_metric\": 0.4609375, \"final_train_accuracy\": 0.546875, \"final_train_loss\": 1.3339694738388062, \"steps_run\": 300, \"test_accuracy\": 0.4609375, \"test_ambiguity_mean\": 0.9107481837272644, \"test_brier\": 0.7120071649551392, \"test_class_resistance_mean\": 0.20035426318645477, \"test_ece\": 0.07511933147907257, \"test_hard_negative_drive_mean\": 5.7276434898376465, \"test_hard_negative_logit_mean\": 2.1778016090393066, \"test_hard_negative_resistance_mean\": 0.8221465349197388, \"test_loss\": 1.6370755434036255, \"test_margin_mean\": -0.45373964309692383, \"test_nll\": 1.6370755434036255, \"test_positive_drive_mean\": 4.658036231994629, \"test_positive_logit_mean\": 1.7240617275238037, \"test_positive_resistance_mean\": 0.7806706428527832, \"test_resistance_noise_corr\": NaN, \"test_resistance_occlusion_corr\": NaN, \"test_sample_uncertainty_mean\": 0.003150798613205552, \"total_train_time_sec\": 15.317548990249634, \"val_accuracy\": 0.43359375, \"val_ambiguity_mean\": 0.9193927049636841, \"val_brier\": 0.7224797010421753, \"val_class_resistance_mean\": 0.20035426318645477, \"val_ece\": 0.033050019294023514, \"val_hard_negative_drive_mean\": 5.740062236785889, \"val_hard_negative_logit_mean\": 2.1981489658355713, \"val_hard_negative_resistance_mean\": 0.7964258193969727, \"val_loss\": 1.6372483968734741, \"val_margin_mean\": -0.4767690598964691, \"val_nll\": 1.6372483968734741, \"val_positive_drive_mean\": 4.645237445831299, \"val_positive_logit_mean\": 1.7213799953460693, \"val_positive_resistance_mean\": 0.8106540441513062, \"val_resistance_noise_corr\": NaN, \"val_resistance_occlusion_corr\": NaN, \"val_sample_uncertainty_mean\": 0.002029005205258727}",
  "mode": "head_ablation",
  "model_class": "CNNHeadModel",
  "model_name": "eml_centered_ambiguity",
  "num_classes": 10,
  "num_params": 167233,
  "pairwise_margin": 0.0,
  "pairwise_weight": 0.05,
  "platform": "Linux-5.4.0-216-generic-x86_64-with-glibc2.31",
  "python_version": "3.10.20",
  "reason": "",
  "run_dir": "reports/merc_end_to_end_rerun/runs/20260425_035813_e2e_cifar10_eml_centered_ambiguity_ce_pairwise_seed2",
  "run_id": "e2e_cifar10_eml_centered_ambiguity_ce_pairwise_seed2",
  "seed": 2,
  "status": "COMPLETED",
  "steps": 300,
  "steps_run": 300,
  "task_name": "image_classification",
  "test_accuracy": 0.4609375,
  "test_ambiguity_mean": 0.9107481837272644,
  "test_brier": 0.7120071649551392,
  "test_class_resistance_mean": 0.20035426318645477,
  "test_ece": 0.07511933147907257,
  "test_hard_negative_drive_mean": 5.7276434898376465,
  "test_hard_negative_logit_mean": 2.1778016090393066,
  "test_hard_negative_resistance_mean": 0.8221465349197388,
  "test_loss": 1.6370755434036255,
  "test_margin_mean": -0.45373964309692383,
  "test_nll": 1.6370755434036255,
  "test_positive_drive_mean": 4.658036231994629,
  "test_positive_logit_mean": 1.7240617275238037,
  "test_positive_resistance_mean": 0.7806706428527832,
  "test_resistance_noise_corr": NaN,
  "test_resistance_occlusion_corr": NaN,
  "test_sample_uncertainty_mean": 0.003150798613205552,
  "timestamp": "2026-04-25T03:58:28Z",
  "torch_version": "2.7.1+cu118",
  "torchvision_version": "0.22.1+cu118",
  "total_train_time_sec": 15.317548990249634,
  "trainable_params": 167233,
  "use_eml_residual_bank": false,
  "use_merc_block": false,
  "val_accuracy": 0.43359375,
  "val_ambiguity_mean": 0.9193927049636841,
  "val_brier": 0.7224797010421753,
  "val_class_resistance_mean": 0.20035426318645477,
  "val_ece": 0.033050019294023514,
  "val_hard_negative_drive_mean": 5.740062236785889,
  "val_hard_negative_logit_mean": 2.1981489658355713,
  "val_hard_negative_resistance_mean": 0.7964258193969727,
  "val_loss": 1.6372483968734741,
  "val_margin_mean": -0.4767690598964691,
  "val_nll": 1.6372483968734741,
  "val_positive_drive_mean": 4.645237445831299,
  "val_positive_logit_mean": 1.7213799953460693,
  "val_positive_resistance_mean": 0.8106540441513062,
  "val_resistance_noise_corr": NaN,
  "val_resistance_occlusion_corr": NaN,
  "val_sample_uncertainty_mean": 0.002029005205258727
}