{
  "batch_size": 64,
  "best_metric": 0.552734375,
  "best_step": 300,
  "best_val_accuracy": 0.552734375,
  "cuda_available": true,
  "dataset_name": "cifar10",
  "device": "cuda",
  "early_stop_triggered": false,
  "experiment_type": "frozen_features",
  "feature_dim": 64,
  "features_dir": "reports/head_ablation/features/cifar10_medium_seed2",
  "final_metric": 0.5234375,
  "final_train_accuracy": 0.578125,
  "final_train_loss": 1.1998854875564575,
  "git_commit": "unknown",
  "hostname": "user-NF5468M6",
  "lr": 0.001,
  "metrics_json": "{\"best_metric\": 0.552734375, \"best_step\": 300, \"best_val_accuracy\": 0.552734375, \"early_stop_triggered\": false, \"final_metric\": 0.5234375, \"final_train_accuracy\": 0.578125, \"final_train_loss\": 1.1998854875564575, \"steps_run\": 300, \"test_accuracy\": 0.5234375, \"test_ambiguity_mean\": NaN, \"test_brier\": 0.6357616782188416, \"test_class_resistance_mean\": NaN, \"test_conflict_resistance_corr\": NaN, \"test_ece\": 0.07943304628133774, \"test_hard_negative_drive_mean\": -0.03735102340579033, \"test_hard_negative_logit_mean\": 3.3963732719421387, \"test_hard_negative_resistance_mean\": 0.7222710251808167, \"test_loss\": 1.4551373720169067, \"test_margin_mean\": -0.14372816681861877, \"test_nll\": 1.4551373720169067, \"test_positive_drive_mean\": -0.06858430802822113, \"test_positive_logit_mean\": 3.2526450157165527, \"test_positive_resistance_mean\": 0.7302298545837402, \"test_precision_mean\": 0.28893953561782837, \"test_resistance_noise_corr\": NaN, \"test_resistance_occlusion_corr\": NaN, \"test_sample_uncertainty_mean\": NaN, \"test_support_evidence_corr\": NaN, \"test_update_gate_mean\": 0.06701307743787766, \"total_train_time_sec\": 6.574462175369263, \"val_accuracy\": 0.552734375, \"val_ambiguity_mean\": NaN, \"val_brier\": 0.6120787858963013, \"val_class_resistance_mean\": NaN, \"val_conflict_resistance_corr\": NaN, \"val_ece\": 0.06639348715543747, \"val_hard_negative_drive_mean\": -0.035440728068351746, \"val_hard_negative_logit_mean\": 3.361398220062256, \"val_hard_negative_resistance_mean\": 0.7184762954711914, \"val_loss\": 1.4087432622909546, \"val_margin_mean\": -0.05089210718870163, \"val_nll\": 1.4087432622909546, \"val_positive_drive_mean\": -0.08943814784288406, \"val_positive_logit_mean\": 3.3105063438415527, \"val_positive_resistance_mean\": 0.7427119612693787, \"val_precision_mean\": 0.29311949014663696, \"val_resistance_noise_corr\": NaN, \"val_resistance_occlusion_corr\": NaN, \"val_sample_uncertainty_mean\": NaN, \"val_support_evidence_corr\": NaN, \"val_update_gate_mean\": 0.06792256236076355}",
  "mode": "head_ablation",
  "model_class": "MERCHeadLinearReadout",
  "model_name": "merc_linear",
  "num_classes": 10,
  "num_params": 93202,
  "pairwise_margin": 0.0,
  "pairwise_weight": 0.0,
  "platform": "Linux-5.4.0-216-generic-x86_64-with-glibc2.31",
  "python_version": "3.10.20",
  "reason": "",
  "run_dir": "reports/merc_head_ablation/runs/20260425_030526_frozen_cifar10_merc_linear_seed2",
  "run_id": "frozen_cifar10_merc_linear_seed2",
  "seed": 2,
  "status": "COMPLETED",
  "steps": 300,
  "steps_run": 300,
  "task_name": "image_classification",
  "test_accuracy": 0.5234375,
  "test_ambiguity_mean": NaN,
  "test_brier": 0.6357616782188416,
  "test_class_resistance_mean": NaN,
  "test_conflict_resistance_corr": NaN,
  "test_ece": 0.07943304628133774,
  "test_hard_negative_drive_mean": -0.03735102340579033,
  "test_hard_negative_logit_mean": 3.3963732719421387,
  "test_hard_negative_resistance_mean": 0.7222710251808167,
  "test_loss": 1.4551373720169067,
  "test_margin_mean": -0.14372816681861877,
  "test_nll": 1.4551373720169067,
  "test_positive_drive_mean": -0.06858430802822113,
  "test_positive_logit_mean": 3.2526450157165527,
  "test_positive_resistance_mean": 0.7302298545837402,
  "test_precision_mean": 0.28893953561782837,
  "test_resistance_noise_corr": NaN,
  "test_resistance_occlusion_corr": NaN,
  "test_sample_uncertainty_mean": NaN,
  "test_support_evidence_corr": NaN,
  "test_update_gate_mean": 0.06701307743787766,
  "timestamp": "2026-04-25T03:05:33Z",
  "torch_version": "2.7.1+cu118",
  "torchvision_version": "0.22.1+cu118",
  "total_train_time_sec": 6.574462175369263,
  "trainable_params": 93202,
  "val_accuracy": 0.552734375,
  "val_ambiguity_mean": NaN,
  "val_brier": 0.6120787858963013,
  "val_class_resistance_mean": NaN,
  "val_conflict_resistance_corr": NaN,
  "val_ece": 0.06639348715543747,
  "val_hard_negative_drive_mean": -0.035440728068351746,
  "val_hard_negative_logit_mean": 3.361398220062256,
  "val_hard_negative_resistance_mean": 0.7184762954711914,
  "val_loss": 1.4087432622909546,
  "val_margin_mean": -0.05089210718870163,
  "val_nll": 1.4087432622909546,
  "val_positive_drive_mean": -0.08943814784288406,
  "val_positive_logit_mean": 3.3105063438415527,
  "val_positive_resistance_mean": 0.7427119612693787,
  "val_precision_mean": 0.29311949014663696,
  "val_resistance_noise_corr": NaN,
  "val_resistance_occlusion_corr": NaN,
  "val_sample_uncertainty_mean": NaN,
  "val_support_evidence_corr": NaN,
  "val_update_gate_mean": 0.06792256236076355
}