{
  "best_metric": 0.990234375,
  "best_step": 450,
  "clean_accuracy": 0.990234375,
  "clean_aurc": 0.004279247485101223,
  "clean_ece": 0.020776458084583282,
  "clean_resistance_noise_corr": 4.04821620669793e-10,
  "clean_resistance_occlusion_corr": NaN,
  "clean_vs_noisy_auroc": 0.5718832015991211,
  "clean_vs_occluded_auroc": 0.5901918411254883,
  "cuda_available": true,
  "dataset_name": "synthetic_shape_uncertainty",
  "device": "cuda",
  "early_stop_triggered": true,
  "final_metric": 0.990234375,
  "git_commit": "0c0b3db",
  "hostname": "user-NF5468M6",
  "metrics_json": "{\"best_metric\": 0.990234375, \"best_step\": 450, \"clean_accuracy\": 0.990234375, \"clean_aurc\": 0.004279247485101223, \"clean_ece\": 0.020776458084583282, \"clean_resistance_noise_corr\": 4.04821620669793e-10, \"clean_resistance_occlusion_corr\": NaN, \"clean_vs_noisy_auroc\": 0.5718832015991211, \"clean_vs_occluded_auroc\": 0.5901918411254883, \"early_stop_triggered\": true, \"final_metric\": 0.990234375, \"noisy_accuracy\": 0.9716796875, \"noisy_aurc\": 0.013882840052247047, \"noisy_ece\": 0.02543623000383377, \"noisy_resistance_noise_corr\": NaN, \"noisy_resistance_occlusion_corr\": NaN, \"occluded_accuracy\": 0.861328125, \"occluded_aurc\": 0.0581219382584095, \"occluded_ece\": 0.026648996397852898, \"occluded_resistance_noise_corr\": -2.617601024823557e-09, \"occluded_resistance_occlusion_corr\": 0.23531603813171387, \"steps_run\": 550, \"total_train_time_sec\": 57.633102893829346}",
  "mode": "medium",
  "model_name": "cnn_merc_energy",
  "noisy_accuracy": 0.9716796875,
  "noisy_aurc": 0.013882840052247047,
  "noisy_ece": 0.02543623000383377,
  "noisy_resistance_noise_corr": NaN,
  "noisy_resistance_occlusion_corr": NaN,
  "occluded_accuracy": 0.861328125,
  "occluded_aurc": 0.0581219382584095,
  "occluded_ece": 0.026648996397852898,
  "occluded_resistance_noise_corr": -2.617601024823557e-09,
  "occluded_resistance_occlusion_corr": 0.23531603813171387,
  "platform": "Linux-5.4.0-216-generic-x86_64-with-glibc2.31",
  "python_version": "3.10.20",
  "reason": "",
  "run_dir": "reports/pluggable_primitive_real_20260427/end_to_end_runs/20260427_050057_uncertainty_e2e_synthetic_shape_uncertainty_cnn_merc_energy_seed1",
  "run_id": "uncertainty_e2e_synthetic_shape_uncertainty_cnn_merc_energy_seed1",
  "seed": 1,
  "status": "COMPLETED",
  "steps_run": 550,
  "task_name": "end_to_end_uncertainty",
  "timestamp": "2026-04-27T05:01:55Z",
  "torch_version": "2.7.1+cu118",
  "torchvision_version": "0.22.1+cu118",
  "total_train_time_sec": 57.633102893829346
}