{
  "batch_size": 64,
  "best_metric": 0.98046875,
  "best_step": 75,
  "clean_accuracy": 0.99609375,
  "clean_brier": 0.006468355190008879,
  "clean_confidence_mean": 0.9897541999816895,
  "clean_conflict_resistance_corr": NaN,
  "clean_conflict_score_mean": 0.7082252502441406,
  "clean_ece": 0.008701739832758904,
  "clean_nll": 0.021545881405472755,
  "clean_positive_resistance_mean": 0.005664675962179899,
  "clean_resistance_noise_corr": 1.298363194734975e-08,
  "clean_resistance_occlusion_corr": NaN,
  "clean_risk_at_100_coverage": 0.00390625,
  "clean_risk_at_50_coverage": 0.0,
  "clean_risk_at_70_coverage": 0.0018587112426757812,
  "clean_risk_at_80_coverage": 0.0016260147094726562,
  "clean_risk_at_90_coverage": 0.0014451146125793457,
  "clean_score_name": "positive_resistance",
  "clean_selective_aurc": 0.0005864417762495577,
  "clean_support_score_mean": 1.0733505487442017,
  "clean_uncertainty_mean": 0.005664675962179899,
  "clean_vs_noisy_auroc": 0.5006256103515625,
  "clean_vs_occluded_auroc": 0.5540936589241028,
  "condition_metrics_path": "reports/uncertainty_resistance_true_20260427/runs/20260427_015440_uncertainty_synthetic_shape_merc_energy_seed1/uncertainty_eval.pt",
  "cuda_available": true,
  "dataset_name": "synthetic_shape",
  "device": "cuda",
  "early_stop_patience": 4,
  "early_stop_triggered": true,
  "experiment_type": "frozen_features_uncertainty",
  "feature_dim": 64,
  "final_metric": 0.99609375,
  "final_train_loss": 0.1246117502450943,
  "git_commit": "0c0b3db",
  "hostname": "user-NF5468M6",
  "metrics_json": "{\"best_metric\": 0.98046875, \"best_step\": 75, \"clean_accuracy\": 0.99609375, \"clean_brier\": 0.006468355190008879, \"clean_confidence_mean\": 0.9897541999816895, \"clean_conflict_resistance_corr\": NaN, \"clean_conflict_score_mean\": 0.7082252502441406, \"clean_ece\": 0.008701739832758904, \"clean_nll\": 0.021545881405472755, \"clean_positive_resistance_mean\": 0.005664675962179899, \"clean_resistance_noise_corr\": 1.298363194734975e-08, \"clean_resistance_occlusion_corr\": NaN, \"clean_risk_at_100_coverage\": 0.00390625, \"clean_risk_at_50_coverage\": 0.0, \"clean_risk_at_70_coverage\": 0.0018587112426757812, \"clean_risk_at_80_coverage\": 0.0016260147094726562, \"clean_risk_at_90_coverage\": 0.0014451146125793457, \"clean_score_name\": \"positive_resistance\", \"clean_selective_aurc\": 0.0005864417762495577, \"clean_support_score_mean\": 1.0733505487442017, \"clean_uncertainty_mean\": 0.005664675962179899, \"clean_vs_noisy_auroc\": 0.5006256103515625, \"clean_vs_occluded_auroc\": 0.5540936589241028, \"condition_metrics_path\": \"reports/uncertainty_resistance_true_20260427/runs/20260427_015440_uncertainty_synthetic_shape_merc_energy_seed1/uncertainty_eval.pt\", \"early_stop_patience\": 4, \"early_stop_triggered\": true, \"final_metric\": 0.99609375, \"final_train_loss\": 0.1246117502450943, \"noisy_accuracy\": 0.9794921875, \"noisy_brier\": 0.03205541893839836, \"noisy_confidence_mean\": 0.9855678081512451, \"noisy_conflict_resistance_corr\": 1.2092503709482116e-07, \"noisy_conflict_score_mean\": 0.7079198956489563, \"noisy_ece\": 0.0077398112043738365, \"noisy_nll\": 0.07623573392629623, \"noisy_positive_resistance_mean\": 0.010826361365616322, \"noisy_resistance_noise_corr\": NaN, \"noisy_resistance_occlusion_corr\": NaN, \"noisy_risk_at_100_coverage\": 0.0205078125, \"noisy_risk_at_50_coverage\": 0.0078125, \"noisy_risk_at_70_coverage\": 0.011157572269439697, \"noisy_risk_at_80_coverage\": 0.01097559928894043, \"noisy_risk_at_90_coverage\": 0.011930584907531738, \"noisy_score_name\": \"positive_resistance\", \"noisy_selective_aurc\": 0.008561999537050724, \"noisy_support_score_mean\": 1.1019970178604126, \"noisy_uncertainty_mean\": 0.010826361365616322, \"occluded_accuracy\": 0.89453125, \"occluded_brier\": 0.14636261761188507, \"occluded_confidence_mean\": 0.9366970062255859, \"occluded_conflict_resistance_corr\": -0.0031488228123635054, \"occluded_conflict_score_mean\": 0.7799237966537476, \"occluded_ece\": 0.04403143748641014, \"occluded_nll\": 0.3427802324295044, \"occluded_positive_resistance_mean\": 0.13219858705997467, \"occluded_resistance_noise_corr\": 9.102275377870228e-09, \"occluded_resistance_occlusion_corr\": 0.3565962612628937, \"occluded_risk_at_100_coverage\": 0.10546875, \"occluded_risk_at_50_coverage\": 0.0234375, \"occluded_risk_at_70_coverage\": 0.0181310772895813, \"occluded_risk_at_80_coverage\": 0.018292665481567383, \"occluded_risk_at_90_coverage\": 0.029284179210662842, \"occluded_score_name\": \"positive_resistance\", \"occluded_selective_aurc\": 0.022570256143808365, \"occluded_support_score_mean\": 0.9854906797409058, \"occluded_uncertainty_mean\": 0.13219858705997467, \"pooled_conflict_resistance_corr\": -0.022457042708992958, \"pooled_resistance_noise_corr\": -0.0848158746957779, \"pooled_resistance_occlusion_corr\": 0.3795403838157654, \"steps_run\": 175, \"total_train_time_sec\": 10.76262617111206}",
  "mode": "uncertainty_benchmark",
  "model_class": "MERCHeadClassEnergy",
  "model_name": "merc_energy",
  "noisy_accuracy": 0.9794921875,
  "noisy_brier": 0.03205541893839836,
  "noisy_confidence_mean": 0.9855678081512451,
  "noisy_conflict_resistance_corr": 1.2092503709482116e-07,
  "noisy_conflict_score_mean": 0.7079198956489563,
  "noisy_ece": 0.0077398112043738365,
  "noisy_nll": 0.07623573392629623,
  "noisy_positive_resistance_mean": 0.010826361365616322,
  "noisy_resistance_noise_corr": NaN,
  "noisy_resistance_occlusion_corr": NaN,
  "noisy_risk_at_100_coverage": 0.0205078125,
  "noisy_risk_at_50_coverage": 0.0078125,
  "noisy_risk_at_70_coverage": 0.011157572269439697,
  "noisy_risk_at_80_coverage": 0.01097559928894043,
  "noisy_risk_at_90_coverage": 0.011930584907531738,
  "noisy_score_name": "positive_resistance",
  "noisy_selective_aurc": 0.008561999537050724,
  "noisy_support_score_mean": 1.1019970178604126,
  "noisy_uncertainty_mean": 0.010826361365616322,
  "num_classes": 5,
  "num_params": 92222,
  "num_workers": 0,
  "occluded_accuracy": 0.89453125,
  "occluded_brier": 0.14636261761188507,
  "occluded_confidence_mean": 0.9366970062255859,
  "occluded_conflict_resistance_corr": -0.0031488228123635054,
  "occluded_conflict_score_mean": 0.7799237966537476,
  "occluded_ece": 0.04403143748641014,
  "occluded_nll": 0.3427802324295044,
  "occluded_positive_resistance_mean": 0.13219858705997467,
  "occluded_resistance_noise_corr": 9.102275377870228e-09,
  "occluded_resistance_occlusion_corr": 0.3565962612628937,
  "occluded_risk_at_100_coverage": 0.10546875,
  "occluded_risk_at_50_coverage": 0.0234375,
  "occluded_risk_at_70_coverage": 0.0181310772895813,
  "occluded_risk_at_80_coverage": 0.018292665481567383,
  "occluded_risk_at_90_coverage": 0.029284179210662842,
  "occluded_score_name": "positive_resistance",
  "occluded_selective_aurc": 0.022570256143808365,
  "occluded_support_score_mean": 0.9854906797409058,
  "occluded_uncertainty_mean": 0.13219858705997467,
  "platform": "Linux-5.4.0-216-generic-x86_64-with-glibc2.31",
  "pooled_conflict_resistance_corr": -0.022457042708992958,
  "pooled_resistance_noise_corr": -0.0848158746957779,
  "pooled_resistance_occlusion_corr": 0.3795403838157654,
  "python_version": "3.10.20",
  "reason": "",
  "run_dir": "reports/uncertainty_resistance_true_20260427/runs/20260427_015440_uncertainty_synthetic_shape_merc_energy_seed1",
  "run_id": "uncertainty_synthetic_shape_merc_energy_seed1",
  "seed": 1,
  "status": "COMPLETED",
  "steps_run": 175,
  "task_name": "image_uncertainty_selective_classification",
  "test_size": 1024,
  "timestamp": "2026-04-27T01:54:50Z",
  "torch_version": "2.7.1+cu118",
  "torchvision_version": "0.22.1+cu118",
  "total_train_time_sec": 10.76262617111206,
  "train_size": 4096,
  "trainable_params": 92222
}