{
  "backbone_steps": 300,
  "batch_size": 64,
  "best_metric": 0.51171875,
  "best_step": 200,
  "clean_accuracy": 0.5130208134651184,
  "clean_brier": 0.619217574596405,
  "clean_confidence_mean": 0.5373497009277344,
  "clean_ece": 0.03932693973183632,
  "clean_nll": 1.3614544868469238,
  "clean_risk_at_100_coverage": 0.4869791865348816,
  "clean_risk_at_50_coverage": 0.3229166865348816,
  "clean_risk_at_70_coverage": 0.40706318616867065,
  "clean_risk_at_80_coverage": 0.42601627111434937,
  "clean_risk_at_90_coverage": 0.4595375657081604,
  "clean_score_name": "one_minus_confidence",
  "clean_selective_aurc": 0.3036265969276428,
  "clean_uncertainty_mean": 0.462650328874588,
  "clean_vs_noisy_auroc": 0.5590782165527344,
  "clean_vs_occluded_auroc": 0.5024795532226562,
  "condition_metrics_path": "reports/uncertainty_resistance_true_earlystop_rerun_20260427/runs/20260427_025119_uncertainty_cifar10_mlp_seed2/uncertainty_eval.pt",
  "cuda_available": true,
  "dataset_name": "cifar10",
  "device": "cuda",
  "early_stop_min_evals": 2,
  "early_stop_patience": 4,
  "early_stop_triggered": true,
  "eval_interval": 25,
  "experiment_type": "frozen_features_uncertainty",
  "feature_dim": 64,
  "final_metric": 0.5130208134651184,
  "final_train_loss": 1.2308696508407593,
  "git_commit": "0c0b3db",
  "head_steps": 1200,
  "hostname": "user-NF5468M6",
  "metrics_json": "{\"best_metric\": 0.51171875, \"best_step\": 200, \"clean_accuracy\": 0.5130208134651184, \"clean_brier\": 0.619217574596405, \"clean_confidence_mean\": 0.5373497009277344, \"clean_ece\": 0.03932693973183632, \"clean_nll\": 1.3614544868469238, \"clean_risk_at_100_coverage\": 0.4869791865348816, \"clean_risk_at_50_coverage\": 0.3229166865348816, \"clean_risk_at_70_coverage\": 0.40706318616867065, \"clean_risk_at_80_coverage\": 0.42601627111434937, \"clean_risk_at_90_coverage\": 0.4595375657081604, \"clean_score_name\": \"one_minus_confidence\", \"clean_selective_aurc\": 0.3036265969276428, \"clean_uncertainty_mean\": 0.462650328874588, \"clean_vs_noisy_auroc\": 0.5590782165527344, \"clean_vs_occluded_auroc\": 0.5024795532226562, \"condition_metrics_path\": \"reports/uncertainty_resistance_true_earlystop_rerun_20260427/runs/20260427_025119_uncertainty_cifar10_mlp_seed2/uncertainty_eval.pt\", \"early_stop_patience\": 4, \"early_stop_triggered\": true, \"final_metric\": 0.5130208134651184, \"final_train_loss\": 1.2308696508407593, \"noisy_accuracy\": 0.404296875, \"noisy_brier\": 0.7275426387786865, \"noisy_confidence_mean\": 0.5007072687149048, \"noisy_ece\": 0.09977731853723526, \"noisy_nll\": 1.6452935934066772, \"noisy_risk_at_100_coverage\": 0.595703125, \"noisy_risk_at_50_coverage\": 0.4609375, \"noisy_risk_at_70_coverage\": 0.5160390138626099, \"noisy_risk_at_80_coverage\": 0.5512195229530334, \"noisy_risk_at_90_coverage\": 0.5694143176078796, \"noisy_score_name\": \"one_minus_confidence\", \"noisy_selective_aurc\": 0.44070589542388916, \"noisy_uncertainty_mean\": 0.49929279088974, \"occluded_accuracy\": 0.4560546875, \"occluded_brier\": 0.6877949833869934, \"occluded_confidence_mean\": 0.5364170670509338, \"occluded_ece\": 0.08812235295772552, \"occluded_nll\": 1.5261770486831665, \"occluded_risk_at_100_coverage\": 0.5439453125, \"occluded_risk_at_50_coverage\": 0.419921875, \"occluded_risk_at_70_coverage\": 0.4755927324295044, \"occluded_risk_at_80_coverage\": 0.497560977935791, \"occluded_risk_at_90_coverage\": 0.5227766036987305, \"occluded_score_name\": \"one_minus_confidence\", \"occluded_selective_aurc\": 0.3844359219074249, \"occluded_uncertainty_mean\": 0.4635829031467438, \"steps_run\": 300, \"total_train_time_sec\": 17.643418312072754}",
  "mode": "uncertainty_benchmark",
  "model_class": "MLPHead",
  "model_name": "mlp",
  "noisy_accuracy": 0.404296875,
  "noisy_brier": 0.7275426387786865,
  "noisy_confidence_mean": 0.5007072687149048,
  "noisy_ece": 0.09977731853723526,
  "noisy_nll": 1.6452935934066772,
  "noisy_risk_at_100_coverage": 0.595703125,
  "noisy_risk_at_50_coverage": 0.4609375,
  "noisy_risk_at_70_coverage": 0.5160390138626099,
  "noisy_risk_at_80_coverage": 0.5512195229530334,
  "noisy_risk_at_90_coverage": 0.5694143176078796,
  "noisy_score_name": "one_minus_confidence",
  "noisy_selective_aurc": 0.44070589542388916,
  "noisy_uncertainty_mean": 0.49929279088974,
  "num_classes": 10,
  "num_params": 9738,
  "num_workers": 0,
  "occluded_accuracy": 0.4560546875,
  "occluded_brier": 0.6877949833869934,
  "occluded_confidence_mean": 0.5364170670509338,
  "occluded_ece": 0.08812235295772552,
  "occluded_nll": 1.5261770486831665,
  "occluded_risk_at_100_coverage": 0.5439453125,
  "occluded_risk_at_50_coverage": 0.419921875,
  "occluded_risk_at_70_coverage": 0.4755927324295044,
  "occluded_risk_at_80_coverage": 0.497560977935791,
  "occluded_risk_at_90_coverage": 0.5227766036987305,
  "occluded_score_name": "one_minus_confidence",
  "occluded_selective_aurc": 0.3844359219074249,
  "occluded_uncertainty_mean": 0.4635829031467438,
  "platform": "Linux-5.4.0-216-generic-x86_64-with-glibc2.31",
  "python_version": "3.10.20",
  "reason": "",
  "run_dir": "reports/uncertainty_resistance_true_earlystop_rerun_20260427/runs/20260427_025119_uncertainty_cifar10_mlp_seed2",
  "run_id": "uncertainty_cifar10_mlp_seed2",
  "seed": 2,
  "selected_heads": [
    "mlp",
    "eml_no_ambiguity",
    "merc_energy"
  ],
  "status": "COMPLETED",
  "steps_run": 300,
  "task_name": "image_uncertainty_selective_classification",
  "test_size": 1024,
  "timestamp": "2026-04-27T02:51:37Z",
  "torch_version": "2.7.1+cu118",
  "torchvision_version": "0.22.1+cu118",
  "total_train_time_sec": 17.643418312072754,
  "train_size": 4096,
  "trainable_params": 9738
}