{
  "batch_size": 32,
  "best_metric": 0.99609375,
  "best_step": 100,
  "best_val_accuracy": 0.99609375,
  "cuda_available": true,
  "dataset_name": "synthetic_evidence",
  "device": "cuda",
  "early_stop_triggered": false,
  "experiment_type": "frozen_features",
  "feature_dim": 64,
  "features_dir": "reports/head_ablation/features/synthetic_evidence_medium_seed2",
  "final_metric": 0.9921875,
  "final_train_accuracy": 1.0,
  "final_train_loss": 0.04127046465873718,
  "git_commit": "unknown",
  "hostname": "user-NF5468M6",
  "lr": 0.001,
  "metrics_json": "{\"best_metric\": 0.99609375, \"best_step\": 100, \"best_val_accuracy\": 0.99609375, \"early_stop_triggered\": false, \"final_metric\": 0.9921875, \"final_train_accuracy\": 1.0, \"final_train_loss\": 0.04127046465873718, \"steps_run\": 300, \"test_accuracy\": 0.9921875, \"test_ambiguity_mean\": 0.08617038279771805, \"test_brier\": 0.016142157837748528, \"test_class_resistance_mean\": 0.20262446999549866, \"test_conflict_resistance_corr\": NaN, \"test_ece\": 0.042103733867406845, \"test_hard_negative_drive_mean\": -12.615543365478516, \"test_hard_negative_logit_mean\": -0.43325209617614746, \"test_hard_negative_resistance_mean\": 5.04292631149292, \"test_loss\": 0.06029513105750084, \"test_margin_mean\": 3.1009092330932617, \"test_nll\": 0.06029513105750084, \"test_positive_drive_mean\": 16.140281677246094, \"test_positive_logit_mean\": 2.667656898498535, \"test_positive_resistance_mean\": -1.3506920337677002, \"test_precision_mean\": NaN, \"test_resistance_noise_corr\": -0.048959195613861084, \"test_resistance_occlusion_corr\": 0.20661284029483795, \"test_sample_uncertainty_mean\": 1.5573222637176514, \"test_support_evidence_corr\": NaN, \"test_update_gate_mean\": NaN, \"total_train_time_sec\": 7.472774267196655, \"val_accuracy\": 0.99609375, \"val_ambiguity_mean\": 0.0859595388174057, \"val_brier\": 0.01067589595913887, \"val_class_resistance_mean\": 0.20262446999549866, \"val_conflict_resistance_corr\": NaN, \"val_ece\": 0.038949549198150635, \"val_hard_negative_drive_mean\": -12.407943725585938, \"val_hard_negative_logit_mean\": -0.43320661783218384, \"val_hard_negative_resistance_mean\": 4.9376220703125, \"val_loss\": 0.05447780340909958, \"val_margin_mean\": 3.1024527549743652, \"val_nll\": 0.05447780340909958, \"val_positive_drive_mean\": 15.921923637390137, \"val_positive_logit_mean\": 2.669246196746826, \"val_positive_resistance_mean\": -1.3132870197296143, \"val_precision_mean\": NaN, \"val_resistance_noise_corr\": -0.053358059376478195, \"val_resistance_occlusion_corr\": 0.24163779616355896, \"val_sample_uncertainty_mean\": 1.5235835313796997, \"val_support_evidence_corr\": NaN, \"val_update_gate_mean\": NaN}",
  "mode": "head_ablation",
  "model_class": "EMLPrototypeHeadCenteredAmbiguity",
  "model_name": "eml_centered_ambiguity",
  "num_classes": 2,
  "num_params": 17417,
  "pairwise_margin": 0.0,
  "pairwise_weight": 0.0,
  "platform": "Linux-5.4.0-216-generic-x86_64-with-glibc2.31",
  "python_version": "3.10.20",
  "reason": "",
  "run_dir": "reports/merc_synthetic_evidence/runs/20260425_031707_frozen_synthetic_evidence_eml_centered_ambiguity_seed2",
  "run_id": "frozen_synthetic_evidence_eml_centered_ambiguity_seed2",
  "seed": 2,
  "status": "COMPLETED",
  "steps": 300,
  "steps_run": 300,
  "task_name": "image_classification",
  "test_accuracy": 0.9921875,
  "test_ambiguity_mean": 0.08617038279771805,
  "test_brier": 0.016142157837748528,
  "test_class_resistance_mean": 0.20262446999549866,
  "test_conflict_resistance_corr": NaN,
  "test_ece": 0.042103733867406845,
  "test_hard_negative_drive_mean": -12.615543365478516,
  "test_hard_negative_logit_mean": -0.43325209617614746,
  "test_hard_negative_resistance_mean": 5.04292631149292,
  "test_loss": 0.06029513105750084,
  "test_margin_mean": 3.1009092330932617,
  "test_nll": 0.06029513105750084,
  "test_positive_drive_mean": 16.140281677246094,
  "test_positive_logit_mean": 2.667656898498535,
  "test_positive_resistance_mean": -1.3506920337677002,
  "test_precision_mean": NaN,
  "test_resistance_noise_corr": -0.048959195613861084,
  "test_resistance_occlusion_corr": 0.20661284029483795,
  "test_sample_uncertainty_mean": 1.5573222637176514,
  "test_support_evidence_corr": NaN,
  "test_update_gate_mean": NaN,
  "timestamp": "2026-04-25T03:17:14Z",
  "torch_version": "2.7.1+cu118",
  "torchvision_version": "0.22.1+cu118",
  "total_train_time_sec": 7.472774267196655,
  "trainable_params": 17417,
  "val_accuracy": 0.99609375,
  "val_ambiguity_mean": 0.0859595388174057,
  "val_brier": 0.01067589595913887,
  "val_class_resistance_mean": 0.20262446999549866,
  "val_conflict_resistance_corr": NaN,
  "val_ece": 0.038949549198150635,
  "val_hard_negative_drive_mean": -12.407943725585938,
  "val_hard_negative_logit_mean": -0.43320661783218384,
  "val_hard_negative_resistance_mean": 4.9376220703125,
  "val_loss": 0.05447780340909958,
  "val_margin_mean": 3.1024527549743652,
  "val_nll": 0.05447780340909958,
  "val_positive_drive_mean": 15.921923637390137,
  "val_positive_logit_mean": 2.669246196746826,
  "val_positive_resistance_mean": -1.3132870197296143,
  "val_precision_mean": NaN,
  "val_resistance_noise_corr": -0.053358059376478195,
  "val_resistance_occlusion_corr": 0.24163779616355896,
  "val_sample_uncertainty_mean": 1.5235835313796997,
  "val_support_evidence_corr": NaN,
  "val_update_gate_mean": NaN
}