{
  "backbone_steps": 300,
  "batch_size": 64,
  "best_metric": 0.9765625,
  "best_step": 175,
  "clean_accuracy": 0.9934895634651184,
  "clean_brier": 0.032020602375268936,
  "clean_confidence_mean": 0.8734691143035889,
  "clean_ece": 0.12002051621675491,
  "clean_nll": 0.14667493104934692,
  "clean_risk_at_100_coverage": 0.006510436534881592,
  "clean_risk_at_50_coverage": 0.0,
  "clean_risk_at_70_coverage": 0.0,
  "clean_risk_at_80_coverage": 0.0,
  "clean_risk_at_90_coverage": 0.0014451146125793457,
  "clean_score_name": "one_minus_confidence",
  "clean_selective_aurc": 0.0002567762276157737,
  "clean_uncertainty_mean": 0.12653093039989471,
  "clean_vs_noisy_auroc": 0.717383086681366,
  "clean_vs_occluded_auroc": 0.6332232356071472,
  "condition_metrics_path": "reports/pluggable_uncertainty_real_20260427/runs/20260427_032149_uncertainty_synthetic_shape_cosine_prototype_seed2/uncertainty_eval.pt",
  "cuda_available": true,
  "dataset_name": "synthetic_shape",
  "device": "cuda",
  "early_stop_min_evals": 2,
  "early_stop_patience": 4,
  "early_stop_triggered": true,
  "eval_interval": 25,
  "experiment_type": "frozen_features_uncertainty",
  "feature_dim": 64,
  "final_metric": 0.9934895634651184,
  "final_train_loss": 0.20690271258354187,
  "git_commit": "0c0b3db",
  "head_steps": 1200,
  "hostname": "user-NF5468M6",
  "metrics_json": "{\"best_metric\": 0.9765625, \"best_step\": 175, \"clean_accuracy\": 0.9934895634651184, \"clean_brier\": 0.032020602375268936, \"clean_confidence_mean\": 0.8734691143035889, \"clean_ece\": 0.12002051621675491, \"clean_nll\": 0.14667493104934692, \"clean_risk_at_100_coverage\": 0.006510436534881592, \"clean_risk_at_50_coverage\": 0.0, \"clean_risk_at_70_coverage\": 0.0, \"clean_risk_at_80_coverage\": 0.0, \"clean_risk_at_90_coverage\": 0.0014451146125793457, \"clean_score_name\": \"one_minus_confidence\", \"clean_selective_aurc\": 0.0002567762276157737, \"clean_uncertainty_mean\": 0.12653093039989471, \"clean_vs_noisy_auroc\": 0.717383086681366, \"clean_vs_occluded_auroc\": 0.6332232356071472, \"condition_metrics_path\": \"reports/pluggable_uncertainty_real_20260427/runs/20260427_032149_uncertainty_synthetic_shape_cosine_prototype_seed2/uncertainty_eval.pt\", \"early_stop_patience\": 4, \"early_stop_triggered\": true, \"final_metric\": 0.9934895634651184, \"final_train_loss\": 0.20690271258354187, \"noisy_accuracy\": 0.9443359375, \"noisy_brier\": 0.11140477657318115, \"noisy_confidence_mean\": 0.8128462433815002, \"noisy_ece\": 0.13338351249694824, \"noisy_nll\": 0.28751930594444275, \"noisy_risk_at_100_coverage\": 0.0556640625, \"noisy_risk_at_50_coverage\": 0.00390625, \"noisy_risk_at_70_coverage\": 0.009762883186340332, \"noisy_risk_at_80_coverage\": 0.014634132385253906, \"noisy_risk_at_90_coverage\": 0.022776544094085693, \"noisy_score_name\": \"one_minus_confidence\", \"noisy_selective_aurc\": 0.008621014654636383, \"noisy_uncertainty_mean\": 0.18715372681617737, \"occluded_accuracy\": 0.8974609375, \"occluded_brier\": 0.1465664952993393, \"occluded_confidence_mean\": 0.8011090755462646, \"occluded_ece\": 0.1201508492231369, \"occluded_nll\": 0.3534751832485199, \"occluded_risk_at_100_coverage\": 0.1025390625, \"occluded_risk_at_50_coverage\": 0.001953125, \"occluded_risk_at_70_coverage\": 0.004184126853942871, \"occluded_risk_at_80_coverage\": 0.01097559928894043, \"occluded_risk_at_90_coverage\": 0.0401301383972168, \"occluded_score_name\": \"one_minus_confidence\", \"occluded_selective_aurc\": 0.010943192057311535, \"occluded_uncertainty_mean\": 0.19889089465141296, \"steps_run\": 275, \"total_train_time_sec\": 14.063655138015747}",
  "mode": "uncertainty_benchmark",
  "model_class": "CosinePrototypeHead",
  "model_name": "cosine_prototype",
  "noisy_accuracy": 0.9443359375,
  "noisy_brier": 0.11140477657318115,
  "noisy_confidence_mean": 0.8128462433815002,
  "noisy_ece": 0.13338351249694824,
  "noisy_nll": 0.28751930594444275,
  "noisy_risk_at_100_coverage": 0.0556640625,
  "noisy_risk_at_50_coverage": 0.00390625,
  "noisy_risk_at_70_coverage": 0.009762883186340332,
  "noisy_risk_at_80_coverage": 0.014634132385253906,
  "noisy_risk_at_90_coverage": 0.022776544094085693,
  "noisy_score_name": "one_minus_confidence",
  "noisy_selective_aurc": 0.008621014654636383,
  "noisy_uncertainty_mean": 0.18715372681617737,
  "num_classes": 5,
  "num_params": 320,
  "num_workers": 0,
  "occluded_accuracy": 0.8974609375,
  "occluded_brier": 0.1465664952993393,
  "occluded_confidence_mean": 0.8011090755462646,
  "occluded_ece": 0.1201508492231369,
  "occluded_nll": 0.3534751832485199,
  "occluded_risk_at_100_coverage": 0.1025390625,
  "occluded_risk_at_50_coverage": 0.001953125,
  "occluded_risk_at_70_coverage": 0.004184126853942871,
  "occluded_risk_at_80_coverage": 0.01097559928894043,
  "occluded_risk_at_90_coverage": 0.0401301383972168,
  "occluded_score_name": "one_minus_confidence",
  "occluded_selective_aurc": 0.010943192057311535,
  "occluded_uncertainty_mean": 0.19889089465141296,
  "platform": "Linux-5.4.0-216-generic-x86_64-with-glibc2.31",
  "python_version": "3.10.20",
  "reason": "",
  "run_dir": "reports/pluggable_uncertainty_real_20260427/runs/20260427_032149_uncertainty_synthetic_shape_cosine_prototype_seed2",
  "run_id": "uncertainty_synthetic_shape_cosine_prototype_seed2",
  "seed": 2,
  "selected_heads": [
    "linear",
    "mlp",
    "cosine_prototype",
    "eml_no_ambiguity",
    "eml_centered_ambiguity",
    "eml_supervised_resistance",
    "merc_linear",
    "merc_energy"
  ],
  "status": "COMPLETED",
  "steps_run": 275,
  "task_name": "image_uncertainty_selective_classification",
  "test_size": 1024,
  "timestamp": "2026-04-27T03:22:03Z",
  "torch_version": "2.7.1+cu118",
  "torchvision_version": "0.22.1+cu118",
  "total_train_time_sec": 14.063655138015747,
  "train_size": 4096,
  "trainable_params": 320
}