{
  "batch_size": 64,
  "best_metric": 0.439453125,
  "best_step": 132,
  "best_val_accuracy": 0.439453125,
  "cuda_available": true,
  "dataset_name": "cifar10",
  "device": "cuda",
  "experiment_type": "frozen_features",
  "feature_dim": 64,
  "features_dir": "reports/head_ablation/features/cifar10_medium_seed2",
  "final_metric": 0.466796875,
  "final_train_accuracy": 0.5,
  "final_train_loss": 1.4520721435546875,
  "git_commit": "unknown",
  "hostname": "user-NF5468M6",
  "lr": 0.001,
  "metrics_json": "{\"best_metric\": 0.439453125, \"best_step\": 132, \"best_val_accuracy\": 0.439453125, \"final_metric\": 0.466796875, \"final_train_accuracy\": 0.5, \"final_train_loss\": 1.4520721435546875, \"test_accuracy\": 0.466796875, \"test_ambiguity_mean\": 0.13781696557998657, \"test_brier\": 0.7128247618675232, \"test_class_resistance_mean\": 0.20069126784801483, \"test_ece\": 0.13211873173713684, \"test_hard_negative_drive_mean\": 6.785514831542969, \"test_hard_negative_logit_mean\": 2.0476977825164795, \"test_hard_negative_resistance_mean\": 0.7523479461669922, \"test_loss\": 1.593418002128601, \"test_margin_mean\": -0.33626097440719604, \"test_nll\": 1.593418002128601, \"test_positive_drive_mean\": 5.743792533874512, \"test_positive_logit_mean\": 1.7114368677139282, \"test_positive_resistance_mean\": 0.7183817625045776, \"test_resistance_noise_corr\": NaN, \"test_resistance_occlusion_corr\": NaN, \"test_sample_uncertainty_mean\": 0.527206301689148, \"total_train_time_sec\": 3.0261881351470947, \"val_accuracy\": 0.416015625, \"val_ambiguity_mean\": 0.15485167503356934, \"val_brier\": 0.7075839042663574, \"val_class_resistance_mean\": 0.20069126784801483, \"val_ece\": 0.09000740200281143, \"val_hard_negative_drive_mean\": 6.787264823913574, \"val_hard_negative_logit_mean\": 2.043734073638916, \"val_hard_negative_resistance_mean\": 0.7394525408744812, \"val_loss\": 1.5534743070602417, \"val_margin_mean\": -0.288067102432251, \"val_nll\": 1.5534743070602417, \"val_positive_drive_mean\": 5.811605453491211, \"val_positive_logit_mean\": 1.755666971206665, \"val_positive_resistance_mean\": 0.7219984531402588, \"val_resistance_noise_corr\": NaN, \"val_resistance_occlusion_corr\": NaN, \"val_sample_uncertainty_mean\": 0.510881245136261}",
  "mode": "head_ablation",
  "model_class": "EMLPrototypeHeadCenteredAmbiguity",
  "model_name": "eml_centered_ambiguity",
  "num_classes": 10,
  "num_params": 18977,
  "pairwise_margin": 0.0,
  "pairwise_weight": 0.0,
  "platform": "Linux-5.4.0-216-generic-x86_64-with-glibc2.31",
  "python_version": "3.10.20",
  "reason": "",
  "run_dir": "reports/head_ablation/runs/20260424_082720_frozen_cifar10_eml_centered_ambiguity_seed2",
  "run_id": "frozen_cifar10_eml_centered_ambiguity_seed2",
  "seed": 2,
  "status": "COMPLETED",
  "steps": 200,
  "task_name": "image_classification",
  "test_accuracy": 0.466796875,
  "test_ambiguity_mean": 0.13781696557998657,
  "test_brier": 0.7128247618675232,
  "test_class_resistance_mean": 0.20069126784801483,
  "test_ece": 0.13211873173713684,
  "test_hard_negative_drive_mean": 6.785514831542969,
  "test_hard_negative_logit_mean": 2.0476977825164795,
  "test_hard_negative_resistance_mean": 0.7523479461669922,
  "test_loss": 1.593418002128601,
  "test_margin_mean": -0.33626097440719604,
  "test_nll": 1.593418002128601,
  "test_positive_drive_mean": 5.743792533874512,
  "test_positive_logit_mean": 1.7114368677139282,
  "test_positive_resistance_mean": 0.7183817625045776,
  "test_resistance_noise_corr": NaN,
  "test_resistance_occlusion_corr": NaN,
  "test_sample_uncertainty_mean": 0.527206301689148,
  "timestamp": "2026-04-24T08:27:23Z",
  "torch_version": "2.7.1+cu118",
  "torchvision_version": "0.22.1+cu118",
  "total_train_time_sec": 3.0261881351470947,
  "trainable_params": 18977,
  "val_accuracy": 0.416015625,
  "val_ambiguity_mean": 0.15485167503356934,
  "val_brier": 0.7075839042663574,
  "val_class_resistance_mean": 0.20069126784801483,
  "val_ece": 0.09000740200281143,
  "val_hard_negative_drive_mean": 6.787264823913574,
  "val_hard_negative_logit_mean": 2.043734073638916,
  "val_hard_negative_resistance_mean": 0.7394525408744812,
  "val_loss": 1.5534743070602417,
  "val_margin_mean": -0.288067102432251,
  "val_nll": 1.5534743070602417,
  "val_positive_drive_mean": 5.811605453491211,
  "val_positive_logit_mean": 1.755666971206665,
  "val_positive_resistance_mean": 0.7219984531402588,
  "val_resistance_noise_corr": NaN,
  "val_resistance_occlusion_corr": NaN,
  "val_sample_uncertainty_mean": 0.510881245136261
}