{
  "batch_size": 64,
  "best_metric": 0.984375,
  "best_step": 25,
  "clean_accuracy": 0.99609375,
  "clean_brier": 0.5079288482666016,
  "clean_confidence_mean": 0.36519888043403625,
  "clean_ece": 0.6308948397636414,
  "clean_nll": 1.0195361375808716,
  "clean_positive_resistance_mean": 0.3563474118709564,
  "clean_resistance_noise_corr": 2.4611549065411964e-07,
  "clean_resistance_occlusion_corr": NaN,
  "clean_risk_at_100_coverage": 0.00390625,
  "clean_risk_at_50_coverage": 0.0,
  "clean_risk_at_70_coverage": 0.0018587112426757812,
  "clean_risk_at_80_coverage": 0.0016260147094726562,
  "clean_risk_at_90_coverage": 0.0014451146125793457,
  "clean_score_name": "positive_resistance",
  "clean_selective_aurc": 0.0006955813732929528,
  "clean_uncertainty_mean": 0.3563474118709564,
  "clean_vs_noisy_auroc": 0.5961939692497253,
  "clean_vs_occluded_auroc": 0.5582554936408997,
  "condition_metrics_path": "reports/uncertainty_resistance_true_20260427/runs/20260427_015413_uncertainty_synthetic_shape_eml_centered_ambiguity_seed1/uncertainty_eval.pt",
  "cuda_available": true,
  "dataset_name": "synthetic_shape",
  "device": "cuda",
  "early_stop_patience": 4,
  "early_stop_triggered": true,
  "experiment_type": "frozen_features_uncertainty",
  "feature_dim": 64,
  "final_metric": 0.99609375,
  "final_train_loss": 0.37050700187683105,
  "git_commit": "0c0b3db",
  "hostname": "user-NF5468M6",
  "metrics_json": "{\"best_metric\": 0.984375, \"best_step\": 25, \"clean_accuracy\": 0.99609375, \"clean_brier\": 0.5079288482666016, \"clean_confidence_mean\": 0.36519888043403625, \"clean_ece\": 0.6308948397636414, \"clean_nll\": 1.0195361375808716, \"clean_positive_resistance_mean\": 0.3563474118709564, \"clean_resistance_noise_corr\": 2.4611549065411964e-07, \"clean_resistance_occlusion_corr\": NaN, \"clean_risk_at_100_coverage\": 0.00390625, \"clean_risk_at_50_coverage\": 0.0, \"clean_risk_at_70_coverage\": 0.0018587112426757812, \"clean_risk_at_80_coverage\": 0.0016260147094726562, \"clean_risk_at_90_coverage\": 0.0014451146125793457, \"clean_score_name\": \"positive_resistance\", \"clean_selective_aurc\": 0.0006955813732929528, \"clean_uncertainty_mean\": 0.3563474118709564, \"clean_vs_noisy_auroc\": 0.5961939692497253, \"clean_vs_occluded_auroc\": 0.5582554936408997, \"condition_metrics_path\": \"reports/uncertainty_resistance_true_20260427/runs/20260427_015413_uncertainty_synthetic_shape_eml_centered_ambiguity_seed1/uncertainty_eval.pt\", \"early_stop_patience\": 4, \"early_stop_triggered\": true, \"final_metric\": 0.99609375, \"final_train_loss\": 0.37050700187683105, \"noisy_accuracy\": 0.9765625, \"noisy_brier\": 0.5168853402137756, \"noisy_confidence_mean\": 0.36217108368873596, \"noisy_ece\": 0.6143914461135864, \"noisy_nll\": 1.0367916822433472, \"noisy_positive_resistance_mean\": 0.39339759945869446, \"noisy_resistance_noise_corr\": NaN, \"noisy_resistance_occlusion_corr\": NaN, \"noisy_risk_at_100_coverage\": 0.0234375, \"noisy_risk_at_50_coverage\": 0.0, \"noisy_risk_at_70_coverage\": 0.0, \"noisy_risk_at_80_coverage\": 0.0, \"noisy_risk_at_90_coverage\": 0.004338383674621582, \"noisy_score_name\": \"positive_resistance\", \"noisy_selective_aurc\": 0.0011621139710769057, \"noisy_uncertainty_mean\": 0.39339759945869446, \"occluded_accuracy\": 0.8896484375, \"occluded_brier\": 0.5469202995300293, \"occluded_confidence_mean\": 0.35040491819381714, \"occluded_ece\": 0.5392435193061829, \"occluded_nll\": 1.0983644723892212, \"occluded_positive_resistance_mean\": 0.40371495485305786, \"occluded_resistance_noise_corr\": 4.3695078666416975e-09, \"occluded_resistance_occlusion_corr\": 0.4836218059062958, \"occluded_risk_at_100_coverage\": 0.1103515625, \"occluded_risk_at_50_coverage\": 0.001953125, \"occluded_risk_at_70_coverage\": 0.0027893781661987305, \"occluded_risk_at_80_coverage\": 0.007317066192626953, \"occluded_risk_at_90_coverage\": 0.02711498737335205, \"occluded_score_name\": \"positive_resistance\", \"occluded_selective_aurc\": 0.009332503192126751, \"occluded_uncertainty_mean\": 0.40371495485305786, \"pooled_resistance_noise_corr\": 0.030789196491241455, \"pooled_resistance_occlusion_corr\": 0.3464799225330353, \"steps_run\": 125, \"total_train_time_sec\": 9.36892318725586}",
  "mode": "uncertainty_benchmark",
  "model_class": "EMLPrototypeHeadCenteredAmbiguity",
  "model_name": "eml_centered_ambiguity",
  "noisy_accuracy": 0.9765625,
  "noisy_brier": 0.5168853402137756,
  "noisy_confidence_mean": 0.36217108368873596,
  "noisy_ece": 0.6143914461135864,
  "noisy_nll": 1.0367916822433472,
  "noisy_positive_resistance_mean": 0.39339759945869446,
  "noisy_resistance_noise_corr": NaN,
  "noisy_resistance_occlusion_corr": NaN,
  "noisy_risk_at_100_coverage": 0.0234375,
  "noisy_risk_at_50_coverage": 0.0,
  "noisy_risk_at_70_coverage": 0.0,
  "noisy_risk_at_80_coverage": 0.0,
  "noisy_risk_at_90_coverage": 0.004338383674621582,
  "noisy_score_name": "positive_resistance",
  "noisy_selective_aurc": 0.0011621139710769057,
  "noisy_uncertainty_mean": 0.39339759945869446,
  "num_classes": 5,
  "num_params": 18002,
  "num_workers": 0,
  "occluded_accuracy": 0.8896484375,
  "occluded_brier": 0.5469202995300293,
  "occluded_confidence_mean": 0.35040491819381714,
  "occluded_ece": 0.5392435193061829,
  "occluded_nll": 1.0983644723892212,
  "occluded_positive_resistance_mean": 0.40371495485305786,
  "occluded_resistance_noise_corr": 4.3695078666416975e-09,
  "occluded_resistance_occlusion_corr": 0.4836218059062958,
  "occluded_risk_at_100_coverage": 0.1103515625,
  "occluded_risk_at_50_coverage": 0.001953125,
  "occluded_risk_at_70_coverage": 0.0027893781661987305,
  "occluded_risk_at_80_coverage": 0.007317066192626953,
  "occluded_risk_at_90_coverage": 0.02711498737335205,
  "occluded_score_name": "positive_resistance",
  "occluded_selective_aurc": 0.009332503192126751,
  "occluded_uncertainty_mean": 0.40371495485305786,
  "platform": "Linux-5.4.0-216-generic-x86_64-with-glibc2.31",
  "pooled_resistance_noise_corr": 0.030789196491241455,
  "pooled_resistance_occlusion_corr": 0.3464799225330353,
  "python_version": "3.10.20",
  "reason": "",
  "run_dir": "reports/uncertainty_resistance_true_20260427/runs/20260427_015413_uncertainty_synthetic_shape_eml_centered_ambiguity_seed1",
  "run_id": "uncertainty_synthetic_shape_eml_centered_ambiguity_seed1",
  "seed": 1,
  "status": "COMPLETED",
  "steps_run": 125,
  "task_name": "image_uncertainty_selective_classification",
  "test_size": 1024,
  "timestamp": "2026-04-27T01:54:22Z",
  "torch_version": "2.7.1+cu118",
  "torchvision_version": "0.22.1+cu118",
  "total_train_time_sec": 9.36892318725586,
  "train_size": 4096,
  "trainable_params": 18002
}