{
  "backbone_steps": 300,
  "batch_size": 64,
  "best_metric": 0.203125,
  "best_step": 25,
  "clean_accuracy": 0.1796875,
  "clean_brier": 0.8565850257873535,
  "clean_confidence_mean": 0.15471090376377106,
  "clean_conflict_resistance_corr": NaN,
  "clean_conflict_score_mean": 0.5005975365638733,
  "clean_ece": 0.028937559574842453,
  "clean_nll": 2.0798933506011963,
  "clean_positive_resistance_mean": 0.47452211380004883,
  "clean_resistance_noise_corr": NaN,
  "clean_resistance_occlusion_corr": NaN,
  "clean_risk_at_100_coverage": 0.8203125,
  "clean_risk_at_50_coverage": 0.7994791865348816,
  "clean_risk_at_70_coverage": 0.8085501790046692,
  "clean_risk_at_80_coverage": 0.8016260266304016,
  "clean_risk_at_90_coverage": 0.8005779981613159,
  "clean_score_name": "positive_resistance",
  "clean_selective_aurc": 0.8306464552879333,
  "clean_support_score_mean": 0.9931427836418152,
  "clean_uncertainty_mean": 0.47452211380004883,
  "clean_vs_noisy_auroc": 0.5259564518928528,
  "clean_vs_occluded_auroc": 0.5449307560920715,
  "condition_metrics_path": "reports/uncertainty_resistance_true_earlystop_rerun_20260427/runs/20260427_025150_uncertainty_cifar10_merc_energy_seed2/uncertainty_eval.pt",
  "cuda_available": true,
  "dataset_name": "cifar10",
  "device": "cuda",
  "early_stop_min_evals": 2,
  "early_stop_patience": 4,
  "early_stop_triggered": true,
  "eval_interval": 25,
  "experiment_type": "frozen_features_uncertainty",
  "feature_dim": 64,
  "final_metric": 0.1796875,
  "final_train_loss": 1.754733681678772,
  "git_commit": "0c0b3db",
  "head_steps": 1200,
  "hostname": "user-NF5468M6",
  "metrics_json": "{\"best_metric\": 0.203125, \"best_step\": 25, \"clean_accuracy\": 0.1796875, \"clean_brier\": 0.8565850257873535, \"clean_confidence_mean\": 0.15471090376377106, \"clean_conflict_resistance_corr\": NaN, \"clean_conflict_score_mean\": 0.5005975365638733, \"clean_ece\": 0.028937559574842453, \"clean_nll\": 2.0798933506011963, \"clean_positive_resistance_mean\": 0.47452211380004883, \"clean_resistance_noise_corr\": NaN, \"clean_resistance_occlusion_corr\": NaN, \"clean_risk_at_100_coverage\": 0.8203125, \"clean_risk_at_50_coverage\": 0.7994791865348816, \"clean_risk_at_70_coverage\": 0.8085501790046692, \"clean_risk_at_80_coverage\": 0.8016260266304016, \"clean_risk_at_90_coverage\": 0.8005779981613159, \"clean_score_name\": \"positive_resistance\", \"clean_selective_aurc\": 0.8306464552879333, \"clean_support_score_mean\": 0.9931427836418152, \"clean_uncertainty_mean\": 0.47452211380004883, \"clean_vs_noisy_auroc\": 0.5259564518928528, \"clean_vs_occluded_auroc\": 0.5449307560920715, \"condition_metrics_path\": \"reports/uncertainty_resistance_true_earlystop_rerun_20260427/runs/20260427_025150_uncertainty_cifar10_merc_energy_seed2/uncertainty_eval.pt\", \"early_stop_patience\": 4, \"early_stop_triggered\": true, \"final_metric\": 0.1796875, \"final_train_loss\": 1.754733681678772, \"noisy_accuracy\": 0.177734375, \"noisy_brier\": 0.8663612604141235, \"noisy_confidence_mean\": 0.15656214952468872, \"noisy_conflict_resistance_corr\": NaN, \"noisy_conflict_score_mean\": 0.4691692590713501, \"noisy_ece\": 0.02181055210530758, \"noisy_nll\": 2.1282074451446533, \"noisy_positive_resistance_mean\": 0.5072053074836731, \"noisy_resistance_noise_corr\": NaN, \"noisy_resistance_occlusion_corr\": NaN, \"noisy_risk_at_100_coverage\": 0.822265625, \"noisy_risk_at_50_coverage\": 0.783203125, \"noisy_risk_at_70_coverage\": 0.8075313568115234, \"noisy_risk_at_80_coverage\": 0.792682945728302, \"noisy_risk_at_90_coverage\": 0.802603006362915, \"noisy_score_name\": \"positive_resistance\", \"noisy_selective_aurc\": 0.8001387715339661, \"noisy_support_score_mean\": 1.0140289068222046, \"noisy_uncertainty_mean\": 0.5072053074836731, \"occluded_accuracy\": 0.185546875, \"occluded_brier\": 0.8606834411621094, \"occluded_confidence_mean\": 0.15174978971481323, \"occluded_conflict_resistance_corr\": NaN, \"occluded_conflict_score_mean\": 0.4811369776725769, \"occluded_ece\": 0.03379708528518677, \"occluded_nll\": 2.1017158031463623, \"occluded_positive_resistance_mean\": 0.4985162615776062, \"occluded_resistance_noise_corr\": NaN, \"occluded_resistance_occlusion_corr\": NaN, \"occluded_risk_at_100_coverage\": 0.814453125, \"occluded_risk_at_50_coverage\": 0.7734375, \"occluded_risk_at_70_coverage\": 0.7866108417510986, \"occluded_risk_at_80_coverage\": 0.7890243530273438, \"occluded_risk_at_90_coverage\": 0.7939262390136719, \"occluded_score_name\": \"positive_resistance\", \"occluded_selective_aurc\": 0.8026963472366333, \"occluded_support_score_mean\": 0.997236967086792, \"occluded_uncertainty_mean\": 0.4985162615776062, \"pooled_conflict_resistance_corr\": -0.10494541376829147, \"pooled_resistance_noise_corr\": 0.04882185533642769, \"pooled_resistance_occlusion_corr\": 0.013685077428817749, \"steps_run\": 125, \"total_train_time_sec\": 12.24031376838684}",
  "mode": "uncertainty_benchmark",
  "model_class": "MERCHeadClassEnergy",
  "model_name": "merc_energy",
  "noisy_accuracy": 0.177734375,
  "noisy_brier": 0.8663612604141235,
  "noisy_confidence_mean": 0.15656214952468872,
  "noisy_conflict_resistance_corr": NaN,
  "noisy_conflict_score_mean": 0.4691692590713501,
  "noisy_ece": 0.02181055210530758,
  "noisy_nll": 2.1282074451446533,
  "noisy_positive_resistance_mean": 0.5072053074836731,
  "noisy_resistance_noise_corr": NaN,
  "noisy_resistance_occlusion_corr": NaN,
  "noisy_risk_at_100_coverage": 0.822265625,
  "noisy_risk_at_50_coverage": 0.783203125,
  "noisy_risk_at_70_coverage": 0.8075313568115234,
  "noisy_risk_at_80_coverage": 0.792682945728302,
  "noisy_risk_at_90_coverage": 0.802603006362915,
  "noisy_score_name": "positive_resistance",
  "noisy_selective_aurc": 0.8001387715339661,
  "noisy_support_score_mean": 1.0140289068222046,
  "noisy_uncertainty_mean": 0.5072053074836731,
  "num_classes": 10,
  "num_params": 93202,
  "num_workers": 0,
  "occluded_accuracy": 0.185546875,
  "occluded_brier": 0.8606834411621094,
  "occluded_confidence_mean": 0.15174978971481323,
  "occluded_conflict_resistance_corr": NaN,
  "occluded_conflict_score_mean": 0.4811369776725769,
  "occluded_ece": 0.03379708528518677,
  "occluded_nll": 2.1017158031463623,
  "occluded_positive_resistance_mean": 0.4985162615776062,
  "occluded_resistance_noise_corr": NaN,
  "occluded_resistance_occlusion_corr": NaN,
  "occluded_risk_at_100_coverage": 0.814453125,
  "occluded_risk_at_50_coverage": 0.7734375,
  "occluded_risk_at_70_coverage": 0.7866108417510986,
  "occluded_risk_at_80_coverage": 0.7890243530273438,
  "occluded_risk_at_90_coverage": 0.7939262390136719,
  "occluded_score_name": "positive_resistance",
  "occluded_selective_aurc": 0.8026963472366333,
  "occluded_support_score_mean": 0.997236967086792,
  "occluded_uncertainty_mean": 0.4985162615776062,
  "platform": "Linux-5.4.0-216-generic-x86_64-with-glibc2.31",
  "pooled_conflict_resistance_corr": -0.10494541376829147,
  "pooled_resistance_noise_corr": 0.04882185533642769,
  "pooled_resistance_occlusion_corr": 0.013685077428817749,
  "python_version": "3.10.20",
  "reason": "",
  "run_dir": "reports/uncertainty_resistance_true_earlystop_rerun_20260427/runs/20260427_025150_uncertainty_cifar10_merc_energy_seed2",
  "run_id": "uncertainty_cifar10_merc_energy_seed2",
  "seed": 2,
  "selected_heads": [
    "mlp",
    "eml_no_ambiguity",
    "merc_energy"
  ],
  "status": "COMPLETED",
  "steps_run": 125,
  "task_name": "image_uncertainty_selective_classification",
  "test_size": 1024,
  "timestamp": "2026-04-27T02:52:02Z",
  "torch_version": "2.7.1+cu118",
  "torchvision_version": "0.22.1+cu118",
  "total_train_time_sec": 12.24031376838684,
  "train_size": 4096,
  "trainable_params": 93202
}