{
  "batch_size": 64,
  "best_metric": 0.9765625,
  "best_step": 25,
  "clean_accuracy": 0.9908854365348816,
  "clean_brier": 0.417570024728775,
  "clean_confidence_mean": 0.42605069279670715,
  "clean_ece": 0.5648347735404968,
  "clean_nll": 0.8605601191520691,
  "clean_risk_at_100_coverage": 0.009114563465118408,
  "clean_risk_at_50_coverage": 0.0,
  "clean_risk_at_70_coverage": 0.0,
  "clean_risk_at_80_coverage": 0.0,
  "clean_risk_at_90_coverage": 0.0,
  "clean_score_name": "one_minus_confidence",
  "clean_selective_aurc": 0.0001442664215574041,
  "clean_uncertainty_mean": 0.5739492774009705,
  "clean_vs_noisy_auroc": 0.5686734318733215,
  "clean_vs_occluded_auroc": 0.6175091862678528,
  "condition_metrics_path": "reports/uncertainty_remote_20260424_175558/runs/20260424_095540_uncertainty_synthetic_shape_linear_seed1/uncertainty_eval.pt",
  "cuda_available": true,
  "dataset_name": "synthetic_shape",
  "device": "cuda",
  "early_stop_patience": 4,
  "early_stop_triggered": true,
  "experiment_type": "frozen_features_uncertainty",
  "feature_dim": 64,
  "final_metric": 0.9908854365348816,
  "final_train_loss": 0.2231910079717636,
  "git_commit": "unknown",
  "hostname": "user-NF5468M6",
  "metrics_json": "{\"best_metric\": 0.9765625, \"best_step\": 25, \"clean_accuracy\": 0.9908854365348816, \"clean_brier\": 0.417570024728775, \"clean_confidence_mean\": 0.42605069279670715, \"clean_ece\": 0.5648347735404968, \"clean_nll\": 0.8605601191520691, \"clean_risk_at_100_coverage\": 0.009114563465118408, \"clean_risk_at_50_coverage\": 0.0, \"clean_risk_at_70_coverage\": 0.0, \"clean_risk_at_80_coverage\": 0.0, \"clean_risk_at_90_coverage\": 0.0, \"clean_score_name\": \"one_minus_confidence\", \"clean_selective_aurc\": 0.0001442664215574041, \"clean_uncertainty_mean\": 0.5739492774009705, \"clean_vs_noisy_auroc\": 0.5686734318733215, \"clean_vs_occluded_auroc\": 0.6175091862678528, \"condition_metrics_path\": \"reports/uncertainty_remote_20260424_175558/runs/20260424_095540_uncertainty_synthetic_shape_linear_seed1/uncertainty_eval.pt\", \"early_stop_patience\": 4, \"early_stop_triggered\": true, \"final_metric\": 0.9908854365348816, \"final_train_loss\": 0.2231910079717636, \"noisy_accuracy\": 0.9814453125, \"noisy_brier\": 0.43440914154052734, \"noisy_confidence_mean\": 0.4161960482597351, \"noisy_ece\": 0.5652492642402649, \"noisy_nll\": 0.8878719210624695, \"noisy_risk_at_100_coverage\": 0.0185546875, \"noisy_risk_at_50_coverage\": 0.001953125, \"noisy_risk_at_70_coverage\": 0.0027893781661987305, \"noisy_risk_at_80_coverage\": 0.0036585330963134766, \"noisy_risk_at_90_coverage\": 0.005423009395599365, \"noisy_score_name\": \"one_minus_confidence\", \"noisy_selective_aurc\": 0.00292203389108181, \"noisy_uncertainty_mean\": 0.5838039517402649, \"occluded_accuracy\": 0.9072265625, \"occluded_brier\": 0.47472336888313293, \"occluded_confidence_mean\": 0.39813411235809326, \"occluded_ece\": 0.5090924501419067, \"occluded_nll\": 0.9653453230857849, \"occluded_risk_at_100_coverage\": 0.0927734375, \"occluded_risk_at_50_coverage\": 0.001953125, \"occluded_risk_at_70_coverage\": 0.0013946890830993652, \"occluded_risk_at_80_coverage\": 0.006097555160522461, \"occluded_risk_at_90_coverage\": 0.029284179210662842, \"occluded_score_name\": \"one_minus_confidence\", \"occluded_selective_aurc\": 0.010610970668494701, \"occluded_uncertainty_mean\": 0.6018658876419067, \"steps_run\": 125, \"total_train_time_sec\": 0.49004173278808594}",
  "mode": "uncertainty_benchmark",
  "model_class": "LinearHead",
  "model_name": "linear",
  "noisy_accuracy": 0.9814453125,
  "noisy_brier": 0.43440914154052734,
  "noisy_confidence_mean": 0.4161960482597351,
  "noisy_ece": 0.5652492642402649,
  "noisy_nll": 0.8878719210624695,
  "noisy_risk_at_100_coverage": 0.0185546875,
  "noisy_risk_at_50_coverage": 0.001953125,
  "noisy_risk_at_70_coverage": 0.0027893781661987305,
  "noisy_risk_at_80_coverage": 0.0036585330963134766,
  "noisy_risk_at_90_coverage": 0.005423009395599365,
  "noisy_score_name": "one_minus_confidence",
  "noisy_selective_aurc": 0.00292203389108181,
  "noisy_uncertainty_mean": 0.5838039517402649,
  "num_classes": 5,
  "num_params": 325,
  "num_workers": 0,
  "occluded_accuracy": 0.9072265625,
  "occluded_brier": 0.47472336888313293,
  "occluded_confidence_mean": 0.39813411235809326,
  "occluded_ece": 0.5090924501419067,
  "occluded_nll": 0.9653453230857849,
  "occluded_risk_at_100_coverage": 0.0927734375,
  "occluded_risk_at_50_coverage": 0.001953125,
  "occluded_risk_at_70_coverage": 0.0013946890830993652,
  "occluded_risk_at_80_coverage": 0.006097555160522461,
  "occluded_risk_at_90_coverage": 0.029284179210662842,
  "occluded_score_name": "one_minus_confidence",
  "occluded_selective_aurc": 0.010610970668494701,
  "occluded_uncertainty_mean": 0.6018658876419067,
  "platform": "Linux-5.4.0-216-generic-x86_64-with-glibc2.31",
  "python_version": "3.10.20",
  "reason": "",
  "run_dir": "reports/uncertainty_remote_20260424_175558/runs/20260424_095540_uncertainty_synthetic_shape_linear_seed1",
  "run_id": "uncertainty_synthetic_shape_linear_seed1",
  "seed": 1,
  "status": "COMPLETED",
  "steps_run": 125,
  "task_name": "image_uncertainty_selective_classification",
  "test_size": 1024,
  "timestamp": "2026-04-24T09:55:41Z",
  "torch_version": "2.7.1+cu118",
  "torchvision_version": "0.22.1+cu118",
  "total_train_time_sec": 0.49004173278808594,
  "train_size": 4096,
  "trainable_params": 325
}