{
  "batch_size": 32,
  "best_metric": 0.99609375,
  "best_step": 100,
  "best_val_accuracy": 0.99609375,
  "cuda_available": true,
  "dataset_name": "synthetic_evidence",
  "device": "cuda",
  "early_stop_triggered": false,
  "experiment_type": "frozen_features",
  "feature_dim": 64,
  "features_dir": "reports/head_ablation/features/synthetic_evidence_medium_seed1",
  "final_metric": 0.994140625,
  "final_train_accuracy": 1.0,
  "final_train_loss": 0.0027654776349663734,
  "git_commit": "unknown",
  "hostname": "user-NF5468M6",
  "lr": 0.001,
  "metrics_json": "{\"best_metric\": 0.99609375, \"best_step\": 100, \"best_val_accuracy\": 0.99609375, \"early_stop_triggered\": false, \"final_metric\": 0.994140625, \"final_train_accuracy\": 1.0, \"final_train_loss\": 0.0027654776349663734, \"steps_run\": 300, \"test_accuracy\": 0.994140625, \"test_ambiguity_mean\": NaN, \"test_brier\": 0.009912368841469288, \"test_class_resistance_mean\": NaN, \"test_conflict_resistance_corr\": 0.008919503539800644, \"test_ece\": 0.004640806466341019, \"test_hard_negative_drive_mean\": 0.6718122363090515, \"test_hard_negative_logit_mean\": -3.3029894828796387, \"test_hard_negative_resistance_mean\": 0.8386304378509521, \"test_loss\": 0.02198631875216961, \"test_margin_mean\": 6.750988483428955, \"test_nll\": 0.02198631875216961, \"test_positive_drive_mean\": -0.13453464210033417, \"test_positive_logit_mean\": 3.4479994773864746, \"test_positive_resistance_mean\": 0.8807873725891113, \"test_precision_mean\": 0.21193239092826843, \"test_resistance_noise_corr\": 0.03327638655900955, \"test_resistance_occlusion_corr\": -0.14342503249645233, \"test_sample_uncertainty_mean\": NaN, \"test_support_evidence_corr\": 0.6111453175544739, \"test_update_gate_mean\": 0.05008028820157051, \"total_train_time_sec\": 8.095401525497437, \"val_accuracy\": 0.9921875, \"val_ambiguity_mean\": NaN, \"val_brier\": 0.01350962370634079, \"val_class_resistance_mean\": NaN, \"val_conflict_resistance_corr\": 0.010148410685360432, \"val_ece\": 0.005941719748079777, \"val_hard_negative_drive_mean\": 0.6675539612770081, \"val_hard_negative_logit_mean\": -3.335017442703247, \"val_hard_negative_resistance_mean\": 0.8341445922851562, \"val_loss\": 0.025840459391474724, \"val_margin_mean\": 6.809877395629883, \"val_nll\": 0.025840459391474724, \"val_positive_drive_mean\": -0.14720888435840607, \"val_positive_logit_mean\": 3.474860191345215, \"val_positive_resistance_mean\": 0.8762503266334534, \"val_precision_mean\": 0.2133437991142273, \"val_resistance_noise_corr\": 0.054691754281520844, \"val_resistance_occlusion_corr\": -0.1349775344133377, \"val_sample_uncertainty_mean\": NaN, \"val_support_evidence_corr\": 0.651431143283844, \"val_update_gate_mean\": 0.05038992315530777}",
  "mode": "head_ablation",
  "model_class": "MERCHeadLinearReadout",
  "model_name": "merc_linear",
  "num_classes": 2,
  "num_params": 91634,
  "pairwise_margin": 0.0,
  "pairwise_weight": 0.0,
  "platform": "Linux-5.4.0-216-generic-x86_64-with-glibc2.31",
  "python_version": "3.10.20",
  "reason": "",
  "run_dir": "reports/merc_synthetic_evidence/runs/20260425_031602_frozen_synthetic_evidence_merc_linear_seed1",
  "run_id": "frozen_synthetic_evidence_merc_linear_seed1",
  "seed": 1,
  "status": "COMPLETED",
  "steps": 300,
  "steps_run": 300,
  "task_name": "image_classification",
  "test_accuracy": 0.994140625,
  "test_ambiguity_mean": NaN,
  "test_brier": 0.009912368841469288,
  "test_class_resistance_mean": NaN,
  "test_conflict_resistance_corr": 0.008919503539800644,
  "test_ece": 0.004640806466341019,
  "test_hard_negative_drive_mean": 0.6718122363090515,
  "test_hard_negative_logit_mean": -3.3029894828796387,
  "test_hard_negative_resistance_mean": 0.8386304378509521,
  "test_loss": 0.02198631875216961,
  "test_margin_mean": 6.750988483428955,
  "test_nll": 0.02198631875216961,
  "test_positive_drive_mean": -0.13453464210033417,
  "test_positive_logit_mean": 3.4479994773864746,
  "test_positive_resistance_mean": 0.8807873725891113,
  "test_precision_mean": 0.21193239092826843,
  "test_resistance_noise_corr": 0.03327638655900955,
  "test_resistance_occlusion_corr": -0.14342503249645233,
  "test_sample_uncertainty_mean": NaN,
  "test_support_evidence_corr": 0.6111453175544739,
  "test_update_gate_mean": 0.05008028820157051,
  "timestamp": "2026-04-25T03:16:10Z",
  "torch_version": "2.7.1+cu118",
  "torchvision_version": "0.22.1+cu118",
  "total_train_time_sec": 8.095401525497437,
  "trainable_params": 91634,
  "val_accuracy": 0.9921875,
  "val_ambiguity_mean": NaN,
  "val_brier": 0.01350962370634079,
  "val_class_resistance_mean": NaN,
  "val_conflict_resistance_corr": 0.010148410685360432,
  "val_ece": 0.005941719748079777,
  "val_hard_negative_drive_mean": 0.6675539612770081,
  "val_hard_negative_logit_mean": -3.335017442703247,
  "val_hard_negative_resistance_mean": 0.8341445922851562,
  "val_loss": 0.025840459391474724,
  "val_margin_mean": 6.809877395629883,
  "val_nll": 0.025840459391474724,
  "val_positive_drive_mean": -0.14720888435840607,
  "val_positive_logit_mean": 3.474860191345215,
  "val_positive_resistance_mean": 0.8762503266334534,
  "val_precision_mean": 0.2133437991142273,
  "val_resistance_noise_corr": 0.054691754281520844,
  "val_resistance_occlusion_corr": -0.1349775344133377,
  "val_sample_uncertainty_mean": NaN,
  "val_support_evidence_corr": 0.651431143283844,
  "val_update_gate_mean": 0.05038992315530777
}