{
  "batch_size": 64,
  "best_metric": 0.48828125,
  "best_step": 200,
  "clean_accuracy": 0.4544270932674408,
  "clean_brier": 0.7148329615592957,
  "clean_confidence_mean": 0.34703731536865234,
  "clean_ece": 0.11010047048330307,
  "clean_nll": 1.6019684076309204,
  "clean_positive_resistance_mean": 0.15523791313171387,
  "clean_resistance_noise_corr": NaN,
  "clean_resistance_occlusion_corr": NaN,
  "clean_risk_at_100_coverage": 0.5455728769302368,
  "clean_risk_at_50_coverage": 0.3359375,
  "clean_risk_at_70_coverage": 0.3921933174133301,
  "clean_risk_at_80_coverage": 0.4422764182090759,
  "clean_risk_at_90_coverage": 0.49566471576690674,
  "clean_score_name": "positive_resistance",
  "clean_selective_aurc": 0.3342761993408203,
  "clean_uncertainty_mean": 0.15523791313171387,
  "clean_vs_noisy_auroc": 0.7306798100471497,
  "clean_vs_occluded_auroc": 0.5420672297477722,
  "condition_metrics_path": "reports/uncertainty_resistance_true_20260427/runs/20260427_015821_uncertainty_cifar10_eml_supervised_resistance_seed0/uncertainty_eval.pt",
  "cuda_available": true,
  "dataset_name": "cifar10",
  "device": "cuda",
  "early_stop_patience": 4,
  "early_stop_triggered": false,
  "experiment_type": "frozen_features_uncertainty",
  "feature_dim": 64,
  "final_metric": 0.4544270932674408,
  "final_train_loss": 1.4037550687789917,
  "git_commit": "0c0b3db",
  "hostname": "user-NF5468M6",
  "metrics_json": "{\"best_metric\": 0.48828125, \"best_step\": 200, \"clean_accuracy\": 0.4544270932674408, \"clean_brier\": 0.7148329615592957, \"clean_confidence_mean\": 0.34703731536865234, \"clean_ece\": 0.11010047048330307, \"clean_nll\": 1.6019684076309204, \"clean_positive_resistance_mean\": 0.15523791313171387, \"clean_resistance_noise_corr\": NaN, \"clean_resistance_occlusion_corr\": NaN, \"clean_risk_at_100_coverage\": 0.5455728769302368, \"clean_risk_at_50_coverage\": 0.3359375, \"clean_risk_at_70_coverage\": 0.3921933174133301, \"clean_risk_at_80_coverage\": 0.4422764182090759, \"clean_risk_at_90_coverage\": 0.49566471576690674, \"clean_score_name\": \"positive_resistance\", \"clean_selective_aurc\": 0.3342761993408203, \"clean_uncertainty_mean\": 0.15523791313171387, \"clean_vs_noisy_auroc\": 0.7306798100471497, \"clean_vs_occluded_auroc\": 0.5420672297477722, \"condition_metrics_path\": \"reports/uncertainty_resistance_true_20260427/runs/20260427_015821_uncertainty_cifar10_eml_supervised_resistance_seed0/uncertainty_eval.pt\", \"early_stop_patience\": 4, \"early_stop_triggered\": false, \"final_metric\": 0.4544270932674408, \"final_train_loss\": 1.4037550687789917, \"noisy_accuracy\": 0.431640625, \"noisy_brier\": 0.732380747795105, \"noisy_confidence_mean\": 0.34674954414367676, \"noisy_ece\": 0.09411093592643738, \"noisy_nll\": 1.6597952842712402, \"noisy_positive_resistance_mean\": 0.2812546491622925, \"noisy_resistance_noise_corr\": NaN, \"noisy_resistance_occlusion_corr\": NaN, \"noisy_risk_at_100_coverage\": 0.568359375, \"noisy_risk_at_50_coverage\": 0.306640625, \"noisy_risk_at_70_coverage\": 0.4253835678100586, \"noisy_risk_at_80_coverage\": 0.47804880142211914, \"noisy_risk_at_90_coverage\": 0.527114987373352, \"noisy_score_name\": \"positive_resistance\", \"noisy_selective_aurc\": 0.3263162672519684, \"noisy_uncertainty_mean\": 0.2812546491622925, \"occluded_accuracy\": 0.447265625, \"occluded_brier\": 0.7296854853630066, \"occluded_confidence_mean\": 0.34374338388442993, \"occluded_ece\": 0.10675141215324402, \"occluded_nll\": 1.6640948057174683, \"occluded_positive_resistance_mean\": 0.1722588986158371, \"occluded_resistance_noise_corr\": NaN, \"occluded_resistance_occlusion_corr\": NaN, \"occluded_risk_at_100_coverage\": 0.552734375, \"occluded_risk_at_50_coverage\": 0.3203125, \"occluded_risk_at_70_coverage\": 0.40585774183273315, \"occluded_risk_at_80_coverage\": 0.45121949911117554, \"occluded_risk_at_90_coverage\": 0.5075922012329102, \"occluded_score_name\": \"positive_resistance\", \"occluded_selective_aurc\": 0.3215862214565277, \"occluded_uncertainty_mean\": 0.1722588986158371, \"pooled_resistance_noise_corr\": 0.3597986698150635, \"pooled_resistance_occlusion_corr\": -0.1701328158378601, \"steps_run\": 250, \"total_train_time_sec\": 81.32727670669556}",
  "mode": "uncertainty_benchmark",
  "model_class": "EMLPrototypeHeadSupervisedResistance",
  "model_name": "eml_supervised_resistance",
  "noisy_accuracy": 0.431640625,
  "noisy_brier": 0.732380747795105,
  "noisy_confidence_mean": 0.34674954414367676,
  "noisy_ece": 0.09411093592643738,
  "noisy_nll": 1.6597952842712402,
  "noisy_positive_resistance_mean": 0.2812546491622925,
  "noisy_resistance_noise_corr": NaN,
  "noisy_resistance_occlusion_corr": NaN,
  "noisy_risk_at_100_coverage": 0.568359375,
  "noisy_risk_at_50_coverage": 0.306640625,
  "noisy_risk_at_70_coverage": 0.4253835678100586,
  "noisy_risk_at_80_coverage": 0.47804880142211914,
  "noisy_risk_at_90_coverage": 0.527114987373352,
  "noisy_score_name": "positive_resistance",
  "noisy_selective_aurc": 0.3263162672519684,
  "noisy_uncertainty_mean": 0.2812546491622925,
  "num_classes": 10,
  "num_params": 18977,
  "num_workers": 0,
  "occluded_accuracy": 0.447265625,
  "occluded_brier": 0.7296854853630066,
  "occluded_confidence_mean": 0.34374338388442993,
  "occluded_ece": 0.10675141215324402,
  "occluded_nll": 1.6640948057174683,
  "occluded_positive_resistance_mean": 0.1722588986158371,
  "occluded_resistance_noise_corr": NaN,
  "occluded_resistance_occlusion_corr": NaN,
  "occluded_risk_at_100_coverage": 0.552734375,
  "occluded_risk_at_50_coverage": 0.3203125,
  "occluded_risk_at_70_coverage": 0.40585774183273315,
  "occluded_risk_at_80_coverage": 0.45121949911117554,
  "occluded_risk_at_90_coverage": 0.5075922012329102,
  "occluded_score_name": "positive_resistance",
  "occluded_selective_aurc": 0.3215862214565277,
  "occluded_uncertainty_mean": 0.1722588986158371,
  "platform": "Linux-5.4.0-216-generic-x86_64-with-glibc2.31",
  "pooled_resistance_noise_corr": 0.3597986698150635,
  "pooled_resistance_occlusion_corr": -0.1701328158378601,
  "python_version": "3.10.20",
  "reason": "",
  "run_dir": "reports/uncertainty_resistance_true_20260427/runs/20260427_015821_uncertainty_cifar10_eml_supervised_resistance_seed0",
  "run_id": "uncertainty_cifar10_eml_supervised_resistance_seed0",
  "seed": 0,
  "status": "COMPLETED",
  "steps_run": 250,
  "task_name": "image_uncertainty_selective_classification",
  "test_size": 1024,
  "timestamp": "2026-04-27T01:59:42Z",
  "torch_version": "2.7.1+cu118",
  "torchvision_version": "0.22.1+cu118",
  "total_train_time_sec": 81.32727670669556,
  "train_size": 4096,
  "trainable_params": 18977
}