{
  "best_metric": 1.0,
  "cuda_available": true,
  "dataset_name": "synthetic_probe_tensors",
  "device": "cuda",
  "final_diagnostics": {
    "drive_mean": 0.0002073401992674917,
    "drive_std": 0.001969509059563279,
    "energy_mean": -0.8809255361557007,
    "energy_std": 0.21297627687454224,
    "gate_activation_rate": 0.1416274607181549,
    "gate_mean": 0.1416274607181549,
    "gate_std": 0.07081373035907745,
    "message_norm_mean": 0.03994328901171684,
    "message_norm_std": 0.009415543638169765,
    "new_precision_mean": 0.3132673501968384,
    "new_precision_std": 5.305806189426221e-05,
    "null_weight_mean": 0.29186272621154785,
    "null_weight_std": 3.2467876735609025e-05,
    "old_precision_mean": 0.6932120323181152,
    "old_precision_std": 0.0005249170935712755,
    "resistance_mean": -0.00020362160285003483,
    "resistance_std": 0.002885575871914625,
    "responsibility_entropy_mean": 1.5854978561401367,
    "responsibility_entropy_std": 1.6191088434425183e-05,
    "update_gate_mean": 0.3112507462501526,
    "update_gate_std": 0.00016706061433069408,
    "update_strength_mean": 0.7081373333930969,
    "update_strength_std": 3.2459094654768705e-05
  },
  "final_metric": 1.0,
  "git_commit": "ae26ee9",
  "hostname": "user-NF5468M6",
  "message_norm_mean": 0.03994328901171684,
  "metrics_json": "{\"best_metric\": 1.0, \"final_diagnostics\": {\"drive_mean\": 0.0002073401992674917, \"drive_std\": 0.001969509059563279, \"energy_mean\": -0.8809255361557007, \"energy_std\": 0.21297627687454224, \"gate_activation_rate\": 0.1416274607181549, \"gate_mean\": 0.1416274607181549, \"gate_std\": 0.07081373035907745, \"message_norm_mean\": 0.03994328901171684, \"message_norm_std\": 0.009415543638169765, \"new_precision_mean\": 0.3132673501968384, \"new_precision_std\": 5.305806189426221e-05, \"null_weight_mean\": 0.29186272621154785, \"null_weight_std\": 3.2467876735609025e-05, \"old_precision_mean\": 0.6932120323181152, \"old_precision_std\": 0.0005249170935712755, \"resistance_mean\": -0.00020362160285003483, \"resistance_std\": 0.002885575871914625, \"responsibility_entropy_mean\": 1.5854978561401367, \"responsibility_entropy_std\": 1.6191088434425183e-05, \"update_gate_mean\": 0.3112507462501526, \"update_gate_std\": 0.00016706061433069408, \"update_strength_mean\": 0.7081373333930969, \"update_strength_std\": 3.2459094654768705e-05}, \"final_metric\": 1.0, \"message_norm_mean\": 0.03994328901171684, \"nan_inf_count\": 0.0, \"peak_memory_mb\": 9.39404296875, \"step\": 1, \"step_time_sec\": 0.0038118362426757812, \"total_train_time_sec\": 0.003811359405517578, \"train_loss\": 0.0, \"update_norm_mean\": 1.1107014417648315, \"wall_clock_time_sec\": 0.003811359405517578}",
  "mode": "ablation",
  "model_name": "ablation_resp_null_seed0",
  "nan_inf_count": 0.0,
  "num_params": 14151,
  "peak_memory_mb": 9.39404296875,
  "platform": "Linux-5.4.0-216-generic-x86_64-with-glibc2.31",
  "python_version": "3.10.20",
  "reason": "",
  "responsibility_mode": true,
  "run_dir": "reports/runs_server_ablation_20260424_150157/20260424_070200_ablation_resp_null_seed0",
  "run_id": "ablation_resp_null_seed0",
  "seed": 20,
  "status": "COMPLETED",
  "step": 1,
  "step_time_sec": 0.0038118362426757812,
  "task_name": "mechanism_probe",
  "timestamp": "2026-04-24T07:02:01Z",
  "torch_version": "2.7.1+cu118",
  "torchvision_version": "0.22.1+cu118",
  "total_train_time_sec": 0.003811359405517578,
  "train_loss": 0.0,
  "trainable_params": 14151,
  "update_mode": "precision",
  "update_norm_mean": 1.1107014417648315,
  "use_null": true,
  "wall_clock_time_sec": 0.003811359405517578
}