{
  "batch_size": 32,
  "best_metric": 0.1953125,
  "best_step": 10,
  "best_val_accuracy": 0.1953125,
  "cuda_available": false,
  "dataset_name": "synthetic_shape",
  "device": "cpu",
  "experiment_type": "end_to_end",
  "feature_dim": 64,
  "final_metric": 0.1953125,
  "final_train_accuracy": 0.65625,
  "final_train_loss": 1.1600239276885986,
  "git_commit": "19568db",
  "head_name": "eml_centered_ambiguity",
  "hostname": "BMW-Pro.local",
  "loss_mode": "ce_pairwise",
  "lr": 0.001,
  "metrics_json": "{\"best_metric\": 0.1953125, \"best_step\": 10, \"best_val_accuracy\": 0.1953125, \"final_metric\": 0.1953125, \"final_train_accuracy\": 0.65625, \"final_train_loss\": 1.1600239276885986, \"test_accuracy\": 0.1953125, \"test_ambiguity_mean\": 1.711587905883789, \"test_brier\": 0.9198925495147705, \"test_class_resistance_mean\": 0.20001891255378723, \"test_ece\": 0.30572623014450073, \"test_hard_negative_drive_mean\": 4.028076171875, \"test_hard_negative_logit_mean\": 1.2180681228637695, \"test_hard_negative_resistance_mean\": 1.2872874736785889, \"test_loss\": 1.830886721611023, \"test_margin_mean\": -0.9458215236663818, \"test_nll\": 1.830886721611023, \"test_positive_drive_mean\": 0.4675103425979614, \"test_positive_logit_mean\": 0.2722468078136444, \"test_positive_resistance_mean\": 2.3111071586608887, \"test_resistance_noise_corr\": -0.03747205063700676, \"test_resistance_occlusion_corr\": 0.030151376500725746, \"test_sample_uncertainty_mean\": 0.3935438394546509, \"total_train_time_sec\": 1.8337228298187256, \"val_accuracy\": 0.1953125, \"val_ambiguity_mean\": 1.7109125852584839, \"val_brier\": 0.924835205078125, \"val_class_resistance_mean\": 0.20001891255378723, \"val_ece\": 0.3055437207221985, \"val_hard_negative_drive_mean\": 4.0267157554626465, \"val_hard_negative_logit_mean\": 1.2176294326782227, \"val_hard_negative_resistance_mean\": 1.2886909246444702, \"val_loss\": 1.8490371704101562, \"val_margin_mean\": -0.9636096954345703, \"val_nll\": 1.8490371704101562, \"val_positive_drive_mean\": 0.35074684023857117, \"val_positive_logit_mean\": 0.25401967763900757, \"val_positive_resistance_mean\": 2.314112901687622, \"val_resistance_noise_corr\": 0.06100878864526749, \"val_resistance_occlusion_corr\": -0.029498247429728508, \"val_sample_uncertainty_mean\": 0.3936995565891266}",
  "mode": "head_ablation",
  "model_class": "CNNHeadModel",
  "model_name": "eml_centered_ambiguity",
  "num_classes": 5,
  "num_params": 166258,
  "pairwise_margin": 0.0,
  "pairwise_weight": 0.05,
  "platform": "macOS-26.0-arm64-arm-64bit",
  "python_version": "3.12.12",
  "reason": "",
  "run_dir": "reports/head_ablation/runs/20260424_085112_e2e_synthetic_shape_eml_centered_ambiguity_ce_pairwise_seed0",
  "run_id": "e2e_synthetic_shape_eml_centered_ambiguity_ce_pairwise_seed0",
  "seed": 0,
  "status": "COMPLETED",
  "steps": 30,
  "task_name": "image_classification",
  "test_accuracy": 0.1953125,
  "test_ambiguity_mean": 1.711587905883789,
  "test_brier": 0.9198925495147705,
  "test_class_resistance_mean": 0.20001891255378723,
  "test_ece": 0.30572623014450073,
  "test_hard_negative_drive_mean": 4.028076171875,
  "test_hard_negative_logit_mean": 1.2180681228637695,
  "test_hard_negative_resistance_mean": 1.2872874736785889,
  "test_loss": 1.830886721611023,
  "test_margin_mean": -0.9458215236663818,
  "test_nll": 1.830886721611023,
  "test_positive_drive_mean": 0.4675103425979614,
  "test_positive_logit_mean": 0.2722468078136444,
  "test_positive_resistance_mean": 2.3111071586608887,
  "test_resistance_noise_corr": -0.03747205063700676,
  "test_resistance_occlusion_corr": 0.030151376500725746,
  "test_sample_uncertainty_mean": 0.3935438394546509,
  "timestamp": "2026-04-24T08:51:14Z",
  "torch_version": "2.10.0",
  "torchvision_version": "unavailable",
  "total_train_time_sec": 1.8337228298187256,
  "trainable_params": 166258,
  "use_eml_residual_bank": false,
  "val_accuracy": 0.1953125,
  "val_ambiguity_mean": 1.7109125852584839,
  "val_brier": 0.924835205078125,
  "val_class_resistance_mean": 0.20001891255378723,
  "val_ece": 0.3055437207221985,
  "val_hard_negative_drive_mean": 4.0267157554626465,
  "val_hard_negative_logit_mean": 1.2176294326782227,
  "val_hard_negative_resistance_mean": 1.2886909246444702,
  "val_loss": 1.8490371704101562,
  "val_margin_mean": -0.9636096954345703,
  "val_nll": 1.8490371704101562,
  "val_positive_drive_mean": 0.35074684023857117,
  "val_positive_logit_mean": 0.25401967763900757,
  "val_positive_resistance_mean": 2.314112901687622,
  "val_resistance_noise_corr": 0.06100878864526749,
  "val_resistance_occlusion_corr": -0.029498247429728508,
  "val_sample_uncertainty_mean": 0.3936995565891266
}