{
  "batch_size": 64,
  "best_metric": 0.3984375,
  "best_step": 300,
  "best_val_accuracy": 0.3984375,
  "cuda_available": true,
  "dataset_name": "cifar10",
  "device": "cuda",
  "early_stop_triggered": false,
  "experiment_type": "end_to_end",
  "feature_dim": 64,
  "final_metric": 0.41015625,
  "final_train_accuracy": 0.4375,
  "final_train_loss": 1.4696331024169922,
  "git_commit": "unknown",
  "head_name": "eml_centered_ambiguity",
  "hostname": "user-NF5468M6",
  "loss_mode": "ce",
  "lr": 0.001,
  "metrics_json": "{\"best_metric\": 0.3984375, \"best_step\": 300, \"best_val_accuracy\": 0.3984375, \"early_stop_triggered\": false, \"final_metric\": 0.41015625, \"final_train_accuracy\": 0.4375, \"final_train_loss\": 1.4696331024169922, \"steps_run\": 300, \"test_accuracy\": 0.41015625, \"test_ambiguity_mean\": 1.1409807205200195, \"test_brier\": 0.71785569190979, \"test_class_resistance_mean\": 0.20037685334682465, \"test_ece\": 0.060684289783239365, \"test_hard_negative_drive_mean\": 6.634634017944336, \"test_hard_negative_logit_mean\": 2.2624270915985107, \"test_hard_negative_resistance_mean\": 1.004577398300171, \"test_loss\": 1.6372942924499512, \"test_margin_mean\": -0.45334798097610474, \"test_nll\": 1.6372942924499512, \"test_positive_drive_mean\": 5.304791450500488, \"test_positive_logit_mean\": 1.8090789318084717, \"test_positive_resistance_mean\": 1.0106003284454346, \"test_resistance_noise_corr\": NaN, \"test_resistance_occlusion_corr\": NaN, \"test_sample_uncertainty_mean\": 8.259886817540973e-05, \"total_train_time_sec\": 16.362600326538086, \"val_accuracy\": 0.3984375, \"val_ambiguity_mean\": 1.1239712238311768, \"val_brier\": 0.7159170508384705, \"val_class_resistance_mean\": 0.20037685334682465, \"val_ece\": 0.078327976167202, \"val_hard_negative_drive_mean\": 6.572509288787842, \"val_hard_negative_logit_mean\": 2.254490852355957, \"val_hard_negative_resistance_mean\": 0.9952619671821594, \"val_loss\": 1.6319259405136108, \"val_margin_mean\": -0.4293844699859619, \"val_nll\": 1.6319259405136108, \"val_positive_drive_mean\": 5.148294448852539, \"val_positive_logit_mean\": 1.8251063823699951, \"val_positive_resistance_mean\": 0.9955606460571289, \"val_resistance_noise_corr\": NaN, \"val_resistance_occlusion_corr\": NaN, \"val_sample_uncertainty_mean\": 0.00010026088421000168}",
  "mode": "head_ablation",
  "model_class": "CNNHeadModel",
  "model_name": "eml_centered_ambiguity",
  "num_classes": 10,
  "num_params": 167233,
  "pairwise_margin": 0.0,
  "pairwise_weight": 0.0,
  "platform": "Linux-5.4.0-216-generic-x86_64-with-glibc2.31",
  "python_version": "3.10.20",
  "reason": "",
  "run_dir": "reports/merc_end_to_end/runs/20260425_030726_e2e_cifar10_eml_centered_ambiguity_ce_seed0",
  "run_id": "e2e_cifar10_eml_centered_ambiguity_ce_seed0",
  "seed": 0,
  "status": "COMPLETED",
  "steps": 300,
  "steps_run": 300,
  "task_name": "image_classification",
  "test_accuracy": 0.41015625,
  "test_ambiguity_mean": 1.1409807205200195,
  "test_brier": 0.71785569190979,
  "test_class_resistance_mean": 0.20037685334682465,
  "test_ece": 0.060684289783239365,
  "test_hard_negative_drive_mean": 6.634634017944336,
  "test_hard_negative_logit_mean": 2.2624270915985107,
  "test_hard_negative_resistance_mean": 1.004577398300171,
  "test_loss": 1.6372942924499512,
  "test_margin_mean": -0.45334798097610474,
  "test_nll": 1.6372942924499512,
  "test_positive_drive_mean": 5.304791450500488,
  "test_positive_logit_mean": 1.8090789318084717,
  "test_positive_resistance_mean": 1.0106003284454346,
  "test_resistance_noise_corr": NaN,
  "test_resistance_occlusion_corr": NaN,
  "test_sample_uncertainty_mean": 8.259886817540973e-05,
  "timestamp": "2026-04-25T03:07:43Z",
  "torch_version": "2.7.1+cu118",
  "torchvision_version": "0.22.1+cu118",
  "total_train_time_sec": 16.362600326538086,
  "trainable_params": 167233,
  "use_eml_residual_bank": false,
  "use_merc_block": false,
  "val_accuracy": 0.3984375,
  "val_ambiguity_mean": 1.1239712238311768,
  "val_brier": 0.7159170508384705,
  "val_class_resistance_mean": 0.20037685334682465,
  "val_ece": 0.078327976167202,
  "val_hard_negative_drive_mean": 6.572509288787842,
  "val_hard_negative_logit_mean": 2.254490852355957,
  "val_hard_negative_resistance_mean": 0.9952619671821594,
  "val_loss": 1.6319259405136108,
  "val_margin_mean": -0.4293844699859619,
  "val_nll": 1.6319259405136108,
  "val_positive_drive_mean": 5.148294448852539,
  "val_positive_logit_mean": 1.8251063823699951,
  "val_positive_resistance_mean": 0.9955606460571289,
  "val_resistance_noise_corr": NaN,
  "val_resistance_occlusion_corr": NaN,
  "val_sample_uncertainty_mean": 0.00010026088421000168
}