{
  "batch_size": 64,
  "best_metric": 0.98046875,
  "best_step": 75,
  "clean_accuracy": 0.99609375,
  "clean_brier": 0.006267067044973373,
  "clean_confidence_mean": 0.990311861038208,
  "clean_ece": 0.009165684692561626,
  "clean_nll": 0.016028445214033127,
  "clean_risk_at_100_coverage": 0.00390625,
  "clean_risk_at_50_coverage": 0.0,
  "clean_risk_at_70_coverage": 0.0,
  "clean_risk_at_80_coverage": 0.0,
  "clean_risk_at_90_coverage": 0.0,
  "clean_score_name": "one_minus_confidence",
  "clean_selective_aurc": 3.9062462747097015e-05,
  "clean_uncertainty_mean": 0.009688097983598709,
  "clean_vs_noisy_auroc": 0.5390841364860535,
  "clean_vs_occluded_auroc": 0.5919062495231628,
  "condition_metrics_path": "reports/uncertainty_resistance_true_20260427/runs/20260427_015357_uncertainty_synthetic_shape_mlp_seed1/uncertainty_eval.pt",
  "cuda_available": true,
  "dataset_name": "synthetic_shape",
  "device": "cuda",
  "early_stop_patience": 4,
  "early_stop_triggered": true,
  "experiment_type": "frozen_features_uncertainty",
  "feature_dim": 64,
  "final_metric": 0.99609375,
  "final_train_loss": 0.11176500469446182,
  "git_commit": "0c0b3db",
  "hostname": "user-NF5468M6",
  "metrics_json": "{\"best_metric\": 0.98046875, \"best_step\": 75, \"clean_accuracy\": 0.99609375, \"clean_brier\": 0.006267067044973373, \"clean_confidence_mean\": 0.990311861038208, \"clean_ece\": 0.009165684692561626, \"clean_nll\": 0.016028445214033127, \"clean_risk_at_100_coverage\": 0.00390625, \"clean_risk_at_50_coverage\": 0.0, \"clean_risk_at_70_coverage\": 0.0, \"clean_risk_at_80_coverage\": 0.0, \"clean_risk_at_90_coverage\": 0.0, \"clean_score_name\": \"one_minus_confidence\", \"clean_selective_aurc\": 3.9062462747097015e-05, \"clean_uncertainty_mean\": 0.009688097983598709, \"clean_vs_noisy_auroc\": 0.5390841364860535, \"clean_vs_occluded_auroc\": 0.5919062495231628, \"condition_metrics_path\": \"reports/uncertainty_resistance_true_20260427/runs/20260427_015357_uncertainty_synthetic_shape_mlp_seed1/uncertainty_eval.pt\", \"early_stop_patience\": 4, \"early_stop_triggered\": true, \"final_metric\": 0.99609375, \"final_train_loss\": 0.11176500469446182, \"noisy_accuracy\": 0.98046875, \"noisy_brier\": 0.030386967584490776, \"noisy_confidence_mean\": 0.9863264560699463, \"noisy_ece\": 0.0077535901218652725, \"noisy_nll\": 0.061894673854112625, \"noisy_risk_at_100_coverage\": 0.01953125, \"noisy_risk_at_50_coverage\": 0.0, \"noisy_risk_at_70_coverage\": 0.0013946890830993652, \"noisy_risk_at_80_coverage\": 0.0024390220642089844, \"noisy_risk_at_90_coverage\": 0.002169191837310791, \"noisy_score_name\": \"one_minus_confidence\", \"noisy_selective_aurc\": 0.001367430784739554, \"noisy_uncertainty_mean\": 0.013673583045601845, \"occluded_accuracy\": 0.90625, \"occluded_brier\": 0.13163304328918457, \"occluded_confidence_mean\": 0.9305440187454224, \"occluded_ece\": 0.03321271389722824, \"occluded_nll\": 0.28669431805610657, \"occluded_risk_at_100_coverage\": 0.09375, \"occluded_risk_at_50_coverage\": 0.0078125, \"occluded_risk_at_70_coverage\": 0.011157572269439697, \"occluded_risk_at_80_coverage\": 0.012195110321044922, \"occluded_risk_at_90_coverage\": 0.037960946559906006, \"occluded_score_name\": \"one_minus_confidence\", \"occluded_selective_aurc\": 0.011955363675951958, \"occluded_uncertainty_mean\": 0.06945592164993286, \"steps_run\": 175, \"total_train_time_sec\": 7.599550008773804}",
  "mode": "uncertainty_benchmark",
  "model_class": "MLPHead",
  "model_name": "mlp",
  "noisy_accuracy": 0.98046875,
  "noisy_brier": 0.030386967584490776,
  "noisy_confidence_mean": 0.9863264560699463,
  "noisy_ece": 0.0077535901218652725,
  "noisy_nll": 0.061894673854112625,
  "noisy_risk_at_100_coverage": 0.01953125,
  "noisy_risk_at_50_coverage": 0.0,
  "noisy_risk_at_70_coverage": 0.0013946890830993652,
  "noisy_risk_at_80_coverage": 0.0024390220642089844,
  "noisy_risk_at_90_coverage": 0.002169191837310791,
  "noisy_score_name": "one_minus_confidence",
  "noisy_selective_aurc": 0.001367430784739554,
  "noisy_uncertainty_mean": 0.013673583045601845,
  "num_classes": 5,
  "num_params": 9093,
  "num_workers": 0,
  "occluded_accuracy": 0.90625,
  "occluded_brier": 0.13163304328918457,
  "occluded_confidence_mean": 0.9305440187454224,
  "occluded_ece": 0.03321271389722824,
  "occluded_nll": 0.28669431805610657,
  "occluded_risk_at_100_coverage": 0.09375,
  "occluded_risk_at_50_coverage": 0.0078125,
  "occluded_risk_at_70_coverage": 0.011157572269439697,
  "occluded_risk_at_80_coverage": 0.012195110321044922,
  "occluded_risk_at_90_coverage": 0.037960946559906006,
  "occluded_score_name": "one_minus_confidence",
  "occluded_selective_aurc": 0.011955363675951958,
  "occluded_uncertainty_mean": 0.06945592164993286,
  "platform": "Linux-5.4.0-216-generic-x86_64-with-glibc2.31",
  "python_version": "3.10.20",
  "reason": "",
  "run_dir": "reports/uncertainty_resistance_true_20260427/runs/20260427_015357_uncertainty_synthetic_shape_mlp_seed1",
  "run_id": "uncertainty_synthetic_shape_mlp_seed1",
  "seed": 1,
  "status": "COMPLETED",
  "steps_run": 175,
  "task_name": "image_uncertainty_selective_classification",
  "test_size": 1024,
  "timestamp": "2026-04-27T01:54:05Z",
  "torch_version": "2.7.1+cu118",
  "torchvision_version": "0.22.1+cu118",
  "total_train_time_sec": 7.599550008773804,
  "train_size": 4096,
  "trainable_params": 9093
}