{
  "batch_size": 32,
  "best_metric": 0.359375,
  "best_step": 40,
  "clean_accuracy": 0.3359375,
  "clean_brier": 0.7351510524749756,
  "clean_confidence_mean": 0.5829169750213623,
  "clean_conflict_resistance_corr": NaN,
  "clean_conflict_score_mean": 0.6002404093742371,
  "clean_ece": 0.2485807240009308,
  "clean_nll": 1.3704912662506104,
  "clean_positive_resistance_mean": 0.6456832885742188,
  "clean_resistance_noise_corr": -2.629130051445827e-07,
  "clean_resistance_occlusion_corr": NaN,
  "clean_risk_at_100_coverage": 0.6640625,
  "clean_risk_at_50_coverage": 0.34375,
  "clean_risk_at_70_coverage": 0.5222222208976746,
  "clean_risk_at_80_coverage": 0.582524299621582,
  "clean_risk_at_90_coverage": 0.6293103694915771,
  "clean_score_name": "positive_resistance",
  "clean_selective_aurc": 0.38282474875450134,
  "clean_support_score_mean": 1.353651762008667,
  "clean_uncertainty_mean": 0.6456832885742188,
  "clean_vs_noisy_auroc": 0.47540283203125,
  "clean_vs_occluded_auroc": 0.514068603515625,
  "condition_metrics_path": "reports/uncertainty_resistance_benchmark/runs/20260427_013053_uncertainty_synthetic_shape_merc_linear_seed0/uncertainty_eval.pt",
  "cuda_available": false,
  "dataset_name": "synthetic_shape",
  "device": "cpu",
  "early_stop_patience": 4,
  "early_stop_triggered": false,
  "experiment_type": "frozen_features_uncertainty",
  "feature_dim": 64,
  "final_metric": 0.3359375,
  "final_train_loss": 1.0420289039611816,
  "git_commit": "0948008",
  "hostname": "Mac",
  "metrics_json": "{\"best_metric\": 0.359375, \"best_step\": 40, \"clean_accuracy\": 0.3359375, \"clean_brier\": 0.7351510524749756, \"clean_confidence_mean\": 0.5829169750213623, \"clean_conflict_resistance_corr\": NaN, \"clean_conflict_score_mean\": 0.6002404093742371, \"clean_ece\": 0.2485807240009308, \"clean_nll\": 1.3704912662506104, \"clean_positive_resistance_mean\": 0.6456832885742188, \"clean_resistance_noise_corr\": -2.629130051445827e-07, \"clean_resistance_occlusion_corr\": NaN, \"clean_risk_at_100_coverage\": 0.6640625, \"clean_risk_at_50_coverage\": 0.34375, \"clean_risk_at_70_coverage\": 0.5222222208976746, \"clean_risk_at_80_coverage\": 0.582524299621582, \"clean_risk_at_90_coverage\": 0.6293103694915771, \"clean_score_name\": \"positive_resistance\", \"clean_selective_aurc\": 0.38282474875450134, \"clean_support_score_mean\": 1.353651762008667, \"clean_uncertainty_mean\": 0.6456832885742188, \"clean_vs_noisy_auroc\": 0.47540283203125, \"clean_vs_occluded_auroc\": 0.514068603515625, \"condition_metrics_path\": \"reports/uncertainty_resistance_benchmark/runs/20260427_013053_uncertainty_synthetic_shape_merc_linear_seed0/uncertainty_eval.pt\", \"early_stop_patience\": 4, \"early_stop_triggered\": false, \"final_metric\": 0.3359375, \"final_train_loss\": 1.0420289039611816, \"noisy_accuracy\": 0.42578125, \"noisy_brier\": 0.6456114649772644, \"noisy_confidence_mean\": 0.552618145942688, \"noisy_conflict_resistance_corr\": 1.5393996477541805e-07, \"noisy_conflict_score_mean\": 0.593651533126831, \"noisy_ece\": 0.22444792091846466, \"noisy_nll\": 1.2196638584136963, \"noisy_positive_resistance_mean\": 0.6416431665420532, \"noisy_resistance_noise_corr\": NaN, \"noisy_resistance_occlusion_corr\": NaN, \"noisy_risk_at_100_coverage\": 0.57421875, \"noisy_risk_at_50_coverage\": 0.2265625, \"noisy_risk_at_70_coverage\": 0.39444446563720703, \"noisy_risk_at_80_coverage\": 0.4682926535606384, \"noisy_risk_at_90_coverage\": 0.5281385183334351, \"noisy_score_name\": \"positive_resistance\", \"noisy_selective_aurc\": 0.31018346548080444, \"noisy_support_score_mean\": 1.3606901168823242, \"noisy_uncertainty_mean\": 0.6416431665420532, \"occluded_accuracy\": 0.390625, \"occluded_brier\": 0.7296867370605469, \"occluded_confidence_mean\": 0.6333698034286499, \"occluded_conflict_resistance_corr\": 0.1906583607196808, \"occluded_conflict_score_mean\": 0.6250985264778137, \"occluded_ece\": 0.25665709376335144, \"occluded_nll\": 1.3759030103683472, \"occluded_positive_resistance_mean\": 0.6502417325973511, \"occluded_resistance_noise_corr\": -3.838526367871964e-07, \"occluded_resistance_occlusion_corr\": 0.24102170765399933, \"occluded_risk_at_100_coverage\": 0.609375, \"occluded_risk_at_50_coverage\": 0.25, \"occluded_risk_at_70_coverage\": 0.4444444179534912, \"occluded_risk_at_80_coverage\": 0.5121951103210449, \"occluded_risk_at_90_coverage\": 0.5670995712280273, \"occluded_score_name\": \"positive_resistance\", \"occluded_selective_aurc\": 0.32771235704421997, \"occluded_support_score_mean\": 1.330244779586792, \"occluded_uncertainty_mean\": 0.6502417325973511, \"pooled_conflict_resistance_corr\": 0.005737302824854851, \"pooled_resistance_noise_corr\": -0.03704933077096939, \"pooled_resistance_occlusion_corr\": 0.16062796115875244, \"steps_run\": 40, \"total_train_time_sec\": 0.14658498764038086}",
  "mode": "uncertainty_benchmark",
  "model_class": "MERCHeadLinearReadout",
  "model_name": "merc_linear",
  "noisy_accuracy": 0.42578125,
  "noisy_brier": 0.6456114649772644,
  "noisy_confidence_mean": 0.552618145942688,
  "noisy_conflict_resistance_corr": 1.5393996477541805e-07,
  "noisy_conflict_score_mean": 0.593651533126831,
  "noisy_ece": 0.22444792091846466,
  "noisy_nll": 1.2196638584136963,
  "noisy_positive_resistance_mean": 0.6416431665420532,
  "noisy_resistance_noise_corr": NaN,
  "noisy_resistance_occlusion_corr": NaN,
  "noisy_risk_at_100_coverage": 0.57421875,
  "noisy_risk_at_50_coverage": 0.2265625,
  "noisy_risk_at_70_coverage": 0.39444446563720703,
  "noisy_risk_at_80_coverage": 0.4682926535606384,
  "noisy_risk_at_90_coverage": 0.5281385183334351,
  "noisy_score_name": "positive_resistance",
  "noisy_selective_aurc": 0.31018346548080444,
  "noisy_support_score_mean": 1.3606901168823242,
  "noisy_uncertainty_mean": 0.6416431665420532,
  "num_classes": 5,
  "num_params": 92222,
  "num_workers": 0,
  "occluded_accuracy": 0.390625,
  "occluded_brier": 0.7296867370605469,
  "occluded_confidence_mean": 0.6333698034286499,
  "occluded_conflict_resistance_corr": 0.1906583607196808,
  "occluded_conflict_score_mean": 0.6250985264778137,
  "occluded_ece": 0.25665709376335144,
  "occluded_nll": 1.3759030103683472,
  "occluded_positive_resistance_mean": 0.6502417325973511,
  "occluded_resistance_noise_corr": -3.838526367871964e-07,
  "occluded_resistance_occlusion_corr": 0.24102170765399933,
  "occluded_risk_at_100_coverage": 0.609375,
  "occluded_risk_at_50_coverage": 0.25,
  "occluded_risk_at_70_coverage": 0.4444444179534912,
  "occluded_risk_at_80_coverage": 0.5121951103210449,
  "occluded_risk_at_90_coverage": 0.5670995712280273,
  "occluded_score_name": "positive_resistance",
  "occluded_selective_aurc": 0.32771235704421997,
  "occluded_support_score_mean": 1.330244779586792,
  "occluded_uncertainty_mean": 0.6502417325973511,
  "platform": "macOS-26.0-arm64-arm-64bit",
  "pooled_conflict_resistance_corr": 0.005737302824854851,
  "pooled_resistance_noise_corr": -0.03704933077096939,
  "pooled_resistance_occlusion_corr": 0.16062796115875244,
  "python_version": "3.12.12",
  "reason": "",
  "run_dir": "reports/uncertainty_resistance_benchmark/runs/20260427_013053_uncertainty_synthetic_shape_merc_linear_seed0",
  "run_id": "uncertainty_synthetic_shape_merc_linear_seed0",
  "seed": 0,
  "status": "COMPLETED",
  "steps_run": 40,
  "task_name": "image_uncertainty_selective_classification",
  "test_size": 256,
  "timestamp": "2026-04-27T01:30:53Z",
  "torch_version": "2.10.0",
  "torchvision_version": "unavailable",
  "total_train_time_sec": 0.14658498764038086,
  "train_size": 768,
  "trainable_params": 92222
}