{
  "batch_size": 64,
  "best_metric": 0.458984375,
  "best_step": 300,
  "best_val_accuracy": 0.458984375,
  "cuda_available": true,
  "dataset_name": "cifar10",
  "device": "cuda",
  "early_stop_triggered": false,
  "experiment_type": "end_to_end",
  "feature_dim": 64,
  "final_metric": 0.4296875,
  "final_train_accuracy": 0.375,
  "final_train_loss": 1.5289181470870972,
  "git_commit": "unknown",
  "head_name": "eml_no_ambiguity",
  "hostname": "user-NF5468M6",
  "loss_mode": "ce",
  "lr": 0.001,
  "metrics_json": "{\"best_metric\": 0.458984375, \"best_step\": 300, \"best_val_accuracy\": 0.458984375, \"early_stop_triggered\": false, \"final_metric\": 0.4296875, \"final_train_accuracy\": 0.375, \"final_train_loss\": 1.5289181470870972, \"steps_run\": 300, \"test_accuracy\": 0.4296875, \"test_ambiguity_mean\": 0.0, \"test_brier\": 0.7179757356643677, \"test_class_resistance_mean\": 0.20097656548023224, \"test_ece\": 0.06579422205686569, \"test_hard_negative_drive_mean\": 6.709298610687256, \"test_hard_negative_logit_mean\": 2.191826581954956, \"test_hard_negative_resistance_mean\": 4.917662620544434, \"test_loss\": 1.613128423690796, \"test_margin_mean\": -0.43280699849128723, \"test_nll\": 1.613128423690796, \"test_positive_drive_mean\": 5.520648956298828, \"test_positive_logit_mean\": 1.7590196132659912, \"test_positive_resistance_mean\": 4.9166483879089355, \"test_resistance_noise_corr\": NaN, \"test_resistance_occlusion_corr\": NaN, \"test_sample_uncertainty_mean\": 4.715487003326416, \"total_train_time_sec\": 25.31327533721924, \"val_accuracy\": 0.458984375, \"val_ambiguity_mean\": 0.0, \"val_brier\": 0.701058566570282, \"val_class_resistance_mean\": 0.20097656548023224, \"val_ece\": 0.09323710948228836, \"val_hard_negative_drive_mean\": 6.695730686187744, \"val_hard_negative_logit_mean\": 2.1630606651306152, \"val_hard_negative_resistance_mean\": 5.193048477172852, \"val_loss\": 1.5734326839447021, \"val_margin_mean\": -0.36372998356819153, \"val_nll\": 1.5734326839447021, \"val_positive_drive_mean\": 5.594783306121826, \"val_positive_logit_mean\": 1.799330711364746, \"val_positive_resistance_mean\": 5.19076681137085, \"val_resistance_noise_corr\": NaN, \"val_resistance_occlusion_corr\": NaN, \"val_sample_uncertainty_mean\": 4.9905595779418945}",
  "mode": "head_ablation",
  "model_class": "CNNHeadModel",
  "model_name": "eml_no_ambiguity",
  "num_classes": 10,
  "num_params": 167233,
  "pairwise_margin": 0.0,
  "pairwise_weight": 0.0,
  "platform": "Linux-5.4.0-216-generic-x86_64-with-glibc2.31",
  "python_version": "3.10.20",
  "reason": "",
  "run_dir": "reports/merc_end_to_end_rerun/runs/20260425_035403_e2e_cifar10_eml_no_ambiguity_ce_seed1",
  "run_id": "e2e_cifar10_eml_no_ambiguity_ce_seed1",
  "seed": 1,
  "status": "COMPLETED",
  "steps": 300,
  "steps_run": 300,
  "task_name": "image_classification",
  "test_accuracy": 0.4296875,
  "test_ambiguity_mean": 0.0,
  "test_brier": 0.7179757356643677,
  "test_class_resistance_mean": 0.20097656548023224,
  "test_ece": 0.06579422205686569,
  "test_hard_negative_drive_mean": 6.709298610687256,
  "test_hard_negative_logit_mean": 2.191826581954956,
  "test_hard_negative_resistance_mean": 4.917662620544434,
  "test_loss": 1.613128423690796,
  "test_margin_mean": -0.43280699849128723,
  "test_nll": 1.613128423690796,
  "test_positive_drive_mean": 5.520648956298828,
  "test_positive_logit_mean": 1.7590196132659912,
  "test_positive_resistance_mean": 4.9166483879089355,
  "test_resistance_noise_corr": NaN,
  "test_resistance_occlusion_corr": NaN,
  "test_sample_uncertainty_mean": 4.715487003326416,
  "timestamp": "2026-04-25T03:54:28Z",
  "torch_version": "2.7.1+cu118",
  "torchvision_version": "0.22.1+cu118",
  "total_train_time_sec": 25.31327533721924,
  "trainable_params": 167233,
  "use_eml_residual_bank": false,
  "use_merc_block": false,
  "val_accuracy": 0.458984375,
  "val_ambiguity_mean": 0.0,
  "val_brier": 0.701058566570282,
  "val_class_resistance_mean": 0.20097656548023224,
  "val_ece": 0.09323710948228836,
  "val_hard_negative_drive_mean": 6.695730686187744,
  "val_hard_negative_logit_mean": 2.1630606651306152,
  "val_hard_negative_resistance_mean": 5.193048477172852,
  "val_loss": 1.5734326839447021,
  "val_margin_mean": -0.36372998356819153,
  "val_nll": 1.5734326839447021,
  "val_positive_drive_mean": 5.594783306121826,
  "val_positive_logit_mean": 1.799330711364746,
  "val_positive_resistance_mean": 5.19076681137085,
  "val_resistance_noise_corr": NaN,
  "val_resistance_occlusion_corr": NaN,
  "val_sample_uncertainty_mean": 4.9905595779418945
}