drive_mean,drive_std,resistance_mean,resistance_std,energy_mean,energy_std
0.9987689256668091,0.0008459488744847476,1.9987106323242188,0.0009359687683172524,0.02015581727027893,0.00018635425658430904
