{
  "batch_size": 64,
  "best_metric": 0.4921875,
  "best_step": 225,
  "clean_accuracy": 0.50390625,
  "clean_brier": 0.6833727955818176,
  "clean_confidence_mean": 0.359350323677063,
  "clean_ece": 0.15300825238227844,
  "clean_nll": 1.5281962156295776,
  "clean_positive_resistance_mean": 0.1953815072774887,
  "clean_resistance_noise_corr": NaN,
  "clean_resistance_occlusion_corr": NaN,
  "clean_risk_at_100_coverage": 0.49609375,
  "clean_risk_at_50_coverage": 0.2265625,
  "clean_risk_at_70_coverage": 0.32899630069732666,
  "clean_risk_at_80_coverage": 0.3886178731918335,
  "clean_risk_at_90_coverage": 0.44797688722610474,
  "clean_score_name": "positive_resistance",
  "clean_selective_aurc": 0.28192007541656494,
  "clean_uncertainty_mean": 0.1953815072774887,
  "clean_vs_noisy_auroc": 0.676385223865509,
  "clean_vs_occluded_auroc": 0.5358683466911316,
  "condition_metrics_path": "reports/uncertainty_remote_20260424_175558/runs/20260424_095711_uncertainty_cifar10_eml_supervised_resistance_seed1/uncertainty_eval.pt",
  "cuda_available": true,
  "dataset_name": "cifar10",
  "device": "cuda",
  "early_stop_patience": 4,
  "early_stop_triggered": false,
  "experiment_type": "frozen_features_uncertainty",
  "feature_dim": 64,
  "final_metric": 0.50390625,
  "final_train_loss": 1.4920134544372559,
  "git_commit": "unknown",
  "hostname": "user-NF5468M6",
  "metrics_json": "{\"best_metric\": 0.4921875, \"best_step\": 225, \"clean_accuracy\": 0.50390625, \"clean_brier\": 0.6833727955818176, \"clean_confidence_mean\": 0.359350323677063, \"clean_ece\": 0.15300825238227844, \"clean_nll\": 1.5281962156295776, \"clean_positive_resistance_mean\": 0.1953815072774887, \"clean_resistance_noise_corr\": NaN, \"clean_resistance_occlusion_corr\": NaN, \"clean_risk_at_100_coverage\": 0.49609375, \"clean_risk_at_50_coverage\": 0.2265625, \"clean_risk_at_70_coverage\": 0.32899630069732666, \"clean_risk_at_80_coverage\": 0.3886178731918335, \"clean_risk_at_90_coverage\": 0.44797688722610474, \"clean_score_name\": \"positive_resistance\", \"clean_selective_aurc\": 0.28192007541656494, \"clean_uncertainty_mean\": 0.1953815072774887, \"clean_vs_noisy_auroc\": 0.676385223865509, \"clean_vs_occluded_auroc\": 0.5358683466911316, \"condition_metrics_path\": \"reports/uncertainty_remote_20260424_175558/runs/20260424_095711_uncertainty_cifar10_eml_supervised_resistance_seed1/uncertainty_eval.pt\", \"early_stop_patience\": 4, \"early_stop_triggered\": false, \"final_metric\": 0.50390625, \"final_train_loss\": 1.4920134544372559, \"noisy_accuracy\": 0.4248046875, \"noisy_brier\": 0.7304108738899231, \"noisy_confidence_mean\": 0.34811413288116455, \"noisy_ece\": 0.07669055461883545, \"noisy_nll\": 1.6528512239456177, \"noisy_positive_resistance_mean\": 0.2793926000595093, \"noisy_resistance_noise_corr\": NaN, \"noisy_resistance_occlusion_corr\": NaN, \"noisy_risk_at_100_coverage\": 0.5751953125, \"noisy_risk_at_50_coverage\": 0.291015625, \"noisy_risk_at_70_coverage\": 0.4225941300392151, \"noisy_risk_at_80_coverage\": 0.4817073345184326, \"noisy_risk_at_90_coverage\": 0.5336225628852844, \"noisy_score_name\": \"positive_resistance\", \"noisy_selective_aurc\": 0.31953737139701843, \"noisy_uncertainty_mean\": 0.2793926000595093, \"occluded_accuracy\": 0.4443359375, \"occluded_brier\": 0.7120999693870544, \"occluded_confidence_mean\": 0.3600066304206848, \"occluded_ece\": 0.09210582077503204, \"occluded_nll\": 1.6082549095153809, \"occluded_positive_resistance_mean\": 0.2085573524236679, \"occluded_resistance_noise_corr\": NaN, \"occluded_resistance_occlusion_corr\": NaN, \"occluded_risk_at_100_coverage\": 0.5556640625, \"occluded_risk_at_50_coverage\": 0.296875, \"occluded_risk_at_70_coverage\": 0.4086471199989319, \"occluded_risk_at_80_coverage\": 0.4609755873680115, \"occluded_risk_at_90_coverage\": 0.509761393070221, \"occluded_score_name\": \"positive_resistance\", \"occluded_selective_aurc\": 0.32603517174720764, \"occluded_uncertainty_mean\": 0.2085573524236679, \"pooled_resistance_noise_corr\": NaN, \"pooled_resistance_occlusion_corr\": NaN, \"steps_run\": 250, \"total_train_time_sec\": 5.524359703063965}",
  "mode": "uncertainty_benchmark",
  "model_class": "EMLPrototypeHeadSupervisedResistance",
  "model_name": "eml_supervised_resistance",
  "noisy_accuracy": 0.4248046875,
  "noisy_brier": 0.7304108738899231,
  "noisy_confidence_mean": 0.34811413288116455,
  "noisy_ece": 0.07669055461883545,
  "noisy_nll": 1.6528512239456177,
  "noisy_positive_resistance_mean": 0.2793926000595093,
  "noisy_resistance_noise_corr": NaN,
  "noisy_resistance_occlusion_corr": NaN,
  "noisy_risk_at_100_coverage": 0.5751953125,
  "noisy_risk_at_50_coverage": 0.291015625,
  "noisy_risk_at_70_coverage": 0.4225941300392151,
  "noisy_risk_at_80_coverage": 0.4817073345184326,
  "noisy_risk_at_90_coverage": 0.5336225628852844,
  "noisy_score_name": "positive_resistance",
  "noisy_selective_aurc": 0.31953737139701843,
  "noisy_uncertainty_mean": 0.2793926000595093,
  "num_classes": 10,
  "num_params": 18977,
  "num_workers": 0,
  "occluded_accuracy": 0.4443359375,
  "occluded_brier": 0.7120999693870544,
  "occluded_confidence_mean": 0.3600066304206848,
  "occluded_ece": 0.09210582077503204,
  "occluded_nll": 1.6082549095153809,
  "occluded_positive_resistance_mean": 0.2085573524236679,
  "occluded_resistance_noise_corr": NaN,
  "occluded_resistance_occlusion_corr": NaN,
  "occluded_risk_at_100_coverage": 0.5556640625,
  "occluded_risk_at_50_coverage": 0.296875,
  "occluded_risk_at_70_coverage": 0.4086471199989319,
  "occluded_risk_at_80_coverage": 0.4609755873680115,
  "occluded_risk_at_90_coverage": 0.509761393070221,
  "occluded_score_name": "positive_resistance",
  "occluded_selective_aurc": 0.32603517174720764,
  "occluded_uncertainty_mean": 0.2085573524236679,
  "platform": "Linux-5.4.0-216-generic-x86_64-with-glibc2.31",
  "pooled_resistance_noise_corr": NaN,
  "pooled_resistance_occlusion_corr": NaN,
  "python_version": "3.10.20",
  "reason": "",
  "run_dir": "reports/uncertainty_remote_20260424_175558/runs/20260424_095711_uncertainty_cifar10_eml_supervised_resistance_seed1",
  "run_id": "uncertainty_cifar10_eml_supervised_resistance_seed1",
  "seed": 1,
  "status": "COMPLETED",
  "steps_run": 250,
  "task_name": "image_uncertainty_selective_classification",
  "test_size": 1024,
  "timestamp": "2026-04-24T09:57:17Z",
  "torch_version": "2.7.1+cu118",
  "torchvision_version": "0.22.1+cu118",
  "total_train_time_sec": 5.524359703063965,
  "train_size": 4096,
  "trainable_params": 18977
}