{
  "backbone_steps": 40,
  "batch_size": 32,
  "best_metric": 0.421875,
  "best_step": 10,
  "clean_accuracy": 0.4609375,
  "clean_brier": 0.7971091866493225,
  "clean_confidence_mean": 0.2026318907737732,
  "clean_ece": 0.2583056092262268,
  "clean_nll": 1.60222589969635,
  "clean_positive_resistance_mean": 0.8878538012504578,
  "clean_resistance_noise_corr": 2.1349935195758007e-05,
  "clean_resistance_occlusion_corr": NaN,
  "clean_risk_at_100_coverage": 0.5390625,
  "clean_risk_at_50_coverage": 0.53125,
  "clean_risk_at_70_coverage": 0.5333333015441895,
  "clean_risk_at_80_coverage": 0.5631067752838135,
  "clean_risk_at_90_coverage": 0.5689655542373657,
  "clean_score_name": "positive_resistance",
  "clean_selective_aurc": 0.6434166431427002,
  "clean_uncertainty_mean": 0.8878538012504578,
  "clean_vs_noisy_auroc": 0.40802001953125,
  "clean_vs_occluded_auroc": 0.42572021484375,
  "condition_metrics_path": "reports/pluggable_primitive_smoke/frozen_runs/20260427_035713_uncertainty_synthetic_shape_eml_no_ambiguity_seed1/uncertainty_eval.pt",
  "cuda_available": false,
  "dataset_name": "synthetic_shape",
  "device": "cpu",
  "early_stop_min_evals": 2,
  "early_stop_patience": 4,
  "early_stop_triggered": false,
  "eval_interval": 10,
  "experiment_type": "frozen_features_uncertainty",
  "feature_dim": 64,
  "final_metric": 0.4609375,
  "final_train_loss": 1.4512052536010742,
  "git_commit": "e445378",
  "head_steps": 40,
  "hostname": "Mac",
  "metrics_json": "{\"best_metric\": 0.421875, \"best_step\": 10, \"clean_accuracy\": 0.4609375, \"clean_brier\": 0.7971091866493225, \"clean_confidence_mean\": 0.2026318907737732, \"clean_ece\": 0.2583056092262268, \"clean_nll\": 1.60222589969635, \"clean_positive_resistance_mean\": 0.8878538012504578, \"clean_resistance_noise_corr\": 2.1349935195758007e-05, \"clean_resistance_occlusion_corr\": NaN, \"clean_risk_at_100_coverage\": 0.5390625, \"clean_risk_at_50_coverage\": 0.53125, \"clean_risk_at_70_coverage\": 0.5333333015441895, \"clean_risk_at_80_coverage\": 0.5631067752838135, \"clean_risk_at_90_coverage\": 0.5689655542373657, \"clean_score_name\": \"positive_resistance\", \"clean_selective_aurc\": 0.6434166431427002, \"clean_uncertainty_mean\": 0.8878538012504578, \"clean_vs_noisy_auroc\": 0.40802001953125, \"clean_vs_occluded_auroc\": 0.42572021484375, \"condition_metrics_path\": \"reports/pluggable_primitive_smoke/frozen_runs/20260427_035713_uncertainty_synthetic_shape_eml_no_ambiguity_seed1/uncertainty_eval.pt\", \"early_stop_patience\": 4, \"early_stop_triggered\": false, \"final_metric\": 0.4609375, \"final_train_loss\": 1.4512052536010742, \"noisy_accuracy\": 0.3203125, \"noisy_brier\": 0.7983654737472534, \"noisy_confidence_mean\": 0.2027638703584671, \"noisy_ece\": 0.1175486296415329, \"noisy_nll\": 1.605350136756897, \"noisy_positive_resistance_mean\": 0.8873342275619507, \"noisy_resistance_noise_corr\": NaN, \"noisy_resistance_occlusion_corr\": NaN, \"noisy_risk_at_100_coverage\": 0.6796875, \"noisy_risk_at_50_coverage\": 0.7109375, \"noisy_risk_at_70_coverage\": 0.6555555462837219, \"noisy_risk_at_80_coverage\": 0.6878048777580261, \"noisy_risk_at_90_coverage\": 0.6839826703071594, \"noisy_score_name\": \"positive_resistance\", \"noisy_selective_aurc\": 0.7810969352722168, \"noisy_uncertainty_mean\": 0.8873342275619507, \"occluded_accuracy\": 0.36328125, \"occluded_brier\": 0.7977535724639893, \"occluded_confidence_mean\": 0.2029748558998108, \"occluded_ece\": 0.1603063941001892, \"occluded_nll\": 1.6038384437561035, \"occluded_positive_resistance_mean\": 0.8874972462654114, \"occluded_resistance_noise_corr\": 3.4690816391957924e-05, \"occluded_resistance_occlusion_corr\": -0.10067746788263321, \"occluded_risk_at_100_coverage\": 0.63671875, \"occluded_risk_at_50_coverage\": 0.6015625, \"occluded_risk_at_70_coverage\": 0.6277778148651123, \"occluded_risk_at_80_coverage\": 0.6682926416397095, \"occluded_risk_at_90_coverage\": 0.6753246784210205, \"occluded_score_name\": \"positive_resistance\", \"occluded_selective_aurc\": 0.7342659831047058, \"occluded_uncertainty_mean\": 0.8874972462654114, \"pooled_resistance_noise_corr\": -0.07271281629800797, \"pooled_resistance_occlusion_corr\": -0.05987118184566498, \"steps_run\": 40, \"total_train_time_sec\": 0.12513113021850586}",
  "mode": "uncertainty_benchmark",
  "model_class": "EMLPrototypeHeadNoAmbiguity",
  "model_name": "eml_no_ambiguity",
  "noisy_accuracy": 0.3203125,
  "noisy_brier": 0.7983654737472534,
  "noisy_confidence_mean": 0.2027638703584671,
  "noisy_ece": 0.1175486296415329,
  "noisy_nll": 1.605350136756897,
  "noisy_positive_resistance_mean": 0.8873342275619507,
  "noisy_resistance_noise_corr": NaN,
  "noisy_resistance_occlusion_corr": NaN,
  "noisy_risk_at_100_coverage": 0.6796875,
  "noisy_risk_at_50_coverage": 0.7109375,
  "noisy_risk_at_70_coverage": 0.6555555462837219,
  "noisy_risk_at_80_coverage": 0.6878048777580261,
  "noisy_risk_at_90_coverage": 0.6839826703071594,
  "noisy_score_name": "positive_resistance",
  "noisy_selective_aurc": 0.7810969352722168,
  "noisy_uncertainty_mean": 0.8873342275619507,
  "num_classes": 5,
  "num_params": 18002,
  "num_workers": 0,
  "occluded_accuracy": 0.36328125,
  "occluded_brier": 0.7977535724639893,
  "occluded_confidence_mean": 0.2029748558998108,
  "occluded_ece": 0.1603063941001892,
  "occluded_nll": 1.6038384437561035,
  "occluded_positive_resistance_mean": 0.8874972462654114,
  "occluded_resistance_noise_corr": 3.4690816391957924e-05,
  "occluded_resistance_occlusion_corr": -0.10067746788263321,
  "occluded_risk_at_100_coverage": 0.63671875,
  "occluded_risk_at_50_coverage": 0.6015625,
  "occluded_risk_at_70_coverage": 0.6277778148651123,
  "occluded_risk_at_80_coverage": 0.6682926416397095,
  "occluded_risk_at_90_coverage": 0.6753246784210205,
  "occluded_score_name": "positive_resistance",
  "occluded_selective_aurc": 0.7342659831047058,
  "occluded_uncertainty_mean": 0.8874972462654114,
  "platform": "macOS-26.0-arm64-arm-64bit",
  "pooled_resistance_noise_corr": -0.07271281629800797,
  "pooled_resistance_occlusion_corr": -0.05987118184566498,
  "python_version": "3.12.12",
  "reason": "",
  "run_dir": "reports/pluggable_primitive_smoke/frozen_runs/20260427_035713_uncertainty_synthetic_shape_eml_no_ambiguity_seed1",
  "run_id": "uncertainty_synthetic_shape_eml_no_ambiguity_seed1",
  "seed": 1,
  "selected_heads": [
    "linear",
    "mlp",
    "cosine_prototype",
    "eml_no_ambiguity",
    "eml_centered_ambiguity",
    "eml_supervised_resistance",
    "merc_linear",
    "merc_energy"
  ],
  "status": "COMPLETED",
  "steps_run": 40,
  "task_name": "image_uncertainty_selective_classification",
  "test_size": 256,
  "timestamp": "2026-04-27T03:57:14Z",
  "torch_version": "2.10.0",
  "torchvision_version": "unavailable",
  "total_train_time_sec": 0.12513113021850586,
  "train_size": 768,
  "trainable_params": 18002
}