{
  "batch_size": 64,
  "best_metric": 0.5234375,
  "best_step": 200,
  "best_val_accuracy": 0.5234375,
  "cuda_available": true,
  "dataset_name": "cifar10",
  "device": "cuda",
  "experiment_type": "frozen_features",
  "feature_dim": 64,
  "features_dir": "reports/real_cifar_20260424_165937/features/cifar10_medium_seed1",
  "final_metric": 0.4921875,
  "final_train_accuracy": 0.625,
  "final_train_loss": 1.1994993686676025,
  "git_commit": "unknown",
  "hostname": "user-NF5468M6",
  "lr": 0.001,
  "metrics_json": "{\"best_metric\": 0.5234375, \"best_step\": 200, \"best_val_accuracy\": 0.5234375, \"final_metric\": 0.4921875, \"final_train_accuracy\": 0.625, \"final_train_loss\": 1.1994993686676025, \"test_accuracy\": 0.4921875, \"test_ambiguity_mean\": 2.482081413269043, \"test_brier\": 0.6514928936958313, \"test_class_resistance_mean\": 0.1970681995153427, \"test_ece\": 0.10209352523088455, \"test_hard_negative_drive_mean\": 5.8065266609191895, \"test_hard_negative_logit_mean\": 1.9524861574172974, \"test_hard_negative_resistance_mean\": 2.526003122329712, \"test_loss\": 1.479325294494629, \"test_margin_mean\": -0.1575625091791153, \"test_nll\": 1.479325294494629, \"test_positive_drive_mean\": 5.7019243240356445, \"test_positive_logit_mean\": 1.7949235439300537, \"test_positive_resistance_mean\": 2.4264705181121826, \"test_resistance_noise_corr\": NaN, \"test_resistance_occlusion_corr\": NaN, \"test_sample_uncertainty_mean\": 0.0001183846325147897, \"total_train_time_sec\": 6.425257921218872, \"val_accuracy\": 0.517578125, \"val_ambiguity_mean\": 2.482024669647217, \"val_brier\": 0.6194629669189453, \"val_class_resistance_mean\": 0.1970681995153427, \"val_ece\": 0.09918860346078873, \"val_hard_negative_drive_mean\": 5.69031286239624, \"val_hard_negative_logit_mean\": 1.942381501197815, \"val_hard_negative_resistance_mean\": 2.5392227172851562, \"val_loss\": 1.3955268859863281, \"val_margin_mean\": -0.048142507672309875, \"val_nll\": 1.3955268859863281, \"val_positive_drive_mean\": 5.914124488830566, \"val_positive_logit_mean\": 1.8942389488220215, \"val_positive_resistance_mean\": 2.395667552947998, \"val_resistance_noise_corr\": NaN, \"val_resistance_occlusion_corr\": NaN, \"val_sample_uncertainty_mean\": 0.00012254039756953716}",
  "mode": "head_ablation",
  "model_class": "EMLPrototypeHeadRawAmbiguity",
  "model_name": "eml_raw_ambiguity",
  "num_classes": 10,
  "num_params": 18977,
  "pairwise_margin": 0.0,
  "pairwise_weight": 0.0,
  "platform": "Linux-5.4.0-216-generic-x86_64-with-glibc2.31",
  "python_version": "3.10.20",
  "reason": "",
  "run_dir": "reports/real_cifar_20260424_165937/runs/20260424_090030_frozen_cifar10_eml_raw_ambiguity_seed1",
  "run_id": "frozen_cifar10_eml_raw_ambiguity_seed1",
  "seed": 1,
  "status": "COMPLETED",
  "steps": 300,
  "task_name": "image_classification",
  "test_accuracy": 0.4921875,
  "test_ambiguity_mean": 2.482081413269043,
  "test_brier": 0.6514928936958313,
  "test_class_resistance_mean": 0.1970681995153427,
  "test_ece": 0.10209352523088455,
  "test_hard_negative_drive_mean": 5.8065266609191895,
  "test_hard_negative_logit_mean": 1.9524861574172974,
  "test_hard_negative_resistance_mean": 2.526003122329712,
  "test_loss": 1.479325294494629,
  "test_margin_mean": -0.1575625091791153,
  "test_nll": 1.479325294494629,
  "test_positive_drive_mean": 5.7019243240356445,
  "test_positive_logit_mean": 1.7949235439300537,
  "test_positive_resistance_mean": 2.4264705181121826,
  "test_resistance_noise_corr": NaN,
  "test_resistance_occlusion_corr": NaN,
  "test_sample_uncertainty_mean": 0.0001183846325147897,
  "timestamp": "2026-04-24T09:00:36Z",
  "torch_version": "2.7.1+cu118",
  "torchvision_version": "0.22.1+cu118",
  "total_train_time_sec": 6.425257921218872,
  "trainable_params": 18977,
  "val_accuracy": 0.517578125,
  "val_ambiguity_mean": 2.482024669647217,
  "val_brier": 0.6194629669189453,
  "val_class_resistance_mean": 0.1970681995153427,
  "val_ece": 0.09918860346078873,
  "val_hard_negative_drive_mean": 5.69031286239624,
  "val_hard_negative_logit_mean": 1.942381501197815,
  "val_hard_negative_resistance_mean": 2.5392227172851562,
  "val_loss": 1.3955268859863281,
  "val_margin_mean": -0.048142507672309875,
  "val_nll": 1.3955268859863281,
  "val_positive_drive_mean": 5.914124488830566,
  "val_positive_logit_mean": 1.8942389488220215,
  "val_positive_resistance_mean": 2.395667552947998,
  "val_resistance_noise_corr": NaN,
  "val_resistance_occlusion_corr": NaN,
  "val_sample_uncertainty_mean": 0.00012254039756953716
}