{
  "backbone_steps": 300,
  "batch_size": 64,
  "best_metric": 0.51953125,
  "best_step": 100,
  "clean_accuracy": 0.4934895932674408,
  "clean_brier": 0.69624924659729,
  "clean_confidence_mean": 0.30898401141166687,
  "clean_ece": 0.18450556695461273,
  "clean_nll": 1.5338621139526367,
  "clean_risk_at_100_coverage": 0.5065103769302368,
  "clean_risk_at_50_coverage": 0.3385416865348816,
  "clean_risk_at_70_coverage": 0.43122678995132446,
  "clean_risk_at_80_coverage": 0.44878047704696655,
  "clean_risk_at_90_coverage": 0.48121386766433716,
  "clean_score_name": "one_minus_confidence",
  "clean_selective_aurc": 0.35262197256088257,
  "clean_uncertainty_mean": 0.6910160183906555,
  "clean_vs_noisy_auroc": 0.5874977111816406,
  "clean_vs_occluded_auroc": 0.5395787358283997,
  "condition_metrics_path": "reports/pluggable_primitive_real_20260427/frozen_runs/20260427_041830_uncertainty_cifar10_linear_seed1/uncertainty_eval.pt",
  "cuda_available": true,
  "dataset_name": "cifar10",
  "device": "cuda",
  "early_stop_min_evals": 2,
  "early_stop_patience": 4,
  "early_stop_triggered": true,
  "eval_interval": 25,
  "experiment_type": "frozen_features_uncertainty",
  "feature_dim": 64,
  "final_metric": 0.4934895932674408,
  "final_train_loss": 1.398572325706482,
  "git_commit": "0c0b3db",
  "head_steps": 1200,
  "hostname": "user-NF5468M6",
  "metrics_json": "{\"best_metric\": 0.51953125, \"best_step\": 100, \"clean_accuracy\": 0.4934895932674408, \"clean_brier\": 0.69624924659729, \"clean_confidence_mean\": 0.30898401141166687, \"clean_ece\": 0.18450556695461273, \"clean_nll\": 1.5338621139526367, \"clean_risk_at_100_coverage\": 0.5065103769302368, \"clean_risk_at_50_coverage\": 0.3385416865348816, \"clean_risk_at_70_coverage\": 0.43122678995132446, \"clean_risk_at_80_coverage\": 0.44878047704696655, \"clean_risk_at_90_coverage\": 0.48121386766433716, \"clean_score_name\": \"one_minus_confidence\", \"clean_selective_aurc\": 0.35262197256088257, \"clean_uncertainty_mean\": 0.6910160183906555, \"clean_vs_noisy_auroc\": 0.5874977111816406, \"clean_vs_occluded_auroc\": 0.5395787358283997, \"condition_metrics_path\": \"reports/pluggable_primitive_real_20260427/frozen_runs/20260427_041830_uncertainty_cifar10_linear_seed1/uncertainty_eval.pt\", \"early_stop_patience\": 4, \"early_stop_triggered\": true, \"final_metric\": 0.4934895932674408, \"final_train_loss\": 1.398572325706482, \"noisy_accuracy\": 0.3896484375, \"noisy_brier\": 0.7450723648071289, \"noisy_confidence_mean\": 0.2845383286476135, \"noisy_ece\": 0.10906627774238586, \"noisy_nll\": 1.6960015296936035, \"noisy_risk_at_100_coverage\": 0.6103515625, \"noisy_risk_at_50_coverage\": 0.462890625, \"noisy_risk_at_70_coverage\": 0.5313807725906372, \"noisy_risk_at_80_coverage\": 0.5658536553382874, \"noisy_risk_at_90_coverage\": 0.5813449025154114, \"noisy_score_name\": \"one_minus_confidence\", \"noisy_selective_aurc\": 0.43786561489105225, \"noisy_uncertainty_mean\": 0.7154616713523865, \"occluded_accuracy\": 0.443359375, \"occluded_brier\": 0.7256305813789368, \"occluded_confidence_mean\": 0.2972322702407837, \"occluded_ece\": 0.1461271047592163, \"occluded_nll\": 1.6274819374084473, \"occluded_risk_at_100_coverage\": 0.556640625, \"occluded_risk_at_50_coverage\": 0.41796875, \"occluded_risk_at_70_coverage\": 0.49511855840682983, \"occluded_risk_at_80_coverage\": 0.5170731544494629, \"occluded_risk_at_90_coverage\": 0.5422993898391724, \"occluded_score_name\": \"one_minus_confidence\", \"occluded_selective_aurc\": 0.40468689799308777, \"occluded_uncertainty_mean\": 0.7027677297592163, \"steps_run\": 200, \"total_train_time_sec\": 2.158254861831665}",
  "mode": "uncertainty_benchmark",
  "model_class": "LinearHead",
  "model_name": "linear",
  "noisy_accuracy": 0.3896484375,
  "noisy_brier": 0.7450723648071289,
  "noisy_confidence_mean": 0.2845383286476135,
  "noisy_ece": 0.10906627774238586,
  "noisy_nll": 1.6960015296936035,
  "noisy_risk_at_100_coverage": 0.6103515625,
  "noisy_risk_at_50_coverage": 0.462890625,
  "noisy_risk_at_70_coverage": 0.5313807725906372,
  "noisy_risk_at_80_coverage": 0.5658536553382874,
  "noisy_risk_at_90_coverage": 0.5813449025154114,
  "noisy_score_name": "one_minus_confidence",
  "noisy_selective_aurc": 0.43786561489105225,
  "noisy_uncertainty_mean": 0.7154616713523865,
  "num_classes": 10,
  "num_params": 650,
  "num_workers": 0,
  "occluded_accuracy": 0.443359375,
  "occluded_brier": 0.7256305813789368,
  "occluded_confidence_mean": 0.2972322702407837,
  "occluded_ece": 0.1461271047592163,
  "occluded_nll": 1.6274819374084473,
  "occluded_risk_at_100_coverage": 0.556640625,
  "occluded_risk_at_50_coverage": 0.41796875,
  "occluded_risk_at_70_coverage": 0.49511855840682983,
  "occluded_risk_at_80_coverage": 0.5170731544494629,
  "occluded_risk_at_90_coverage": 0.5422993898391724,
  "occluded_score_name": "one_minus_confidence",
  "occluded_selective_aurc": 0.40468689799308777,
  "occluded_uncertainty_mean": 0.7027677297592163,
  "platform": "Linux-5.4.0-216-generic-x86_64-with-glibc2.31",
  "python_version": "3.10.20",
  "reason": "",
  "run_dir": "reports/pluggable_primitive_real_20260427/frozen_runs/20260427_041830_uncertainty_cifar10_linear_seed1",
  "run_id": "uncertainty_cifar10_linear_seed1",
  "seed": 1,
  "selected_heads": [
    "linear",
    "mlp",
    "cosine_prototype",
    "eml_no_ambiguity",
    "eml_centered_ambiguity",
    "eml_supervised_resistance",
    "merc_linear",
    "merc_energy"
  ],
  "status": "COMPLETED",
  "steps_run": 200,
  "task_name": "image_uncertainty_selective_classification",
  "test_size": 1024,
  "timestamp": "2026-04-27T04:18:32Z",
  "torch_version": "2.7.1+cu118",
  "torchvision_version": "0.22.1+cu118",
  "total_train_time_sec": 2.158254861831665,
  "train_size": 4096,
  "trainable_params": 650
}