{
  "batch_size": 32,
  "best_metric": 0.99609375,
  "best_step": 100,
  "best_val_accuracy": 0.99609375,
  "cuda_available": true,
  "dataset_name": "synthetic_evidence",
  "device": "cuda",
  "early_stop_triggered": false,
  "experiment_type": "frozen_features",
  "feature_dim": 64,
  "features_dir": "reports/head_ablation/features/synthetic_evidence_medium_seed1",
  "final_metric": 0.99609375,
  "final_train_accuracy": 1.0,
  "final_train_loss": 0.05118846520781517,
  "git_commit": "unknown",
  "hostname": "user-NF5468M6",
  "lr": 0.001,
  "metrics_json": "{\"best_metric\": 0.99609375, \"best_step\": 100, \"best_val_accuracy\": 0.99609375, \"early_stop_triggered\": false, \"final_metric\": 0.99609375, \"final_train_accuracy\": 1.0, \"final_train_loss\": 0.05118846520781517, \"steps_run\": 300, \"test_accuracy\": 0.99609375, \"test_ambiguity_mean\": 0.0, \"test_brier\": 0.012679909355938435, \"test_class_resistance_mean\": 0.20428219437599182, \"test_conflict_resistance_corr\": NaN, \"test_ece\": 0.04874132573604584, \"test_hard_negative_drive_mean\": -11.347002983093262, \"test_hard_negative_logit_mean\": -0.30916571617126465, \"test_hard_negative_resistance_mean\": 2.4060380458831787, \"test_loss\": 0.06302745640277863, \"test_margin_mean\": 2.8958842754364014, \"test_nll\": 0.06302745640277863, \"test_positive_drive_mean\": 13.526836395263672, \"test_positive_logit_mean\": 2.5867185592651367, \"test_positive_resistance_mean\": 2.348677158355713, \"test_precision_mean\": NaN, \"test_resistance_noise_corr\": 0.0005723368958570063, \"test_resistance_occlusion_corr\": -0.02639927715063095, \"test_sample_uncertainty_mean\": 2.1730751991271973, \"test_support_evidence_corr\": NaN, \"test_update_gate_mean\": NaN, \"total_train_time_sec\": 6.613794326782227, \"val_accuracy\": 0.9921875, \"val_ambiguity_mean\": 0.0, \"val_brier\": 0.015278395265340805, \"val_class_resistance_mean\": 0.20428219437599182, \"val_conflict_resistance_corr\": NaN, \"val_ece\": 0.05026814341545105, \"val_hard_negative_drive_mean\": -11.413612365722656, \"val_hard_negative_logit_mean\": -0.30740779638290405, \"val_hard_negative_resistance_mean\": 2.9763152599334717, \"val_loss\": 0.06724116206169128, \"val_margin_mean\": 2.8805525302886963, \"val_nll\": 0.06724116206169128, \"val_positive_drive_mean\": 13.534472465515137, \"val_positive_logit_mean\": 2.5731449127197266, \"val_positive_resistance_mean\": 2.9213852882385254, \"val_precision_mean\": NaN, \"val_resistance_noise_corr\": -0.005833091214299202, \"val_resistance_occlusion_corr\": -0.04135691002011299, \"val_sample_uncertainty_mean\": 2.744568109512329, \"val_support_evidence_corr\": NaN, \"val_update_gate_mean\": NaN}",
  "mode": "head_ablation",
  "model_class": "EMLPrototypeHeadNoAmbiguity",
  "model_name": "eml_no_ambiguity",
  "num_classes": 2,
  "num_params": 17417,
  "pairwise_margin": 0.0,
  "pairwise_weight": 0.0,
  "platform": "Linux-5.4.0-216-generic-x86_64-with-glibc2.31",
  "python_version": "3.10.20",
  "reason": "",
  "run_dir": "reports/merc_synthetic_evidence/runs/20260425_031541_frozen_synthetic_evidence_eml_no_ambiguity_seed1",
  "run_id": "frozen_synthetic_evidence_eml_no_ambiguity_seed1",
  "seed": 1,
  "status": "COMPLETED",
  "steps": 300,
  "steps_run": 300,
  "task_name": "image_classification",
  "test_accuracy": 0.99609375,
  "test_ambiguity_mean": 0.0,
  "test_brier": 0.012679909355938435,
  "test_class_resistance_mean": 0.20428219437599182,
  "test_conflict_resistance_corr": NaN,
  "test_ece": 0.04874132573604584,
  "test_hard_negative_drive_mean": -11.347002983093262,
  "test_hard_negative_logit_mean": -0.30916571617126465,
  "test_hard_negative_resistance_mean": 2.4060380458831787,
  "test_loss": 0.06302745640277863,
  "test_margin_mean": 2.8958842754364014,
  "test_nll": 0.06302745640277863,
  "test_positive_drive_mean": 13.526836395263672,
  "test_positive_logit_mean": 2.5867185592651367,
  "test_positive_resistance_mean": 2.348677158355713,
  "test_precision_mean": NaN,
  "test_resistance_noise_corr": 0.0005723368958570063,
  "test_resistance_occlusion_corr": -0.02639927715063095,
  "test_sample_uncertainty_mean": 2.1730751991271973,
  "test_support_evidence_corr": NaN,
  "test_update_gate_mean": NaN,
  "timestamp": "2026-04-25T03:15:48Z",
  "torch_version": "2.7.1+cu118",
  "torchvision_version": "0.22.1+cu118",
  "total_train_time_sec": 6.613794326782227,
  "trainable_params": 17417,
  "val_accuracy": 0.9921875,
  "val_ambiguity_mean": 0.0,
  "val_brier": 0.015278395265340805,
  "val_class_resistance_mean": 0.20428219437599182,
  "val_conflict_resistance_corr": NaN,
  "val_ece": 0.05026814341545105,
  "val_hard_negative_drive_mean": -11.413612365722656,
  "val_hard_negative_logit_mean": -0.30740779638290405,
  "val_hard_negative_resistance_mean": 2.9763152599334717,
  "val_loss": 0.06724116206169128,
  "val_margin_mean": 2.8805525302886963,
  "val_nll": 0.06724116206169128,
  "val_positive_drive_mean": 13.534472465515137,
  "val_positive_logit_mean": 2.5731449127197266,
  "val_positive_resistance_mean": 2.9213852882385254,
  "val_precision_mean": NaN,
  "val_resistance_noise_corr": -0.005833091214299202,
  "val_resistance_occlusion_corr": -0.04135691002011299,
  "val_sample_uncertainty_mean": 2.744568109512329,
  "val_support_evidence_corr": NaN,
  "val_update_gate_mean": NaN
}