{
  "batch_size": 64,
  "best_metric": 0.453125,
  "best_step": 200,
  "best_val_accuracy": 0.453125,
  "cuda_available": true,
  "dataset_name": "cifar10",
  "device": "cuda",
  "early_stop_triggered": false,
  "experiment_type": "end_to_end",
  "feature_dim": 64,
  "final_metric": 0.396484375,
  "final_train_accuracy": 0.46875,
  "final_train_loss": 1.382340908050537,
  "git_commit": "unknown",
  "head_name": "eml_centered_ambiguity",
  "hostname": "user-NF5468M6",
  "loss_mode": "ce",
  "lr": 0.001,
  "metrics_json": "{\"best_metric\": 0.453125, \"best_step\": 200, \"best_val_accuracy\": 0.453125, \"early_stop_triggered\": false, \"final_metric\": 0.396484375, \"final_train_accuracy\": 0.46875, \"final_train_loss\": 1.382340908050537, \"steps_run\": 300, \"test_accuracy\": 0.396484375, \"test_ambiguity_mean\": 1.1412993669509888, \"test_brier\": 0.7403203248977661, \"test_class_resistance_mean\": 0.20028594136238098, \"test_ece\": 0.061451155692338943, \"test_hard_negative_drive_mean\": 6.385141849517822, \"test_hard_negative_logit_mean\": 2.213439464569092, \"test_hard_negative_resistance_mean\": 0.9951447248458862, \"test_loss\": 1.7284852266311646, \"test_margin_mean\": -0.5261062383651733, \"test_nll\": 1.7284852266311646, \"test_positive_drive_mean\": 4.799798965454102, \"test_positive_logit_mean\": 1.687333106994629, \"test_positive_resistance_mean\": 1.0048346519470215, \"test_resistance_noise_corr\": NaN, \"test_resistance_occlusion_corr\": NaN, \"test_sample_uncertainty_mean\": 0.0014288917882367969, \"total_train_time_sec\": 14.163410425186157, \"val_accuracy\": 0.384765625, \"val_ambiguity_mean\": 1.1164839267730713, \"val_brier\": 0.7482998967170715, \"val_class_resistance_mean\": 0.20028594136238098, \"val_ece\": 0.04597758874297142, \"val_hard_negative_drive_mean\": 6.455408096313477, \"val_hard_negative_logit_mean\": 2.244398593902588, \"val_hard_negative_resistance_mean\": 0.9486433863639832, \"val_loss\": 1.7125076055526733, \"val_margin_mean\": -0.5372256636619568, \"val_nll\": 1.7125076055526733, \"val_positive_drive_mean\": 4.867256164550781, \"val_positive_logit_mean\": 1.7071731090545654, \"val_positive_resistance_mean\": 1.015420913696289, \"val_resistance_noise_corr\": NaN, \"val_resistance_occlusion_corr\": NaN, \"val_sample_uncertainty_mean\": 0.0014352274592965841}",
  "mode": "head_ablation",
  "model_class": "CNNHeadModel",
  "model_name": "eml_bank_centered_ambiguity",
  "num_classes": 10,
  "num_params": 221443,
  "pairwise_margin": 0.0,
  "pairwise_weight": 0.0,
  "platform": "Linux-5.4.0-216-generic-x86_64-with-glibc2.31",
  "python_version": "3.10.20",
  "reason": "",
  "run_dir": "reports/merc_end_to_end/runs/20260425_031257_e2e_cifar10_eml_bank_centered_ambiguity_ce_seed2",
  "run_id": "e2e_cifar10_eml_bank_centered_ambiguity_ce_seed2",
  "seed": 2,
  "status": "COMPLETED",
  "steps": 300,
  "steps_run": 300,
  "task_name": "image_classification",
  "test_accuracy": 0.396484375,
  "test_ambiguity_mean": 1.1412993669509888,
  "test_brier": 0.7403203248977661,
  "test_class_resistance_mean": 0.20028594136238098,
  "test_ece": 0.061451155692338943,
  "test_hard_negative_drive_mean": 6.385141849517822,
  "test_hard_negative_logit_mean": 2.213439464569092,
  "test_hard_negative_resistance_mean": 0.9951447248458862,
  "test_loss": 1.7284852266311646,
  "test_margin_mean": -0.5261062383651733,
  "test_nll": 1.7284852266311646,
  "test_positive_drive_mean": 4.799798965454102,
  "test_positive_logit_mean": 1.687333106994629,
  "test_positive_resistance_mean": 1.0048346519470215,
  "test_resistance_noise_corr": NaN,
  "test_resistance_occlusion_corr": NaN,
  "test_sample_uncertainty_mean": 0.0014288917882367969,
  "timestamp": "2026-04-25T03:13:12Z",
  "torch_version": "2.7.1+cu118",
  "torchvision_version": "0.22.1+cu118",
  "total_train_time_sec": 14.163410425186157,
  "trainable_params": 221443,
  "use_eml_residual_bank": true,
  "use_merc_block": false,
  "val_accuracy": 0.384765625,
  "val_ambiguity_mean": 1.1164839267730713,
  "val_brier": 0.7482998967170715,
  "val_class_resistance_mean": 0.20028594136238098,
  "val_ece": 0.04597758874297142,
  "val_hard_negative_drive_mean": 6.455408096313477,
  "val_hard_negative_logit_mean": 2.244398593902588,
  "val_hard_negative_resistance_mean": 0.9486433863639832,
  "val_loss": 1.7125076055526733,
  "val_margin_mean": -0.5372256636619568,
  "val_nll": 1.7125076055526733,
  "val_positive_drive_mean": 4.867256164550781,
  "val_positive_logit_mean": 1.7071731090545654,
  "val_positive_resistance_mean": 1.015420913696289,
  "val_resistance_noise_corr": NaN,
  "val_resistance_occlusion_corr": NaN,
  "val_sample_uncertainty_mean": 0.0014352274592965841
}