{
  "best_metric": 0.9267578125,
  "best_step": 125,
  "clean_accuracy": 0.9267578125,
  "clean_aurc": 0.011092828586697578,
  "clean_ece": 0.1906556636095047,
  "clean_resistance_noise_corr": 3.293749273325375e-08,
  "clean_resistance_occlusion_corr": NaN,
  "clean_vs_noisy_auroc": 0.5521039962768555,
  "clean_vs_occluded_auroc": 0.5516843795776367,
  "cuda_available": true,
  "dataset_name": "synthetic_shape_uncertainty",
  "device": "cuda",
  "early_stop_triggered": true,
  "final_metric": 0.9267578125,
  "git_commit": "0c0b3db",
  "hostname": "user-NF5468M6",
  "metrics_json": "{\"best_metric\": 0.9267578125, \"best_step\": 125, \"clean_accuracy\": 0.9267578125, \"clean_aurc\": 0.011092828586697578, \"clean_ece\": 0.1906556636095047, \"clean_resistance_noise_corr\": 3.293749273325375e-08, \"clean_resistance_occlusion_corr\": NaN, \"clean_vs_noisy_auroc\": 0.5521039962768555, \"clean_vs_occluded_auroc\": 0.5516843795776367, \"early_stop_triggered\": true, \"final_metric\": 0.9267578125, \"noisy_accuracy\": 0.923828125, \"noisy_aurc\": 0.016392389312386513, \"noisy_ece\": 0.2087397575378418, \"noisy_resistance_noise_corr\": NaN, \"noisy_resistance_occlusion_corr\": NaN, \"occluded_accuracy\": 0.810546875, \"occluded_aurc\": 0.056908346712589264, \"occluded_ece\": 0.13145826756954193, \"occluded_resistance_noise_corr\": 1.6841930516875436e-07, \"occluded_resistance_occlusion_corr\": 0.4845115840435028, \"steps_run\": 225, \"total_train_time_sec\": 19.667693614959717}",
  "mode": "medium",
  "model_name": "cnn_cosine_prototype",
  "noisy_accuracy": 0.923828125,
  "noisy_aurc": 0.016392389312386513,
  "noisy_ece": 0.2087397575378418,
  "noisy_resistance_noise_corr": NaN,
  "noisy_resistance_occlusion_corr": NaN,
  "occluded_accuracy": 0.810546875,
  "occluded_aurc": 0.056908346712589264,
  "occluded_ece": 0.13145826756954193,
  "occluded_resistance_noise_corr": 1.6841930516875436e-07,
  "occluded_resistance_occlusion_corr": 0.4845115840435028,
  "platform": "Linux-5.4.0-216-generic-x86_64-with-glibc2.31",
  "python_version": "3.10.20",
  "reason": "",
  "run_dir": "reports/pluggable_primitive_real_20260427/end_to_end_runs/20260427_045732_uncertainty_e2e_synthetic_shape_uncertainty_cnn_cosine_prototype_seed1",
  "run_id": "uncertainty_e2e_synthetic_shape_uncertainty_cnn_cosine_prototype_seed1",
  "seed": 1,
  "status": "COMPLETED",
  "steps_run": 225,
  "task_name": "end_to_end_uncertainty",
  "timestamp": "2026-04-27T04:57:51Z",
  "torch_version": "2.7.1+cu118",
  "torchvision_version": "0.22.1+cu118",
  "total_train_time_sec": 19.667693614959717
}