{
  "backbone_steps": 300,
  "batch_size": 64,
  "best_metric": 0.46484375,
  "best_step": 50,
  "clean_accuracy": 0.4036458432674408,
  "clean_brier": 0.7571548819541931,
  "clean_confidence_mean": 0.25601544976234436,
  "clean_ece": 0.14785392582416534,
  "clean_nll": 1.7377432584762573,
  "clean_positive_resistance_mean": 0.1248432919383049,
  "clean_resistance_noise_corr": NaN,
  "clean_resistance_occlusion_corr": NaN,
  "clean_risk_at_100_coverage": 0.5963541269302368,
  "clean_risk_at_50_coverage": 0.4479166865348816,
  "clean_risk_at_70_coverage": 0.4684014916419983,
  "clean_risk_at_80_coverage": 0.5056910514831543,
  "clean_risk_at_90_coverage": 0.5520231127738953,
  "clean_score_name": "positive_resistance",
  "clean_selective_aurc": 0.41369709372520447,
  "clean_uncertainty_mean": 0.1248432919383049,
  "clean_vs_noisy_auroc": 0.4557100832462311,
  "clean_vs_occluded_auroc": 0.4705009460449219,
  "condition_metrics_path": "reports/pluggable_primitive_real_20260427/frozen_runs/20260427_041902_uncertainty_cifar10_eml_supervised_resistance_seed1/uncertainty_eval.pt",
  "cuda_available": true,
  "dataset_name": "cifar10",
  "device": "cuda",
  "early_stop_min_evals": 2,
  "early_stop_patience": 4,
  "early_stop_triggered": true,
  "eval_interval": 25,
  "experiment_type": "frozen_features_uncertainty",
  "feature_dim": 64,
  "final_metric": 0.4036458432674408,
  "final_train_loss": 1.8446481227874756,
  "git_commit": "0c0b3db",
  "head_steps": 1200,
  "hostname": "user-NF5468M6",
  "metrics_json": "{\"best_metric\": 0.46484375, \"best_step\": 50, \"clean_accuracy\": 0.4036458432674408, \"clean_brier\": 0.7571548819541931, \"clean_confidence_mean\": 0.25601544976234436, \"clean_ece\": 0.14785392582416534, \"clean_nll\": 1.7377432584762573, \"clean_positive_resistance_mean\": 0.1248432919383049, \"clean_resistance_noise_corr\": NaN, \"clean_resistance_occlusion_corr\": NaN, \"clean_risk_at_100_coverage\": 0.5963541269302368, \"clean_risk_at_50_coverage\": 0.4479166865348816, \"clean_risk_at_70_coverage\": 0.4684014916419983, \"clean_risk_at_80_coverage\": 0.5056910514831543, \"clean_risk_at_90_coverage\": 0.5520231127738953, \"clean_score_name\": \"positive_resistance\", \"clean_selective_aurc\": 0.41369709372520447, \"clean_uncertainty_mean\": 0.1248432919383049, \"clean_vs_noisy_auroc\": 0.4557100832462311, \"clean_vs_occluded_auroc\": 0.4705009460449219, \"condition_metrics_path\": \"reports/pluggable_primitive_real_20260427/frozen_runs/20260427_041902_uncertainty_cifar10_eml_supervised_resistance_seed1/uncertainty_eval.pt\", \"early_stop_patience\": 4, \"early_stop_triggered\": true, \"final_metric\": 0.4036458432674408, \"final_train_loss\": 1.8446481227874756, \"noisy_accuracy\": 0.330078125, \"noisy_brier\": 0.7924879193305969, \"noisy_confidence_mean\": 0.2507195472717285, \"noisy_ece\": 0.07938086241483688, \"noisy_nll\": 1.8590184450149536, \"noisy_positive_resistance_mean\": 0.0912126898765564, \"noisy_resistance_noise_corr\": NaN, \"noisy_resistance_occlusion_corr\": NaN, \"noisy_risk_at_100_coverage\": 0.669921875, \"noisy_risk_at_50_coverage\": 0.552734375, \"noisy_risk_at_70_coverage\": 0.5746164321899414, \"noisy_risk_at_80_coverage\": 0.6012195348739624, \"noisy_risk_at_90_coverage\": 0.6334056258201599, \"noisy_score_name\": \"positive_resistance\", \"noisy_selective_aurc\": 0.47903677821159363, \"noisy_uncertainty_mean\": 0.0912126898765564, \"occluded_accuracy\": 0.3681640625, \"occluded_brier\": 0.779066801071167, \"occluded_confidence_mean\": 0.2513517737388611, \"occluded_ece\": 0.11681225150823593, \"occluded_nll\": 1.809468150138855, \"occluded_positive_resistance_mean\": 0.10105034708976746, \"occluded_resistance_noise_corr\": NaN, \"occluded_resistance_occlusion_corr\": NaN, \"occluded_risk_at_100_coverage\": 0.6318359375, \"occluded_risk_at_50_coverage\": 0.505859375, \"occluded_risk_at_70_coverage\": 0.5299860239028931, \"occluded_risk_at_80_coverage\": 0.54756098985672, \"occluded_risk_at_90_coverage\": 0.5932754874229431, \"occluded_score_name\": \"positive_resistance\", \"occluded_selective_aurc\": 0.4556193947792053, \"occluded_uncertainty_mean\": 0.10105034708976746, \"pooled_resistance_noise_corr\": -0.04457545280456543, \"pooled_resistance_occlusion_corr\": -0.010180014185607433, \"steps_run\": 150, \"total_train_time_sec\": 3.6482768058776855}",
  "mode": "uncertainty_benchmark",
  "model_class": "EMLPrototypeHeadSupervisedResistance",
  "model_name": "eml_supervised_resistance",
  "noisy_accuracy": 0.330078125,
  "noisy_brier": 0.7924879193305969,
  "noisy_confidence_mean": 0.2507195472717285,
  "noisy_ece": 0.07938086241483688,
  "noisy_nll": 1.8590184450149536,
  "noisy_positive_resistance_mean": 0.0912126898765564,
  "noisy_resistance_noise_corr": NaN,
  "noisy_resistance_occlusion_corr": NaN,
  "noisy_risk_at_100_coverage": 0.669921875,
  "noisy_risk_at_50_coverage": 0.552734375,
  "noisy_risk_at_70_coverage": 0.5746164321899414,
  "noisy_risk_at_80_coverage": 0.6012195348739624,
  "noisy_risk_at_90_coverage": 0.6334056258201599,
  "noisy_score_name": "positive_resistance",
  "noisy_selective_aurc": 0.47903677821159363,
  "noisy_uncertainty_mean": 0.0912126898765564,
  "num_classes": 10,
  "num_params": 18977,
  "num_workers": 0,
  "occluded_accuracy": 0.3681640625,
  "occluded_brier": 0.779066801071167,
  "occluded_confidence_mean": 0.2513517737388611,
  "occluded_ece": 0.11681225150823593,
  "occluded_nll": 1.809468150138855,
  "occluded_positive_resistance_mean": 0.10105034708976746,
  "occluded_resistance_noise_corr": NaN,
  "occluded_resistance_occlusion_corr": NaN,
  "occluded_risk_at_100_coverage": 0.6318359375,
  "occluded_risk_at_50_coverage": 0.505859375,
  "occluded_risk_at_70_coverage": 0.5299860239028931,
  "occluded_risk_at_80_coverage": 0.54756098985672,
  "occluded_risk_at_90_coverage": 0.5932754874229431,
  "occluded_score_name": "positive_resistance",
  "occluded_selective_aurc": 0.4556193947792053,
  "occluded_uncertainty_mean": 0.10105034708976746,
  "platform": "Linux-5.4.0-216-generic-x86_64-with-glibc2.31",
  "pooled_resistance_noise_corr": -0.04457545280456543,
  "pooled_resistance_occlusion_corr": -0.010180014185607433,
  "python_version": "3.10.20",
  "reason": "",
  "run_dir": "reports/pluggable_primitive_real_20260427/frozen_runs/20260427_041902_uncertainty_cifar10_eml_supervised_resistance_seed1",
  "run_id": "uncertainty_cifar10_eml_supervised_resistance_seed1",
  "seed": 1,
  "selected_heads": [
    "linear",
    "mlp",
    "cosine_prototype",
    "eml_no_ambiguity",
    "eml_centered_ambiguity",
    "eml_supervised_resistance",
    "merc_linear",
    "merc_energy"
  ],
  "status": "COMPLETED",
  "steps_run": 150,
  "task_name": "image_uncertainty_selective_classification",
  "test_size": 1024,
  "timestamp": "2026-04-27T04:19:06Z",
  "torch_version": "2.7.1+cu118",
  "torchvision_version": "0.22.1+cu118",
  "total_train_time_sec": 3.6482768058776855,
  "train_size": 4096,
  "trainable_params": 18977
}