{
  "ambiguity_weight": NaN,
  "attractor_entropy_weight": NaN,
  "batch_size": 8,
  "best_metric": 0.0357142873108387,
  "bits_per_char": 6.385342968149014,
  "char_accuracy": 0.008333333767950535,
  "completed_steps": 4,
  "corruption_resistance_corr": -0.11342524737119675,
  "cuda_available": false,
  "dataset_name": "SyntheticTextEnergyDataset",
  "device": "cpu",
  "early_stop": false,
  "early_stop_step": "",
  "early_stop_triggered": false,
  "final_diagnostics": {
    "drive_mean": 0.003476537764072418,
    "drive_std": 0.010903784073889256,
    "energy_mean": -0.6252455711364746,
    "energy_std": 0.2552255690097809,
    "gate_activation_rate": 0.33277398347854614,
    "gate_mean": 0.33277398347854614,
    "gate_std": 0.08535435795783997,
    "resistance_mean": -0.0026802895590662956,
    "resistance_std": 0.007599747274070978
  },
  "final_metric": 0.008333333767950535,
  "final_train_accuracy": 0.008333333767950535,
  "final_train_loss": 4.425982475280762,
  "git_commit": "9ce7b7d",
  "grad_norm": 0.17114248871803284,
  "hostname": "Mac-mini.local",
  "learning_rate": 0.001,
  "metrics_json": "{\"ambiguity_weight\": NaN, \"attractor_entropy_weight\": NaN, \"best_metric\": 0.0357142873108387, \"bits_per_char\": 6.385342968149014, \"char_accuracy\": 0.008333333767950535, \"completed_steps\": 4, \"corruption_resistance_corr\": -0.11342524737119675, \"early_stop_step\": \"\", \"early_stop_triggered\": false, \"final_diagnostics\": {\"drive_mean\": 0.003476537764072418, \"drive_std\": 0.010903784073889256, \"energy_mean\": -0.6252455711364746, \"energy_std\": 0.2552255690097809, \"gate_activation_rate\": 0.33277398347854614, \"gate_mean\": 0.33277398347854614, \"gate_std\": 0.08535435795783997, \"resistance_mean\": -0.0026802895590662956, \"resistance_std\": 0.007599747274070978}, \"final_metric\": 0.008333333767950535, \"final_train_accuracy\": 0.008333333767950535, \"final_train_loss\": 4.425982475280762, \"grad_norm\": 0.17114248871803284, \"learning_rate\": 0.001, \"next_token_loss\": 4.425982475280762, \"null_threshold\": NaN, \"peak_memory_mb\": 0.0, \"perplexity\": 83.59489680965606, \"precision_update_threshold\": NaN, \"responsibility_temperature\": NaN, \"step\": 4, \"step_time_sec\": 0.016242265701293945, \"token_accuracy\": 0.008333333767950535, \"tokens_per_sec\": 14776.263633027524, \"total_train_time_sec\": 0.0762491226196289, \"train_loss\": 4.425982475280762, \"wall_clock_time_sec\": 0.07554793357849121, \"warmup_eta\": 1.0}",
  "min_delta": 0.0001,
  "mode": "smoke",
  "model_name": "EMLTextBackbone",
  "next_token_loss": 4.425982475280762,
  "null_threshold": NaN,
  "num_params": 107370,
  "num_workers": 0,
  "patience": 20,
  "peak_memory_mb": 0.0,
  "perplexity": 83.59489680965606,
  "platform": "macOS-15.1-arm64-arm-64bit",
  "precision_update_threshold": NaN,
  "python_version": "3.12.7",
  "reason": "",
  "responsibility_temperature": NaN,
  "run_dir": "reports/text_representation_ablation/runs/20260505_123522_old_eml_text_backbone_seed1",
  "run_id": "old_eml_text_backbone_seed1",
  "seed": 1,
  "seq_len": 48,
  "status": "COMPLETED",
  "step": 4,
  "step_time_sec": 0.016242265701293945,
  "steps": 4,
  "task_name": "text_synthetic",
  "timestamp": "2026-05-05T12:35:22Z",
  "token_accuracy": 0.008333333767950535,
  "tokens_per_sec": 14776.263633027524,
  "torch_version": "2.10.0",
  "torchvision_version": "0.25.0",
  "total_train_time_sec": 0.0762491226196289,
  "train_loss": 4.425982475280762,
  "trainable_params": 107370,
  "wall_clock_time_sec": 0.07554793357849121,
  "warmup_eta": 1.0
}