{
  "batch_size": 64,
  "best_metric": 0.4375,
  "best_step": 300,
  "best_val_accuracy": 0.4375,
  "cuda_available": true,
  "dataset_name": "cifar10",
  "device": "cuda",
  "early_stop_triggered": false,
  "experiment_type": "end_to_end",
  "feature_dim": 64,
  "final_metric": 0.423828125,
  "final_train_accuracy": 0.609375,
  "final_train_loss": 1.189992070198059,
  "git_commit": "unknown",
  "head_name": "eml_centered_ambiguity",
  "hostname": "user-NF5468M6",
  "loss_mode": "ce_pairwise",
  "lr": 0.001,
  "metrics_json": "{\"best_metric\": 0.4375, \"best_step\": 300, \"best_val_accuracy\": 0.4375, \"early_stop_triggered\": false, \"final_metric\": 0.423828125, \"final_train_accuracy\": 0.609375, \"final_train_loss\": 1.189992070198059, \"steps_run\": 300, \"test_accuracy\": 0.423828125, \"test_ambiguity_mean\": 1.0806033611297607, \"test_brier\": 0.7249513268470764, \"test_class_resistance_mean\": 0.20029334723949432, \"test_ece\": 0.03795890510082245, \"test_hard_negative_drive_mean\": 5.8464202880859375, \"test_hard_negative_logit_mean\": 2.199242115020752, \"test_hard_negative_resistance_mean\": 0.909956693649292, \"test_loss\": 1.6649761199951172, \"test_margin_mean\": -0.45522287487983704, \"test_nll\": 1.6649761199951172, \"test_positive_drive_mean\": 4.674471855163574, \"test_positive_logit_mean\": 1.7440190315246582, \"test_positive_resistance_mean\": 0.9289758801460266, \"test_resistance_noise_corr\": NaN, \"test_resistance_occlusion_corr\": NaN, \"test_sample_uncertainty_mean\": 0.0013679550029337406, \"total_train_time_sec\": 13.4462411403656, \"val_accuracy\": 0.4375, \"val_ambiguity_mean\": 1.0865442752838135, \"val_brier\": 0.7232329249382019, \"val_class_resistance_mean\": 0.20029334723949432, \"val_ece\": 0.06302674114704132, \"val_hard_negative_drive_mean\": 5.820864677429199, \"val_hard_negative_logit_mean\": 2.196131706237793, \"val_hard_negative_resistance_mean\": 0.9162485003471375, \"val_loss\": 1.6705869436264038, \"val_margin_mean\": -0.4589059352874756, \"val_nll\": 1.6705869436264038, \"val_positive_drive_mean\": 4.629105567932129, \"val_positive_logit_mean\": 1.7372260093688965, \"val_positive_resistance_mean\": 0.9313658475875854, \"val_resistance_noise_corr\": NaN, \"val_resistance_occlusion_corr\": NaN, \"val_sample_uncertainty_mean\": 0.0013875863514840603}",
  "mode": "head_ablation",
  "model_class": "CNNHeadModel",
  "model_name": "eml_bank_centered_ambiguity",
  "num_classes": 10,
  "num_params": 221443,
  "pairwise_margin": 0.0,
  "pairwise_weight": 0.05,
  "platform": "Linux-5.4.0-216-generic-x86_64-with-glibc2.31",
  "python_version": "3.10.20",
  "reason": "",
  "run_dir": "reports/merc_end_to_end_rerun/runs/20260425_035109_e2e_cifar10_eml_bank_centered_ambiguity_ce_pairwise_seed0",
  "run_id": "e2e_cifar10_eml_bank_centered_ambiguity_ce_pairwise_seed0",
  "seed": 0,
  "status": "COMPLETED",
  "steps": 300,
  "steps_run": 300,
  "task_name": "image_classification",
  "test_accuracy": 0.423828125,
  "test_ambiguity_mean": 1.0806033611297607,
  "test_brier": 0.7249513268470764,
  "test_class_resistance_mean": 0.20029334723949432,
  "test_ece": 0.03795890510082245,
  "test_hard_negative_drive_mean": 5.8464202880859375,
  "test_hard_negative_logit_mean": 2.199242115020752,
  "test_hard_negative_resistance_mean": 0.909956693649292,
  "test_loss": 1.6649761199951172,
  "test_margin_mean": -0.45522287487983704,
  "test_nll": 1.6649761199951172,
  "test_positive_drive_mean": 4.674471855163574,
  "test_positive_logit_mean": 1.7440190315246582,
  "test_positive_resistance_mean": 0.9289758801460266,
  "test_resistance_noise_corr": NaN,
  "test_resistance_occlusion_corr": NaN,
  "test_sample_uncertainty_mean": 0.0013679550029337406,
  "timestamp": "2026-04-25T03:51:23Z",
  "torch_version": "2.7.1+cu118",
  "torchvision_version": "0.22.1+cu118",
  "total_train_time_sec": 13.4462411403656,
  "trainable_params": 221443,
  "use_eml_residual_bank": true,
  "use_merc_block": false,
  "val_accuracy": 0.4375,
  "val_ambiguity_mean": 1.0865442752838135,
  "val_brier": 0.7232329249382019,
  "val_class_resistance_mean": 0.20029334723949432,
  "val_ece": 0.06302674114704132,
  "val_hard_negative_drive_mean": 5.820864677429199,
  "val_hard_negative_logit_mean": 2.196131706237793,
  "val_hard_negative_resistance_mean": 0.9162485003471375,
  "val_loss": 1.6705869436264038,
  "val_margin_mean": -0.4589059352874756,
  "val_nll": 1.6705869436264038,
  "val_positive_drive_mean": 4.629105567932129,
  "val_positive_logit_mean": 1.7372260093688965,
  "val_positive_resistance_mean": 0.9313658475875854,
  "val_resistance_noise_corr": NaN,
  "val_resistance_occlusion_corr": NaN,
  "val_sample_uncertainty_mean": 0.0013875863514840603
}