{
  "batch_size": 64,
  "best_metric": 0.43359375,
  "best_step": 132,
  "best_val_accuracy": 0.43359375,
  "cuda_available": true,
  "dataset_name": "cifar10",
  "device": "cuda",
  "experiment_type": "end_to_end",
  "feature_dim": 64,
  "final_metric": 0.40625,
  "final_train_accuracy": 0.484375,
  "final_train_loss": 1.5922420024871826,
  "git_commit": "unknown",
  "head_name": "eml_centered_ambiguity",
  "hostname": "user-NF5468M6",
  "loss_mode": "ce_pairwise",
  "lr": 0.001,
  "metrics_json": "{\"best_metric\": 0.43359375, \"best_step\": 132, \"best_val_accuracy\": 0.43359375, \"final_metric\": 0.40625, \"final_train_accuracy\": 0.484375, \"final_train_loss\": 1.5922420024871826, \"test_accuracy\": 0.40625, \"test_ambiguity_mean\": 1.22612726688385, \"test_brier\": 0.7505860328674316, \"test_class_resistance_mean\": 0.20009568333625793, \"test_ece\": 0.09036616235971451, \"test_hard_negative_drive_mean\": 6.425158500671387, \"test_hard_negative_logit_mean\": 2.056410074234009, \"test_hard_negative_resistance_mean\": 1.0568339824676514, \"test_loss\": 1.708390712738037, \"test_margin_mean\": -0.4476935863494873, \"test_nll\": 1.708390712738037, \"test_positive_drive_mean\": 5.013459205627441, \"test_positive_logit_mean\": 1.608716607093811, \"test_positive_resistance_mean\": 1.160587191581726, \"test_resistance_noise_corr\": NaN, \"test_resistance_occlusion_corr\": NaN, \"test_sample_uncertainty_mean\": 0.0007389429374597967, \"total_train_time_sec\": 7.3891918659210205, \"val_accuracy\": 0.37890625, \"val_ambiguity_mean\": 1.2236640453338623, \"val_brier\": 0.7549881339073181, \"val_class_resistance_mean\": 0.20009568333625793, \"val_ece\": 0.07416641712188721, \"val_hard_negative_drive_mean\": 6.441310405731201, \"val_hard_negative_logit_mean\": 2.049304962158203, \"val_hard_negative_resistance_mean\": 1.0564225912094116, \"val_loss\": 1.7377874851226807, \"val_margin_mean\": -0.4674663543701172, \"val_nll\": 1.7377874851226807, \"val_positive_drive_mean\": 4.879201889038086, \"val_positive_logit_mean\": 1.581838607788086, \"val_positive_resistance_mean\": 1.168233871459961, \"val_resistance_noise_corr\": NaN, \"val_resistance_occlusion_corr\": NaN, \"val_sample_uncertainty_mean\": 0.0007925231475383043}",
  "mode": "head_ablation",
  "model_class": "CNNHeadModel",
  "model_name": "eml_bank_centered_ambiguity",
  "num_classes": 10,
  "num_params": 221443,
  "pairwise_margin": 0.0,
  "pairwise_weight": 0.05,
  "platform": "Linux-5.4.0-216-generic-x86_64-with-glibc2.31",
  "python_version": "3.10.20",
  "reason": "",
  "run_dir": "reports/head_ablation/runs/20260424_082915_e2e_cifar10_eml_bank_centered_ambiguity_ce_pairwise_seed1",
  "run_id": "e2e_cifar10_eml_bank_centered_ambiguity_ce_pairwise_seed1",
  "seed": 1,
  "status": "COMPLETED",
  "steps": 200,
  "task_name": "image_classification",
  "test_accuracy": 0.40625,
  "test_ambiguity_mean": 1.22612726688385,
  "test_brier": 0.7505860328674316,
  "test_class_resistance_mean": 0.20009568333625793,
  "test_ece": 0.09036616235971451,
  "test_hard_negative_drive_mean": 6.425158500671387,
  "test_hard_negative_logit_mean": 2.056410074234009,
  "test_hard_negative_resistance_mean": 1.0568339824676514,
  "test_loss": 1.708390712738037,
  "test_margin_mean": -0.4476935863494873,
  "test_nll": 1.708390712738037,
  "test_positive_drive_mean": 5.013459205627441,
  "test_positive_logit_mean": 1.608716607093811,
  "test_positive_resistance_mean": 1.160587191581726,
  "test_resistance_noise_corr": NaN,
  "test_resistance_occlusion_corr": NaN,
  "test_sample_uncertainty_mean": 0.0007389429374597967,
  "timestamp": "2026-04-24T08:29:22Z",
  "torch_version": "2.7.1+cu118",
  "torchvision_version": "0.22.1+cu118",
  "total_train_time_sec": 7.3891918659210205,
  "trainable_params": 221443,
  "use_eml_residual_bank": true,
  "val_accuracy": 0.37890625,
  "val_ambiguity_mean": 1.2236640453338623,
  "val_brier": 0.7549881339073181,
  "val_class_resistance_mean": 0.20009568333625793,
  "val_ece": 0.07416641712188721,
  "val_hard_negative_drive_mean": 6.441310405731201,
  "val_hard_negative_logit_mean": 2.049304962158203,
  "val_hard_negative_resistance_mean": 1.0564225912094116,
  "val_loss": 1.7377874851226807,
  "val_margin_mean": -0.4674663543701172,
  "val_nll": 1.7377874851226807,
  "val_positive_drive_mean": 4.879201889038086,
  "val_positive_logit_mean": 1.581838607788086,
  "val_positive_resistance_mean": 1.168233871459961,
  "val_resistance_noise_corr": NaN,
  "val_resistance_occlusion_corr": NaN,
  "val_sample_uncertainty_mean": 0.0007925231475383043
}