{
  "best_metric": 0.9912109375,
  "best_step": 700,
  "clean_accuracy": 0.9912109375,
  "clean_aurc": 0.00871284119784832,
  "clean_ece": 0.0018097086576744914,
  "clean_resistance_noise_corr": -4.488021509985174e-09,
  "clean_resistance_occlusion_corr": NaN,
  "clean_vs_noisy_auroc": 0.535222053527832,
  "clean_vs_occluded_auroc": 0.6030464172363281,
  "cuda_available": true,
  "dataset_name": "synthetic_shape_uncertainty",
  "device": "cuda",
  "early_stop_triggered": true,
  "final_metric": 0.9912109375,
  "git_commit": "0c0b3db",
  "hostname": "user-NF5468M6",
  "metrics_json": "{\"best_metric\": 0.9912109375, \"best_step\": 700, \"clean_accuracy\": 0.9912109375, \"clean_aurc\": 0.00871284119784832, \"clean_ece\": 0.0018097086576744914, \"clean_resistance_noise_corr\": -4.488021509985174e-09, \"clean_resistance_occlusion_corr\": NaN, \"clean_vs_noisy_auroc\": 0.535222053527832, \"clean_vs_occluded_auroc\": 0.6030464172363281, \"early_stop_triggered\": true, \"final_metric\": 0.9912109375, \"noisy_accuracy\": 0.9814453125, \"noisy_aurc\": 0.01344640739262104, \"noisy_ece\": 0.006430294364690781, \"noisy_resistance_noise_corr\": NaN, \"noisy_resistance_occlusion_corr\": NaN, \"occluded_accuracy\": 0.8818359375, \"occluded_aurc\": 0.036305855959653854, \"occluded_ece\": 0.030867785215377808, \"occluded_resistance_noise_corr\": 7.422312542360032e-09, \"occluded_resistance_occlusion_corr\": 0.25533515214920044, \"steps_run\": 800, \"total_train_time_sec\": 109.30337357521057}",
  "mode": "medium",
  "model_name": "cnn_merc_energy",
  "noisy_accuracy": 0.9814453125,
  "noisy_aurc": 0.01344640739262104,
  "noisy_ece": 0.006430294364690781,
  "noisy_resistance_noise_corr": NaN,
  "noisy_resistance_occlusion_corr": NaN,
  "occluded_accuracy": 0.8818359375,
  "occluded_aurc": 0.036305855959653854,
  "occluded_ece": 0.030867785215377808,
  "occluded_resistance_noise_corr": 7.422312542360032e-09,
  "occluded_resistance_occlusion_corr": 0.25533515214920044,
  "platform": "Linux-5.4.0-216-generic-x86_64-with-glibc2.31",
  "python_version": "3.10.20",
  "reason": "",
  "run_dir": "reports/pluggable_primitive_real_20260427/end_to_end_runs/20260427_045410_uncertainty_e2e_synthetic_shape_uncertainty_cnn_merc_energy_seed0",
  "run_id": "uncertainty_e2e_synthetic_shape_uncertainty_cnn_merc_energy_seed0",
  "seed": 0,
  "status": "COMPLETED",
  "steps_run": 800,
  "task_name": "end_to_end_uncertainty",
  "timestamp": "2026-04-27T04:55:59Z",
  "torch_version": "2.7.1+cu118",
  "torchvision_version": "0.22.1+cu118",
  "total_train_time_sec": 109.30337357521057
}