{
  "ambiguity_weight": 1.0,
  "attractor_entropy_weight": 0.0,
  "batch_size": 8,
  "best_metric": 0.25,
  "completed_steps": 4,
  "cuda_available": false,
  "dataset_name": "SyntheticShapeEnergyDataset",
  "device": "cpu",
  "early_stop": false,
  "early_stop_step": "",
  "early_stop_triggered": false,
  "examples_per_sec": 314.5364317250818,
  "final_diagnostics": {
    "ambiguity_mean": 0.4690616726875305,
    "ambiguity_std": 0.20687703788280487,
    "ambiguity_weight_mean": 1.0,
    "ambiguity_weight_std": 0.0,
    "attractor_activation_mean": 0.932263970375061,
    "attractor_activation_std": 7.0049318310339e-05,
    "attractor_diversity": 0.02868618257343769,
    "drive_mean": 0.0065180230885744095,
    "drive_std": 0.05852433666586876,
    "energy_mean": -0.23653970658779144,
    "energy_std": 0.026611575856804848,
    "null_weight_mean": 0.16650597751140594,
    "null_weight_std": 0.0458015501499176,
    "prototype_diversity_penalty_mean": 0.014668157324194908,
    "prototype_diversity_penalty_std": 0.0,
    "resistance_mean": 1.363471508026123,
    "resistance_std": 0.1187400370836258,
    "sample_uncertainty_mean": 0.693303108215332,
    "sample_uncertainty_std": 0.0,
    "update_gate_mean": 0.09065433591604233,
    "update_gate_std": 0.004874736536294222,
    "update_strength_mean": 0.8471449613571167,
    "update_strength_std": 0.04016264155507088
  },
  "final_metric": 0.0,
  "final_train_accuracy": 0.0,
  "final_train_loss": 1.6208633184432983,
  "git_commit": "9ce7b7d",
  "grad_norm": 11.219622611999512,
  "hostname": "Mac-mini.local",
  "learning_rate": 0.001,
  "metrics_json": "{\"ambiguity_weight\": 1.0, \"attractor_entropy_weight\": 0.0, \"best_metric\": 0.25, \"completed_steps\": 4, \"early_stop_step\": \"\", \"early_stop_triggered\": false, \"examples_per_sec\": 314.5364317250818, \"final_diagnostics\": {\"ambiguity_mean\": 0.4690616726875305, \"ambiguity_std\": 0.20687703788280487, \"ambiguity_weight_mean\": 1.0, \"ambiguity_weight_std\": 0.0, \"attractor_activation_mean\": 0.932263970375061, \"attractor_activation_std\": 7.0049318310339e-05, \"attractor_diversity\": 0.02868618257343769, \"drive_mean\": 0.0065180230885744095, \"drive_std\": 0.05852433666586876, \"energy_mean\": -0.23653970658779144, \"energy_std\": 0.026611575856804848, \"null_weight_mean\": 0.16650597751140594, \"null_weight_std\": 0.0458015501499176, \"prototype_diversity_penalty_mean\": 0.014668157324194908, \"prototype_diversity_penalty_std\": 0.0, \"resistance_mean\": 1.363471508026123, \"resistance_std\": 0.1187400370836258, \"sample_uncertainty_mean\": 0.693303108215332, \"sample_uncertainty_std\": 0.0, \"update_gate_mean\": 0.09065433591604233, \"update_gate_std\": 0.004874736536294222, \"update_strength_mean\": 0.8471449613571167, \"update_strength_std\": 0.04016264155507088}, \"final_metric\": 0.0, \"final_train_accuracy\": 0.0, \"final_train_loss\": 1.6208633184432983, \"grad_norm\": 11.219622611999512, \"learning_rate\": 0.001, \"null_threshold\": 0.0, \"peak_memory_mb\": 0.0, \"precision_update_threshold\": 0.0, \"resistance_noise_corr\": -0.4385347068309784, \"resistance_occlusion_corr\": 0.6164975166320801, \"responsibility_temperature\": 0.8, \"step\": 4, \"step_time_sec\": 0.025434255599975586, \"top1_accuracy\": 0.0, \"top5_accuracy\": 1.0, \"total_train_time_sec\": 0.10356998443603516, \"train_accuracy\": 0.0, \"train_loss\": 1.6208633184432983, \"wall_clock_time_sec\": 0.10273098945617676, \"warmup_eta\": 1.0}",
  "min_delta": 0.0001,
  "mode": "smoke",
  "model_name": "EfficientEMLImageClassifier_bypass_staged",
  "null_threshold": 0.0,
  "num_params": 115573,
  "num_workers": 0,
  "patience": 20,
  "peak_memory_mb": 0.0,
  "platform": "macOS-15.1-arm64-arm-64bit",
  "precision_update_threshold": 0.0,
  "python_version": "3.12.7",
  "reason": "",
  "resistance_noise_corr": -0.4385347068309784,
  "resistance_occlusion_corr": 0.6164975166320801,
  "responsibility_temperature": 0.8,
  "run_dir": "reports/image_representation_ablation/runs/20260505_123524_efficient_combo_bypass_staged_seed1",
  "run_id": "efficient_combo_bypass_staged_seed1",
  "seed": 1,
  "status": "COMPLETED",
  "step": 4,
  "step_time_sec": 0.025434255599975586,
  "steps": 4,
  "task_name": "image_synthetic",
  "timestamp": "2026-05-05T12:35:24Z",
  "top1_accuracy": 0.0,
  "top5_accuracy": 1.0,
  "torch_version": "2.10.0",
  "torchvision_version": "0.25.0",
  "total_train_time_sec": 0.10356998443603516,
  "train_accuracy": 0.0,
  "train_loss": 1.6208633184432983,
  "trainable_params": 115573,
  "wall_clock_time_sec": 0.10273098945617676,
  "warmup_enabled": true,
  "warmup_eta": 1.0
}