{
  "ambiguity_weight": NaN,
  "attractor_entropy_weight": NaN,
  "batch_size": 8,
  "best_metric": 0.375,
  "completed_steps": 4,
  "cuda_available": false,
  "dataset_name": "SyntheticShapeEnergyDataset",
  "device": "cpu",
  "early_stop": false,
  "early_stop_step": "",
  "early_stop_triggered": false,
  "examples_per_sec": 1477.387812610074,
  "final_diagnostics": {
    "ambiguity_mean": -0.11703989654779434,
    "ambiguity_std": 0.1793530285358429,
    "ambiguity_weight_mean": 1.0,
    "ambiguity_weight_std": 0.0,
    "drive_mean": -0.0012062416644766927,
    "drive_std": 0.05713030695915222,
    "energy_mean": -0.9984949231147766,
    "energy_std": 0.03913749009370804,
    "gate_activation_rate": 0.26892778277397156,
    "gate_mean": 0.26892778277397156,
    "gate_std": 0.00014448688307311386,
    "resistance_mean": 0.0011327156098559499,
    "resistance_std": 0.03224857896566391,
    "sample_uncertainty_mean": 0.6943440437316895,
    "sample_uncertainty_std": 6.353809294523671e-05
  },
  "final_metric": 0.375,
  "final_train_accuracy": 0.375,
  "final_train_loss": 1.6185060739517212,
  "git_commit": "9ce7b7d",
  "grad_norm": 12.301955223083496,
  "hostname": "Mac-mini.local",
  "learning_rate": 0.001,
  "metrics_json": "{\"ambiguity_weight\": NaN, \"attractor_entropy_weight\": NaN, \"best_metric\": 0.375, \"completed_steps\": 4, \"early_stop_step\": \"\", \"early_stop_triggered\": false, \"examples_per_sec\": 1477.387812610074, \"final_diagnostics\": {\"ambiguity_mean\": -0.11703989654779434, \"ambiguity_std\": 0.1793530285358429, \"ambiguity_weight_mean\": 1.0, \"ambiguity_weight_std\": 0.0, \"drive_mean\": -0.0012062416644766927, \"drive_std\": 0.05713030695915222, \"energy_mean\": -0.9984949231147766, \"energy_std\": 0.03913749009370804, \"gate_activation_rate\": 0.26892778277397156, \"gate_mean\": 0.26892778277397156, \"gate_std\": 0.00014448688307311386, \"resistance_mean\": 0.0011327156098559499, \"resistance_std\": 0.03224857896566391, \"sample_uncertainty_mean\": 0.6943440437316895, \"sample_uncertainty_std\": 6.353809294523671e-05}, \"final_metric\": 0.375, \"final_train_accuracy\": 0.375, \"final_train_loss\": 1.6185060739517212, \"grad_norm\": 12.301955223083496, \"learning_rate\": 0.001, \"null_threshold\": NaN, \"peak_memory_mb\": 0.0, \"precision_update_threshold\": NaN, \"resistance_noise_corr\": 0.18600685894489288, \"resistance_occlusion_corr\": 0.12886065244674683, \"responsibility_temperature\": NaN, \"step\": 4, \"step_time_sec\": 0.0054149627685546875, \"top1_accuracy\": 0.375, \"top5_accuracy\": 1.0, \"total_train_time_sec\": 0.0326230525970459, \"train_accuracy\": 0.375, \"train_loss\": 1.6185060739517212, \"wall_clock_time_sec\": 0.03186297416687012, \"warmup_eta\": 1.0}",
  "min_delta": 0.0001,
  "mode": "smoke",
  "model_name": "pure_eml_workers0",
  "null_threshold": NaN,
  "num_params": 47638,
  "num_workers": 0,
  "patience": 20,
  "peak_memory_mb": 0.0,
  "platform": "macOS-15.1-arm64-arm-64bit",
  "precision_update_threshold": NaN,
  "python_version": "3.12.7",
  "reason": "",
  "resistance_noise_corr": 0.18600685894489288,
  "resistance_occlusion_corr": 0.12886065244674683,
  "responsibility_temperature": NaN,
  "run_dir": "reports/image_representation_ablation/runs/20260505_123523_pure_eml_workers0_seed1",
  "run_id": "pure_eml_workers0_seed1",
  "seed": 1,
  "status": "COMPLETED",
  "step": 4,
  "step_time_sec": 0.0054149627685546875,
  "steps": 4,
  "task_name": "image_synthetic",
  "timestamp": "2026-05-05T12:35:23Z",
  "top1_accuracy": 0.375,
  "top5_accuracy": 1.0,
  "torch_version": "2.10.0",
  "torchvision_version": "0.25.0",
  "total_train_time_sec": 0.0326230525970459,
  "train_accuracy": 0.375,
  "train_loss": 1.6185060739517212,
  "trainable_params": 47638,
  "wall_clock_time_sec": 0.03186297416687012,
  "warmup_enabled": true,
  "warmup_eta": 1.0
}