{
  "best_metric": 1.0,
  "cuda_available": false,
  "dataset_name": "synthetic_probe_tensors",
  "device": "cpu",
  "final_diagnostics": {
    "drive_mean": 8.14679660834372e-05,
    "drive_std": 0.0018429835326969624,
    "energy_mean": -0.8809475898742676,
    "energy_std": 0.21296359598636627,
    "gate_activation_rate": 0.20000000298023224,
    "gate_mean": 0.20000000298023224,
    "gate_std": 0.10000000149011612,
    "message_norm_mean": 0.06655505299568176,
    "message_norm_std": 0.018508130684494972,
    "new_precision_mean": 0.31326332688331604,
    "new_precision_std": 4.611686381394975e-05,
    "old_precision_mean": 5.0067949295043945,
    "old_precision_std": 0.0010333805112168193,
    "resistance_mean": 0.00011644739424809813,
    "resistance_std": 0.0020577036775648594,
    "responsibility_entropy_mean": 1.3862943649291992,
    "responsibility_entropy_std": 2.665600717932648e-08,
    "update_gate_mean": 0.058883439749479294,
    "update_gate_std": 1.4020826711202972e-05,
    "update_strength_mean": 1.0,
    "update_strength_std": 0.0
  },
  "final_metric": 1.0,
  "git_commit": "19568db",
  "hostname": "BMW-Pro.local",
  "message_norm_mean": 0.06655505299568176,
  "metrics_json": "{\"best_metric\": 1.0, \"final_diagnostics\": {\"drive_mean\": 8.14679660834372e-05, \"drive_std\": 0.0018429835326969624, \"energy_mean\": -0.8809475898742676, \"energy_std\": 0.21296359598636627, \"gate_activation_rate\": 0.20000000298023224, \"gate_mean\": 0.20000000298023224, \"gate_std\": 0.10000000149011612, \"message_norm_mean\": 0.06655505299568176, \"message_norm_std\": 0.018508130684494972, \"new_precision_mean\": 0.31326332688331604, \"new_precision_std\": 4.611686381394975e-05, \"old_precision_mean\": 5.0067949295043945, \"old_precision_std\": 0.0010333805112168193, \"resistance_mean\": 0.00011644739424809813, \"resistance_std\": 0.0020577036775648594, \"responsibility_entropy_mean\": 1.3862943649291992, \"responsibility_entropy_std\": 2.665600717932648e-08, \"update_gate_mean\": 0.058883439749479294, \"update_gate_std\": 1.4020826711202972e-05, \"update_strength_mean\": 1.0, \"update_strength_std\": 0.0}, \"final_metric\": 1.0, \"message_norm_mean\": 0.06655505299568176, \"nan_inf_count\": 0.0, \"peak_memory_mb\": 0.0, \"step\": 1, \"step_time_sec\": 0.0022830963134765625, \"total_train_time_sec\": 0.0022830963134765625, \"train_loss\": 0.0, \"update_norm_mean\": 0.8500208854675293, \"wall_clock_time_sec\": 0.0022830963134765625}",
  "mode": "ablation",
  "model_name": "ablation_resp_no_null_seed0",
  "nan_inf_count": 0.0,
  "num_params": 14151,
  "peak_memory_mb": 0.0,
  "platform": "macOS-26.0-arm64-arm-64bit",
  "python_version": "3.12.12",
  "reason": "",
  "responsibility_distribution_mode": "standard",
  "responsibility_mode": true,
  "run_dir": "reports/runs/stabilization_ablation_cpu_20260424_155136/20260424_075137_ablation_resp_no_null_seed0",
  "run_id": "ablation_resp_no_null_seed0",
  "seed": 10,
  "status": "COMPLETED",
  "step": 1,
  "step_time_sec": 0.0022830963134765625,
  "task_name": "mechanism_probe",
  "timestamp": "2026-04-24T07:51:37Z",
  "torch_version": "2.10.0",
  "torchvision_version": "unavailable",
  "total_train_time_sec": 0.0022830963134765625,
  "train_loss": 0.0,
  "trainable_params": 14151,
  "update_mode": "precision",
  "update_norm_mean": 0.8500208854675293,
  "use_null": false,
  "wall_clock_time_sec": 0.0022830963134765625
}