{
  "best_metric": 0.9912109375,
  "best_step": 400,
  "clean_accuracy": 0.9912109375,
  "clean_aurc": 0.009173509664833546,
  "clean_ece": 0.05038902163505554,
  "clean_resistance_noise_corr": -8.695680264736438e-08,
  "clean_resistance_occlusion_corr": NaN,
  "clean_vs_noisy_auroc": 0.9989662170410156,
  "clean_vs_occluded_auroc": 0.6293830871582031,
  "cuda_available": true,
  "dataset_name": "synthetic_shape_uncertainty",
  "device": "cuda",
  "early_stop_triggered": true,
  "final_metric": 0.9912109375,
  "git_commit": "0c0b3db",
  "hostname": "user-NF5468M6",
  "metrics_json": "{\"best_metric\": 0.9912109375, \"best_step\": 400, \"clean_accuracy\": 0.9912109375, \"clean_aurc\": 0.009173509664833546, \"clean_ece\": 0.05038902163505554, \"clean_resistance_noise_corr\": -8.695680264736438e-08, \"clean_resistance_occlusion_corr\": NaN, \"clean_vs_noisy_auroc\": 0.9989662170410156, \"clean_vs_occluded_auroc\": 0.6293830871582031, \"early_stop_triggered\": true, \"final_metric\": 0.9912109375, \"noisy_accuracy\": 0.9697265625, \"noisy_aurc\": 0.0019973134621977806, \"noisy_ece\": 0.04469606280326843, \"noisy_resistance_noise_corr\": NaN, \"noisy_resistance_occlusion_corr\": NaN, \"occluded_accuracy\": 0.884765625, \"occluded_aurc\": 0.04798367992043495, \"occluded_ece\": 0.05948157608509064, \"occluded_resistance_noise_corr\": -1.836415641776057e-08, \"occluded_resistance_occlusion_corr\": 0.6301955580711365, \"steps_run\": 500, \"total_train_time_sec\": 49.893314599990845}",
  "mode": "medium",
  "model_name": "cnn_cosine_eml_aux_resistance",
  "noisy_accuracy": 0.9697265625,
  "noisy_aurc": 0.0019973134621977806,
  "noisy_ece": 0.04469606280326843,
  "noisy_resistance_noise_corr": NaN,
  "noisy_resistance_occlusion_corr": NaN,
  "occluded_accuracy": 0.884765625,
  "occluded_aurc": 0.04798367992043495,
  "occluded_ece": 0.05948157608509064,
  "occluded_resistance_noise_corr": -1.836415641776057e-08,
  "occluded_resistance_occlusion_corr": 0.6301955580711365,
  "platform": "Linux-5.4.0-216-generic-x86_64-with-glibc2.31",
  "python_version": "3.10.20",
  "reason": "",
  "run_dir": "reports/pluggable_primitive_real_20260427/end_to_end_runs/20260427_050510_uncertainty_e2e_synthetic_shape_uncertainty_cnn_cosine_eml_aux_resistance_seed2",
  "run_id": "uncertainty_e2e_synthetic_shape_uncertainty_cnn_cosine_eml_aux_resistance_seed2",
  "seed": 2,
  "status": "COMPLETED",
  "steps_run": 500,
  "task_name": "end_to_end_uncertainty",
  "timestamp": "2026-04-27T05:06:00Z",
  "torch_version": "2.7.1+cu118",
  "torchvision_version": "0.22.1+cu118",
  "total_train_time_sec": 49.893314599990845
}