{
  "batch_size": 8,
  "best_metric": 0.25,
  "completed_steps": 4,
  "cuda_available": false,
  "dataset_name": "SyntheticShapeEnergyDataset",
  "device": "cpu",
  "early_stop": false,
  "early_stop_step": "",
  "early_stop_triggered": false,
  "examples_per_sec": 1752.0981671975353,
  "final_diagnostics": {
    "ambiguity_mean": -0.3439537286758423,
    "ambiguity_std": 0.1464422345161438,
    "ambiguity_weight_mean": 1.0,
    "ambiguity_weight_std": 0.0,
    "drive_mean": -0.0010505644604563713,
    "drive_std": 0.05197659134864807,
    "energy_mean": -0.9983664751052856,
    "energy_std": 0.038582026958465576,
    "gate_activation_rate": 0.2689570486545563,
    "gate_mean": 0.2689570486545563,
    "gate_std": 0.00018867713515646756,
    "resistance_mean": 0.0008669204544275999,
    "resistance_std": 0.023114794865250587,
    "sample_uncertainty_mean": 0.6947073340415955,
    "sample_uncertainty_std": 7.108470890671015e-05
  },
  "final_metric": 0.25,
  "final_train_accuracy": 0.25,
  "final_train_loss": 1.606410264968872,
  "git_commit": "19568db",
  "grad_norm": 3.1808767318725586,
  "hostname": "BMW-Pro.local",
  "learning_rate": 0.001,
  "metrics_json": "{\"best_metric\": 0.25, \"completed_steps\": 4, \"early_stop_step\": \"\", \"early_stop_triggered\": false, \"examples_per_sec\": 1752.0981671975353, \"final_diagnostics\": {\"ambiguity_mean\": -0.3439537286758423, \"ambiguity_std\": 0.1464422345161438, \"ambiguity_weight_mean\": 1.0, \"ambiguity_weight_std\": 0.0, \"drive_mean\": -0.0010505644604563713, \"drive_std\": 0.05197659134864807, \"energy_mean\": -0.9983664751052856, \"energy_std\": 0.038582026958465576, \"gate_activation_rate\": 0.2689570486545563, \"gate_mean\": 0.2689570486545563, \"gate_std\": 0.00018867713515646756, \"resistance_mean\": 0.0008669204544275999, \"resistance_std\": 0.023114794865250587, \"sample_uncertainty_mean\": 0.6947073340415955, \"sample_uncertainty_std\": 7.108470890671015e-05}, \"final_metric\": 0.25, \"final_train_accuracy\": 0.25, \"final_train_loss\": 1.606410264968872, \"grad_norm\": 3.1808767318725586, \"learning_rate\": 0.001, \"peak_memory_mb\": 0.0, \"resistance_noise_corr\": -0.08530522882938385, \"resistance_occlusion_corr\": -0.3470362722873688, \"step\": 4, \"step_time_sec\": 0.0045659542083740234, \"top1_accuracy\": 0.25, \"top5_accuracy\": 1.0, \"total_train_time_sec\": 0.025751113891601562, \"train_accuracy\": 0.25, \"train_loss\": 1.606410264968872, \"wall_clock_time_sec\": 0.02515721321105957}",
  "min_delta": 0.0001,
  "mode": "ablation",
  "model_name": "pure_eml",
  "num_params": 47638,
  "num_workers": 0,
  "patience": 20,
  "peak_memory_mb": 0.0,
  "platform": "macOS-26.0-arm64-arm-64bit",
  "python_version": "3.12.12",
  "reason": "",
  "resistance_noise_corr": -0.08530522882938385,
  "resistance_occlusion_corr": -0.3470362722873688,
  "run_dir": "reports/runs/stabilization_ablation_cpu/20260424_074859_ablation_image_pure_eml",
  "run_id": "ablation_image_pure_eml",
  "seed": 31,
  "status": "COMPLETED",
  "step": 4,
  "step_time_sec": 0.0045659542083740234,
  "steps": 4,
  "task_name": "image_synthetic",
  "timestamp": "2026-04-24T07:48:59Z",
  "top1_accuracy": 0.25,
  "top5_accuracy": 1.0,
  "torch_version": "2.10.0",
  "torchvision_version": "unavailable",
  "total_train_time_sec": 0.025751113891601562,
  "train_accuracy": 0.25,
  "train_loss": 1.606410264968872,
  "trainable_params": 47638,
  "wall_clock_time_sec": 0.02515721321105957,
  "warmup_enabled": true
}