{
  "ambiguity_weight": NaN,
  "attractor_entropy_weight": NaN,
  "batch_size": 8,
  "best_metric": 0.375,
  "completed_steps": 4,
  "cuda_available": false,
  "dataset_name": "SyntheticShapeEnergyDataset",
  "device": "cpu",
  "early_stop": false,
  "early_stop_step": "",
  "early_stop_triggered": false,
  "examples_per_sec": 332.9308131170313,
  "final_diagnostics": {
    "ambiguity_mean": 1.1883430480957031,
    "ambiguity_std": 0.4086882770061493,
    "ambiguity_weight_mean": 1.0,
    "ambiguity_weight_std": 0.0,
    "attractor_activation_mean": 0.9827268123626709,
    "attractor_activation_std": 1.5080740922712721e-05,
    "attractor_diversity": 0.031145453453063965,
    "drive_mean": 0.002229425124824047,
    "drive_std": 0.06238625571131706,
    "energy_mean": -0.22968874871730804,
    "energy_std": 0.043793294578790665,
    "null_weight_mean": 0.14286324381828308,
    "null_weight_std": 0.04540650174021721,
    "prototype_diversity_penalty_mean": 0.014189091511070728,
    "prototype_diversity_penalty_std": 0.0,
    "resistance_mean": 1.316763162612915,
    "resistance_std": 0.2176283746957779,
    "sample_uncertainty_mean": 0.6931717395782471,
    "sample_uncertainty_std": 0.0,
    "update_gate_mean": 0.09145990759134293,
    "update_gate_std": 0.005755019374191761,
    "update_strength_mean": 0.8571366667747498,
    "update_strength_std": 0.04540650174021721
  },
  "final_metric": 0.0,
  "final_train_accuracy": 0.0,
  "final_train_loss": 1.7518303394317627,
  "git_commit": "9ce7b7d",
  "grad_norm": 10.075631141662598,
  "hostname": "Mac-mini.local",
  "learning_rate": 0.001,
  "metrics_json": "{\"ambiguity_weight\": NaN, \"attractor_entropy_weight\": NaN, \"best_metric\": 0.375, \"completed_steps\": 4, \"early_stop_step\": \"\", \"early_stop_triggered\": false, \"examples_per_sec\": 332.9308131170313, \"final_diagnostics\": {\"ambiguity_mean\": 1.1883430480957031, \"ambiguity_std\": 0.4086882770061493, \"ambiguity_weight_mean\": 1.0, \"ambiguity_weight_std\": 0.0, \"attractor_activation_mean\": 0.9827268123626709, \"attractor_activation_std\": 1.5080740922712721e-05, \"attractor_diversity\": 0.031145453453063965, \"drive_mean\": 0.002229425124824047, \"drive_std\": 0.06238625571131706, \"energy_mean\": -0.22968874871730804, \"energy_std\": 0.043793294578790665, \"null_weight_mean\": 0.14286324381828308, \"null_weight_std\": 0.04540650174021721, \"prototype_diversity_penalty_mean\": 0.014189091511070728, \"prototype_diversity_penalty_std\": 0.0, \"resistance_mean\": 1.316763162612915, \"resistance_std\": 0.2176283746957779, \"sample_uncertainty_mean\": 0.6931717395782471, \"sample_uncertainty_std\": 0.0, \"update_gate_mean\": 0.09145990759134293, \"update_gate_std\": 0.005755019374191761, \"update_strength_mean\": 0.8571366667747498, \"update_strength_std\": 0.04540650174021721}, \"final_metric\": 0.0, \"final_train_accuracy\": 0.0, \"final_train_loss\": 1.7518303394317627, \"grad_norm\": 10.075631141662598, \"learning_rate\": 0.001, \"null_threshold\": NaN, \"peak_memory_mb\": 0.0, \"precision_update_threshold\": NaN, \"resistance_noise_corr\": -0.23800688982009888, \"resistance_occlusion_corr\": 0.14208157360553741, \"responsibility_temperature\": NaN, \"step\": 4, \"step_time_sec\": 0.024029016494750977, \"top1_accuracy\": 0.0, \"top5_accuracy\": 1.0, \"total_train_time_sec\": 0.11739897727966309, \"train_accuracy\": 0.0, \"train_loss\": 1.7518303394317627, \"wall_clock_time_sec\": 0.1165931224822998, \"warmup_eta\": 1.0}",
  "min_delta": 0.0001,
  "mode": "smoke",
  "model_name": "EfficientEMLImageClassifier_no_composition",
  "null_threshold": NaN,
  "num_params": 115573,
  "num_workers": 0,
  "patience": 20,
  "peak_memory_mb": 0.0,
  "platform": "macOS-15.1-arm64-arm-64bit",
  "precision_update_threshold": NaN,
  "python_version": "3.12.7",
  "reason": "",
  "resistance_noise_corr": -0.23800688982009888,
  "resistance_occlusion_corr": 0.14208157360553741,
  "responsibility_temperature": NaN,
  "run_dir": "reports/image_representation_ablation/runs/20260505_123524_efficient_combo_no_composition_seed1",
  "run_id": "efficient_combo_no_composition_seed1",
  "seed": 1,
  "status": "COMPLETED",
  "step": 4,
  "step_time_sec": 0.024029016494750977,
  "steps": 4,
  "task_name": "image_synthetic",
  "timestamp": "2026-05-05T12:35:24Z",
  "top1_accuracy": 0.0,
  "top5_accuracy": 1.0,
  "torch_version": "2.10.0",
  "torchvision_version": "0.25.0",
  "total_train_time_sec": 0.11739897727966309,
  "train_accuracy": 0.0,
  "train_loss": 1.7518303394317627,
  "trainable_params": 115573,
  "wall_clock_time_sec": 0.1165931224822998,
  "warmup_enabled": true,
  "warmup_eta": 1.0
}