{
  "batch_size": 16,
  "best_metric": 0.48984771966934204,
  "bits_per_char": 5.381865820166035,
  "char_accuracy": 0.35355648398399353,
  "completed_steps": 50,
  "corruption_resistance_corr": -0.07498372346162796,
  "cuda_available": false,
  "dataset_name": "SyntheticTextEnergyDataset",
  "device": "cpu",
  "early_stop": false,
  "early_stop_step": "",
  "early_stop_triggered": false,
  "final_diagnostics": {
    "attractor_activation_mean": 0.6770833134651184,
    "attractor_activation_std": 0.46759116649627686,
    "attractor_diversity": 0.9830844402313232,
    "drive_mean": -0.3395298421382904,
    "drive_std": 1.1273424625396729,
    "energy_mean": -0.07596693933010101,
    "energy_std": 0.2242642045021057,
    "null_weight_mean": 0.4816407859325409,
    "null_weight_std": 0.4053208529949188,
    "resistance_mean": 1.3116042613983154,
    "resistance_std": 0.3951704502105713,
    "update_gate_mean": 0.051907408982515335,
    "update_gate_std": 0.04125909507274628,
    "update_strength_mean": 0.5293624401092529,
    "update_strength_std": 0.41572877764701843
  },
  "final_metric": 0.35355648398399353,
  "final_train_accuracy": 0.35355648398399353,
  "final_train_loss": 3.7304251194000244,
  "git_commit": "19568db",
  "grad_norm": 1.129367709159851,
  "hostname": "BMW-Pro.local",
  "learning_rate": 0.001,
  "metrics_json": "{\"best_metric\": 0.48984771966934204, \"bits_per_char\": 5.381865820166035, \"char_accuracy\": 0.35355648398399353, \"completed_steps\": 50, \"corruption_resistance_corr\": -0.07498372346162796, \"early_stop_step\": \"\", \"early_stop_triggered\": false, \"final_diagnostics\": {\"attractor_activation_mean\": 0.6770833134651184, \"attractor_activation_std\": 0.46759116649627686, \"attractor_diversity\": 0.9830844402313232, \"drive_mean\": -0.3395298421382904, \"drive_std\": 1.1273424625396729, \"energy_mean\": -0.07596693933010101, \"energy_std\": 0.2242642045021057, \"null_weight_mean\": 0.4816407859325409, \"null_weight_std\": 0.4053208529949188, \"resistance_mean\": 1.3116042613983154, \"resistance_std\": 0.3951704502105713, \"update_gate_mean\": 0.051907408982515335, \"update_gate_std\": 0.04125909507274628, \"update_strength_mean\": 0.5293624401092529, \"update_strength_std\": 0.41572877764701843}, \"final_metric\": 0.35355648398399353, \"final_train_accuracy\": 0.35355648398399353, \"final_train_loss\": 3.7304251194000244, \"grad_norm\": 1.129367709159851, \"learning_rate\": 0.001, \"next_token_loss\": 3.7304251194000244, \"peak_memory_mb\": 0.0, \"perplexity\": 41.69683052827906, \"step\": 50, \"step_time_sec\": 0.014303922653198242, \"token_accuracy\": 0.35355648398399353, \"tokens_per_sec\": 33417.406650554214, \"total_train_time_sec\": 0.9948029518127441, \"train_loss\": 3.7304251194000244, \"wall_clock_time_sec\": 0.9919359683990479}",
  "min_delta": 0.0001,
  "mode": "ablation",
  "model_name": "EfficientEMLTextEncoder_window8_chunk_no_attractor",
  "next_token_loss": 3.7304251194000244,
  "num_params": 72752,
  "num_workers": 0,
  "patience": 20,
  "peak_memory_mb": 0.0,
  "perplexity": 41.69683052827906,
  "platform": "macOS-26.0-arm64-arm-64bit",
  "python_version": "3.12.12",
  "reason": "",
  "run_dir": "reports/runs/stabilization_ablation_cpu_20260424_155136/20260424_075209_ablation_text_window8_chunk_no_attractor",
  "run_id": "ablation_text_window8_chunk_no_attractor",
  "seed": 44,
  "seq_len": 48,
  "status": "COMPLETED",
  "step": 50,
  "step_time_sec": 0.014303922653198242,
  "steps": 50,
  "task_name": "text_synthetic",
  "timestamp": "2026-04-24T07:52:10Z",
  "token_accuracy": 0.35355648398399353,
  "tokens_per_sec": 33417.406650554214,
  "torch_version": "2.10.0",
  "torchvision_version": "unavailable",
  "total_train_time_sec": 0.9948029518127441,
  "train_loss": 3.7304251194000244,
  "trainable_params": 72752,
  "wall_clock_time_sec": 0.9919359683990479
}