{
  "backbone_steps": 300,
  "batch_size": 64,
  "best_metric": 0.9921875,
  "best_step": 200,
  "clean_accuracy": 0.99609375,
  "clean_brier": 0.07134345918893814,
  "clean_confidence_mean": 0.767901599407196,
  "clean_ece": 0.22975853085517883,
  "clean_nll": 0.2694871723651886,
  "clean_positive_resistance_mean": 11.019256591796875,
  "clean_resistance_noise_corr": 3.500170464576513e-08,
  "clean_resistance_occlusion_corr": NaN,
  "clean_risk_at_100_coverage": 0.00390625,
  "clean_risk_at_50_coverage": 0.0,
  "clean_risk_at_70_coverage": 0.005576193332672119,
  "clean_risk_at_80_coverage": 0.004878044128417969,
  "clean_risk_at_90_coverage": 0.004335284233093262,
  "clean_score_name": "positive_resistance",
  "clean_selective_aurc": 0.0018870090134441853,
  "clean_uncertainty_mean": 11.019256591796875,
  "clean_vs_noisy_auroc": 0.5551414489746094,
  "clean_vs_occluded_auroc": 0.5346107482910156,
  "condition_metrics_path": "reports/pluggable_primitive_real_20260427/frozen_runs/20260427_040923_uncertainty_synthetic_shape_eml_no_ambiguity_seed0/uncertainty_eval.pt",
  "cuda_available": true,
  "dataset_name": "synthetic_shape",
  "device": "cuda",
  "early_stop_min_evals": 2,
  "early_stop_patience": 4,
  "early_stop_triggered": true,
  "eval_interval": 25,
  "experiment_type": "frozen_features_uncertainty",
  "feature_dim": 64,
  "final_metric": 0.99609375,
  "final_train_loss": 0.5311794281005859,
  "git_commit": "0c0b3db",
  "head_steps": 1200,
  "hostname": "user-NF5468M6",
  "metrics_json": "{\"best_metric\": 0.9921875, \"best_step\": 200, \"clean_accuracy\": 0.99609375, \"clean_brier\": 0.07134345918893814, \"clean_confidence_mean\": 0.767901599407196, \"clean_ece\": 0.22975853085517883, \"clean_nll\": 0.2694871723651886, \"clean_positive_resistance_mean\": 11.019256591796875, \"clean_resistance_noise_corr\": 3.500170464576513e-08, \"clean_resistance_occlusion_corr\": NaN, \"clean_risk_at_100_coverage\": 0.00390625, \"clean_risk_at_50_coverage\": 0.0, \"clean_risk_at_70_coverage\": 0.005576193332672119, \"clean_risk_at_80_coverage\": 0.004878044128417969, \"clean_risk_at_90_coverage\": 0.004335284233093262, \"clean_score_name\": \"positive_resistance\", \"clean_selective_aurc\": 0.0018870090134441853, \"clean_uncertainty_mean\": 11.019256591796875, \"clean_vs_noisy_auroc\": 0.5551414489746094, \"clean_vs_occluded_auroc\": 0.5346107482910156, \"condition_metrics_path\": \"reports/pluggable_primitive_real_20260427/frozen_runs/20260427_040923_uncertainty_synthetic_shape_eml_no_ambiguity_seed0/uncertainty_eval.pt\", \"early_stop_patience\": 4, \"early_stop_triggered\": true, \"final_metric\": 0.99609375, \"final_train_loss\": 0.5311794281005859, \"noisy_accuracy\": 0.98046875, \"noisy_brier\": 0.09012201428413391, \"noisy_confidence_mean\": 0.7625900506973267, \"noisy_ece\": 0.22439263761043549, \"noisy_nll\": 0.30257755517959595, \"noisy_positive_resistance_mean\": 12.570148468017578, \"noisy_resistance_noise_corr\": NaN, \"noisy_resistance_occlusion_corr\": NaN, \"noisy_risk_at_100_coverage\": 0.01953125, \"noisy_risk_at_50_coverage\": 0.0078125, \"noisy_risk_at_70_coverage\": 0.01952582597732544, \"noisy_risk_at_80_coverage\": 0.019512176513671875, \"noisy_risk_at_90_coverage\": 0.019522786140441895, \"noisy_score_name\": \"positive_resistance\", \"noisy_selective_aurc\": 0.010088611394166946, \"noisy_uncertainty_mean\": 12.570148468017578, \"occluded_accuracy\": 0.91015625, \"occluded_brier\": 0.17105655372142792, \"occluded_confidence_mean\": 0.7372702360153198, \"occluded_ece\": 0.20195582509040833, \"occluded_nll\": 0.4482329487800598, \"occluded_positive_resistance_mean\": 10.345795631408691, \"occluded_resistance_noise_corr\": 4.226037475518751e-08, \"occluded_resistance_occlusion_corr\": -0.08413197100162506, \"occluded_risk_at_100_coverage\": 0.08984375, \"occluded_risk_at_50_coverage\": 0.046875, \"occluded_risk_at_70_coverage\": 0.11576008796691895, \"occluded_risk_at_80_coverage\": 0.10487806797027588, \"occluded_risk_at_90_coverage\": 0.0943601131439209, \"occluded_score_name\": \"positive_resistance\", \"occluded_selective_aurc\": 0.06182970106601715, \"occluded_uncertainty_mean\": 10.345795631408691, \"pooled_resistance_noise_corr\": 0.06591158360242844, \"pooled_resistance_occlusion_corr\": -0.06724017858505249, \"steps_run\": 300, \"total_train_time_sec\": 29.562039852142334}",
  "mode": "uncertainty_benchmark",
  "model_class": "EMLPrototypeHeadNoAmbiguity",
  "model_name": "eml_no_ambiguity",
  "noisy_accuracy": 0.98046875,
  "noisy_brier": 0.09012201428413391,
  "noisy_confidence_mean": 0.7625900506973267,
  "noisy_ece": 0.22439263761043549,
  "noisy_nll": 0.30257755517959595,
  "noisy_positive_resistance_mean": 12.570148468017578,
  "noisy_resistance_noise_corr": NaN,
  "noisy_resistance_occlusion_corr": NaN,
  "noisy_risk_at_100_coverage": 0.01953125,
  "noisy_risk_at_50_coverage": 0.0078125,
  "noisy_risk_at_70_coverage": 0.01952582597732544,
  "noisy_risk_at_80_coverage": 0.019512176513671875,
  "noisy_risk_at_90_coverage": 0.019522786140441895,
  "noisy_score_name": "positive_resistance",
  "noisy_selective_aurc": 0.010088611394166946,
  "noisy_uncertainty_mean": 12.570148468017578,
  "num_classes": 5,
  "num_params": 18002,
  "num_workers": 0,
  "occluded_accuracy": 0.91015625,
  "occluded_brier": 0.17105655372142792,
  "occluded_confidence_mean": 0.7372702360153198,
  "occluded_ece": 0.20195582509040833,
  "occluded_nll": 0.4482329487800598,
  "occluded_positive_resistance_mean": 10.345795631408691,
  "occluded_resistance_noise_corr": 4.226037475518751e-08,
  "occluded_resistance_occlusion_corr": -0.08413197100162506,
  "occluded_risk_at_100_coverage": 0.08984375,
  "occluded_risk_at_50_coverage": 0.046875,
  "occluded_risk_at_70_coverage": 0.11576008796691895,
  "occluded_risk_at_80_coverage": 0.10487806797027588,
  "occluded_risk_at_90_coverage": 0.0943601131439209,
  "occluded_score_name": "positive_resistance",
  "occluded_selective_aurc": 0.06182970106601715,
  "occluded_uncertainty_mean": 10.345795631408691,
  "platform": "Linux-5.4.0-216-generic-x86_64-with-glibc2.31",
  "pooled_resistance_noise_corr": 0.06591158360242844,
  "pooled_resistance_occlusion_corr": -0.06724017858505249,
  "python_version": "3.10.20",
  "reason": "",
  "run_dir": "reports/pluggable_primitive_real_20260427/frozen_runs/20260427_040923_uncertainty_synthetic_shape_eml_no_ambiguity_seed0",
  "run_id": "uncertainty_synthetic_shape_eml_no_ambiguity_seed0",
  "seed": 0,
  "selected_heads": [
    "linear",
    "mlp",
    "cosine_prototype",
    "eml_no_ambiguity",
    "eml_centered_ambiguity",
    "eml_supervised_resistance",
    "merc_linear",
    "merc_energy"
  ],
  "status": "COMPLETED",
  "steps_run": 300,
  "task_name": "image_uncertainty_selective_classification",
  "test_size": 1024,
  "timestamp": "2026-04-27T04:09:53Z",
  "torch_version": "2.7.1+cu118",
  "torchvision_version": "0.22.1+cu118",
  "total_train_time_sec": 29.562039852142334,
  "train_size": 4096,
  "trainable_params": 18002
}