{
  "batch_size": 64,
  "best_metric": 0.98046875,
  "best_step": 75,
  "clean_accuracy": 0.9973958134651184,
  "clean_brier": 0.005783077795058489,
  "clean_confidence_mean": 0.9950449466705322,
  "clean_conflict_resistance_corr": NaN,
  "clean_conflict_score_mean": 0.6988360285758972,
  "clean_ece": 0.00439902488142252,
  "clean_nll": 0.013536427170038223,
  "clean_positive_resistance_mean": 0.6289889216423035,
  "clean_resistance_noise_corr": -1.1401861854665185e-07,
  "clean_resistance_occlusion_corr": NaN,
  "clean_risk_at_100_coverage": 0.002604186534881592,
  "clean_risk_at_50_coverage": 0.002604186534881592,
  "clean_risk_at_70_coverage": 0.0018587112426757812,
  "clean_risk_at_80_coverage": 0.0016260147094726562,
  "clean_risk_at_90_coverage": 0.002890169620513916,
  "clean_score_name": "positive_resistance",
  "clean_selective_aurc": 0.0014742619823664427,
  "clean_support_score_mean": 1.206190824508667,
  "clean_uncertainty_mean": 0.6289889216423035,
  "clean_vs_noisy_auroc": 0.4980405271053314,
  "clean_vs_occluded_auroc": 0.5343373417854309,
  "condition_metrics_path": "reports/uncertainty_resistance_true_20260427/runs/20260427_015427_uncertainty_synthetic_shape_merc_linear_seed1/uncertainty_eval.pt",
  "cuda_available": true,
  "dataset_name": "synthetic_shape",
  "device": "cuda",
  "early_stop_patience": 4,
  "early_stop_triggered": true,
  "experiment_type": "frozen_features_uncertainty",
  "feature_dim": 64,
  "final_metric": 0.9973958134651184,
  "final_train_loss": 0.09472081065177917,
  "git_commit": "0c0b3db",
  "hostname": "user-NF5468M6",
  "metrics_json": "{\"best_metric\": 0.98046875, \"best_step\": 75, \"clean_accuracy\": 0.9973958134651184, \"clean_brier\": 0.005783077795058489, \"clean_confidence_mean\": 0.9950449466705322, \"clean_conflict_resistance_corr\": NaN, \"clean_conflict_score_mean\": 0.6988360285758972, \"clean_ece\": 0.00439902488142252, \"clean_nll\": 0.013536427170038223, \"clean_positive_resistance_mean\": 0.6289889216423035, \"clean_resistance_noise_corr\": -1.1401861854665185e-07, \"clean_resistance_occlusion_corr\": NaN, \"clean_risk_at_100_coverage\": 0.002604186534881592, \"clean_risk_at_50_coverage\": 0.002604186534881592, \"clean_risk_at_70_coverage\": 0.0018587112426757812, \"clean_risk_at_80_coverage\": 0.0016260147094726562, \"clean_risk_at_90_coverage\": 0.002890169620513916, \"clean_score_name\": \"positive_resistance\", \"clean_selective_aurc\": 0.0014742619823664427, \"clean_support_score_mean\": 1.206190824508667, \"clean_uncertainty_mean\": 0.6289889216423035, \"clean_vs_noisy_auroc\": 0.4980405271053314, \"clean_vs_occluded_auroc\": 0.5343373417854309, \"condition_metrics_path\": \"reports/uncertainty_resistance_true_20260427/runs/20260427_015427_uncertainty_synthetic_shape_merc_linear_seed1/uncertainty_eval.pt\", \"early_stop_patience\": 4, \"early_stop_triggered\": true, \"final_metric\": 0.9973958134651184, \"final_train_loss\": 0.09472081065177917, \"noisy_accuracy\": 0.9814453125, \"noisy_brier\": 0.029204178601503372, \"noisy_confidence_mean\": 0.9910966157913208, \"noisy_conflict_resistance_corr\": 3.712261076316281e-08, \"noisy_conflict_score_mean\": 0.6944176554679871, \"noisy_ece\": 0.011579826474189758, \"noisy_nll\": 0.05869855731725693, \"noisy_positive_resistance_mean\": 0.6277869343757629, \"noisy_resistance_noise_corr\": NaN, \"noisy_resistance_occlusion_corr\": NaN, \"noisy_risk_at_100_coverage\": 0.0185546875, \"noisy_risk_at_50_coverage\": 0.0234375, \"noisy_risk_at_70_coverage\": 0.02231520414352417, \"noisy_risk_at_80_coverage\": 0.02195119857788086, \"noisy_risk_at_90_coverage\": 0.019522786140441895, \"noisy_score_name\": \"positive_resistance\", \"noisy_selective_aurc\": 0.022880462929606438, \"noisy_support_score_mean\": 1.2544541358947754, \"noisy_uncertainty_mean\": 0.6277869343757629, \"occluded_accuracy\": 0.9013671875, \"occluded_brier\": 0.14159968495368958, \"occluded_confidence_mean\": 0.944039523601532, \"occluded_conflict_resistance_corr\": -0.10766371339559555, \"occluded_conflict_score_mean\": 0.710978627204895, \"occluded_ece\": 0.04290836676955223, \"occluded_nll\": 0.38999831676483154, \"occluded_positive_resistance_mean\": 0.662542462348938, \"occluded_resistance_noise_corr\": -8.919301563992121e-08, \"occluded_resistance_occlusion_corr\": 0.05849883705377579, \"occluded_risk_at_100_coverage\": 0.0986328125, \"occluded_risk_at_50_coverage\": 0.103515625, \"occluded_risk_at_70_coverage\": 0.11436539888381958, \"occluded_risk_at_80_coverage\": 0.11585366725921631, \"occluded_risk_at_90_coverage\": 0.10412144660949707, \"occluded_score_name\": \"positive_resistance\", \"occluded_selective_aurc\": 0.08982937783002853, \"occluded_support_score_mean\": 1.1064059734344482, \"occluded_uncertainty_mean\": 0.662542462348938, \"pooled_conflict_resistance_corr\": -0.03768719732761383, \"pooled_resistance_noise_corr\": -0.033830054104328156, \"pooled_resistance_occlusion_corr\": 0.0578775554895401, \"steps_run\": 175, \"total_train_time_sec\": 12.069446325302124}",
  "mode": "uncertainty_benchmark",
  "model_class": "MERCHeadLinearReadout",
  "model_name": "merc_linear",
  "noisy_accuracy": 0.9814453125,
  "noisy_brier": 0.029204178601503372,
  "noisy_confidence_mean": 0.9910966157913208,
  "noisy_conflict_resistance_corr": 3.712261076316281e-08,
  "noisy_conflict_score_mean": 0.6944176554679871,
  "noisy_ece": 0.011579826474189758,
  "noisy_nll": 0.05869855731725693,
  "noisy_positive_resistance_mean": 0.6277869343757629,
  "noisy_resistance_noise_corr": NaN,
  "noisy_resistance_occlusion_corr": NaN,
  "noisy_risk_at_100_coverage": 0.0185546875,
  "noisy_risk_at_50_coverage": 0.0234375,
  "noisy_risk_at_70_coverage": 0.02231520414352417,
  "noisy_risk_at_80_coverage": 0.02195119857788086,
  "noisy_risk_at_90_coverage": 0.019522786140441895,
  "noisy_score_name": "positive_resistance",
  "noisy_selective_aurc": 0.022880462929606438,
  "noisy_support_score_mean": 1.2544541358947754,
  "noisy_uncertainty_mean": 0.6277869343757629,
  "num_classes": 5,
  "num_params": 92222,
  "num_workers": 0,
  "occluded_accuracy": 0.9013671875,
  "occluded_brier": 0.14159968495368958,
  "occluded_confidence_mean": 0.944039523601532,
  "occluded_conflict_resistance_corr": -0.10766371339559555,
  "occluded_conflict_score_mean": 0.710978627204895,
  "occluded_ece": 0.04290836676955223,
  "occluded_nll": 0.38999831676483154,
  "occluded_positive_resistance_mean": 0.662542462348938,
  "occluded_resistance_noise_corr": -8.919301563992121e-08,
  "occluded_resistance_occlusion_corr": 0.05849883705377579,
  "occluded_risk_at_100_coverage": 0.0986328125,
  "occluded_risk_at_50_coverage": 0.103515625,
  "occluded_risk_at_70_coverage": 0.11436539888381958,
  "occluded_risk_at_80_coverage": 0.11585366725921631,
  "occluded_risk_at_90_coverage": 0.10412144660949707,
  "occluded_score_name": "positive_resistance",
  "occluded_selective_aurc": 0.08982937783002853,
  "occluded_support_score_mean": 1.1064059734344482,
  "occluded_uncertainty_mean": 0.662542462348938,
  "platform": "Linux-5.4.0-216-generic-x86_64-with-glibc2.31",
  "pooled_conflict_resistance_corr": -0.03768719732761383,
  "pooled_resistance_noise_corr": -0.033830054104328156,
  "pooled_resistance_occlusion_corr": 0.0578775554895401,
  "python_version": "3.10.20",
  "reason": "",
  "run_dir": "reports/uncertainty_resistance_true_20260427/runs/20260427_015427_uncertainty_synthetic_shape_merc_linear_seed1",
  "run_id": "uncertainty_synthetic_shape_merc_linear_seed1",
  "seed": 1,
  "status": "COMPLETED",
  "steps_run": 175,
  "task_name": "image_uncertainty_selective_classification",
  "test_size": 1024,
  "timestamp": "2026-04-27T01:54:40Z",
  "torch_version": "2.7.1+cu118",
  "torchvision_version": "0.22.1+cu118",
  "total_train_time_sec": 12.069446325302124,
  "train_size": 4096,
  "trainable_params": 92222
}