{
  "ambiguity_weight": NaN,
  "attractor_entropy_weight": NaN,
  "batch_size": 8,
  "best_metric": 0.5025380849838257,
  "bits_per_char": 4.374544515970969,
  "char_accuracy": 0.322429895401001,
  "completed_steps": 200,
  "corruption_resistance_corr": 0.10643815994262695,
  "cuda_available": false,
  "dataset_name": "SyntheticTextEnergyDataset",
  "device": "cpu",
  "early_stop": true,
  "early_stop_step": "",
  "early_stop_triggered": false,
  "final_diagnostics": {
    "drive_mean": -0.04567606747150421,
    "drive_std": 0.4127928614616394,
    "energy_mean": -0.054823845624923706,
    "energy_std": 0.2304486483335495,
    "resistance_mean": 0.42390406131744385,
    "resistance_std": 0.5494794845581055
  },
  "final_metric": 0.322429895401001,
  "final_train_accuracy": 0.322429895401001,
  "final_train_loss": 3.032203197479248,
  "git_commit": "9ce7b7d",
  "grad_norm": 1.0965514183044434,
  "hostname": "Mac-mini.local",
  "learning_rate": 0.001,
  "metrics_json": "{\"ambiguity_weight\": NaN, \"attractor_entropy_weight\": NaN, \"best_metric\": 0.5025380849838257, \"bits_per_char\": 4.374544515970969, \"char_accuracy\": 0.322429895401001, \"completed_steps\": 200, \"corruption_resistance_corr\": 0.10643815994262695, \"early_stop_step\": \"\", \"early_stop_triggered\": false, \"final_diagnostics\": {\"drive_mean\": -0.04567606747150421, \"drive_std\": 0.4127928614616394, \"energy_mean\": -0.054823845624923706, \"energy_std\": 0.2304486483335495, \"resistance_mean\": 0.42390406131744385, \"resistance_std\": 0.5494794845581055}, \"final_metric\": 0.322429895401001, \"final_train_accuracy\": 0.322429895401001, \"final_train_loss\": 3.032203197479248, \"grad_norm\": 1.0965514183044434, \"learning_rate\": 0.001, \"next_token_loss\": 3.032203197479248, \"null_threshold\": NaN, \"peak_memory_mb\": 0.0, \"perplexity\": 20.742882949971666, \"precision_update_threshold\": NaN, \"responsibility_temperature\": NaN, \"step\": 200, \"step_time_sec\": 0.04375100135803223, \"token_accuracy\": 0.322429895401001, \"tokens_per_sec\": 4891.316618075802, \"total_train_time_sec\": 10.280304908752441, \"train_loss\": 3.032203197479248, \"wall_clock_time_sec\": 10.272602796554565, \"warmup_eta\": 1.0}",
  "min_delta": 0.001,
  "mode": "ablation",
  "model_name": "EMLEdgeTextLM_kan_style",
  "next_token_loss": 3.032203197479248,
  "null_threshold": NaN,
  "num_params": 53736,
  "num_workers": 0,
  "patience": 12,
  "peak_memory_mb": 0.0,
  "perplexity": 20.742882949971666,
  "platform": "macOS-15.1-arm64-arm-64bit",
  "precision_update_threshold": NaN,
  "python_version": "3.12.7",
  "reason": "",
  "responsibility_temperature": NaN,
  "run_dir": "reports/runs/20260505_123206_kan_compare_text_eml_edge",
  "run_id": "kan_compare_text_eml_edge",
  "seed": 13,
  "seq_len": 48,
  "status": "COMPLETED",
  "step": 200,
  "step_time_sec": 0.04375100135803223,
  "steps": 200,
  "task_name": "text_synthetic",
  "timestamp": "2026-05-05T12:32:16Z",
  "token_accuracy": 0.322429895401001,
  "tokens_per_sec": 4891.316618075802,
  "torch_version": "2.10.0",
  "torchvision_version": "0.25.0",
  "total_train_time_sec": 10.280304908752441,
  "train_loss": 3.032203197479248,
  "trainable_params": 53736,
  "wall_clock_time_sec": 10.272602796554565,
  "warmup_eta": 1.0
}