{
  "model_class": "EMLEdgeFunctionNetwork",
  "num_params": 35719,
  "target_mean": 0.2421833574771881,
  "target_std": 0.36554303765296936,
  "trainable_params": 35719
}