{
  "batch_size": 64,
  "best_metric": 0.509765625,
  "best_step": 300,
  "best_val_accuracy": 0.509765625,
  "cuda_available": true,
  "dataset_name": "cifar10",
  "device": "cuda",
  "early_stop_triggered": false,
  "experiment_type": "frozen_features",
  "feature_dim": 64,
  "features_dir": "reports/head_ablation/features/cifar10_medium_seed0",
  "final_metric": 0.48828125,
  "final_train_accuracy": 0.5625,
  "final_train_loss": 1.228664517402649,
  "git_commit": "unknown",
  "hostname": "user-NF5468M6",
  "lr": 0.001,
  "metrics_json": "{\"best_metric\": 0.509765625, \"best_step\": 300, \"best_val_accuracy\": 0.509765625, \"early_stop_triggered\": false, \"final_metric\": 0.48828125, \"final_train_accuracy\": 0.5625, \"final_train_loss\": 1.228664517402649, \"steps_run\": 300, \"test_accuracy\": 0.48828125, \"test_ambiguity_mean\": NaN, \"test_brier\": 0.6639574766159058, \"test_class_resistance_mean\": NaN, \"test_conflict_resistance_corr\": NaN, \"test_ece\": 0.09160933643579483, \"test_hard_negative_drive_mean\": 4.119792461395264, \"test_hard_negative_logit_mean\": 3.6416118144989014, \"test_hard_negative_resistance_mean\": 0.3733746111392975, \"test_loss\": 1.4909271001815796, \"test_margin_mean\": -0.32350945472717285, \"test_nll\": 1.4909271001815796, \"test_positive_drive_mean\": 3.749572277069092, \"test_positive_logit_mean\": 3.3181023597717285, \"test_positive_resistance_mean\": 0.4611286520957947, \"test_precision_mean\": 0.2585781216621399, \"test_resistance_noise_corr\": NaN, \"test_resistance_occlusion_corr\": NaN, \"test_sample_uncertainty_mean\": NaN, \"test_support_evidence_corr\": NaN, \"test_update_gate_mean\": 0.06038574129343033, \"total_train_time_sec\": 7.8905348777771, \"val_accuracy\": 0.509765625, \"val_ambiguity_mean\": NaN, \"val_brier\": 0.643683910369873, \"val_class_resistance_mean\": NaN, \"val_conflict_resistance_corr\": NaN, \"val_ece\": 0.0974121242761612, \"val_hard_negative_drive_mean\": 4.108791828155518, \"val_hard_negative_logit_mean\": 3.628779888153076, \"val_hard_negative_resistance_mean\": 0.3371696472167969, \"val_loss\": 1.4352710247039795, \"val_margin_mean\": -0.23152750730514526, \"val_nll\": 1.4352710247039795, \"val_positive_drive_mean\": 3.787280559539795, \"val_positive_logit_mean\": 3.3972525596618652, \"val_positive_resistance_mean\": 0.37146908044815063, \"val_precision_mean\": 0.2589326798915863, \"val_resistance_noise_corr\": NaN, \"val_resistance_occlusion_corr\": NaN, \"val_sample_uncertainty_mean\": NaN, \"val_support_evidence_corr\": NaN, \"val_update_gate_mean\": 0.06046406179666519}",
  "mode": "head_ablation",
  "model_class": "MERCHeadClassEnergySmall",
  "model_name": "merc_energy_small",
  "num_classes": 10,
  "num_params": 92938,
  "pairwise_margin": 0.0,
  "pairwise_weight": 0.0,
  "platform": "Linux-5.4.0-216-generic-x86_64-with-glibc2.31",
  "python_version": "3.10.20",
  "reason": "",
  "run_dir": "reports/merc_head_ablation/runs/20260425_030309_frozen_cifar10_merc_energy_small_seed0",
  "run_id": "frozen_cifar10_merc_energy_small_seed0",
  "seed": 0,
  "status": "COMPLETED",
  "steps": 300,
  "steps_run": 300,
  "task_name": "image_classification",
  "test_accuracy": 0.48828125,
  "test_ambiguity_mean": NaN,
  "test_brier": 0.6639574766159058,
  "test_class_resistance_mean": NaN,
  "test_conflict_resistance_corr": NaN,
  "test_ece": 0.09160933643579483,
  "test_hard_negative_drive_mean": 4.119792461395264,
  "test_hard_negative_logit_mean": 3.6416118144989014,
  "test_hard_negative_resistance_mean": 0.3733746111392975,
  "test_loss": 1.4909271001815796,
  "test_margin_mean": -0.32350945472717285,
  "test_nll": 1.4909271001815796,
  "test_positive_drive_mean": 3.749572277069092,
  "test_positive_logit_mean": 3.3181023597717285,
  "test_positive_resistance_mean": 0.4611286520957947,
  "test_precision_mean": 0.2585781216621399,
  "test_resistance_noise_corr": NaN,
  "test_resistance_occlusion_corr": NaN,
  "test_sample_uncertainty_mean": NaN,
  "test_support_evidence_corr": NaN,
  "test_update_gate_mean": 0.06038574129343033,
  "timestamp": "2026-04-25T03:03:17Z",
  "torch_version": "2.7.1+cu118",
  "torchvision_version": "0.22.1+cu118",
  "total_train_time_sec": 7.8905348777771,
  "trainable_params": 92938,
  "val_accuracy": 0.509765625,
  "val_ambiguity_mean": NaN,
  "val_brier": 0.643683910369873,
  "val_class_resistance_mean": NaN,
  "val_conflict_resistance_corr": NaN,
  "val_ece": 0.0974121242761612,
  "val_hard_negative_drive_mean": 4.108791828155518,
  "val_hard_negative_logit_mean": 3.628779888153076,
  "val_hard_negative_resistance_mean": 0.3371696472167969,
  "val_loss": 1.4352710247039795,
  "val_margin_mean": -0.23152750730514526,
  "val_nll": 1.4352710247039795,
  "val_positive_drive_mean": 3.787280559539795,
  "val_positive_logit_mean": 3.3972525596618652,
  "val_positive_resistance_mean": 0.37146908044815063,
  "val_precision_mean": 0.2589326798915863,
  "val_resistance_noise_corr": NaN,
  "val_resistance_occlusion_corr": NaN,
  "val_sample_uncertainty_mean": NaN,
  "val_support_evidence_corr": NaN,
  "val_update_gate_mean": 0.06046406179666519
}