{
  "batch_size": 64,
  "best_metric": 0.45703125,
  "best_step": 100,
  "clean_accuracy": 0.4127604067325592,
  "clean_brier": 0.718843936920166,
  "clean_confidence_mean": 0.307661771774292,
  "clean_ece": 0.10906024277210236,
  "clean_nll": 1.6040104627609253,
  "clean_positive_resistance_mean": 0.17070387303829193,
  "clean_resistance_noise_corr": NaN,
  "clean_resistance_occlusion_corr": NaN,
  "clean_risk_at_100_coverage": 0.5872396230697632,
  "clean_risk_at_50_coverage": 0.3645833134651184,
  "clean_risk_at_70_coverage": 0.4665427803993225,
  "clean_risk_at_80_coverage": 0.5138211250305176,
  "clean_risk_at_90_coverage": 0.5462427735328674,
  "clean_score_name": "positive_resistance",
  "clean_selective_aurc": 0.37482839822769165,
  "clean_uncertainty_mean": 0.17070387303829193,
  "clean_vs_noisy_auroc": 0.6062291264533997,
  "clean_vs_occluded_auroc": 0.5136566162109375,
  "condition_metrics_path": "reports/uncertainty_resistance_true_20260427/runs/20260427_020838_uncertainty_cifar10_eml_supervised_resistance_seed2/uncertainty_eval.pt",
  "cuda_available": true,
  "dataset_name": "cifar10",
  "device": "cuda",
  "early_stop_patience": 4,
  "early_stop_triggered": true,
  "experiment_type": "frozen_features_uncertainty",
  "feature_dim": 64,
  "final_metric": 0.4127604067325592,
  "final_train_loss": 1.5588313341140747,
  "git_commit": "0c0b3db",
  "hostname": "user-NF5468M6",
  "metrics_json": "{\"best_metric\": 0.45703125, \"best_step\": 100, \"clean_accuracy\": 0.4127604067325592, \"clean_brier\": 0.718843936920166, \"clean_confidence_mean\": 0.307661771774292, \"clean_ece\": 0.10906024277210236, \"clean_nll\": 1.6040104627609253, \"clean_positive_resistance_mean\": 0.17070387303829193, \"clean_resistance_noise_corr\": NaN, \"clean_resistance_occlusion_corr\": NaN, \"clean_risk_at_100_coverage\": 0.5872396230697632, \"clean_risk_at_50_coverage\": 0.3645833134651184, \"clean_risk_at_70_coverage\": 0.4665427803993225, \"clean_risk_at_80_coverage\": 0.5138211250305176, \"clean_risk_at_90_coverage\": 0.5462427735328674, \"clean_score_name\": \"positive_resistance\", \"clean_selective_aurc\": 0.37482839822769165, \"clean_uncertainty_mean\": 0.17070387303829193, \"clean_vs_noisy_auroc\": 0.6062291264533997, \"clean_vs_occluded_auroc\": 0.5136566162109375, \"condition_metrics_path\": \"reports/uncertainty_resistance_true_20260427/runs/20260427_020838_uncertainty_cifar10_eml_supervised_resistance_seed2/uncertainty_eval.pt\", \"early_stop_patience\": 4, \"early_stop_triggered\": true, \"final_metric\": 0.4127604067325592, \"final_train_loss\": 1.5588313341140747, \"noisy_accuracy\": 0.34375, \"noisy_brier\": 0.7727322578430176, \"noisy_confidence_mean\": 0.29547739028930664, \"noisy_ece\": 0.0634789988398552, \"noisy_nll\": 1.7845385074615479, \"noisy_positive_resistance_mean\": 0.22417119145393372, \"noisy_resistance_noise_corr\": NaN, \"noisy_resistance_occlusion_corr\": NaN, \"noisy_risk_at_100_coverage\": 0.65625, \"noisy_risk_at_50_coverage\": 0.44140625, \"noisy_risk_at_70_coverage\": 0.5230125188827515, \"noisy_risk_at_80_coverage\": 0.5780487656593323, \"noisy_risk_at_90_coverage\": 0.6193058490753174, \"noisy_score_name\": \"positive_resistance\", \"noisy_selective_aurc\": 0.44763460755348206, \"noisy_uncertainty_mean\": 0.22417119145393372, \"occluded_accuracy\": 0.3779296875, \"occluded_brier\": 0.7428618669509888, \"occluded_confidence_mean\": 0.3094373345375061, \"occluded_ece\": 0.07841000705957413, \"occluded_nll\": 1.683652639389038, \"occluded_positive_resistance_mean\": 0.17796728014945984, \"occluded_resistance_noise_corr\": NaN, \"occluded_resistance_occlusion_corr\": NaN, \"occluded_risk_at_100_coverage\": 0.6220703125, \"occluded_risk_at_50_coverage\": 0.421875, \"occluded_risk_at_70_coverage\": 0.5118549466133118, \"occluded_risk_at_80_coverage\": 0.550000011920929, \"occluded_risk_at_90_coverage\": 0.5835140943527222, \"occluded_score_name\": \"positive_resistance\", \"occluded_selective_aurc\": 0.4220336675643921, \"occluded_uncertainty_mean\": 0.17796728014945984, \"pooled_resistance_noise_corr\": 0.15988515317440033, \"pooled_resistance_occlusion_corr\": -0.07550408691167831, \"steps_run\": 200, \"total_train_time_sec\": 12.479167222976685}",
  "mode": "uncertainty_benchmark",
  "model_class": "EMLPrototypeHeadSupervisedResistance",
  "model_name": "eml_supervised_resistance",
  "noisy_accuracy": 0.34375,
  "noisy_brier": 0.7727322578430176,
  "noisy_confidence_mean": 0.29547739028930664,
  "noisy_ece": 0.0634789988398552,
  "noisy_nll": 1.7845385074615479,
  "noisy_positive_resistance_mean": 0.22417119145393372,
  "noisy_resistance_noise_corr": NaN,
  "noisy_resistance_occlusion_corr": NaN,
  "noisy_risk_at_100_coverage": 0.65625,
  "noisy_risk_at_50_coverage": 0.44140625,
  "noisy_risk_at_70_coverage": 0.5230125188827515,
  "noisy_risk_at_80_coverage": 0.5780487656593323,
  "noisy_risk_at_90_coverage": 0.6193058490753174,
  "noisy_score_name": "positive_resistance",
  "noisy_selective_aurc": 0.44763460755348206,
  "noisy_uncertainty_mean": 0.22417119145393372,
  "num_classes": 10,
  "num_params": 18977,
  "num_workers": 0,
  "occluded_accuracy": 0.3779296875,
  "occluded_brier": 0.7428618669509888,
  "occluded_confidence_mean": 0.3094373345375061,
  "occluded_ece": 0.07841000705957413,
  "occluded_nll": 1.683652639389038,
  "occluded_positive_resistance_mean": 0.17796728014945984,
  "occluded_resistance_noise_corr": NaN,
  "occluded_resistance_occlusion_corr": NaN,
  "occluded_risk_at_100_coverage": 0.6220703125,
  "occluded_risk_at_50_coverage": 0.421875,
  "occluded_risk_at_70_coverage": 0.5118549466133118,
  "occluded_risk_at_80_coverage": 0.550000011920929,
  "occluded_risk_at_90_coverage": 0.5835140943527222,
  "occluded_score_name": "positive_resistance",
  "occluded_selective_aurc": 0.4220336675643921,
  "occluded_uncertainty_mean": 0.17796728014945984,
  "platform": "Linux-5.4.0-216-generic-x86_64-with-glibc2.31",
  "pooled_resistance_noise_corr": 0.15988515317440033,
  "pooled_resistance_occlusion_corr": -0.07550408691167831,
  "python_version": "3.10.20",
  "reason": "",
  "run_dir": "reports/uncertainty_resistance_true_20260427/runs/20260427_020838_uncertainty_cifar10_eml_supervised_resistance_seed2",
  "run_id": "uncertainty_cifar10_eml_supervised_resistance_seed2",
  "seed": 2,
  "status": "COMPLETED",
  "steps_run": 200,
  "task_name": "image_uncertainty_selective_classification",
  "test_size": 1024,
  "timestamp": "2026-04-27T02:08:51Z",
  "torch_version": "2.7.1+cu118",
  "torchvision_version": "0.22.1+cu118",
  "total_train_time_sec": 12.479167222976685,
  "train_size": 4096,
  "trainable_params": 18977
}