{
  "best_metric": 0.9892578125,
  "best_step": 250,
  "clean_accuracy": 0.9892578125,
  "clean_aurc": 0.0011726415250450373,
  "clean_ece": 0.0732659101486206,
  "clean_resistance_noise_corr": 2.5207693710171952e-08,
  "clean_resistance_occlusion_corr": NaN,
  "clean_vs_noisy_auroc": 0.5365753173828125,
  "clean_vs_occluded_auroc": 0.5965251922607422,
  "cuda_available": true,
  "dataset_name": "synthetic_shape_uncertainty",
  "device": "cuda",
  "early_stop_triggered": true,
  "final_metric": 0.9892578125,
  "git_commit": "0c0b3db",
  "hostname": "user-NF5468M6",
  "metrics_json": "{\"best_metric\": 0.9892578125, \"best_step\": 250, \"clean_accuracy\": 0.9892578125, \"clean_aurc\": 0.0011726415250450373, \"clean_ece\": 0.0732659101486206, \"clean_resistance_noise_corr\": 2.5207693710171952e-08, \"clean_resistance_occlusion_corr\": NaN, \"clean_vs_noisy_auroc\": 0.5365753173828125, \"clean_vs_occluded_auroc\": 0.5965251922607422, \"early_stop_triggered\": true, \"final_metric\": 0.9892578125, \"noisy_accuracy\": 0.98046875, \"noisy_aurc\": 0.0010455881711095572, \"noisy_ece\": 0.07921071350574493, \"noisy_resistance_noise_corr\": NaN, \"noisy_resistance_occlusion_corr\": NaN, \"occluded_accuracy\": 0.8662109375, \"occluded_aurc\": 0.023908911272883415, \"occluded_ece\": 0.05232521519064903, \"occluded_resistance_noise_corr\": -6.206359870475353e-08, \"occluded_resistance_occlusion_corr\": 0.7377699613571167, \"steps_run\": 350, \"total_train_time_sec\": 49.50774097442627}",
  "mode": "medium",
  "model_name": "cnn_cosine_prototype",
  "noisy_accuracy": 0.98046875,
  "noisy_aurc": 0.0010455881711095572,
  "noisy_ece": 0.07921071350574493,
  "noisy_resistance_noise_corr": NaN,
  "noisy_resistance_occlusion_corr": NaN,
  "occluded_accuracy": 0.8662109375,
  "occluded_aurc": 0.023908911272883415,
  "occluded_ece": 0.05232521519064903,
  "occluded_resistance_noise_corr": -6.206359870475353e-08,
  "occluded_resistance_occlusion_corr": 0.7377699613571167,
  "platform": "Linux-5.4.0-216-generic-x86_64-with-glibc2.31",
  "python_version": "3.10.20",
  "reason": "",
  "run_dir": "reports/pluggable_primitive_real_20260427/end_to_end_runs/20260427_045010_uncertainty_e2e_synthetic_shape_uncertainty_cnn_cosine_prototype_seed0",
  "run_id": "uncertainty_e2e_synthetic_shape_uncertainty_cnn_cosine_prototype_seed0",
  "seed": 0,
  "status": "COMPLETED",
  "steps_run": 350,
  "task_name": "end_to_end_uncertainty",
  "timestamp": "2026-04-27T04:51:00Z",
  "torch_version": "2.7.1+cu118",
  "torchvision_version": "0.22.1+cu118",
  "total_train_time_sec": 49.50774097442627
}