{
  "batch_size": 16,
  "best_metric": 0.3946785032749176,
  "bits_per_char": 5.423560262145309,
  "char_accuracy": 0.38424819707870483,
  "completed_steps": 50,
  "corruption_resistance_corr": -0.05286593735218048,
  "cuda_available": false,
  "dataset_name": "SyntheticTextEnergyDataset",
  "device": "cpu",
  "early_stop": false,
  "early_stop_step": "",
  "early_stop_triggered": false,
  "final_diagnostics": {
    "attractor_activation_mean": 0.7377805113792419,
    "attractor_activation_std": 0.08490894734859467,
    "attractor_diversity": 0.04394790530204773,
    "drive_mean": -0.06215130537748337,
    "drive_std": 1.1036583185195923,
    "energy_mean": -0.047565605491399765,
    "energy_std": 0.19617719948291779,
    "null_weight_mean": 0.5230344533920288,
    "null_weight_std": 0.4103658199310303,
    "resistance_mean": 1.2564448118209839,
    "resistance_std": 0.38168495893478394,
    "update_gate_mean": 0.0521792508661747,
    "update_gate_std": 0.045496728271245956,
    "update_strength_mean": 0.47229263186454773,
    "update_strength_std": 0.4095255136489868
  },
  "final_metric": 0.38424819707870483,
  "final_train_accuracy": 0.38424819707870483,
  "final_train_loss": 3.7593255043029785,
  "git_commit": "19568db",
  "grad_norm": 1.0574263334274292,
  "hostname": "BMW-Pro.local",
  "learning_rate": 0.001,
  "metrics_json": "{\"best_metric\": 0.3946785032749176, \"bits_per_char\": 5.423560262145309, \"char_accuracy\": 0.38424819707870483, \"completed_steps\": 50, \"corruption_resistance_corr\": -0.05286593735218048, \"early_stop_step\": \"\", \"early_stop_triggered\": false, \"final_diagnostics\": {\"attractor_activation_mean\": 0.7377805113792419, \"attractor_activation_std\": 0.08490894734859467, \"attractor_diversity\": 0.04394790530204773, \"drive_mean\": -0.06215130537748337, \"drive_std\": 1.1036583185195923, \"energy_mean\": -0.047565605491399765, \"energy_std\": 0.19617719948291779, \"null_weight_mean\": 0.5230344533920288, \"null_weight_std\": 0.4103658199310303, \"resistance_mean\": 1.2564448118209839, \"resistance_std\": 0.38168495893478394, \"update_gate_mean\": 0.0521792508661747, \"update_gate_std\": 0.045496728271245956, \"update_strength_mean\": 0.47229263186454773, \"update_strength_std\": 0.4095255136489868}, \"final_metric\": 0.38424819707870483, \"final_train_accuracy\": 0.38424819707870483, \"final_train_loss\": 3.7593255043029785, \"grad_norm\": 1.0574263334274292, \"learning_rate\": 0.001, \"next_token_loss\": 3.7593255043029785, \"peak_memory_mb\": 0.0, \"perplexity\": 42.91946721762428, \"step\": 50, \"step_time_sec\": 0.015110015869140625, \"token_accuracy\": 0.38424819707870483, \"tokens_per_sec\": 27729.951022469075, \"total_train_time_sec\": 1.0917088985443115, \"train_loss\": 3.7593255043029785, \"wall_clock_time_sec\": 1.088775873184204}",
  "min_delta": 0.0001,
  "mode": "ablation",
  "model_name": "EfficientEMLTextEncoder_window8",
  "next_token_loss": 3.7593255043029785,
  "num_params": 92950,
  "num_workers": 0,
  "patience": 20,
  "peak_memory_mb": 0.0,
  "perplexity": 42.91946721762428,
  "platform": "macOS-26.0-arm64-arm-64bit",
  "python_version": "3.12.12",
  "reason": "",
  "run_dir": "reports/runs/stabilization_ablation_cpu_20260424_155136/20260424_075204_ablation_text_window8_baseline",
  "run_id": "ablation_text_window8_baseline",
  "seed": 40,
  "seq_len": 48,
  "status": "COMPLETED",
  "step": 50,
  "step_time_sec": 0.015110015869140625,
  "steps": 50,
  "task_name": "text_synthetic",
  "timestamp": "2026-04-24T07:52:05Z",
  "token_accuracy": 0.38424819707870483,
  "tokens_per_sec": 27729.951022469075,
  "torch_version": "2.10.0",
  "torchvision_version": "unavailable",
  "total_train_time_sec": 1.0917088985443115,
  "train_loss": 3.7593255043029785,
  "trainable_params": 92950,
  "wall_clock_time_sec": 1.088775873184204
}