{
  "backbone_steps": 300,
  "batch_size": 64,
  "best_metric": 0.4296875,
  "best_step": 150,
  "clean_accuracy": 0.4010416567325592,
  "clean_brier": 0.7305006384849548,
  "clean_confidence_mean": 0.3316037952899933,
  "clean_ece": 0.06976877152919769,
  "clean_nll": 1.6443281173706055,
  "clean_positive_resistance_mean": 6.566132068634033,
  "clean_resistance_noise_corr": NaN,
  "clean_resistance_occlusion_corr": NaN,
  "clean_risk_at_100_coverage": 0.5989583730697632,
  "clean_risk_at_50_coverage": 0.5494791269302368,
  "clean_risk_at_70_coverage": 0.5687732696533203,
  "clean_risk_at_80_coverage": 0.5788618326187134,
  "clean_risk_at_90_coverage": 0.5953757166862488,
  "clean_score_name": "positive_resistance",
  "clean_selective_aurc": 0.5630918145179749,
  "clean_uncertainty_mean": 6.566132068634033,
  "clean_vs_noisy_auroc": 0.5107688903808594,
  "clean_vs_occluded_auroc": 0.4814859926700592,
  "condition_metrics_path": "reports/pluggable_uncertainty_real_20260427/runs/20260427_032456_uncertainty_cifar10_eml_no_ambiguity_seed0/uncertainty_eval.pt",
  "cuda_available": true,
  "dataset_name": "cifar10",
  "device": "cuda",
  "early_stop_min_evals": 2,
  "early_stop_patience": 4,
  "early_stop_triggered": true,
  "eval_interval": 25,
  "experiment_type": "frozen_features_uncertainty",
  "feature_dim": 64,
  "final_metric": 0.4010416567325592,
  "final_train_loss": 1.6079708337783813,
  "git_commit": "0c0b3db",
  "head_steps": 1200,
  "hostname": "user-NF5468M6",
  "metrics_json": "{\"best_metric\": 0.4296875, \"best_step\": 150, \"clean_accuracy\": 0.4010416567325592, \"clean_brier\": 0.7305006384849548, \"clean_confidence_mean\": 0.3316037952899933, \"clean_ece\": 0.06976877152919769, \"clean_nll\": 1.6443281173706055, \"clean_positive_resistance_mean\": 6.566132068634033, \"clean_resistance_noise_corr\": NaN, \"clean_resistance_occlusion_corr\": NaN, \"clean_risk_at_100_coverage\": 0.5989583730697632, \"clean_risk_at_50_coverage\": 0.5494791269302368, \"clean_risk_at_70_coverage\": 0.5687732696533203, \"clean_risk_at_80_coverage\": 0.5788618326187134, \"clean_risk_at_90_coverage\": 0.5953757166862488, \"clean_score_name\": \"positive_resistance\", \"clean_selective_aurc\": 0.5630918145179749, \"clean_uncertainty_mean\": 6.566132068634033, \"clean_vs_noisy_auroc\": 0.5107688903808594, \"clean_vs_occluded_auroc\": 0.4814859926700592, \"condition_metrics_path\": \"reports/pluggable_uncertainty_real_20260427/runs/20260427_032456_uncertainty_cifar10_eml_no_ambiguity_seed0/uncertainty_eval.pt\", \"early_stop_patience\": 4, \"early_stop_triggered\": true, \"final_metric\": 0.4010416567325592, \"final_train_loss\": 1.6079708337783813, \"noisy_accuracy\": 0.3408203125, \"noisy_brier\": 0.7474030256271362, \"noisy_confidence_mean\": 0.3337326943874359, \"noisy_ece\": 0.02689870074391365, \"noisy_nll\": 1.708402395248413, \"noisy_positive_resistance_mean\": 6.425573348999023, \"noisy_resistance_noise_corr\": NaN, \"noisy_resistance_occlusion_corr\": NaN, \"noisy_risk_at_100_coverage\": 0.6591796875, \"noisy_risk_at_50_coverage\": 0.646484375, \"noisy_risk_at_70_coverage\": 0.6429567337036133, \"noisy_risk_at_80_coverage\": 0.6402438879013062, \"noisy_risk_at_90_coverage\": 0.650759220123291, \"noisy_score_name\": \"positive_resistance\", \"noisy_selective_aurc\": 0.6411969065666199, \"noisy_uncertainty_mean\": 6.425573348999023, \"occluded_accuracy\": 0.373046875, \"occluded_brier\": 0.7470463514328003, \"occluded_confidence_mean\": 0.3321461081504822, \"occluded_ece\": 0.04369211569428444, \"occluded_nll\": 1.7184183597564697, \"occluded_positive_resistance_mean\": 6.065503120422363, \"occluded_resistance_noise_corr\": NaN, \"occluded_resistance_occlusion_corr\": NaN, \"occluded_risk_at_100_coverage\": 0.626953125, \"occluded_risk_at_50_coverage\": 0.572265625, \"occluded_risk_at_70_coverage\": 0.5969316959381104, \"occluded_risk_at_80_coverage\": 0.6012195348739624, \"occluded_risk_at_90_coverage\": 0.6117136478424072, \"occluded_score_name\": \"positive_resistance\", \"occluded_selective_aurc\": 0.5728132128715515, \"occluded_uncertainty_mean\": 6.065503120422363, \"pooled_resistance_noise_corr\": 0.01122952438890934, \"pooled_resistance_occlusion_corr\": -0.03243575990200043, \"steps_run\": 250, \"total_train_time_sec\": 14.469980239868164}",
  "mode": "uncertainty_benchmark",
  "model_class": "EMLPrototypeHeadNoAmbiguity",
  "model_name": "eml_no_ambiguity",
  "noisy_accuracy": 0.3408203125,
  "noisy_brier": 0.7474030256271362,
  "noisy_confidence_mean": 0.3337326943874359,
  "noisy_ece": 0.02689870074391365,
  "noisy_nll": 1.708402395248413,
  "noisy_positive_resistance_mean": 6.425573348999023,
  "noisy_resistance_noise_corr": NaN,
  "noisy_resistance_occlusion_corr": NaN,
  "noisy_risk_at_100_coverage": 0.6591796875,
  "noisy_risk_at_50_coverage": 0.646484375,
  "noisy_risk_at_70_coverage": 0.6429567337036133,
  "noisy_risk_at_80_coverage": 0.6402438879013062,
  "noisy_risk_at_90_coverage": 0.650759220123291,
  "noisy_score_name": "positive_resistance",
  "noisy_selective_aurc": 0.6411969065666199,
  "noisy_uncertainty_mean": 6.425573348999023,
  "num_classes": 10,
  "num_params": 18977,
  "num_workers": 0,
  "occluded_accuracy": 0.373046875,
  "occluded_brier": 0.7470463514328003,
  "occluded_confidence_mean": 0.3321461081504822,
  "occluded_ece": 0.04369211569428444,
  "occluded_nll": 1.7184183597564697,
  "occluded_positive_resistance_mean": 6.065503120422363,
  "occluded_resistance_noise_corr": NaN,
  "occluded_resistance_occlusion_corr": NaN,
  "occluded_risk_at_100_coverage": 0.626953125,
  "occluded_risk_at_50_coverage": 0.572265625,
  "occluded_risk_at_70_coverage": 0.5969316959381104,
  "occluded_risk_at_80_coverage": 0.6012195348739624,
  "occluded_risk_at_90_coverage": 0.6117136478424072,
  "occluded_score_name": "positive_resistance",
  "occluded_selective_aurc": 0.5728132128715515,
  "occluded_uncertainty_mean": 6.065503120422363,
  "platform": "Linux-5.4.0-216-generic-x86_64-with-glibc2.31",
  "pooled_resistance_noise_corr": 0.01122952438890934,
  "pooled_resistance_occlusion_corr": -0.03243575990200043,
  "python_version": "3.10.20",
  "reason": "",
  "run_dir": "reports/pluggable_uncertainty_real_20260427/runs/20260427_032456_uncertainty_cifar10_eml_no_ambiguity_seed0",
  "run_id": "uncertainty_cifar10_eml_no_ambiguity_seed0",
  "seed": 0,
  "selected_heads": [
    "linear",
    "mlp",
    "cosine_prototype",
    "eml_no_ambiguity",
    "eml_centered_ambiguity",
    "eml_supervised_resistance",
    "merc_linear",
    "merc_energy"
  ],
  "status": "COMPLETED",
  "steps_run": 250,
  "task_name": "image_uncertainty_selective_classification",
  "test_size": 1024,
  "timestamp": "2026-04-27T03:25:11Z",
  "torch_version": "2.7.1+cu118",
  "torchvision_version": "0.22.1+cu118",
  "total_train_time_sec": 14.469980239868164,
  "train_size": 4096,
  "trainable_params": 18977
}