null_weight_mean,null_weight_std
0.2220773547887802,0.0019365145126357675
