{
  "model_class": "EMLEdgeFunctionNetwork",
  "num_params": 35719,
  "target_mean": 0.010611983016133308,
  "target_std": 0.7236437201499939,
  "trainable_params": 35719
}