{
  "backbone_steps": 300,
  "batch_size": 64,
  "best_metric": 0.5,
  "best_step": 125,
  "clean_accuracy": 0.453125,
  "clean_brier": 0.7144355773925781,
  "clean_confidence_mean": 0.32190874218940735,
  "clean_ece": 0.13786163926124573,
  "clean_nll": 1.5881856679916382,
  "clean_risk_at_100_coverage": 0.546875,
  "clean_risk_at_50_coverage": 0.4244791865348816,
  "clean_risk_at_70_coverage": 0.4814126491546631,
  "clean_risk_at_80_coverage": 0.5008130073547363,
  "clean_risk_at_90_coverage": 0.5231213569641113,
  "clean_score_name": "one_minus_confidence",
  "clean_selective_aurc": 0.40557801723480225,
  "clean_uncertainty_mean": 0.678091287612915,
  "clean_vs_noisy_auroc": 0.5837376713752747,
  "clean_vs_occluded_auroc": 0.5665677189826965,
  "condition_metrics_path": "reports/uncertainty_resistance_true_earlystop_rerun_20260427/runs/20260427_022653_uncertainty_cifar10_linear_seed0/uncertainty_eval.pt",
  "cuda_available": true,
  "dataset_name": "cifar10",
  "device": "cuda",
  "early_stop_min_evals": 2,
  "early_stop_patience": 4,
  "early_stop_triggered": true,
  "eval_interval": 25,
  "experiment_type": "frozen_features_uncertainty",
  "feature_dim": 64,
  "final_metric": 0.453125,
  "final_train_loss": 1.341835856437683,
  "git_commit": "0c0b3db",
  "head_steps": 800,
  "hostname": "user-NF5468M6",
  "metrics_json": "{\"best_metric\": 0.5, \"best_step\": 125, \"clean_accuracy\": 0.453125, \"clean_brier\": 0.7144355773925781, \"clean_confidence_mean\": 0.32190874218940735, \"clean_ece\": 0.13786163926124573, \"clean_nll\": 1.5881856679916382, \"clean_risk_at_100_coverage\": 0.546875, \"clean_risk_at_50_coverage\": 0.4244791865348816, \"clean_risk_at_70_coverage\": 0.4814126491546631, \"clean_risk_at_80_coverage\": 0.5008130073547363, \"clean_risk_at_90_coverage\": 0.5231213569641113, \"clean_score_name\": \"one_minus_confidence\", \"clean_selective_aurc\": 0.40557801723480225, \"clean_uncertainty_mean\": 0.678091287612915, \"clean_vs_noisy_auroc\": 0.5837376713752747, \"clean_vs_occluded_auroc\": 0.5665677189826965, \"condition_metrics_path\": \"reports/uncertainty_resistance_true_earlystop_rerun_20260427/runs/20260427_022653_uncertainty_cifar10_linear_seed0/uncertainty_eval.pt\", \"early_stop_patience\": 4, \"early_stop_triggered\": true, \"final_metric\": 0.453125, \"final_train_loss\": 1.341835856437683, \"noisy_accuracy\": 0.390625, \"noisy_brier\": 0.7379012107849121, \"noisy_confidence_mean\": 0.30149346590042114, \"noisy_ece\": 0.09940740466117859, \"noisy_nll\": 1.6701580286026, \"noisy_risk_at_100_coverage\": 0.609375, \"noisy_risk_at_50_coverage\": 0.46875, \"noisy_risk_at_70_coverage\": 0.5271966457366943, \"noisy_risk_at_80_coverage\": 0.5536585450172424, \"noisy_risk_at_90_coverage\": 0.5835140943527222, \"noisy_score_name\": \"one_minus_confidence\", \"noisy_selective_aurc\": 0.4450182020664215, \"noisy_uncertainty_mean\": 0.6985065937042236, \"occluded_accuracy\": 0.42578125, \"occluded_brier\": 0.7381016612052917, \"occluded_confidence_mean\": 0.30467361211776733, \"occluded_ece\": 0.12110762298107147, \"occluded_nll\": 1.6744312047958374, \"occluded_risk_at_100_coverage\": 0.57421875, \"occluded_risk_at_50_coverage\": 0.4609375, \"occluded_risk_at_70_coverage\": 0.5132496356964111, \"occluded_risk_at_80_coverage\": 0.5402438640594482, \"occluded_risk_at_90_coverage\": 0.5520607233047485, \"occluded_score_name\": \"one_minus_confidence\", \"occluded_selective_aurc\": 0.4317095875740051, \"occluded_uncertainty_mean\": 0.6953263282775879, \"steps_run\": 225, \"total_train_time_sec\": 6.125448226928711}",
  "mode": "uncertainty_benchmark",
  "model_class": "LinearHead",
  "model_name": "linear",
  "noisy_accuracy": 0.390625,
  "noisy_brier": 0.7379012107849121,
  "noisy_confidence_mean": 0.30149346590042114,
  "noisy_ece": 0.09940740466117859,
  "noisy_nll": 1.6701580286026,
  "noisy_risk_at_100_coverage": 0.609375,
  "noisy_risk_at_50_coverage": 0.46875,
  "noisy_risk_at_70_coverage": 0.5271966457366943,
  "noisy_risk_at_80_coverage": 0.5536585450172424,
  "noisy_risk_at_90_coverage": 0.5835140943527222,
  "noisy_score_name": "one_minus_confidence",
  "noisy_selective_aurc": 0.4450182020664215,
  "noisy_uncertainty_mean": 0.6985065937042236,
  "num_classes": 10,
  "num_params": 650,
  "num_workers": 0,
  "occluded_accuracy": 0.42578125,
  "occluded_brier": 0.7381016612052917,
  "occluded_confidence_mean": 0.30467361211776733,
  "occluded_ece": 0.12110762298107147,
  "occluded_nll": 1.6744312047958374,
  "occluded_risk_at_100_coverage": 0.57421875,
  "occluded_risk_at_50_coverage": 0.4609375,
  "occluded_risk_at_70_coverage": 0.5132496356964111,
  "occluded_risk_at_80_coverage": 0.5402438640594482,
  "occluded_risk_at_90_coverage": 0.5520607233047485,
  "occluded_score_name": "one_minus_confidence",
  "occluded_selective_aurc": 0.4317095875740051,
  "occluded_uncertainty_mean": 0.6953263282775879,
  "platform": "Linux-5.4.0-216-generic-x86_64-with-glibc2.31",
  "python_version": "3.10.20",
  "reason": "",
  "run_dir": "reports/uncertainty_resistance_true_earlystop_rerun_20260427/runs/20260427_022653_uncertainty_cifar10_linear_seed0",
  "run_id": "uncertainty_cifar10_linear_seed0",
  "seed": 0,
  "selected_heads": [
    "linear",
    "cosine_prototype",
    "eml_no_ambiguity",
    "eml_centered_ambiguity",
    "eml_supervised_resistance",
    "merc_linear",
    "merc_energy"
  ],
  "status": "COMPLETED",
  "steps_run": 225,
  "task_name": "image_uncertainty_selective_classification",
  "test_size": 1024,
  "timestamp": "2026-04-27T02:26:59Z",
  "torch_version": "2.7.1+cu118",
  "torchvision_version": "0.22.1+cu118",
  "total_train_time_sec": 6.125448226928711,
  "train_size": 4096,
  "trainable_params": 650
}