{
  "batch_size": 64,
  "best_metric": 0.56640625,
  "best_step": 300,
  "best_val_accuracy": 0.56640625,
  "cuda_available": true,
  "dataset_name": "cifar10",
  "device": "cuda",
  "experiment_type": "frozen_features",
  "feature_dim": 64,
  "features_dir": "reports/real_cifar_20260424_165937/features/cifar10_medium_seed2",
  "final_metric": 0.53125,
  "final_train_accuracy": 0.578125,
  "final_train_loss": 1.2960832118988037,
  "git_commit": "unknown",
  "hostname": "user-NF5468M6",
  "lr": 0.001,
  "metrics_json": "{\"best_metric\": 0.56640625, \"best_step\": 300, \"best_val_accuracy\": 0.56640625, \"final_metric\": 0.53125, \"final_train_accuracy\": 0.578125, \"final_train_loss\": 1.2960832118988037, \"test_accuracy\": 0.53125, \"test_ambiguity_mean\": 0.12615180015563965, \"test_brier\": 0.6359086036682129, \"test_class_resistance_mean\": 0.20120029151439667, \"test_ece\": 0.0898146778345108, \"test_hard_negative_drive_mean\": 5.521961212158203, \"test_hard_negative_logit_mean\": 1.910384178161621, \"test_hard_negative_resistance_mean\": 0.7642166614532471, \"test_loss\": 1.4519498348236084, \"test_margin_mean\": -0.05552217736840248, \"test_nll\": 1.4519498348236084, \"test_positive_drive_mean\": 5.627445220947266, \"test_positive_logit_mean\": 1.854862093925476, \"test_positive_resistance_mean\": 0.6916859745979309, \"test_resistance_noise_corr\": NaN, \"test_resistance_occlusion_corr\": NaN, \"test_sample_uncertainty_mean\": 0.5552197694778442, \"total_train_time_sec\": 17.165735006332397, \"val_accuracy\": 0.56640625, \"val_ambiguity_mean\": 0.14408057928085327, \"val_brier\": 0.6158813834190369, \"val_class_resistance_mean\": 0.20120029151439667, \"val_ece\": 0.11291515082120895, \"val_hard_negative_drive_mean\": 5.466958999633789, \"val_hard_negative_logit_mean\": 1.9083586931228638, \"val_hard_negative_resistance_mean\": 0.7556511163711548, \"val_loss\": 1.406699776649475, \"val_margin_mean\": 0.004437459632754326, \"val_nll\": 1.406699776649475, \"val_positive_drive_mean\": 5.809044361114502, \"val_positive_logit_mean\": 1.912796139717102, \"val_positive_resistance_mean\": 0.6841127872467041, \"val_resistance_noise_corr\": NaN, \"val_resistance_occlusion_corr\": NaN, \"val_sample_uncertainty_mean\": 0.5373192429542542}",
  "mode": "head_ablation",
  "model_class": "EMLPrototypeHeadCenteredAmbiguity",
  "model_name": "eml_centered_ambiguity",
  "num_classes": 10,
  "num_params": 18977,
  "pairwise_margin": 0.0,
  "pairwise_weight": 0.0,
  "platform": "Linux-5.4.0-216-generic-x86_64-with-glibc2.31",
  "python_version": "3.10.20",
  "reason": "",
  "run_dir": "reports/real_cifar_20260424_165937/runs/20260424_090107_frozen_cifar10_eml_centered_ambiguity_seed2",
  "run_id": "frozen_cifar10_eml_centered_ambiguity_seed2",
  "seed": 2,
  "status": "COMPLETED",
  "steps": 300,
  "task_name": "image_classification",
  "test_accuracy": 0.53125,
  "test_ambiguity_mean": 0.12615180015563965,
  "test_brier": 0.6359086036682129,
  "test_class_resistance_mean": 0.20120029151439667,
  "test_ece": 0.0898146778345108,
  "test_hard_negative_drive_mean": 5.521961212158203,
  "test_hard_negative_logit_mean": 1.910384178161621,
  "test_hard_negative_resistance_mean": 0.7642166614532471,
  "test_loss": 1.4519498348236084,
  "test_margin_mean": -0.05552217736840248,
  "test_nll": 1.4519498348236084,
  "test_positive_drive_mean": 5.627445220947266,
  "test_positive_logit_mean": 1.854862093925476,
  "test_positive_resistance_mean": 0.6916859745979309,
  "test_resistance_noise_corr": NaN,
  "test_resistance_occlusion_corr": NaN,
  "test_sample_uncertainty_mean": 0.5552197694778442,
  "timestamp": "2026-04-24T09:01:24Z",
  "torch_version": "2.7.1+cu118",
  "torchvision_version": "0.22.1+cu118",
  "total_train_time_sec": 17.165735006332397,
  "trainable_params": 18977,
  "val_accuracy": 0.56640625,
  "val_ambiguity_mean": 0.14408057928085327,
  "val_brier": 0.6158813834190369,
  "val_class_resistance_mean": 0.20120029151439667,
  "val_ece": 0.11291515082120895,
  "val_hard_negative_drive_mean": 5.466958999633789,
  "val_hard_negative_logit_mean": 1.9083586931228638,
  "val_hard_negative_resistance_mean": 0.7556511163711548,
  "val_loss": 1.406699776649475,
  "val_margin_mean": 0.004437459632754326,
  "val_nll": 1.406699776649475,
  "val_positive_drive_mean": 5.809044361114502,
  "val_positive_logit_mean": 1.912796139717102,
  "val_positive_resistance_mean": 0.6841127872467041,
  "val_resistance_noise_corr": NaN,
  "val_resistance_occlusion_corr": NaN,
  "val_sample_uncertainty_mean": 0.5373192429542542
}