{
  "model_class": "EMLEdgeFunctionNetwork",
  "num_params": 35719,
  "target_mean": 0.23963944613933563,
  "target_std": 0.3626609742641449,
  "trainable_params": 35719
}