{
  "backbone_steps": 300,
  "batch_size": 64,
  "best_metric": 0.453125,
  "best_step": 50,
  "clean_accuracy": 0.39453125,
  "clean_brier": 0.75898677110672,
  "clean_confidence_mean": 0.25425153970718384,
  "clean_ece": 0.14027968049049377,
  "clean_nll": 1.742423415184021,
  "clean_positive_resistance_mean": 0.9050121903419495,
  "clean_resistance_noise_corr": NaN,
  "clean_resistance_occlusion_corr": NaN,
  "clean_risk_at_100_coverage": 0.60546875,
  "clean_risk_at_50_coverage": 0.5520833730697632,
  "clean_risk_at_70_coverage": 0.5966542959213257,
  "clean_risk_at_80_coverage": 0.6000000238418579,
  "clean_risk_at_90_coverage": 0.5939306020736694,
  "clean_score_name": "positive_resistance",
  "clean_selective_aurc": 0.5364654064178467,
  "clean_uncertainty_mean": 0.9050121903419495,
  "clean_vs_noisy_auroc": 0.4957160949707031,
  "clean_vs_occluded_auroc": 0.4846750795841217,
  "condition_metrics_path": "reports/uncertainty_resistance_true_earlystop_rerun_20260427/runs/20260427_023732_uncertainty_cifar10_eml_no_ambiguity_seed1/uncertainty_eval.pt",
  "cuda_available": true,
  "dataset_name": "cifar10",
  "device": "cuda",
  "early_stop_min_evals": 2,
  "early_stop_patience": 4,
  "early_stop_triggered": true,
  "eval_interval": 25,
  "experiment_type": "frozen_features_uncertainty",
  "feature_dim": 64,
  "final_metric": 0.39453125,
  "final_train_loss": 1.8298513889312744,
  "git_commit": "0c0b3db",
  "head_steps": 1200,
  "hostname": "user-NF5468M6",
  "metrics_json": "{\"best_metric\": 0.453125, \"best_step\": 50, \"clean_accuracy\": 0.39453125, \"clean_brier\": 0.75898677110672, \"clean_confidence_mean\": 0.25425153970718384, \"clean_ece\": 0.14027968049049377, \"clean_nll\": 1.742423415184021, \"clean_positive_resistance_mean\": 0.9050121903419495, \"clean_resistance_noise_corr\": NaN, \"clean_resistance_occlusion_corr\": NaN, \"clean_risk_at_100_coverage\": 0.60546875, \"clean_risk_at_50_coverage\": 0.5520833730697632, \"clean_risk_at_70_coverage\": 0.5966542959213257, \"clean_risk_at_80_coverage\": 0.6000000238418579, \"clean_risk_at_90_coverage\": 0.5939306020736694, \"clean_score_name\": \"positive_resistance\", \"clean_selective_aurc\": 0.5364654064178467, \"clean_uncertainty_mean\": 0.9050121903419495, \"clean_vs_noisy_auroc\": 0.4957160949707031, \"clean_vs_occluded_auroc\": 0.4846750795841217, \"condition_metrics_path\": \"reports/uncertainty_resistance_true_earlystop_rerun_20260427/runs/20260427_023732_uncertainty_cifar10_eml_no_ambiguity_seed1/uncertainty_eval.pt\", \"early_stop_patience\": 4, \"early_stop_triggered\": true, \"final_metric\": 0.39453125, \"final_train_loss\": 1.8298513889312744, \"noisy_accuracy\": 0.328125, \"noisy_brier\": 0.7936233878135681, \"noisy_confidence_mean\": 0.2498570829629898, \"noisy_ece\": 0.07826792448759079, \"noisy_nll\": 1.8620587587356567, \"noisy_positive_resistance_mean\": 0.9047747254371643, \"noisy_resistance_noise_corr\": NaN, \"noisy_resistance_occlusion_corr\": NaN, \"noisy_risk_at_100_coverage\": 0.671875, \"noisy_risk_at_50_coverage\": 0.62109375, \"noisy_risk_at_70_coverage\": 0.6415621042251587, \"noisy_risk_at_80_coverage\": 0.6585365533828735, \"noisy_risk_at_90_coverage\": 0.6659436225891113, \"noisy_score_name\": \"positive_resistance\", \"noisy_selective_aurc\": 0.5737168192863464, \"noisy_uncertainty_mean\": 0.9047747254371643, \"occluded_accuracy\": 0.3603515625, \"occluded_brier\": 0.7803945541381836, \"occluded_confidence_mean\": 0.2499871551990509, \"occluded_ece\": 0.1103643923997879, \"occluded_nll\": 1.8133825063705444, \"occluded_positive_resistance_mean\": 0.9039921760559082, \"occluded_resistance_noise_corr\": NaN, \"occluded_resistance_occlusion_corr\": NaN, \"occluded_risk_at_100_coverage\": 0.6396484375, \"occluded_risk_at_50_coverage\": 0.572265625, \"occluded_risk_at_70_coverage\": 0.60808926820755, \"occluded_risk_at_80_coverage\": 0.6170731782913208, \"occluded_risk_at_90_coverage\": 0.6268980503082275, \"occluded_score_name\": \"positive_resistance\", \"occluded_selective_aurc\": 0.5623294115066528, \"occluded_uncertainty_mean\": 0.9039921760559082, \"pooled_resistance_noise_corr\": 0.0068298447877168655, \"pooled_resistance_occlusion_corr\": -0.01748579367995262, \"steps_run\": 150, \"total_train_time_sec\": 22.051589727401733}",
  "mode": "uncertainty_benchmark",
  "model_class": "EMLPrototypeHeadNoAmbiguity",
  "model_name": "eml_no_ambiguity",
  "noisy_accuracy": 0.328125,
  "noisy_brier": 0.7936233878135681,
  "noisy_confidence_mean": 0.2498570829629898,
  "noisy_ece": 0.07826792448759079,
  "noisy_nll": 1.8620587587356567,
  "noisy_positive_resistance_mean": 0.9047747254371643,
  "noisy_resistance_noise_corr": NaN,
  "noisy_resistance_occlusion_corr": NaN,
  "noisy_risk_at_100_coverage": 0.671875,
  "noisy_risk_at_50_coverage": 0.62109375,
  "noisy_risk_at_70_coverage": 0.6415621042251587,
  "noisy_risk_at_80_coverage": 0.6585365533828735,
  "noisy_risk_at_90_coverage": 0.6659436225891113,
  "noisy_score_name": "positive_resistance",
  "noisy_selective_aurc": 0.5737168192863464,
  "noisy_uncertainty_mean": 0.9047747254371643,
  "num_classes": 10,
  "num_params": 18977,
  "num_workers": 0,
  "occluded_accuracy": 0.3603515625,
  "occluded_brier": 0.7803945541381836,
  "occluded_confidence_mean": 0.2499871551990509,
  "occluded_ece": 0.1103643923997879,
  "occluded_nll": 1.8133825063705444,
  "occluded_positive_resistance_mean": 0.9039921760559082,
  "occluded_resistance_noise_corr": NaN,
  "occluded_resistance_occlusion_corr": NaN,
  "occluded_risk_at_100_coverage": 0.6396484375,
  "occluded_risk_at_50_coverage": 0.572265625,
  "occluded_risk_at_70_coverage": 0.60808926820755,
  "occluded_risk_at_80_coverage": 0.6170731782913208,
  "occluded_risk_at_90_coverage": 0.6268980503082275,
  "occluded_score_name": "positive_resistance",
  "occluded_selective_aurc": 0.5623294115066528,
  "occluded_uncertainty_mean": 0.9039921760559082,
  "platform": "Linux-5.4.0-216-generic-x86_64-with-glibc2.31",
  "pooled_resistance_noise_corr": 0.0068298447877168655,
  "pooled_resistance_occlusion_corr": -0.01748579367995262,
  "python_version": "3.10.20",
  "reason": "",
  "run_dir": "reports/uncertainty_resistance_true_earlystop_rerun_20260427/runs/20260427_023732_uncertainty_cifar10_eml_no_ambiguity_seed1",
  "run_id": "uncertainty_cifar10_eml_no_ambiguity_seed1",
  "seed": 1,
  "selected_heads": [
    "eml_no_ambiguity",
    "eml_supervised_resistance",
    "merc_linear",
    "merc_energy"
  ],
  "status": "COMPLETED",
  "steps_run": 150,
  "task_name": "image_uncertainty_selective_classification",
  "test_size": 1024,
  "timestamp": "2026-04-27T02:37:55Z",
  "torch_version": "2.7.1+cu118",
  "torchvision_version": "0.22.1+cu118",
  "total_train_time_sec": 22.051589727401733,
  "train_size": 4096,
  "trainable_params": 18977
}