{
  "batch_size": 64,
  "best_metric": 0.4609375,
  "best_step": 300,
  "best_val_accuracy": 0.4609375,
  "cuda_available": true,
  "dataset_name": "cifar10",
  "device": "cuda",
  "early_stop_triggered": false,
  "experiment_type": "end_to_end",
  "feature_dim": 64,
  "final_metric": 0.46875,
  "final_train_accuracy": 0.546875,
  "final_train_loss": 1.3535913228988647,
  "git_commit": "unknown",
  "head_name": "eml_centered_ambiguity",
  "hostname": "user-NF5468M6",
  "loss_mode": "ce",
  "lr": 0.001,
  "metrics_json": "{\"best_metric\": 0.4609375, \"best_step\": 300, \"best_val_accuracy\": 0.4609375, \"early_stop_triggered\": false, \"final_metric\": 0.46875, \"final_train_accuracy\": 0.546875, \"final_train_loss\": 1.3535913228988647, \"steps_run\": 300, \"test_accuracy\": 0.46875, \"test_ambiguity_mean\": 0.9433885216712952, \"test_brier\": 0.7038761377334595, \"test_class_resistance_mean\": 0.20020852982997894, \"test_ece\": 0.096710205078125, \"test_hard_negative_drive_mean\": 6.009389877319336, \"test_hard_negative_logit_mean\": 2.240011215209961, \"test_hard_negative_resistance_mean\": 0.862711489200592, \"test_loss\": 1.6182332038879395, \"test_margin_mean\": -0.42968738079071045, \"test_nll\": 1.6182332038879395, \"test_positive_drive_mean\": 4.882734298706055, \"test_positive_logit_mean\": 1.81032395362854, \"test_positive_resistance_mean\": 0.7857077121734619, \"test_resistance_noise_corr\": NaN, \"test_resistance_occlusion_corr\": NaN, \"test_sample_uncertainty_mean\": 0.0002697700692806393, \"total_train_time_sec\": 20.753912687301636, \"val_accuracy\": 0.4609375, \"val_ambiguity_mean\": 0.956630527973175, \"val_brier\": 0.7010618448257446, \"val_class_resistance_mean\": 0.20020852982997894, \"val_ece\": 0.06250353902578354, \"val_hard_negative_drive_mean\": 6.045955657958984, \"val_hard_negative_logit_mean\": 2.254007339477539, \"val_hard_negative_resistance_mean\": 0.8530701398849487, \"val_loss\": 1.5812046527862549, \"val_margin_mean\": -0.4067774713039398, \"val_nll\": 1.5812046527862549, \"val_positive_drive_mean\": 5.056143760681152, \"val_positive_logit_mean\": 1.8472299575805664, \"val_positive_resistance_mean\": 0.8102002143859863, \"val_resistance_noise_corr\": NaN, \"val_resistance_occlusion_corr\": NaN, \"val_sample_uncertainty_mean\": 0.00022221761173568666}",
  "mode": "head_ablation",
  "model_class": "CNNHeadModel",
  "model_name": "eml_centered_ambiguity",
  "num_classes": 10,
  "num_params": 167233,
  "pairwise_margin": 0.0,
  "pairwise_weight": 0.0,
  "platform": "Linux-5.4.0-216-generic-x86_64-with-glibc2.31",
  "python_version": "3.10.20",
  "reason": "",
  "run_dir": "reports/merc_end_to_end_rerun/runs/20260425_035752_e2e_cifar10_eml_centered_ambiguity_ce_seed2",
  "run_id": "e2e_cifar10_eml_centered_ambiguity_ce_seed2",
  "seed": 2,
  "status": "COMPLETED",
  "steps": 300,
  "steps_run": 300,
  "task_name": "image_classification",
  "test_accuracy": 0.46875,
  "test_ambiguity_mean": 0.9433885216712952,
  "test_brier": 0.7038761377334595,
  "test_class_resistance_mean": 0.20020852982997894,
  "test_ece": 0.096710205078125,
  "test_hard_negative_drive_mean": 6.009389877319336,
  "test_hard_negative_logit_mean": 2.240011215209961,
  "test_hard_negative_resistance_mean": 0.862711489200592,
  "test_loss": 1.6182332038879395,
  "test_margin_mean": -0.42968738079071045,
  "test_nll": 1.6182332038879395,
  "test_positive_drive_mean": 4.882734298706055,
  "test_positive_logit_mean": 1.81032395362854,
  "test_positive_resistance_mean": 0.7857077121734619,
  "test_resistance_noise_corr": NaN,
  "test_resistance_occlusion_corr": NaN,
  "test_sample_uncertainty_mean": 0.0002697700692806393,
  "timestamp": "2026-04-25T03:58:13Z",
  "torch_version": "2.7.1+cu118",
  "torchvision_version": "0.22.1+cu118",
  "total_train_time_sec": 20.753912687301636,
  "trainable_params": 167233,
  "use_eml_residual_bank": false,
  "use_merc_block": false,
  "val_accuracy": 0.4609375,
  "val_ambiguity_mean": 0.956630527973175,
  "val_brier": 0.7010618448257446,
  "val_class_resistance_mean": 0.20020852982997894,
  "val_ece": 0.06250353902578354,
  "val_hard_negative_drive_mean": 6.045955657958984,
  "val_hard_negative_logit_mean": 2.254007339477539,
  "val_hard_negative_resistance_mean": 0.8530701398849487,
  "val_loss": 1.5812046527862549,
  "val_margin_mean": -0.4067774713039398,
  "val_nll": 1.5812046527862549,
  "val_positive_drive_mean": 5.056143760681152,
  "val_positive_logit_mean": 1.8472299575805664,
  "val_positive_resistance_mean": 0.8102002143859863,
  "val_resistance_noise_corr": NaN,
  "val_resistance_occlusion_corr": NaN,
  "val_sample_uncertainty_mean": 0.00022221761173568666
}