{
  "backbone_steps": 300,
  "batch_size": 64,
  "best_metric": 0.203125,
  "best_step": 25,
  "clean_accuracy": 0.1796875,
  "clean_brier": 0.8566120266914368,
  "clean_confidence_mean": 0.15473708510398865,
  "clean_conflict_resistance_corr": NaN,
  "clean_conflict_score_mean": 0.5022656321525574,
  "clean_ece": 0.034120358526706696,
  "clean_nll": 2.0796914100646973,
  "clean_positive_resistance_mean": 0.47405198216438293,
  "clean_resistance_noise_corr": NaN,
  "clean_resistance_occlusion_corr": NaN,
  "clean_risk_at_100_coverage": 0.8203125,
  "clean_risk_at_50_coverage": 0.8020833134651184,
  "clean_risk_at_70_coverage": 0.8104089498519897,
  "clean_risk_at_80_coverage": 0.7983739972114563,
  "clean_risk_at_90_coverage": 0.8005779981613159,
  "clean_score_name": "positive_resistance",
  "clean_selective_aurc": 0.8324478268623352,
  "clean_support_score_mean": 0.9927988052368164,
  "clean_uncertainty_mean": 0.47405198216438293,
  "clean_vs_noisy_auroc": 0.5234349370002747,
  "clean_vs_occluded_auroc": 0.5453745722770691,
  "condition_metrics_path": "reports/pluggable_primitive_real_20260427/frozen_runs/20260427_042022_uncertainty_cifar10_merc_energy_seed2/uncertainty_eval.pt",
  "cuda_available": true,
  "dataset_name": "cifar10",
  "device": "cuda",
  "early_stop_min_evals": 2,
  "early_stop_patience": 4,
  "early_stop_triggered": true,
  "eval_interval": 25,
  "experiment_type": "frozen_features_uncertainty",
  "feature_dim": 64,
  "final_metric": 0.1796875,
  "final_train_loss": 1.7481722831726074,
  "git_commit": "0c0b3db",
  "head_steps": 1200,
  "hostname": "user-NF5468M6",
  "metrics_json": "{\"best_metric\": 0.203125, \"best_step\": 25, \"clean_accuracy\": 0.1796875, \"clean_brier\": 0.8566120266914368, \"clean_confidence_mean\": 0.15473708510398865, \"clean_conflict_resistance_corr\": NaN, \"clean_conflict_score_mean\": 0.5022656321525574, \"clean_ece\": 0.034120358526706696, \"clean_nll\": 2.0796914100646973, \"clean_positive_resistance_mean\": 0.47405198216438293, \"clean_resistance_noise_corr\": NaN, \"clean_resistance_occlusion_corr\": NaN, \"clean_risk_at_100_coverage\": 0.8203125, \"clean_risk_at_50_coverage\": 0.8020833134651184, \"clean_risk_at_70_coverage\": 0.8104089498519897, \"clean_risk_at_80_coverage\": 0.7983739972114563, \"clean_risk_at_90_coverage\": 0.8005779981613159, \"clean_score_name\": \"positive_resistance\", \"clean_selective_aurc\": 0.8324478268623352, \"clean_support_score_mean\": 0.9927988052368164, \"clean_uncertainty_mean\": 0.47405198216438293, \"clean_vs_noisy_auroc\": 0.5234349370002747, \"clean_vs_occluded_auroc\": 0.5453745722770691, \"condition_metrics_path\": \"reports/pluggable_primitive_real_20260427/frozen_runs/20260427_042022_uncertainty_cifar10_merc_energy_seed2/uncertainty_eval.pt\", \"early_stop_patience\": 4, \"early_stop_triggered\": true, \"final_metric\": 0.1796875, \"final_train_loss\": 1.7481722831726074, \"noisy_accuracy\": 0.177734375, \"noisy_brier\": 0.866058349609375, \"noisy_confidence_mean\": 0.1566224843263626, \"noisy_conflict_resistance_corr\": NaN, \"noisy_conflict_score_mean\": 0.4709390699863434, \"noisy_ece\": 0.02111188881099224, \"noisy_nll\": 2.1263203620910645, \"noisy_positive_resistance_mean\": 0.5054569244384766, \"noisy_resistance_noise_corr\": NaN, \"noisy_resistance_occlusion_corr\": NaN, \"noisy_risk_at_100_coverage\": 0.822265625, \"noisy_risk_at_50_coverage\": 0.78515625, \"noisy_risk_at_70_coverage\": 0.8075313568115234, \"noisy_risk_at_80_coverage\": 0.7878048419952393, \"noisy_risk_at_90_coverage\": 0.802603006362915, \"noisy_score_name\": \"positive_resistance\", \"noisy_selective_aurc\": 0.8016679286956787, \"noisy_support_score_mean\": 1.012418270111084, \"noisy_uncertainty_mean\": 0.5054569244384766, \"occluded_accuracy\": 0.185546875, \"occluded_brier\": 0.8606386780738831, \"occluded_confidence_mean\": 0.15164390206336975, \"occluded_conflict_resistance_corr\": NaN, \"occluded_conflict_score_mean\": 0.48218098282814026, \"occluded_ece\": 0.033902958035469055, \"occluded_nll\": 2.1011459827423096, \"occluded_positive_resistance_mean\": 0.49773624539375305, \"occluded_resistance_noise_corr\": NaN, \"occluded_resistance_occlusion_corr\": NaN, \"occluded_risk_at_100_coverage\": 0.814453125, \"occluded_risk_at_50_coverage\": 0.779296875, \"occluded_risk_at_70_coverage\": 0.7866108417510986, \"occluded_risk_at_80_coverage\": 0.790243923664093, \"occluded_risk_at_90_coverage\": 0.7939262390136719, \"occluded_score_name\": \"positive_resistance\", \"occluded_selective_aurc\": 0.804739773273468, \"occluded_support_score_mean\": 0.9984059929847717, \"occluded_uncertainty_mean\": 0.49773624539375305, \"pooled_conflict_resistance_corr\": -0.09932557493448257, \"pooled_resistance_noise_corr\": 0.04612927511334419, \"pooled_resistance_occlusion_corr\": 0.014812655746936798, \"steps_run\": 125, \"total_train_time_sec\": 3.2538487911224365}",
  "mode": "uncertainty_benchmark",
  "model_class": "MERCHeadClassEnergy",
  "model_name": "merc_energy",
  "noisy_accuracy": 0.177734375,
  "noisy_brier": 0.866058349609375,
  "noisy_confidence_mean": 0.1566224843263626,
  "noisy_conflict_resistance_corr": NaN,
  "noisy_conflict_score_mean": 0.4709390699863434,
  "noisy_ece": 0.02111188881099224,
  "noisy_nll": 2.1263203620910645,
  "noisy_positive_resistance_mean": 0.5054569244384766,
  "noisy_resistance_noise_corr": NaN,
  "noisy_resistance_occlusion_corr": NaN,
  "noisy_risk_at_100_coverage": 0.822265625,
  "noisy_risk_at_50_coverage": 0.78515625,
  "noisy_risk_at_70_coverage": 0.8075313568115234,
  "noisy_risk_at_80_coverage": 0.7878048419952393,
  "noisy_risk_at_90_coverage": 0.802603006362915,
  "noisy_score_name": "positive_resistance",
  "noisy_selective_aurc": 0.8016679286956787,
  "noisy_support_score_mean": 1.012418270111084,
  "noisy_uncertainty_mean": 0.5054569244384766,
  "num_classes": 10,
  "num_params": 93202,
  "num_workers": 0,
  "occluded_accuracy": 0.185546875,
  "occluded_brier": 0.8606386780738831,
  "occluded_confidence_mean": 0.15164390206336975,
  "occluded_conflict_resistance_corr": NaN,
  "occluded_conflict_score_mean": 0.48218098282814026,
  "occluded_ece": 0.033902958035469055,
  "occluded_nll": 2.1011459827423096,
  "occluded_positive_resistance_mean": 0.49773624539375305,
  "occluded_resistance_noise_corr": NaN,
  "occluded_resistance_occlusion_corr": NaN,
  "occluded_risk_at_100_coverage": 0.814453125,
  "occluded_risk_at_50_coverage": 0.779296875,
  "occluded_risk_at_70_coverage": 0.7866108417510986,
  "occluded_risk_at_80_coverage": 0.790243923664093,
  "occluded_risk_at_90_coverage": 0.7939262390136719,
  "occluded_score_name": "positive_resistance",
  "occluded_selective_aurc": 0.804739773273468,
  "occluded_support_score_mean": 0.9984059929847717,
  "occluded_uncertainty_mean": 0.49773624539375305,
  "platform": "Linux-5.4.0-216-generic-x86_64-with-glibc2.31",
  "pooled_conflict_resistance_corr": -0.09932557493448257,
  "pooled_resistance_noise_corr": 0.04612927511334419,
  "pooled_resistance_occlusion_corr": 0.014812655746936798,
  "python_version": "3.10.20",
  "reason": "",
  "run_dir": "reports/pluggable_primitive_real_20260427/frozen_runs/20260427_042022_uncertainty_cifar10_merc_energy_seed2",
  "run_id": "uncertainty_cifar10_merc_energy_seed2",
  "seed": 2,
  "selected_heads": [
    "linear",
    "mlp",
    "cosine_prototype",
    "eml_no_ambiguity",
    "eml_centered_ambiguity",
    "eml_supervised_resistance",
    "merc_linear",
    "merc_energy"
  ],
  "status": "COMPLETED",
  "steps_run": 125,
  "task_name": "image_uncertainty_selective_classification",
  "test_size": 1024,
  "timestamp": "2026-04-27T04:20:26Z",
  "torch_version": "2.7.1+cu118",
  "torchvision_version": "0.22.1+cu118",
  "total_train_time_sec": 3.2538487911224365,
  "train_size": 4096,
  "trainable_params": 93202
}