{
  "batch_size": 64,
  "best_metric": 0.984375,
  "best_step": 25,
  "clean_accuracy": 0.99609375,
  "clean_brier": 0.5171083807945251,
  "clean_confidence_mean": 0.3592905104160309,
  "clean_ece": 0.6368032097816467,
  "clean_nll": 1.0354881286621094,
  "clean_positive_resistance_mean": 0.8960626125335693,
  "clean_resistance_noise_corr": -1.5158184396568686e-06,
  "clean_resistance_occlusion_corr": NaN,
  "clean_risk_at_100_coverage": 0.00390625,
  "clean_risk_at_50_coverage": 0.002604186534881592,
  "clean_risk_at_70_coverage": 0.003717482089996338,
  "clean_risk_at_80_coverage": 0.0032520294189453125,
  "clean_risk_at_90_coverage": 0.002890169620513916,
  "clean_score_name": "positive_resistance",
  "clean_selective_aurc": 0.0029026640113443136,
  "clean_uncertainty_mean": 0.8960626125335693,
  "clean_vs_noisy_auroc": 0.5116386413574219,
  "clean_vs_occluded_auroc": 0.43963751196861267,
  "condition_metrics_path": "reports/uncertainty_resistance_true_20260427/runs/20260427_015409_uncertainty_synthetic_shape_eml_no_ambiguity_seed1/uncertainty_eval.pt",
  "cuda_available": true,
  "dataset_name": "synthetic_shape",
  "device": "cuda",
  "early_stop_patience": 4,
  "early_stop_triggered": true,
  "experiment_type": "frozen_features_uncertainty",
  "feature_dim": 64,
  "final_metric": 0.99609375,
  "final_train_loss": 0.39048299193382263,
  "git_commit": "0c0b3db",
  "hostname": "user-NF5468M6",
  "metrics_json": "{\"best_metric\": 0.984375, \"best_step\": 25, \"clean_accuracy\": 0.99609375, \"clean_brier\": 0.5171083807945251, \"clean_confidence_mean\": 0.3592905104160309, \"clean_ece\": 0.6368032097816467, \"clean_nll\": 1.0354881286621094, \"clean_positive_resistance_mean\": 0.8960626125335693, \"clean_resistance_noise_corr\": -1.5158184396568686e-06, \"clean_resistance_occlusion_corr\": NaN, \"clean_risk_at_100_coverage\": 0.00390625, \"clean_risk_at_50_coverage\": 0.002604186534881592, \"clean_risk_at_70_coverage\": 0.003717482089996338, \"clean_risk_at_80_coverage\": 0.0032520294189453125, \"clean_risk_at_90_coverage\": 0.002890169620513916, \"clean_score_name\": \"positive_resistance\", \"clean_selective_aurc\": 0.0029026640113443136, \"clean_uncertainty_mean\": 0.8960626125335693, \"clean_vs_noisy_auroc\": 0.5116386413574219, \"clean_vs_occluded_auroc\": 0.43963751196861267, \"condition_metrics_path\": \"reports/uncertainty_resistance_true_20260427/runs/20260427_015409_uncertainty_synthetic_shape_eml_no_ambiguity_seed1/uncertainty_eval.pt\", \"early_stop_patience\": 4, \"early_stop_triggered\": true, \"final_metric\": 0.99609375, \"final_train_loss\": 0.39048299193382263, \"noisy_accuracy\": 0.9765625, \"noisy_brier\": 0.525565505027771, \"noisy_confidence_mean\": 0.35650283098220825, \"noisy_ece\": 0.620059609413147, \"noisy_nll\": 1.0519160032272339, \"noisy_positive_resistance_mean\": 0.8960118293762207, \"noisy_resistance_noise_corr\": NaN, \"noisy_resistance_occlusion_corr\": NaN, \"noisy_risk_at_100_coverage\": 0.0234375, \"noisy_risk_at_50_coverage\": 0.017578125, \"noisy_risk_at_70_coverage\": 0.0251045823097229, \"noisy_risk_at_80_coverage\": 0.02317070960998535, \"noisy_risk_at_90_coverage\": 0.020607352256774902, \"noisy_score_name\": \"positive_resistance\", \"noisy_selective_aurc\": 0.01788194663822651, \"noisy_uncertainty_mean\": 0.8960118293762207, \"occluded_accuracy\": 0.8896484375, \"occluded_brier\": 0.554642379283905, \"occluded_confidence_mean\": 0.3450937867164612, \"occluded_ece\": 0.5445547103881836, \"occluded_nll\": 1.1118053197860718, \"occluded_positive_resistance_mean\": 0.8901684284210205, \"occluded_resistance_noise_corr\": -9.269178491422281e-08, \"occluded_resistance_occlusion_corr\": -0.07543839514255524, \"occluded_risk_at_100_coverage\": 0.1103515625, \"occluded_risk_at_50_coverage\": 0.16796875, \"occluded_risk_at_70_coverage\": 0.13249653577804565, \"occluded_risk_at_80_coverage\": 0.12926828861236572, \"occluded_risk_at_90_coverage\": 0.11930584907531738, \"occluded_score_name\": \"positive_resistance\", \"occluded_selective_aurc\": 0.10120126605033875, \"occluded_uncertainty_mean\": 0.8901684284210205, \"pooled_resistance_noise_corr\": 0.05225749686360359, \"pooled_resistance_occlusion_corr\": -0.08258695900440216, \"steps_run\": 125, \"total_train_time_sec\": 3.694249153137207}",
  "mode": "uncertainty_benchmark",
  "model_class": "EMLPrototypeHeadNoAmbiguity",
  "model_name": "eml_no_ambiguity",
  "noisy_accuracy": 0.9765625,
  "noisy_brier": 0.525565505027771,
  "noisy_confidence_mean": 0.35650283098220825,
  "noisy_ece": 0.620059609413147,
  "noisy_nll": 1.0519160032272339,
  "noisy_positive_resistance_mean": 0.8960118293762207,
  "noisy_resistance_noise_corr": NaN,
  "noisy_resistance_occlusion_corr": NaN,
  "noisy_risk_at_100_coverage": 0.0234375,
  "noisy_risk_at_50_coverage": 0.017578125,
  "noisy_risk_at_70_coverage": 0.0251045823097229,
  "noisy_risk_at_80_coverage": 0.02317070960998535,
  "noisy_risk_at_90_coverage": 0.020607352256774902,
  "noisy_score_name": "positive_resistance",
  "noisy_selective_aurc": 0.01788194663822651,
  "noisy_uncertainty_mean": 0.8960118293762207,
  "num_classes": 5,
  "num_params": 18002,
  "num_workers": 0,
  "occluded_accuracy": 0.8896484375,
  "occluded_brier": 0.554642379283905,
  "occluded_confidence_mean": 0.3450937867164612,
  "occluded_ece": 0.5445547103881836,
  "occluded_nll": 1.1118053197860718,
  "occluded_positive_resistance_mean": 0.8901684284210205,
  "occluded_resistance_noise_corr": -9.269178491422281e-08,
  "occluded_resistance_occlusion_corr": -0.07543839514255524,
  "occluded_risk_at_100_coverage": 0.1103515625,
  "occluded_risk_at_50_coverage": 0.16796875,
  "occluded_risk_at_70_coverage": 0.13249653577804565,
  "occluded_risk_at_80_coverage": 0.12926828861236572,
  "occluded_risk_at_90_coverage": 0.11930584907531738,
  "occluded_score_name": "positive_resistance",
  "occluded_selective_aurc": 0.10120126605033875,
  "occluded_uncertainty_mean": 0.8901684284210205,
  "platform": "Linux-5.4.0-216-generic-x86_64-with-glibc2.31",
  "pooled_resistance_noise_corr": 0.05225749686360359,
  "pooled_resistance_occlusion_corr": -0.08258695900440216,
  "python_version": "3.10.20",
  "reason": "",
  "run_dir": "reports/uncertainty_resistance_true_20260427/runs/20260427_015409_uncertainty_synthetic_shape_eml_no_ambiguity_seed1",
  "run_id": "uncertainty_synthetic_shape_eml_no_ambiguity_seed1",
  "seed": 1,
  "status": "COMPLETED",
  "steps_run": 125,
  "task_name": "image_uncertainty_selective_classification",
  "test_size": 1024,
  "timestamp": "2026-04-27T01:54:13Z",
  "torch_version": "2.7.1+cu118",
  "torchvision_version": "0.22.1+cu118",
  "total_train_time_sec": 3.694249153137207,
  "train_size": 4096,
  "trainable_params": 18002
}