{
  "backbone_steps": 300,
  "batch_size": 64,
  "best_metric": 0.515625,
  "best_step": 400,
  "clean_accuracy": 0.4739583432674408,
  "clean_brier": 0.6789677739143372,
  "clean_confidence_mean": 0.5162063241004944,
  "clean_conflict_resistance_corr": NaN,
  "clean_conflict_score_mean": 0.48346206545829773,
  "clean_ece": 0.06211157888174057,
  "clean_nll": 1.5133051872253418,
  "clean_positive_resistance_mean": 0.7075254321098328,
  "clean_resistance_noise_corr": NaN,
  "clean_resistance_occlusion_corr": NaN,
  "clean_risk_at_100_coverage": 0.5260416269302368,
  "clean_risk_at_50_coverage": 0.5755208730697632,
  "clean_risk_at_70_coverage": 0.5501858592033386,
  "clean_risk_at_80_coverage": 0.5268292427062988,
  "clean_risk_at_90_coverage": 0.5346820950508118,
  "clean_score_name": "positive_resistance",
  "clean_selective_aurc": 0.5307025909423828,
  "clean_support_score_mean": 0.8309250473976135,
  "clean_uncertainty_mean": 0.7075254321098328,
  "clean_vs_noisy_auroc": 0.49511972069740295,
  "clean_vs_occluded_auroc": 0.4867312014102936,
  "condition_metrics_path": "reports/pluggable_uncertainty_real_20260427/runs/20260427_032540_uncertainty_cifar10_merc_linear_seed0/uncertainty_eval.pt",
  "cuda_available": true,
  "dataset_name": "cifar10",
  "device": "cuda",
  "early_stop_min_evals": 2,
  "early_stop_patience": 4,
  "early_stop_triggered": true,
  "eval_interval": 25,
  "experiment_type": "frozen_features_uncertainty",
  "feature_dim": 64,
  "final_metric": 0.4739583432674408,
  "final_train_loss": 1.296090006828308,
  "git_commit": "0c0b3db",
  "head_steps": 1200,
  "hostname": "user-NF5468M6",
  "metrics_json": "{\"best_metric\": 0.515625, \"best_step\": 400, \"clean_accuracy\": 0.4739583432674408, \"clean_brier\": 0.6789677739143372, \"clean_confidence_mean\": 0.5162063241004944, \"clean_conflict_resistance_corr\": NaN, \"clean_conflict_score_mean\": 0.48346206545829773, \"clean_ece\": 0.06211157888174057, \"clean_nll\": 1.5133051872253418, \"clean_positive_resistance_mean\": 0.7075254321098328, \"clean_resistance_noise_corr\": NaN, \"clean_resistance_occlusion_corr\": NaN, \"clean_risk_at_100_coverage\": 0.5260416269302368, \"clean_risk_at_50_coverage\": 0.5755208730697632, \"clean_risk_at_70_coverage\": 0.5501858592033386, \"clean_risk_at_80_coverage\": 0.5268292427062988, \"clean_risk_at_90_coverage\": 0.5346820950508118, \"clean_score_name\": \"positive_resistance\", \"clean_selective_aurc\": 0.5307025909423828, \"clean_support_score_mean\": 0.8309250473976135, \"clean_uncertainty_mean\": 0.7075254321098328, \"clean_vs_noisy_auroc\": 0.49511972069740295, \"clean_vs_occluded_auroc\": 0.4867312014102936, \"condition_metrics_path\": \"reports/pluggable_uncertainty_real_20260427/runs/20260427_032540_uncertainty_cifar10_merc_linear_seed0/uncertainty_eval.pt\", \"early_stop_patience\": 4, \"early_stop_triggered\": true, \"final_metric\": 0.4739583432674408, \"final_train_loss\": 1.296090006828308, \"noisy_accuracy\": 0.42578125, \"noisy_brier\": 0.7039928436279297, \"noisy_confidence_mean\": 0.49012473225593567, \"noisy_conflict_resistance_corr\": NaN, \"noisy_conflict_score_mean\": 0.5047351121902466, \"noisy_ece\": 0.06570170819759369, \"noisy_nll\": 1.5891246795654297, \"noisy_positive_resistance_mean\": 0.7016915678977966, \"noisy_resistance_noise_corr\": NaN, \"noisy_resistance_occlusion_corr\": NaN, \"noisy_risk_at_100_coverage\": 0.57421875, \"noisy_risk_at_50_coverage\": 0.658203125, \"noisy_risk_at_70_coverage\": 0.6178521513938904, \"noisy_risk_at_80_coverage\": 0.585365891456604, \"noisy_risk_at_90_coverage\": 0.5802602767944336, \"noisy_score_name\": \"positive_resistance\", \"noisy_selective_aurc\": 0.6215788722038269, \"noisy_support_score_mean\": 0.9800766706466675, \"noisy_uncertainty_mean\": 0.7016915678977966, \"occluded_accuracy\": 0.439453125, \"occluded_brier\": 0.7102237939834595, \"occluded_confidence_mean\": 0.5048640966415405, \"occluded_conflict_resistance_corr\": NaN, \"occluded_conflict_score_mean\": 0.4199903607368469, \"occluded_ece\": 0.0735994279384613, \"occluded_nll\": 1.651017665863037, \"occluded_positive_resistance_mean\": 0.6993316411972046, \"occluded_resistance_noise_corr\": NaN, \"occluded_resistance_occlusion_corr\": NaN, \"occluded_risk_at_100_coverage\": 0.560546875, \"occluded_risk_at_50_coverage\": 0.587890625, \"occluded_risk_at_70_coverage\": 0.5760111808776855, \"occluded_risk_at_80_coverage\": 0.5512195229530334, \"occluded_risk_at_90_coverage\": 0.5629067420959473, \"occluded_score_name\": \"positive_resistance\", \"occluded_selective_aurc\": 0.5473851561546326, \"occluded_support_score_mean\": 0.892633855342865, \"occluded_uncertainty_mean\": 0.6993316411972046, \"pooled_conflict_resistance_corr\": 0.07752247154712677, \"pooled_resistance_noise_corr\": -0.003842734033241868, \"pooled_resistance_occlusion_corr\": -0.016216933727264404, \"steps_run\": 500, \"total_train_time_sec\": 52.48383903503418}",
  "mode": "uncertainty_benchmark",
  "model_class": "MERCHeadLinearReadout",
  "model_name": "merc_linear",
  "noisy_accuracy": 0.42578125,
  "noisy_brier": 0.7039928436279297,
  "noisy_confidence_mean": 0.49012473225593567,
  "noisy_conflict_resistance_corr": NaN,
  "noisy_conflict_score_mean": 0.5047351121902466,
  "noisy_ece": 0.06570170819759369,
  "noisy_nll": 1.5891246795654297,
  "noisy_positive_resistance_mean": 0.7016915678977966,
  "noisy_resistance_noise_corr": NaN,
  "noisy_resistance_occlusion_corr": NaN,
  "noisy_risk_at_100_coverage": 0.57421875,
  "noisy_risk_at_50_coverage": 0.658203125,
  "noisy_risk_at_70_coverage": 0.6178521513938904,
  "noisy_risk_at_80_coverage": 0.585365891456604,
  "noisy_risk_at_90_coverage": 0.5802602767944336,
  "noisy_score_name": "positive_resistance",
  "noisy_selective_aurc": 0.6215788722038269,
  "noisy_support_score_mean": 0.9800766706466675,
  "noisy_uncertainty_mean": 0.7016915678977966,
  "num_classes": 10,
  "num_params": 93202,
  "num_workers": 0,
  "occluded_accuracy": 0.439453125,
  "occluded_brier": 0.7102237939834595,
  "occluded_confidence_mean": 0.5048640966415405,
  "occluded_conflict_resistance_corr": NaN,
  "occluded_conflict_score_mean": 0.4199903607368469,
  "occluded_ece": 0.0735994279384613,
  "occluded_nll": 1.651017665863037,
  "occluded_positive_resistance_mean": 0.6993316411972046,
  "occluded_resistance_noise_corr": NaN,
  "occluded_resistance_occlusion_corr": NaN,
  "occluded_risk_at_100_coverage": 0.560546875,
  "occluded_risk_at_50_coverage": 0.587890625,
  "occluded_risk_at_70_coverage": 0.5760111808776855,
  "occluded_risk_at_80_coverage": 0.5512195229530334,
  "occluded_risk_at_90_coverage": 0.5629067420959473,
  "occluded_score_name": "positive_resistance",
  "occluded_selective_aurc": 0.5473851561546326,
  "occluded_support_score_mean": 0.892633855342865,
  "occluded_uncertainty_mean": 0.6993316411972046,
  "platform": "Linux-5.4.0-216-generic-x86_64-with-glibc2.31",
  "pooled_conflict_resistance_corr": 0.07752247154712677,
  "pooled_resistance_noise_corr": -0.003842734033241868,
  "pooled_resistance_occlusion_corr": -0.016216933727264404,
  "python_version": "3.10.20",
  "reason": "",
  "run_dir": "reports/pluggable_uncertainty_real_20260427/runs/20260427_032540_uncertainty_cifar10_merc_linear_seed0",
  "run_id": "uncertainty_cifar10_merc_linear_seed0",
  "seed": 0,
  "selected_heads": [
    "linear",
    "mlp",
    "cosine_prototype",
    "eml_no_ambiguity",
    "eml_centered_ambiguity",
    "eml_supervised_resistance",
    "merc_linear",
    "merc_energy"
  ],
  "status": "COMPLETED",
  "steps_run": 500,
  "task_name": "image_uncertainty_selective_classification",
  "test_size": 1024,
  "timestamp": "2026-04-27T03:26:33Z",
  "torch_version": "2.7.1+cu118",
  "torchvision_version": "0.22.1+cu118",
  "total_train_time_sec": 52.48383903503418,
  "train_size": 4096,
  "trainable_params": 93202
}