{
  "backbone_steps": 300,
  "batch_size": 64,
  "best_metric": 0.9765625,
  "best_step": 25,
  "clean_accuracy": 0.9934895634651184,
  "clean_brier": 0.5112704634666443,
  "clean_confidence_mean": 0.3633366823196411,
  "clean_ece": 0.6301529407501221,
  "clean_nll": 1.0251617431640625,
  "clean_positive_resistance_mean": 0.268086314201355,
  "clean_resistance_noise_corr": 3.4000617432639046e-08,
  "clean_resistance_occlusion_corr": NaN,
  "clean_risk_at_100_coverage": 0.006510436534881592,
  "clean_risk_at_50_coverage": 0.0,
  "clean_risk_at_70_coverage": 0.0,
  "clean_risk_at_80_coverage": 0.0016260147094726562,
  "clean_risk_at_90_coverage": 0.002890169620513916,
  "clean_score_name": "positive_resistance",
  "clean_selective_aurc": 0.0005571203655563295,
  "clean_uncertainty_mean": 0.268086314201355,
  "clean_vs_noisy_auroc": 0.4316190183162689,
  "clean_vs_occluded_auroc": 0.5529581904411316,
  "condition_metrics_path": "reports/pluggable_primitive_real_20260427/frozen_runs/20260427_041456_uncertainty_synthetic_shape_eml_centered_ambiguity_seed2/uncertainty_eval.pt",
  "cuda_available": true,
  "dataset_name": "synthetic_shape",
  "device": "cuda",
  "early_stop_min_evals": 2,
  "early_stop_patience": 4,
  "early_stop_triggered": true,
  "eval_interval": 25,
  "experiment_type": "frozen_features_uncertainty",
  "feature_dim": 64,
  "final_metric": 0.9934895634651184,
  "final_train_loss": 0.9125580787658691,
  "git_commit": "0c0b3db",
  "head_steps": 1200,
  "hostname": "user-NF5468M6",
  "metrics_json": "{\"best_metric\": 0.9765625, \"best_step\": 25, \"clean_accuracy\": 0.9934895634651184, \"clean_brier\": 0.5112704634666443, \"clean_confidence_mean\": 0.3633366823196411, \"clean_ece\": 0.6301529407501221, \"clean_nll\": 1.0251617431640625, \"clean_positive_resistance_mean\": 0.268086314201355, \"clean_resistance_noise_corr\": 3.4000617432639046e-08, \"clean_resistance_occlusion_corr\": NaN, \"clean_risk_at_100_coverage\": 0.006510436534881592, \"clean_risk_at_50_coverage\": 0.0, \"clean_risk_at_70_coverage\": 0.0, \"clean_risk_at_80_coverage\": 0.0016260147094726562, \"clean_risk_at_90_coverage\": 0.002890169620513916, \"clean_score_name\": \"positive_resistance\", \"clean_selective_aurc\": 0.0005571203655563295, \"clean_uncertainty_mean\": 0.268086314201355, \"clean_vs_noisy_auroc\": 0.4316190183162689, \"clean_vs_occluded_auroc\": 0.5529581904411316, \"condition_metrics_path\": \"reports/pluggable_primitive_real_20260427/frozen_runs/20260427_041456_uncertainty_synthetic_shape_eml_centered_ambiguity_seed2/uncertainty_eval.pt\", \"early_stop_patience\": 4, \"early_stop_triggered\": true, \"final_metric\": 0.9934895634651184, \"final_train_loss\": 0.9125580787658691, \"noisy_accuracy\": 0.896484375, \"noisy_brier\": 0.5884822607040405, \"noisy_confidence_mean\": 0.3222207725048065, \"noisy_ece\": 0.5742636322975159, \"noisy_nll\": 1.1698527336120605, \"noisy_positive_resistance_mean\": 0.22384139895439148, \"noisy_resistance_noise_corr\": NaN, \"noisy_resistance_occlusion_corr\": NaN, \"noisy_risk_at_100_coverage\": 0.103515625, \"noisy_risk_at_50_coverage\": 0.021484375, \"noisy_risk_at_70_coverage\": 0.05160391330718994, \"noisy_risk_at_80_coverage\": 0.05975610017776489, \"noisy_risk_at_90_coverage\": 0.07375270128250122, \"noisy_score_name\": \"positive_resistance\", \"noisy_selective_aurc\": 0.029349230229854584, \"noisy_uncertainty_mean\": 0.22384139895439148, \"occluded_accuracy\": 0.8974609375, \"occluded_brier\": 0.5720047354698181, \"occluded_confidence_mean\": 0.3316939175128937, \"occluded_ece\": 0.5657670497894287, \"occluded_nll\": 1.141858696937561, \"occluded_positive_resistance_mean\": 0.3060591518878937, \"occluded_resistance_noise_corr\": 2.0958310642527067e-08, \"occluded_resistance_occlusion_corr\": 0.20011164247989655, \"occluded_risk_at_100_coverage\": 0.1025390625, \"occluded_risk_at_50_coverage\": 0.017578125, \"occluded_risk_at_70_coverage\": 0.027894020080566406, \"occluded_risk_at_80_coverage\": 0.03536587953567505, \"occluded_risk_at_90_coverage\": 0.04446852207183838, \"occluded_score_name\": \"positive_resistance\", \"occluded_selective_aurc\": 0.02215188555419445, \"occluded_uncertainty_mean\": 0.3060591518878937, \"pooled_resistance_noise_corr\": -0.1658567637205124, \"pooled_resistance_occlusion_corr\": 0.1854797899723053, \"steps_run\": 125, \"total_train_time_sec\": 3.215287685394287}",
  "mode": "uncertainty_benchmark",
  "model_class": "EMLPrototypeHeadCenteredAmbiguity",
  "model_name": "eml_centered_ambiguity",
  "noisy_accuracy": 0.896484375,
  "noisy_brier": 0.5884822607040405,
  "noisy_confidence_mean": 0.3222207725048065,
  "noisy_ece": 0.5742636322975159,
  "noisy_nll": 1.1698527336120605,
  "noisy_positive_resistance_mean": 0.22384139895439148,
  "noisy_resistance_noise_corr": NaN,
  "noisy_resistance_occlusion_corr": NaN,
  "noisy_risk_at_100_coverage": 0.103515625,
  "noisy_risk_at_50_coverage": 0.021484375,
  "noisy_risk_at_70_coverage": 0.05160391330718994,
  "noisy_risk_at_80_coverage": 0.05975610017776489,
  "noisy_risk_at_90_coverage": 0.07375270128250122,
  "noisy_score_name": "positive_resistance",
  "noisy_selective_aurc": 0.029349230229854584,
  "noisy_uncertainty_mean": 0.22384139895439148,
  "num_classes": 5,
  "num_params": 18002,
  "num_workers": 0,
  "occluded_accuracy": 0.8974609375,
  "occluded_brier": 0.5720047354698181,
  "occluded_confidence_mean": 0.3316939175128937,
  "occluded_ece": 0.5657670497894287,
  "occluded_nll": 1.141858696937561,
  "occluded_positive_resistance_mean": 0.3060591518878937,
  "occluded_resistance_noise_corr": 2.0958310642527067e-08,
  "occluded_resistance_occlusion_corr": 0.20011164247989655,
  "occluded_risk_at_100_coverage": 0.1025390625,
  "occluded_risk_at_50_coverage": 0.017578125,
  "occluded_risk_at_70_coverage": 0.027894020080566406,
  "occluded_risk_at_80_coverage": 0.03536587953567505,
  "occluded_risk_at_90_coverage": 0.04446852207183838,
  "occluded_score_name": "positive_resistance",
  "occluded_selective_aurc": 0.02215188555419445,
  "occluded_uncertainty_mean": 0.3060591518878937,
  "platform": "Linux-5.4.0-216-generic-x86_64-with-glibc2.31",
  "pooled_resistance_noise_corr": -0.1658567637205124,
  "pooled_resistance_occlusion_corr": 0.1854797899723053,
  "python_version": "3.10.20",
  "reason": "",
  "run_dir": "reports/pluggable_primitive_real_20260427/frozen_runs/20260427_041456_uncertainty_synthetic_shape_eml_centered_ambiguity_seed2",
  "run_id": "uncertainty_synthetic_shape_eml_centered_ambiguity_seed2",
  "seed": 2,
  "selected_heads": [
    "linear",
    "mlp",
    "cosine_prototype",
    "eml_no_ambiguity",
    "eml_centered_ambiguity",
    "eml_supervised_resistance",
    "merc_linear",
    "merc_energy"
  ],
  "status": "COMPLETED",
  "steps_run": 125,
  "task_name": "image_uncertainty_selective_classification",
  "test_size": 1024,
  "timestamp": "2026-04-27T04:14:59Z",
  "torch_version": "2.7.1+cu118",
  "torchvision_version": "0.22.1+cu118",
  "total_train_time_sec": 3.215287685394287,
  "train_size": 4096,
  "trainable_params": 18002
}