{
  "batch_size": 64,
  "best_metric": 0.49609375,
  "best_step": 75,
  "clean_accuracy": 0.4765625,
  "clean_brier": 0.6956246495246887,
  "clean_confidence_mean": 0.31986042857170105,
  "clean_ece": 0.15670207142829895,
  "clean_nll": 1.5402579307556152,
  "clean_risk_at_100_coverage": 0.5234375,
  "clean_risk_at_50_coverage": 0.3932291865348816,
  "clean_risk_at_70_coverage": 0.4572490453720093,
  "clean_risk_at_80_coverage": 0.4715447425842285,
  "clean_risk_at_90_coverage": 0.4927745461463928,
  "clean_score_name": "one_minus_confidence",
  "clean_selective_aurc": 0.36306360363960266,
  "clean_uncertainty_mean": 0.6801395416259766,
  "clean_vs_noisy_auroc": 0.5991961359977722,
  "clean_vs_occluded_auroc": 0.5417048335075378,
  "condition_metrics_path": "reports/uncertainty_remote_20260424_175558/runs/20260424_095659_uncertainty_cifar10_cosine_prototype_seed1/uncertainty_eval.pt",
  "cuda_available": true,
  "dataset_name": "cifar10",
  "device": "cuda",
  "early_stop_patience": 4,
  "early_stop_triggered": true,
  "experiment_type": "frozen_features_uncertainty",
  "feature_dim": 64,
  "final_metric": 0.4765625,
  "final_train_loss": 1.2869112491607666,
  "git_commit": "unknown",
  "hostname": "user-NF5468M6",
  "metrics_json": "{\"best_metric\": 0.49609375, \"best_step\": 75, \"clean_accuracy\": 0.4765625, \"clean_brier\": 0.6956246495246887, \"clean_confidence_mean\": 0.31986042857170105, \"clean_ece\": 0.15670207142829895, \"clean_nll\": 1.5402579307556152, \"clean_risk_at_100_coverage\": 0.5234375, \"clean_risk_at_50_coverage\": 0.3932291865348816, \"clean_risk_at_70_coverage\": 0.4572490453720093, \"clean_risk_at_80_coverage\": 0.4715447425842285, \"clean_risk_at_90_coverage\": 0.4927745461463928, \"clean_score_name\": \"one_minus_confidence\", \"clean_selective_aurc\": 0.36306360363960266, \"clean_uncertainty_mean\": 0.6801395416259766, \"clean_vs_noisy_auroc\": 0.5991961359977722, \"clean_vs_occluded_auroc\": 0.5417048335075378, \"condition_metrics_path\": \"reports/uncertainty_remote_20260424_175558/runs/20260424_095659_uncertainty_cifar10_cosine_prototype_seed1/uncertainty_eval.pt\", \"early_stop_patience\": 4, \"early_stop_triggered\": true, \"final_metric\": 0.4765625, \"final_train_loss\": 1.2869112491607666, \"noisy_accuracy\": 0.4091796875, \"noisy_brier\": 0.744827389717102, \"noisy_confidence_mean\": 0.29256534576416016, \"noisy_ece\": 0.11661431938409805, \"noisy_nll\": 1.689246416091919, \"noisy_risk_at_100_coverage\": 0.5908203125, \"noisy_risk_at_50_coverage\": 0.462890625, \"noisy_risk_at_70_coverage\": 0.5202231407165527, \"noisy_risk_at_80_coverage\": 0.5414633750915527, \"noisy_risk_at_90_coverage\": 0.5715835094451904, \"noisy_score_name\": \"one_minus_confidence\", \"noisy_selective_aurc\": 0.447693794965744, \"noisy_uncertainty_mean\": 0.7074346542358398, \"occluded_accuracy\": 0.4423828125, \"occluded_brier\": 0.7244973182678223, \"occluded_confidence_mean\": 0.30816638469696045, \"occluded_ece\": 0.13421644270420074, \"occluded_nll\": 1.625740647315979, \"occluded_risk_at_100_coverage\": 0.5576171875, \"occluded_risk_at_50_coverage\": 0.423828125, \"occluded_risk_at_70_coverage\": 0.4965132474899292, \"occluded_risk_at_80_coverage\": 0.5219511985778809, \"occluded_risk_at_90_coverage\": 0.537960946559906, \"occluded_score_name\": \"one_minus_confidence\", \"occluded_selective_aurc\": 0.41105589270591736, \"occluded_uncertainty_mean\": 0.6918336153030396, \"steps_run\": 175, \"total_train_time_sec\": 1.2849562168121338}",
  "mode": "uncertainty_benchmark",
  "model_class": "CosinePrototypeHead",
  "model_name": "cosine_prototype",
  "noisy_accuracy": 0.4091796875,
  "noisy_brier": 0.744827389717102,
  "noisy_confidence_mean": 0.29256534576416016,
  "noisy_ece": 0.11661431938409805,
  "noisy_nll": 1.689246416091919,
  "noisy_risk_at_100_coverage": 0.5908203125,
  "noisy_risk_at_50_coverage": 0.462890625,
  "noisy_risk_at_70_coverage": 0.5202231407165527,
  "noisy_risk_at_80_coverage": 0.5414633750915527,
  "noisy_risk_at_90_coverage": 0.5715835094451904,
  "noisy_score_name": "one_minus_confidence",
  "noisy_selective_aurc": 0.447693794965744,
  "noisy_uncertainty_mean": 0.7074346542358398,
  "num_classes": 10,
  "num_params": 640,
  "num_workers": 0,
  "occluded_accuracy": 0.4423828125,
  "occluded_brier": 0.7244973182678223,
  "occluded_confidence_mean": 0.30816638469696045,
  "occluded_ece": 0.13421644270420074,
  "occluded_nll": 1.625740647315979,
  "occluded_risk_at_100_coverage": 0.5576171875,
  "occluded_risk_at_50_coverage": 0.423828125,
  "occluded_risk_at_70_coverage": 0.4965132474899292,
  "occluded_risk_at_80_coverage": 0.5219511985778809,
  "occluded_risk_at_90_coverage": 0.537960946559906,
  "occluded_score_name": "one_minus_confidence",
  "occluded_selective_aurc": 0.41105589270591736,
  "occluded_uncertainty_mean": 0.6918336153030396,
  "platform": "Linux-5.4.0-216-generic-x86_64-with-glibc2.31",
  "python_version": "3.10.20",
  "reason": "",
  "run_dir": "reports/uncertainty_remote_20260424_175558/runs/20260424_095659_uncertainty_cifar10_cosine_prototype_seed1",
  "run_id": "uncertainty_cifar10_cosine_prototype_seed1",
  "seed": 1,
  "status": "COMPLETED",
  "steps_run": 175,
  "task_name": "image_uncertainty_selective_classification",
  "test_size": 1024,
  "timestamp": "2026-04-24T09:57:01Z",
  "torch_version": "2.7.1+cu118",
  "torchvision_version": "0.22.1+cu118",
  "total_train_time_sec": 1.2849562168121338,
  "train_size": 4096,
  "trainable_params": 640
}