{
  "batch_size": 32,
  "best_metric": 0.1953125,
  "best_step": 10,
  "best_val_accuracy": 0.1953125,
  "cuda_available": false,
  "dataset_name": "synthetic_shape",
  "device": "cpu",
  "early_stop_triggered": true,
  "experiment_type": "end_to_end",
  "feature_dim": 64,
  "final_metric": 0.1953125,
  "final_train_accuracy": 0.5,
  "final_train_loss": 1.2536017894744873,
  "git_commit": "3d40f93",
  "head_name": "merc_linear",
  "hostname": "BMW-Pro.local",
  "loss_mode": "ce",
  "lr": 0.001,
  "metrics_json": "{\"best_metric\": 0.1953125, \"best_step\": 10, \"best_val_accuracy\": 0.1953125, \"early_stop_triggered\": true, \"final_metric\": 0.1953125, \"final_train_accuracy\": 0.5, \"final_train_loss\": 1.2536017894744873, \"steps_run\": 30, \"test_accuracy\": 0.1953125, \"test_ambiguity_mean\": NaN, \"test_brier\": 1.2255123853683472, \"test_class_resistance_mean\": NaN, \"test_ece\": 0.5679240226745605, \"test_hard_negative_drive_mean\": -0.051313575357198715, \"test_hard_negative_logit_mean\": 2.278674602508545, \"test_hard_negative_resistance_mean\": 0.6907072067260742, \"test_loss\": 2.99518084526062, \"test_margin_mean\": -2.4622273445129395, \"test_nll\": 2.99518084526062, \"test_positive_drive_mean\": 0.001157466322183609, \"test_positive_logit_mean\": -0.18355271220207214, \"test_positive_resistance_mean\": 0.6902263760566711, \"test_resistance_noise_corr\": 0.03815297409892082, \"test_resistance_occlusion_corr\": -0.02442181296646595, \"test_sample_uncertainty_mean\": NaN, \"total_train_time_sec\": 7.2317540645599365, \"val_accuracy\": 0.1953125, \"val_ambiguity_mean\": NaN, \"val_brier\": 1.237229347229004, \"val_class_resistance_mean\": NaN, \"val_ece\": 0.5679498314857483, \"val_hard_negative_drive_mean\": -0.05131928622722626, \"val_hard_negative_logit_mean\": 2.2788867950439453, \"val_hard_negative_resistance_mean\": 0.6907036304473877, \"val_loss\": 3.08406925201416, \"val_margin_mean\": -2.551145076751709, \"val_nll\": 3.08406925201416, \"val_positive_drive_mean\": -0.005924185272306204, \"val_positive_logit_mean\": -0.2722581624984741, \"val_positive_resistance_mean\": 0.6875938177108765, \"val_resistance_noise_corr\": -0.022159649059176445, \"val_resistance_occlusion_corr\": 0.12669208645820618, \"val_sample_uncertainty_mean\": NaN}",
  "mode": "head_ablation",
  "model_class": "CNNHeadModel",
  "model_name": "merc_linear",
  "num_classes": 5,
  "num_params": 240478,
  "pairwise_margin": 0.0,
  "pairwise_weight": 0.0,
  "platform": "macOS-26.0-arm64-arm-64bit",
  "python_version": "3.12.12",
  "reason": "",
  "run_dir": "reports/merc_block_fix_smoke/runs/20260425_034619_e2e_synthetic_shape_merc_linear_ce_seed0",
  "run_id": "e2e_synthetic_shape_merc_linear_ce_seed0",
  "seed": 0,
  "status": "COMPLETED",
  "steps": 30,
  "steps_run": 30,
  "task_name": "image_classification",
  "test_accuracy": 0.1953125,
  "test_ambiguity_mean": NaN,
  "test_brier": 1.2255123853683472,
  "test_class_resistance_mean": NaN,
  "test_ece": 0.5679240226745605,
  "test_hard_negative_drive_mean": -0.051313575357198715,
  "test_hard_negative_logit_mean": 2.278674602508545,
  "test_hard_negative_resistance_mean": 0.6907072067260742,
  "test_loss": 2.99518084526062,
  "test_margin_mean": -2.4622273445129395,
  "test_nll": 2.99518084526062,
  "test_positive_drive_mean": 0.001157466322183609,
  "test_positive_logit_mean": -0.18355271220207214,
  "test_positive_resistance_mean": 0.6902263760566711,
  "test_resistance_noise_corr": 0.03815297409892082,
  "test_resistance_occlusion_corr": -0.02442181296646595,
  "test_sample_uncertainty_mean": NaN,
  "timestamp": "2026-04-25T03:46:26Z",
  "torch_version": "2.10.0",
  "torchvision_version": "unavailable",
  "total_train_time_sec": 7.2317540645599365,
  "trainable_params": 240478,
  "use_eml_residual_bank": false,
  "use_merc_block": false,
  "val_accuracy": 0.1953125,
  "val_ambiguity_mean": NaN,
  "val_brier": 1.237229347229004,
  "val_class_resistance_mean": NaN,
  "val_ece": 0.5679498314857483,
  "val_hard_negative_drive_mean": -0.05131928622722626,
  "val_hard_negative_logit_mean": 2.2788867950439453,
  "val_hard_negative_resistance_mean": 0.6907036304473877,
  "val_loss": 3.08406925201416,
  "val_margin_mean": -2.551145076751709,
  "val_nll": 3.08406925201416,
  "val_positive_drive_mean": -0.005924185272306204,
  "val_positive_logit_mean": -0.2722581624984741,
  "val_positive_resistance_mean": 0.6875938177108765,
  "val_resistance_noise_corr": -0.022159649059176445,
  "val_resistance_occlusion_corr": 0.12669208645820618,
  "val_sample_uncertainty_mean": NaN
}