{
  "backbone_steps": 40,
  "batch_size": 32,
  "best_metric": 0.421875,
  "best_step": 40,
  "clean_accuracy": 0.34375,
  "clean_brier": 0.645447850227356,
  "clean_confidence_mean": 0.3816661834716797,
  "clean_ece": 0.21304379403591156,
  "clean_nll": 1.287880301475525,
  "clean_risk_at_100_coverage": 0.65625,
  "clean_risk_at_50_coverage": 0.359375,
  "clean_risk_at_70_coverage": 0.5222222208976746,
  "clean_risk_at_80_coverage": 0.5728155374526978,
  "clean_risk_at_90_coverage": 0.6206896305084229,
  "clean_score_name": "one_minus_confidence",
  "clean_selective_aurc": 0.34320759773254395,
  "clean_uncertainty_mean": 0.6183338165283203,
  "clean_vs_noisy_auroc": 0.487396240234375,
  "clean_vs_occluded_auroc": 0.438323974609375,
  "condition_metrics_path": "reports/pluggable_primitive_smoke/frozen_runs/20260427_035713_uncertainty_synthetic_shape_mlp_seed1/uncertainty_eval.pt",
  "cuda_available": false,
  "dataset_name": "synthetic_shape",
  "device": "cpu",
  "early_stop_min_evals": 2,
  "early_stop_patience": 4,
  "early_stop_triggered": false,
  "eval_interval": 10,
  "experiment_type": "frozen_features_uncertainty",
  "feature_dim": 64,
  "final_metric": 0.34375,
  "final_train_loss": 1.3115357160568237,
  "git_commit": "e445378",
  "head_steps": 40,
  "hostname": "Mac",
  "metrics_json": "{\"best_metric\": 0.421875, \"best_step\": 40, \"clean_accuracy\": 0.34375, \"clean_brier\": 0.645447850227356, \"clean_confidence_mean\": 0.3816661834716797, \"clean_ece\": 0.21304379403591156, \"clean_nll\": 1.287880301475525, \"clean_risk_at_100_coverage\": 0.65625, \"clean_risk_at_50_coverage\": 0.359375, \"clean_risk_at_70_coverage\": 0.5222222208976746, \"clean_risk_at_80_coverage\": 0.5728155374526978, \"clean_risk_at_90_coverage\": 0.6206896305084229, \"clean_score_name\": \"one_minus_confidence\", \"clean_selective_aurc\": 0.34320759773254395, \"clean_uncertainty_mean\": 0.6183338165283203, \"clean_vs_noisy_auroc\": 0.487396240234375, \"clean_vs_occluded_auroc\": 0.438323974609375, \"condition_metrics_path\": \"reports/pluggable_primitive_smoke/frozen_runs/20260427_035713_uncertainty_synthetic_shape_mlp_seed1/uncertainty_eval.pt\", \"early_stop_patience\": 4, \"early_stop_triggered\": false, \"final_metric\": 0.34375, \"final_train_loss\": 1.3115357160568237, \"noisy_accuracy\": 0.41015625, \"noisy_brier\": 0.6608392000198364, \"noisy_confidence_mean\": 0.36357593536376953, \"noisy_ece\": 0.13253550231456757, \"noisy_nll\": 1.310381293296814, \"noisy_risk_at_100_coverage\": 0.58984375, \"noisy_risk_at_50_coverage\": 0.359375, \"noisy_risk_at_70_coverage\": 0.5, \"noisy_risk_at_80_coverage\": 0.5219511985778809, \"noisy_risk_at_90_coverage\": 0.5627706050872803, \"noisy_score_name\": \"one_minus_confidence\", \"noisy_selective_aurc\": 0.33826178312301636, \"noisy_uncertainty_mean\": 0.6364240646362305, \"occluded_accuracy\": 0.390625, \"occluded_brier\": 0.6430606245994568, \"occluded_confidence_mean\": 0.3995499312877655, \"occluded_ece\": 0.1723339706659317, \"occluded_nll\": 1.2873553037643433, \"occluded_risk_at_100_coverage\": 0.609375, \"occluded_risk_at_50_coverage\": 0.3515625, \"occluded_risk_at_70_coverage\": 0.5111111402511597, \"occluded_risk_at_80_coverage\": 0.5609756112098694, \"occluded_risk_at_90_coverage\": 0.5844155550003052, \"occluded_score_name\": \"one_minus_confidence\", \"occluded_selective_aurc\": 0.31892096996307373, \"occluded_uncertainty_mean\": 0.6004500389099121, \"steps_run\": 40, \"total_train_time_sec\": 0.04860210418701172}",
  "mode": "uncertainty_benchmark",
  "model_class": "MLPHead",
  "model_name": "mlp",
  "noisy_accuracy": 0.41015625,
  "noisy_brier": 0.6608392000198364,
  "noisy_confidence_mean": 0.36357593536376953,
  "noisy_ece": 0.13253550231456757,
  "noisy_nll": 1.310381293296814,
  "noisy_risk_at_100_coverage": 0.58984375,
  "noisy_risk_at_50_coverage": 0.359375,
  "noisy_risk_at_70_coverage": 0.5,
  "noisy_risk_at_80_coverage": 0.5219511985778809,
  "noisy_risk_at_90_coverage": 0.5627706050872803,
  "noisy_score_name": "one_minus_confidence",
  "noisy_selective_aurc": 0.33826178312301636,
  "noisy_uncertainty_mean": 0.6364240646362305,
  "num_classes": 5,
  "num_params": 9093,
  "num_workers": 0,
  "occluded_accuracy": 0.390625,
  "occluded_brier": 0.6430606245994568,
  "occluded_confidence_mean": 0.3995499312877655,
  "occluded_ece": 0.1723339706659317,
  "occluded_nll": 1.2873553037643433,
  "occluded_risk_at_100_coverage": 0.609375,
  "occluded_risk_at_50_coverage": 0.3515625,
  "occluded_risk_at_70_coverage": 0.5111111402511597,
  "occluded_risk_at_80_coverage": 0.5609756112098694,
  "occluded_risk_at_90_coverage": 0.5844155550003052,
  "occluded_score_name": "one_minus_confidence",
  "occluded_selective_aurc": 0.31892096996307373,
  "occluded_uncertainty_mean": 0.6004500389099121,
  "platform": "macOS-26.0-arm64-arm-64bit",
  "python_version": "3.12.12",
  "reason": "",
  "run_dir": "reports/pluggable_primitive_smoke/frozen_runs/20260427_035713_uncertainty_synthetic_shape_mlp_seed1",
  "run_id": "uncertainty_synthetic_shape_mlp_seed1",
  "seed": 1,
  "selected_heads": [
    "linear",
    "mlp",
    "cosine_prototype",
    "eml_no_ambiguity",
    "eml_centered_ambiguity",
    "eml_supervised_resistance",
    "merc_linear",
    "merc_energy"
  ],
  "status": "COMPLETED",
  "steps_run": 40,
  "task_name": "image_uncertainty_selective_classification",
  "test_size": 256,
  "timestamp": "2026-04-27T03:57:13Z",
  "torch_version": "2.10.0",
  "torchvision_version": "unavailable",
  "total_train_time_sec": 0.04860210418701172,
  "train_size": 768,
  "trainable_params": 9093
}