{
  "batch_size": 64,
  "best_metric": 0.431640625,
  "best_step": 300,
  "best_val_accuracy": 0.431640625,
  "cuda_available": true,
  "dataset_name": "cifar10",
  "device": "cuda",
  "experiment_type": "end_to_end",
  "feature_dim": 64,
  "final_metric": 0.46484375,
  "final_train_accuracy": 0.421875,
  "final_train_loss": 1.4863617420196533,
  "git_commit": "unknown",
  "head_name": "eml_no_ambiguity",
  "hostname": "user-NF5468M6",
  "loss_mode": "ce",
  "lr": 0.001,
  "metrics_json": "{\"best_metric\": 0.431640625, \"best_step\": 300, \"best_val_accuracy\": 0.431640625, \"final_metric\": 0.46484375, \"final_train_accuracy\": 0.421875, \"final_train_loss\": 1.4863617420196533, \"test_accuracy\": 0.46484375, \"test_ambiguity_mean\": 0.0, \"test_brier\": 0.6919735670089722, \"test_class_resistance_mean\": 0.20095522701740265, \"test_ece\": 0.10984642058610916, \"test_hard_negative_drive_mean\": 6.724186897277832, \"test_hard_negative_logit_mean\": 2.271921396255493, \"test_hard_negative_resistance_mean\": 1.7096723318099976, \"test_loss\": 1.5359734296798706, \"test_margin_mean\": -0.37243005633354187, \"test_nll\": 1.5359734296798706, \"test_positive_drive_mean\": 5.77860689163208, \"test_positive_logit_mean\": 1.899491310119629, \"test_positive_resistance_mean\": 1.708741545677185, \"test_resistance_noise_corr\": NaN, \"test_resistance_occlusion_corr\": NaN, \"test_sample_uncertainty_mean\": 1.5075867176055908, \"total_train_time_sec\": 11.385977029800415, \"val_accuracy\": 0.431640625, \"val_ambiguity_mean\": 0.0, \"val_brier\": 0.6961685419082642, \"val_class_resistance_mean\": 0.20095522701740265, \"val_ece\": 0.07729819416999817, \"val_hard_negative_drive_mean\": 6.683811187744141, \"val_hard_negative_logit_mean\": 2.258633852005005, \"val_hard_negative_resistance_mean\": 1.756695032119751, \"val_loss\": 1.5449886322021484, \"val_margin_mean\": -0.36154115200042725, \"val_nll\": 1.5449886322021484, \"val_positive_drive_mean\": 5.628617286682129, \"val_positive_logit_mean\": 1.8970928192138672, \"val_positive_resistance_mean\": 1.7546049356460571, \"val_resistance_noise_corr\": NaN, \"val_resistance_occlusion_corr\": NaN, \"val_sample_uncertainty_mean\": 1.5542969703674316}",
  "mode": "head_ablation",
  "model_class": "CNNHeadModel",
  "model_name": "eml_no_ambiguity",
  "num_classes": 10,
  "num_params": 167233,
  "pairwise_margin": 0.0,
  "pairwise_weight": 0.0,
  "platform": "Linux-5.4.0-216-generic-x86_64-with-glibc2.31",
  "python_version": "3.10.20",
  "reason": "",
  "run_dir": "reports/real_cifar_20260424_165937/runs/20260424_090351_e2e_cifar10_eml_no_ambiguity_ce_seed1",
  "run_id": "e2e_cifar10_eml_no_ambiguity_ce_seed1",
  "seed": 1,
  "status": "COMPLETED",
  "steps": 300,
  "task_name": "image_classification",
  "test_accuracy": 0.46484375,
  "test_ambiguity_mean": 0.0,
  "test_brier": 0.6919735670089722,
  "test_class_resistance_mean": 0.20095522701740265,
  "test_ece": 0.10984642058610916,
  "test_hard_negative_drive_mean": 6.724186897277832,
  "test_hard_negative_logit_mean": 2.271921396255493,
  "test_hard_negative_resistance_mean": 1.7096723318099976,
  "test_loss": 1.5359734296798706,
  "test_margin_mean": -0.37243005633354187,
  "test_nll": 1.5359734296798706,
  "test_positive_drive_mean": 5.77860689163208,
  "test_positive_logit_mean": 1.899491310119629,
  "test_positive_resistance_mean": 1.708741545677185,
  "test_resistance_noise_corr": NaN,
  "test_resistance_occlusion_corr": NaN,
  "test_sample_uncertainty_mean": 1.5075867176055908,
  "timestamp": "2026-04-24T09:04:03Z",
  "torch_version": "2.7.1+cu118",
  "torchvision_version": "0.22.1+cu118",
  "total_train_time_sec": 11.385977029800415,
  "trainable_params": 167233,
  "use_eml_residual_bank": false,
  "val_accuracy": 0.431640625,
  "val_ambiguity_mean": 0.0,
  "val_brier": 0.6961685419082642,
  "val_class_resistance_mean": 0.20095522701740265,
  "val_ece": 0.07729819416999817,
  "val_hard_negative_drive_mean": 6.683811187744141,
  "val_hard_negative_logit_mean": 2.258633852005005,
  "val_hard_negative_resistance_mean": 1.756695032119751,
  "val_loss": 1.5449886322021484,
  "val_margin_mean": -0.36154115200042725,
  "val_nll": 1.5449886322021484,
  "val_positive_drive_mean": 5.628617286682129,
  "val_positive_logit_mean": 1.8970928192138672,
  "val_positive_resistance_mean": 1.7546049356460571,
  "val_resistance_noise_corr": NaN,
  "val_resistance_occlusion_corr": NaN,
  "val_sample_uncertainty_mean": 1.5542969703674316
}