{
  "backbone_steps": 300,
  "batch_size": 64,
  "best_metric": 0.4921875,
  "best_step": 275,
  "clean_accuracy": 0.4752604067325592,
  "clean_brier": 0.7002200484275818,
  "clean_confidence_mean": 0.6297893524169922,
  "clean_conflict_resistance_corr": NaN,
  "clean_conflict_score_mean": 0.5306828618049622,
  "clean_ece": 0.1545289307832718,
  "clean_nll": 1.7454208135604858,
  "clean_positive_resistance_mean": 0.34836968779563904,
  "clean_resistance_noise_corr": NaN,
  "clean_resistance_occlusion_corr": NaN,
  "clean_risk_at_100_coverage": 0.5247396230697632,
  "clean_risk_at_50_coverage": 0.3958333134651184,
  "clean_risk_at_70_coverage": 0.4368029832839966,
  "clean_risk_at_80_coverage": 0.4471544623374939,
  "clean_risk_at_90_coverage": 0.4826589822769165,
  "clean_score_name": "positive_resistance",
  "clean_selective_aurc": 0.41712886095046997,
  "clean_support_score_mean": 0.9866283535957336,
  "clean_uncertainty_mean": 0.34836968779563904,
  "clean_vs_noisy_auroc": 0.5646947026252747,
  "clean_vs_occluded_auroc": 0.5342852473258972,
  "condition_metrics_path": "reports/uncertainty_resistance_true_earlystop_rerun_20260427/runs/20260427_024709_uncertainty_cifar10_merc_energy_seed1/uncertainty_eval.pt",
  "cuda_available": true,
  "dataset_name": "cifar10",
  "device": "cuda",
  "early_stop_min_evals": 2,
  "early_stop_patience": 4,
  "early_stop_triggered": true,
  "eval_interval": 25,
  "experiment_type": "frozen_features_uncertainty",
  "feature_dim": 64,
  "final_metric": 0.4752604067325592,
  "final_train_loss": 1.146932601928711,
  "git_commit": "0c0b3db",
  "head_steps": 1200,
  "hostname": "user-NF5468M6",
  "metrics_json": "{\"best_metric\": 0.4921875, \"best_step\": 275, \"clean_accuracy\": 0.4752604067325592, \"clean_brier\": 0.7002200484275818, \"clean_confidence_mean\": 0.6297893524169922, \"clean_conflict_resistance_corr\": NaN, \"clean_conflict_score_mean\": 0.5306828618049622, \"clean_ece\": 0.1545289307832718, \"clean_nll\": 1.7454208135604858, \"clean_positive_resistance_mean\": 0.34836968779563904, \"clean_resistance_noise_corr\": NaN, \"clean_resistance_occlusion_corr\": NaN, \"clean_risk_at_100_coverage\": 0.5247396230697632, \"clean_risk_at_50_coverage\": 0.3958333134651184, \"clean_risk_at_70_coverage\": 0.4368029832839966, \"clean_risk_at_80_coverage\": 0.4471544623374939, \"clean_risk_at_90_coverage\": 0.4826589822769165, \"clean_score_name\": \"positive_resistance\", \"clean_selective_aurc\": 0.41712886095046997, \"clean_support_score_mean\": 0.9866283535957336, \"clean_uncertainty_mean\": 0.34836968779563904, \"clean_vs_noisy_auroc\": 0.5646947026252747, \"clean_vs_occluded_auroc\": 0.5342852473258972, \"condition_metrics_path\": \"reports/uncertainty_resistance_true_earlystop_rerun_20260427/runs/20260427_024709_uncertainty_cifar10_merc_energy_seed1/uncertainty_eval.pt\", \"early_stop_patience\": 4, \"early_stop_triggered\": true, \"final_metric\": 0.4752604067325592, \"final_train_loss\": 1.146932601928711, \"noisy_accuracy\": 0.41015625, \"noisy_brier\": 0.7793972492218018, \"noisy_confidence_mean\": 0.618341326713562, \"noisy_conflict_resistance_corr\": NaN, \"noisy_conflict_score_mean\": 0.5404531955718994, \"noisy_ece\": 0.2089887261390686, \"noisy_nll\": 1.9409586191177368, \"noisy_positive_resistance_mean\": 0.6231085658073425, \"noisy_resistance_noise_corr\": NaN, \"noisy_resistance_occlusion_corr\": NaN, \"noisy_risk_at_100_coverage\": 0.58984375, \"noisy_risk_at_50_coverage\": 0.423828125, \"noisy_risk_at_70_coverage\": 0.4672245383262634, \"noisy_risk_at_80_coverage\": 0.5, \"noisy_risk_at_90_coverage\": 0.5455531477928162, \"noisy_score_name\": \"positive_resistance\", \"noisy_selective_aurc\": 0.4784989655017853, \"noisy_support_score_mean\": 1.0476282835006714, \"noisy_uncertainty_mean\": 0.6231085658073425, \"occluded_accuracy\": 0.4296875, \"occluded_brier\": 0.758725643157959, \"occluded_confidence_mean\": 0.6429982781410217, \"occluded_conflict_resistance_corr\": NaN, \"occluded_conflict_score_mean\": 0.4795818626880646, \"occluded_ece\": 0.21331073343753815, \"occluded_nll\": 1.873551368713379, \"occluded_positive_resistance_mean\": 0.4998084008693695, \"occluded_resistance_noise_corr\": NaN, \"occluded_resistance_occlusion_corr\": NaN, \"occluded_risk_at_100_coverage\": 0.5703125, \"occluded_risk_at_50_coverage\": 0.453125, \"occluded_risk_at_70_coverage\": 0.47977685928344727, \"occluded_risk_at_80_coverage\": 0.4865853786468506, \"occluded_risk_at_90_coverage\": 0.5292841792106628, \"occluded_score_name\": \"positive_resistance\", \"occluded_selective_aurc\": 0.4837130308151245, \"occluded_support_score_mean\": 1.0137465000152588, \"occluded_uncertainty_mean\": 0.4998084008693695, \"pooled_conflict_resistance_corr\": 0.03897939249873161, \"pooled_resistance_noise_corr\": 0.05762176588177681, \"pooled_resistance_occlusion_corr\": -0.001700740191154182, \"steps_run\": 375, \"total_train_time_sec\": 102.27943801879883}",
  "mode": "uncertainty_benchmark",
  "model_class": "MERCHeadClassEnergy",
  "model_name": "merc_energy",
  "noisy_accuracy": 0.41015625,
  "noisy_brier": 0.7793972492218018,
  "noisy_confidence_mean": 0.618341326713562,
  "noisy_conflict_resistance_corr": NaN,
  "noisy_conflict_score_mean": 0.5404531955718994,
  "noisy_ece": 0.2089887261390686,
  "noisy_nll": 1.9409586191177368,
  "noisy_positive_resistance_mean": 0.6231085658073425,
  "noisy_resistance_noise_corr": NaN,
  "noisy_resistance_occlusion_corr": NaN,
  "noisy_risk_at_100_coverage": 0.58984375,
  "noisy_risk_at_50_coverage": 0.423828125,
  "noisy_risk_at_70_coverage": 0.4672245383262634,
  "noisy_risk_at_80_coverage": 0.5,
  "noisy_risk_at_90_coverage": 0.5455531477928162,
  "noisy_score_name": "positive_resistance",
  "noisy_selective_aurc": 0.4784989655017853,
  "noisy_support_score_mean": 1.0476282835006714,
  "noisy_uncertainty_mean": 0.6231085658073425,
  "num_classes": 10,
  "num_params": 93202,
  "num_workers": 0,
  "occluded_accuracy": 0.4296875,
  "occluded_brier": 0.758725643157959,
  "occluded_confidence_mean": 0.6429982781410217,
  "occluded_conflict_resistance_corr": NaN,
  "occluded_conflict_score_mean": 0.4795818626880646,
  "occluded_ece": 0.21331073343753815,
  "occluded_nll": 1.873551368713379,
  "occluded_positive_resistance_mean": 0.4998084008693695,
  "occluded_resistance_noise_corr": NaN,
  "occluded_resistance_occlusion_corr": NaN,
  "occluded_risk_at_100_coverage": 0.5703125,
  "occluded_risk_at_50_coverage": 0.453125,
  "occluded_risk_at_70_coverage": 0.47977685928344727,
  "occluded_risk_at_80_coverage": 0.4865853786468506,
  "occluded_risk_at_90_coverage": 0.5292841792106628,
  "occluded_score_name": "positive_resistance",
  "occluded_selective_aurc": 0.4837130308151245,
  "occluded_support_score_mean": 1.0137465000152588,
  "occluded_uncertainty_mean": 0.4998084008693695,
  "platform": "Linux-5.4.0-216-generic-x86_64-with-glibc2.31",
  "pooled_conflict_resistance_corr": 0.03897939249873161,
  "pooled_resistance_noise_corr": 0.05762176588177681,
  "pooled_resistance_occlusion_corr": -0.001700740191154182,
  "python_version": "3.10.20",
  "reason": "",
  "run_dir": "reports/uncertainty_resistance_true_earlystop_rerun_20260427/runs/20260427_024709_uncertainty_cifar10_merc_energy_seed1",
  "run_id": "uncertainty_cifar10_merc_energy_seed1",
  "seed": 1,
  "selected_heads": [
    "eml_no_ambiguity",
    "eml_supervised_resistance",
    "merc_linear",
    "merc_energy"
  ],
  "status": "COMPLETED",
  "steps_run": 375,
  "task_name": "image_uncertainty_selective_classification",
  "test_size": 1024,
  "timestamp": "2026-04-27T02:48:51Z",
  "torch_version": "2.7.1+cu118",
  "torchvision_version": "0.22.1+cu118",
  "total_train_time_sec": 102.27943801879883,
  "train_size": 4096,
  "trainable_params": 93202
}