{
  "batch_size": 32,
  "best_metric": 0.9921875,
  "best_step": 100,
  "best_val_accuracy": 0.9921875,
  "cuda_available": true,
  "dataset_name": "synthetic_evidence",
  "device": "cuda",
  "early_stop_triggered": false,
  "experiment_type": "frozen_features",
  "feature_dim": 64,
  "features_dir": "reports/head_ablation/features/synthetic_evidence_medium_seed0",
  "final_metric": 0.99609375,
  "final_train_accuracy": 1.0,
  "final_train_loss": 0.01200157031416893,
  "git_commit": "unknown",
  "hostname": "user-NF5468M6",
  "lr": 0.001,
  "metrics_json": "{\"best_metric\": 0.9921875, \"best_step\": 100, \"best_val_accuracy\": 0.9921875, \"early_stop_triggered\": false, \"final_metric\": 0.99609375, \"final_train_accuracy\": 1.0, \"final_train_loss\": 0.01200157031416893, \"steps_run\": 300, \"test_accuracy\": 0.99609375, \"test_ambiguity_mean\": NaN, \"test_brier\": 0.00564811285585165, \"test_class_resistance_mean\": NaN, \"test_conflict_resistance_corr\": -0.19067220389842987, \"test_ece\": 0.0039331731386482716, \"test_hard_negative_drive_mean\": -16.804485321044922, \"test_hard_negative_logit_mean\": -1.1239835023880005, \"test_hard_negative_resistance_mean\": 20.437435150146484, \"test_loss\": 0.010313297621905804, \"test_margin_mean\": 6.971841812133789, \"test_nll\": 0.010313297621905804, \"test_positive_drive_mean\": 20.82461929321289, \"test_positive_logit_mean\": 5.84785795211792, \"test_positive_resistance_mean\": 0.007549497298896313, \"test_precision_mean\": 0.2095319628715515, \"test_resistance_noise_corr\": -0.01796819269657135, \"test_resistance_occlusion_corr\": 0.0702955573797226, \"test_sample_uncertainty_mean\": NaN, \"test_support_evidence_corr\": 0.4231380224227905, \"test_update_gate_mean\": 0.04953305423259735, \"total_train_time_sec\": 8.181114196777344, \"val_accuracy\": 0.9921875, \"val_ambiguity_mean\": NaN, \"val_brier\": 0.013760543428361416, \"val_class_resistance_mean\": NaN, \"val_conflict_resistance_corr\": -0.19358369708061218, \"val_ece\": 0.004800415597856045, \"val_hard_negative_drive_mean\": -16.455345153808594, \"val_hard_negative_logit_mean\": -1.0864734649658203, \"val_hard_negative_resistance_mean\": 20.013498306274414, \"val_loss\": 0.03593350574374199, \"val_margin_mean\": 6.87515926361084, \"val_nll\": 0.03593350574374199, \"val_positive_drive_mean\": 20.37660026550293, \"val_positive_logit_mean\": 5.7886857986450195, \"val_positive_resistance_mean\": 0.04153501242399216, \"val_precision_mean\": 0.21129663288593292, \"val_resistance_noise_corr\": -0.013506743125617504, \"val_resistance_occlusion_corr\": 0.12082897126674652, \"val_sample_uncertainty_mean\": NaN, \"val_support_evidence_corr\": 0.39847248792648315, \"val_update_gate_mean\": 0.04992222040891647}",
  "mode": "head_ablation",
  "model_class": "MERCHeadClassEnergySmall",
  "model_name": "merc_energy_small",
  "num_classes": 2,
  "num_params": 91370,
  "pairwise_margin": 0.0,
  "pairwise_weight": 0.0,
  "platform": "Linux-5.4.0-216-generic-x86_64-with-glibc2.31",
  "python_version": "3.10.20",
  "reason": "",
  "run_dir": "reports/merc_synthetic_evidence/runs/20260425_031518_frozen_synthetic_evidence_merc_energy_small_seed0",
  "run_id": "frozen_synthetic_evidence_merc_energy_small_seed0",
  "seed": 0,
  "status": "COMPLETED",
  "steps": 300,
  "steps_run": 300,
  "task_name": "image_classification",
  "test_accuracy": 0.99609375,
  "test_ambiguity_mean": NaN,
  "test_brier": 0.00564811285585165,
  "test_class_resistance_mean": NaN,
  "test_conflict_resistance_corr": -0.19067220389842987,
  "test_ece": 0.0039331731386482716,
  "test_hard_negative_drive_mean": -16.804485321044922,
  "test_hard_negative_logit_mean": -1.1239835023880005,
  "test_hard_negative_resistance_mean": 20.437435150146484,
  "test_loss": 0.010313297621905804,
  "test_margin_mean": 6.971841812133789,
  "test_nll": 0.010313297621905804,
  "test_positive_drive_mean": 20.82461929321289,
  "test_positive_logit_mean": 5.84785795211792,
  "test_positive_resistance_mean": 0.007549497298896313,
  "test_precision_mean": 0.2095319628715515,
  "test_resistance_noise_corr": -0.01796819269657135,
  "test_resistance_occlusion_corr": 0.0702955573797226,
  "test_sample_uncertainty_mean": NaN,
  "test_support_evidence_corr": 0.4231380224227905,
  "test_update_gate_mean": 0.04953305423259735,
  "timestamp": "2026-04-25T03:15:26Z",
  "torch_version": "2.7.1+cu118",
  "torchvision_version": "0.22.1+cu118",
  "total_train_time_sec": 8.181114196777344,
  "trainable_params": 91370,
  "val_accuracy": 0.9921875,
  "val_ambiguity_mean": NaN,
  "val_brier": 0.013760543428361416,
  "val_class_resistance_mean": NaN,
  "val_conflict_resistance_corr": -0.19358369708061218,
  "val_ece": 0.004800415597856045,
  "val_hard_negative_drive_mean": -16.455345153808594,
  "val_hard_negative_logit_mean": -1.0864734649658203,
  "val_hard_negative_resistance_mean": 20.013498306274414,
  "val_loss": 0.03593350574374199,
  "val_margin_mean": 6.87515926361084,
  "val_nll": 0.03593350574374199,
  "val_positive_drive_mean": 20.37660026550293,
  "val_positive_logit_mean": 5.7886857986450195,
  "val_positive_resistance_mean": 0.04153501242399216,
  "val_precision_mean": 0.21129663288593292,
  "val_resistance_noise_corr": -0.013506743125617504,
  "val_resistance_occlusion_corr": 0.12082897126674652,
  "val_sample_uncertainty_mean": NaN,
  "val_support_evidence_corr": 0.39847248792648315,
  "val_update_gate_mean": 0.04992222040891647
}