{
  "best_metric": 0.984375,
  "best_step": 300,
  "clean_accuracy": 0.984375,
  "clean_aurc": 0.00015624985098838806,
  "clean_ece": 0.17335987091064453,
  "clean_resistance_noise_corr": -1.0951614726195658e-08,
  "clean_resistance_occlusion_corr": NaN,
  "clean_vs_noisy_auroc": 0.5418081283569336,
  "clean_vs_occluded_auroc": 0.5924310684204102,
  "cuda_available": true,
  "dataset_name": "synthetic_shape_uncertainty",
  "device": "cuda",
  "early_stop_triggered": false,
  "final_metric": 0.984375,
  "git_commit": "0c0b3db",
  "hostname": "user-NF5468M6",
  "metrics_json": "{\"best_metric\": 0.984375, \"best_step\": 300, \"clean_accuracy\": 0.984375, \"clean_aurc\": 0.00015624985098838806, \"clean_ece\": 0.17335987091064453, \"clean_resistance_noise_corr\": -1.0951614726195658e-08, \"clean_resistance_occlusion_corr\": NaN, \"clean_vs_noisy_auroc\": 0.5418081283569336, \"clean_vs_occluded_auroc\": 0.5924310684204102, \"early_stop_triggered\": false, \"final_metric\": 0.984375, \"noisy_accuracy\": 0.9697265625, \"noisy_aurc\": 0.000622674124315381, \"noisy_ece\": 0.16043546795845032, \"noisy_resistance_noise_corr\": NaN, \"noisy_resistance_occlusion_corr\": NaN, \"occluded_accuracy\": 0.8525390625, \"occluded_aurc\": 0.014456892386078835, \"occluded_ece\": 0.1250101774930954, \"occluded_resistance_noise_corr\": 1.0790563997886693e-08, \"occluded_resistance_occlusion_corr\": 0.7200391888618469, \"steps_run\": 300, \"total_train_time_sec\": 29.64244055747986}",
  "mode": "medium",
  "model_name": "cnn_eml_centered_ambiguity",
  "noisy_accuracy": 0.9697265625,
  "noisy_aurc": 0.000622674124315381,
  "noisy_ece": 0.16043546795845032,
  "noisy_resistance_noise_corr": NaN,
  "noisy_resistance_occlusion_corr": NaN,
  "occluded_accuracy": 0.8525390625,
  "occluded_aurc": 0.014456892386078835,
  "occluded_ece": 0.1250101774930954,
  "occluded_resistance_noise_corr": 1.0790563997886693e-08,
  "occluded_resistance_occlusion_corr": 0.7200391888618469,
  "platform": "Linux-5.4.0-216-generic-x86_64-with-glibc2.31",
  "python_version": "3.10.20",
  "reason": "",
  "run_dir": "reports/pluggable_primitive_real_20260427/end_to_end_runs/20260427_042836_uncertainty_e2e_synthetic_shape_uncertainty_cnn_eml_centered_ambiguity_seed2",
  "run_id": "uncertainty_e2e_synthetic_shape_uncertainty_cnn_eml_centered_ambiguity_seed2",
  "seed": 2,
  "status": "COMPLETED",
  "steps_run": 300,
  "task_name": "end_to_end_uncertainty",
  "timestamp": "2026-04-27T04:29:06Z",
  "torch_version": "2.7.1+cu118",
  "torchvision_version": "0.22.1+cu118",
  "total_train_time_sec": 29.64244055747986
}