{
  "batch_size": 32,
  "best_metric": 0.1953125,
  "best_step": 10,
  "best_val_accuracy": 0.1953125,
  "cuda_available": false,
  "dataset_name": "synthetic_shape",
  "device": "cpu",
  "early_stop_triggered": true,
  "experiment_type": "end_to_end",
  "feature_dim": 64,
  "final_metric": 0.1953125,
  "final_train_accuracy": 0.5,
  "final_train_loss": 1.405239462852478,
  "git_commit": "3d40f93",
  "head_name": "eml_no_ambiguity",
  "hostname": "BMW-Pro.local",
  "loss_mode": "ce_pairwise",
  "lr": 0.001,
  "metrics_json": "{\"best_metric\": 0.1953125, \"best_step\": 10, \"best_val_accuracy\": 0.1953125, \"early_stop_triggered\": true, \"final_metric\": 0.1953125, \"final_train_accuracy\": 0.5, \"final_train_loss\": 1.405239462852478, \"steps_run\": 30, \"test_accuracy\": 0.1953125, \"test_ambiguity_mean\": 0.0, \"test_brier\": 0.8548930883407593, \"test_class_resistance_mean\": 0.20000216364860535, \"test_ece\": 0.20593655109405518, \"test_hard_negative_drive_mean\": 2.9737508296966553, \"test_hard_negative_logit_mean\": 0.8696309328079224, \"test_hard_negative_resistance_mean\": 0.9009193181991577, \"test_loss\": 1.7154570817947388, \"test_margin_mean\": -0.662392795085907, \"test_nll\": 1.7154570817947388, \"test_positive_drive_mean\": 0.3944963812828064, \"test_positive_logit_mean\": 0.2072381228208542, \"test_positive_resistance_mean\": 0.9006224870681763, \"test_resistance_noise_corr\": 0.0983438640832901, \"test_resistance_occlusion_corr\": 0.20215867459774017, \"test_sample_uncertainty_mean\": 0.7006587982177734, \"total_train_time_sec\": 3.314293146133423, \"val_accuracy\": 0.1953125, \"val_ambiguity_mean\": 0.0, \"val_brier\": 0.857003927230835, \"val_class_resistance_mean\": 0.20000216364860535, \"val_ece\": 0.20579513907432556, \"val_hard_negative_drive_mean\": 2.976268768310547, \"val_hard_negative_logit_mean\": 0.8705797791481018, \"val_hard_negative_resistance_mean\": 0.9009411334991455, \"val_loss\": 1.7218647003173828, \"val_margin_mean\": -0.6688735485076904, \"val_nll\": 1.7218647003173828, \"val_positive_drive_mean\": 0.3786151111125946, \"val_positive_logit_mean\": 0.201706200838089, \"val_positive_resistance_mean\": 0.9007179737091064, \"val_resistance_noise_corr\": 0.17544271051883698, \"val_resistance_occlusion_corr\": 0.023772886022925377, \"val_sample_uncertainty_mean\": 0.700680673122406}",
  "mode": "head_ablation",
  "model_class": "CNNHeadModel",
  "model_name": "eml_no_ambiguity",
  "num_classes": 5,
  "num_params": 166258,
  "pairwise_margin": 0.0,
  "pairwise_weight": 0.05,
  "platform": "macOS-26.0-arm64-arm-64bit",
  "python_version": "3.12.12",
  "reason": "",
  "run_dir": "reports/head_ablation/runs/20260425_025714_e2e_synthetic_shape_eml_no_ambiguity_ce_pairwise_seed1",
  "run_id": "e2e_synthetic_shape_eml_no_ambiguity_ce_pairwise_seed1",
  "seed": 1,
  "status": "COMPLETED",
  "steps": 30,
  "steps_run": 30,
  "task_name": "image_classification",
  "test_accuracy": 0.1953125,
  "test_ambiguity_mean": 0.0,
  "test_brier": 0.8548930883407593,
  "test_class_resistance_mean": 0.20000216364860535,
  "test_ece": 0.20593655109405518,
  "test_hard_negative_drive_mean": 2.9737508296966553,
  "test_hard_negative_logit_mean": 0.8696309328079224,
  "test_hard_negative_resistance_mean": 0.9009193181991577,
  "test_loss": 1.7154570817947388,
  "test_margin_mean": -0.662392795085907,
  "test_nll": 1.7154570817947388,
  "test_positive_drive_mean": 0.3944963812828064,
  "test_positive_logit_mean": 0.2072381228208542,
  "test_positive_resistance_mean": 0.9006224870681763,
  "test_resistance_noise_corr": 0.0983438640832901,
  "test_resistance_occlusion_corr": 0.20215867459774017,
  "test_sample_uncertainty_mean": 0.7006587982177734,
  "timestamp": "2026-04-25T02:57:17Z",
  "torch_version": "2.10.0",
  "torchvision_version": "unavailable",
  "total_train_time_sec": 3.314293146133423,
  "trainable_params": 166258,
  "use_eml_residual_bank": false,
  "use_merc_block": false,
  "val_accuracy": 0.1953125,
  "val_ambiguity_mean": 0.0,
  "val_brier": 0.857003927230835,
  "val_class_resistance_mean": 0.20000216364860535,
  "val_ece": 0.20579513907432556,
  "val_hard_negative_drive_mean": 2.976268768310547,
  "val_hard_negative_logit_mean": 0.8705797791481018,
  "val_hard_negative_resistance_mean": 0.9009411334991455,
  "val_loss": 1.7218647003173828,
  "val_margin_mean": -0.6688735485076904,
  "val_nll": 1.7218647003173828,
  "val_positive_drive_mean": 0.3786151111125946,
  "val_positive_logit_mean": 0.201706200838089,
  "val_positive_resistance_mean": 0.9007179737091064,
  "val_resistance_noise_corr": 0.17544271051883698,
  "val_resistance_occlusion_corr": 0.023772886022925377,
  "val_sample_uncertainty_mean": 0.700680673122406
}