{
  "batch_size": 64,
  "best_metric": 0.9765625,
  "best_step": 100,
  "clean_accuracy": 0.9934895634651184,
  "clean_brier": 0.10359980911016464,
  "clean_confidence_mean": 0.7199101448059082,
  "clean_ece": 0.27762264013290405,
  "clean_nll": 0.3367832899093628,
  "clean_positive_resistance_mean": 0.17168967425823212,
  "clean_resistance_noise_corr": 1.1144582146016546e-07,
  "clean_resistance_occlusion_corr": NaN,
  "clean_risk_at_100_coverage": 0.006510436534881592,
  "clean_risk_at_50_coverage": 0.0,
  "clean_risk_at_70_coverage": 0.0,
  "clean_risk_at_80_coverage": 0.0,
  "clean_risk_at_90_coverage": 0.0,
  "clean_score_name": "positive_resistance",
  "clean_selective_aurc": 6.510430102935061e-05,
  "clean_uncertainty_mean": 0.17168967425823212,
  "clean_vs_noisy_auroc": 0.6963322758674622,
  "clean_vs_occluded_auroc": 0.5811755061149597,
  "condition_metrics_path": "reports/uncertainty_remote_20260424_175558/runs/20260424_095550_uncertainty_synthetic_shape_eml_supervised_resistance_seed1/uncertainty_eval.pt",
  "cuda_available": true,
  "dataset_name": "synthetic_shape",
  "device": "cuda",
  "early_stop_patience": 4,
  "early_stop_triggered": true,
  "experiment_type": "frozen_features_uncertainty",
  "feature_dim": 64,
  "final_metric": 0.9934895634651184,
  "final_train_loss": 0.4332594871520996,
  "git_commit": "unknown",
  "hostname": "user-NF5468M6",
  "metrics_json": "{\"best_metric\": 0.9765625, \"best_step\": 100, \"clean_accuracy\": 0.9934895634651184, \"clean_brier\": 0.10359980911016464, \"clean_confidence_mean\": 0.7199101448059082, \"clean_ece\": 0.27762264013290405, \"clean_nll\": 0.3367832899093628, \"clean_positive_resistance_mean\": 0.17168967425823212, \"clean_resistance_noise_corr\": 1.1144582146016546e-07, \"clean_resistance_occlusion_corr\": NaN, \"clean_risk_at_100_coverage\": 0.006510436534881592, \"clean_risk_at_50_coverage\": 0.0, \"clean_risk_at_70_coverage\": 0.0, \"clean_risk_at_80_coverage\": 0.0, \"clean_risk_at_90_coverage\": 0.0, \"clean_score_name\": \"positive_resistance\", \"clean_selective_aurc\": 6.510430102935061e-05, \"clean_uncertainty_mean\": 0.17168967425823212, \"clean_vs_noisy_auroc\": 0.6963322758674622, \"clean_vs_occluded_auroc\": 0.5811755061149597, \"condition_metrics_path\": \"reports/uncertainty_remote_20260424_175558/runs/20260424_095550_uncertainty_synthetic_shape_eml_supervised_resistance_seed1/uncertainty_eval.pt\", \"early_stop_patience\": 4, \"early_stop_triggered\": true, \"final_metric\": 0.9934895634651184, \"final_train_loss\": 0.4332594871520996, \"noisy_accuracy\": 0.9873046875, \"noisy_brier\": 0.11414680629968643, \"noisy_confidence_mean\": 0.717646598815918, \"noisy_ece\": 0.2696581184864044, \"noisy_nll\": 0.3549530506134033, \"noisy_positive_resistance_mean\": 0.2550739645957947, \"noisy_resistance_noise_corr\": NaN, \"noisy_resistance_occlusion_corr\": NaN, \"noisy_risk_at_100_coverage\": 0.0126953125, \"noisy_risk_at_50_coverage\": 0.0, \"noisy_risk_at_70_coverage\": 0.0, \"noisy_risk_at_80_coverage\": 0.0, \"noisy_risk_at_90_coverage\": 0.0, \"noisy_score_name\": \"positive_resistance\", \"noisy_selective_aurc\": 0.0001269530039280653, \"noisy_uncertainty_mean\": 0.2550739645957947, \"occluded_accuracy\": 0.9052734375, \"occluded_brier\": 0.19830384850502014, \"occluded_confidence_mean\": 0.6833927631378174, \"occluded_ece\": 0.22877711057662964, \"occluded_nll\": 0.5031901597976685, \"occluded_positive_resistance_mean\": 0.2747338116168976, \"occluded_resistance_noise_corr\": -1.5620678084360407e-09, \"occluded_resistance_occlusion_corr\": 0.5067154765129089, \"occluded_risk_at_100_coverage\": 0.0947265625, \"occluded_risk_at_50_coverage\": 0.0, \"occluded_risk_at_70_coverage\": 0.0, \"occluded_risk_at_80_coverage\": 0.0, \"occluded_risk_at_90_coverage\": 0.021691977977752686, \"occluded_score_name\": \"positive_resistance\", \"occluded_selective_aurc\": 0.006330536212772131, \"occluded_uncertainty_mean\": 0.2747338116168976, \"pooled_resistance_noise_corr\": NaN, \"pooled_resistance_occlusion_corr\": NaN, \"steps_run\": 200, \"total_train_time_sec\": 3.6419403553009033}",
  "mode": "uncertainty_benchmark",
  "model_class": "EMLPrototypeHeadSupervisedResistance",
  "model_name": "eml_supervised_resistance",
  "noisy_accuracy": 0.9873046875,
  "noisy_brier": 0.11414680629968643,
  "noisy_confidence_mean": 0.717646598815918,
  "noisy_ece": 0.2696581184864044,
  "noisy_nll": 0.3549530506134033,
  "noisy_positive_resistance_mean": 0.2550739645957947,
  "noisy_resistance_noise_corr": NaN,
  "noisy_resistance_occlusion_corr": NaN,
  "noisy_risk_at_100_coverage": 0.0126953125,
  "noisy_risk_at_50_coverage": 0.0,
  "noisy_risk_at_70_coverage": 0.0,
  "noisy_risk_at_80_coverage": 0.0,
  "noisy_risk_at_90_coverage": 0.0,
  "noisy_score_name": "positive_resistance",
  "noisy_selective_aurc": 0.0001269530039280653,
  "noisy_uncertainty_mean": 0.2550739645957947,
  "num_classes": 5,
  "num_params": 18002,
  "num_workers": 0,
  "occluded_accuracy": 0.9052734375,
  "occluded_brier": 0.19830384850502014,
  "occluded_confidence_mean": 0.6833927631378174,
  "occluded_ece": 0.22877711057662964,
  "occluded_nll": 0.5031901597976685,
  "occluded_positive_resistance_mean": 0.2747338116168976,
  "occluded_resistance_noise_corr": -1.5620678084360407e-09,
  "occluded_resistance_occlusion_corr": 0.5067154765129089,
  "occluded_risk_at_100_coverage": 0.0947265625,
  "occluded_risk_at_50_coverage": 0.0,
  "occluded_risk_at_70_coverage": 0.0,
  "occluded_risk_at_80_coverage": 0.0,
  "occluded_risk_at_90_coverage": 0.021691977977752686,
  "occluded_score_name": "positive_resistance",
  "occluded_selective_aurc": 0.006330536212772131,
  "occluded_uncertainty_mean": 0.2747338116168976,
  "platform": "Linux-5.4.0-216-generic-x86_64-with-glibc2.31",
  "pooled_resistance_noise_corr": NaN,
  "pooled_resistance_occlusion_corr": NaN,
  "python_version": "3.10.20",
  "reason": "",
  "run_dir": "reports/uncertainty_remote_20260424_175558/runs/20260424_095550_uncertainty_synthetic_shape_eml_supervised_resistance_seed1",
  "run_id": "uncertainty_synthetic_shape_eml_supervised_resistance_seed1",
  "seed": 1,
  "status": "COMPLETED",
  "steps_run": 200,
  "task_name": "image_uncertainty_selective_classification",
  "test_size": 1024,
  "timestamp": "2026-04-24T09:55:54Z",
  "torch_version": "2.7.1+cu118",
  "torchvision_version": "0.22.1+cu118",
  "total_train_time_sec": 3.6419403553009033,
  "train_size": 4096,
  "trainable_params": 18002
}