{
  "backbone_steps": 300,
  "batch_size": 64,
  "best_metric": 0.51953125,
  "best_step": 50,
  "clean_accuracy": 0.46484375,
  "clean_brier": 0.680314838886261,
  "clean_confidence_mean": 0.40796828269958496,
  "clean_ece": 0.06441700458526611,
  "clean_nll": 1.4827380180358887,
  "clean_risk_at_100_coverage": 0.53515625,
  "clean_risk_at_50_coverage": 0.4270833134651184,
  "clean_risk_at_70_coverage": 0.4572490453720093,
  "clean_risk_at_80_coverage": 0.48943090438842773,
  "clean_risk_at_90_coverage": 0.5057803392410278,
  "clean_score_name": "one_minus_confidence",
  "clean_selective_aurc": 0.3719049096107483,
  "clean_uncertainty_mean": 0.5920316576957703,
  "clean_vs_noisy_auroc": 0.5242602229118347,
  "clean_vs_occluded_auroc": 0.5121294856071472,
  "condition_metrics_path": "reports/pluggable_uncertainty_real_20260427/runs/20260427_032837_uncertainty_cifar10_mlp_seed1/uncertainty_eval.pt",
  "cuda_available": true,
  "dataset_name": "cifar10",
  "device": "cuda",
  "early_stop_min_evals": 2,
  "early_stop_patience": 4,
  "early_stop_triggered": true,
  "eval_interval": 25,
  "experiment_type": "frozen_features_uncertainty",
  "feature_dim": 64,
  "final_metric": 0.46484375,
  "final_train_loss": 1.3624097108840942,
  "git_commit": "0c0b3db",
  "head_steps": 1200,
  "hostname": "user-NF5468M6",
  "metrics_json": "{\"best_metric\": 0.51953125, \"best_step\": 50, \"clean_accuracy\": 0.46484375, \"clean_brier\": 0.680314838886261, \"clean_confidence_mean\": 0.40796828269958496, \"clean_ece\": 0.06441700458526611, \"clean_nll\": 1.4827380180358887, \"clean_risk_at_100_coverage\": 0.53515625, \"clean_risk_at_50_coverage\": 0.4270833134651184, \"clean_risk_at_70_coverage\": 0.4572490453720093, \"clean_risk_at_80_coverage\": 0.48943090438842773, \"clean_risk_at_90_coverage\": 0.5057803392410278, \"clean_score_name\": \"one_minus_confidence\", \"clean_selective_aurc\": 0.3719049096107483, \"clean_uncertainty_mean\": 0.5920316576957703, \"clean_vs_noisy_auroc\": 0.5242602229118347, \"clean_vs_occluded_auroc\": 0.5121294856071472, \"condition_metrics_path\": \"reports/pluggable_uncertainty_real_20260427/runs/20260427_032837_uncertainty_cifar10_mlp_seed1/uncertainty_eval.pt\", \"early_stop_patience\": 4, \"early_stop_triggered\": true, \"final_metric\": 0.46484375, \"final_train_loss\": 1.3624097108840942, \"noisy_accuracy\": 0.3828125, \"noisy_brier\": 0.7486655712127686, \"noisy_confidence_mean\": 0.39789971709251404, \"noisy_ece\": 0.06021369248628616, \"noisy_nll\": 1.7059780359268188, \"noisy_risk_at_100_coverage\": 0.6171875, \"noisy_risk_at_50_coverage\": 0.517578125, \"noisy_risk_at_70_coverage\": 0.5704323649406433, \"noisy_risk_at_80_coverage\": 0.5890244245529175, \"noisy_risk_at_90_coverage\": 0.6041214466094971, \"noisy_score_name\": \"one_minus_confidence\", \"noisy_selective_aurc\": 0.48211756348609924, \"noisy_uncertainty_mean\": 0.6021002531051636, \"occluded_accuracy\": 0.4228515625, \"occluded_brier\": 0.7168592810630798, \"occluded_confidence_mean\": 0.4035995304584503, \"occluded_ece\": 0.046205777674913406, \"occluded_nll\": 1.5910038948059082, \"occluded_risk_at_100_coverage\": 0.5771484375, \"occluded_risk_at_50_coverage\": 0.453125, \"occluded_risk_at_70_coverage\": 0.5146443843841553, \"occluded_risk_at_80_coverage\": 0.5341463088989258, \"occluded_risk_at_90_coverage\": 0.54880690574646, \"occluded_score_name\": \"one_minus_confidence\", \"occluded_selective_aurc\": 0.4260750412940979, \"occluded_uncertainty_mean\": 0.5964004993438721, \"steps_run\": 150, \"total_train_time_sec\": 1.9419636726379395}",
  "mode": "uncertainty_benchmark",
  "model_class": "MLPHead",
  "model_name": "mlp",
  "noisy_accuracy": 0.3828125,
  "noisy_brier": 0.7486655712127686,
  "noisy_confidence_mean": 0.39789971709251404,
  "noisy_ece": 0.06021369248628616,
  "noisy_nll": 1.7059780359268188,
  "noisy_risk_at_100_coverage": 0.6171875,
  "noisy_risk_at_50_coverage": 0.517578125,
  "noisy_risk_at_70_coverage": 0.5704323649406433,
  "noisy_risk_at_80_coverage": 0.5890244245529175,
  "noisy_risk_at_90_coverage": 0.6041214466094971,
  "noisy_score_name": "one_minus_confidence",
  "noisy_selective_aurc": 0.48211756348609924,
  "noisy_uncertainty_mean": 0.6021002531051636,
  "num_classes": 10,
  "num_params": 9738,
  "num_workers": 0,
  "occluded_accuracy": 0.4228515625,
  "occluded_brier": 0.7168592810630798,
  "occluded_confidence_mean": 0.4035995304584503,
  "occluded_ece": 0.046205777674913406,
  "occluded_nll": 1.5910038948059082,
  "occluded_risk_at_100_coverage": 0.5771484375,
  "occluded_risk_at_50_coverage": 0.453125,
  "occluded_risk_at_70_coverage": 0.5146443843841553,
  "occluded_risk_at_80_coverage": 0.5341463088989258,
  "occluded_risk_at_90_coverage": 0.54880690574646,
  "occluded_score_name": "one_minus_confidence",
  "occluded_selective_aurc": 0.4260750412940979,
  "occluded_uncertainty_mean": 0.5964004993438721,
  "platform": "Linux-5.4.0-216-generic-x86_64-with-glibc2.31",
  "python_version": "3.10.20",
  "reason": "",
  "run_dir": "reports/pluggable_uncertainty_real_20260427/runs/20260427_032837_uncertainty_cifar10_mlp_seed1",
  "run_id": "uncertainty_cifar10_mlp_seed1",
  "seed": 1,
  "selected_heads": [
    "linear",
    "mlp",
    "cosine_prototype",
    "eml_no_ambiguity",
    "eml_centered_ambiguity",
    "eml_supervised_resistance",
    "merc_linear",
    "merc_energy"
  ],
  "status": "COMPLETED",
  "steps_run": 150,
  "task_name": "image_uncertainty_selective_classification",
  "test_size": 1024,
  "timestamp": "2026-04-27T03:28:39Z",
  "torch_version": "2.7.1+cu118",
  "torchvision_version": "0.22.1+cu118",
  "total_train_time_sec": 1.9419636726379395,
  "train_size": 4096,
  "trainable_params": 9738
}