{
  "batch_size": 64,
  "best_metric": 0.42578125,
  "best_step": 300,
  "best_val_accuracy": 0.42578125,
  "cuda_available": true,
  "dataset_name": "cifar10",
  "device": "cuda",
  "experiment_type": "end_to_end",
  "feature_dim": 64,
  "final_metric": 0.45703125,
  "final_train_accuracy": 0.53125,
  "final_train_loss": 1.4003101587295532,
  "git_commit": "unknown",
  "head_name": "eml_centered_ambiguity",
  "hostname": "user-NF5468M6",
  "loss_mode": "ce",
  "lr": 0.001,
  "metrics_json": "{\"best_metric\": 0.42578125, \"best_step\": 300, \"best_val_accuracy\": 0.42578125, \"final_metric\": 0.45703125, \"final_train_accuracy\": 0.53125, \"final_train_loss\": 1.4003101587295532, \"test_accuracy\": 0.45703125, \"test_ambiguity_mean\": 1.0080533027648926, \"test_brier\": 0.6901256442070007, \"test_class_resistance_mean\": 0.20019517838954926, \"test_ece\": 0.05416898801922798, \"test_hard_negative_drive_mean\": 5.901175022125244, \"test_hard_negative_logit_mean\": 2.197604179382324, \"test_hard_negative_resistance_mean\": 0.8992344737052917, \"test_loss\": 1.5508497953414917, \"test_margin_mean\": -0.35842445492744446, \"test_nll\": 1.5508497953414917, \"test_positive_drive_mean\": 5.056339263916016, \"test_positive_logit_mean\": 1.8391797542572021, \"test_positive_resistance_mean\": 0.8379325270652771, \"test_resistance_noise_corr\": NaN, \"test_resistance_occlusion_corr\": NaN, \"test_sample_uncertainty_mean\": 0.0017170901410281658, \"total_train_time_sec\": 11.159279108047485, \"val_accuracy\": 0.42578125, \"val_ambiguity_mean\": 1.0219595432281494, \"val_brier\": 0.6954338550567627, \"val_class_resistance_mean\": 0.20019517838954926, \"val_ece\": 0.028391718864440918, \"val_hard_negative_drive_mean\": 6.077144145965576, \"val_hard_negative_logit_mean\": 2.2279281616210938, \"val_hard_negative_resistance_mean\": 0.8674857020378113, \"val_loss\": 1.5378812551498413, \"val_margin_mean\": -0.3682326674461365, \"val_nll\": 1.5378812551498413, \"val_positive_drive_mean\": 5.165867805480957, \"val_positive_logit_mean\": 1.8596954345703125, \"val_positive_resistance_mean\": 0.8848167657852173, \"val_resistance_noise_corr\": NaN, \"val_resistance_occlusion_corr\": NaN, \"val_sample_uncertainty_mean\": 0.0010661822743713856}",
  "mode": "head_ablation",
  "model_class": "CNNHeadModel",
  "model_name": "eml_centered_ambiguity",
  "num_classes": 10,
  "num_params": 167233,
  "pairwise_margin": 0.0,
  "pairwise_weight": 0.0,
  "platform": "Linux-5.4.0-216-generic-x86_64-with-glibc2.31",
  "python_version": "3.10.20",
  "reason": "",
  "run_dir": "reports/real_cifar_20260424_165937/runs/20260424_090607_e2e_cifar10_eml_centered_ambiguity_ce_seed2",
  "run_id": "e2e_cifar10_eml_centered_ambiguity_ce_seed2",
  "seed": 2,
  "status": "COMPLETED",
  "steps": 300,
  "task_name": "image_classification",
  "test_accuracy": 0.45703125,
  "test_ambiguity_mean": 1.0080533027648926,
  "test_brier": 0.6901256442070007,
  "test_class_resistance_mean": 0.20019517838954926,
  "test_ece": 0.05416898801922798,
  "test_hard_negative_drive_mean": 5.901175022125244,
  "test_hard_negative_logit_mean": 2.197604179382324,
  "test_hard_negative_resistance_mean": 0.8992344737052917,
  "test_loss": 1.5508497953414917,
  "test_margin_mean": -0.35842445492744446,
  "test_nll": 1.5508497953414917,
  "test_positive_drive_mean": 5.056339263916016,
  "test_positive_logit_mean": 1.8391797542572021,
  "test_positive_resistance_mean": 0.8379325270652771,
  "test_resistance_noise_corr": NaN,
  "test_resistance_occlusion_corr": NaN,
  "test_sample_uncertainty_mean": 0.0017170901410281658,
  "timestamp": "2026-04-24T09:06:18Z",
  "torch_version": "2.7.1+cu118",
  "torchvision_version": "0.22.1+cu118",
  "total_train_time_sec": 11.159279108047485,
  "trainable_params": 167233,
  "use_eml_residual_bank": false,
  "val_accuracy": 0.42578125,
  "val_ambiguity_mean": 1.0219595432281494,
  "val_brier": 0.6954338550567627,
  "val_class_resistance_mean": 0.20019517838954926,
  "val_ece": 0.028391718864440918,
  "val_hard_negative_drive_mean": 6.077144145965576,
  "val_hard_negative_logit_mean": 2.2279281616210938,
  "val_hard_negative_resistance_mean": 0.8674857020378113,
  "val_loss": 1.5378812551498413,
  "val_margin_mean": -0.3682326674461365,
  "val_nll": 1.5378812551498413,
  "val_positive_drive_mean": 5.165867805480957,
  "val_positive_logit_mean": 1.8596954345703125,
  "val_positive_resistance_mean": 0.8848167657852173,
  "val_resistance_noise_corr": NaN,
  "val_resistance_occlusion_corr": NaN,
  "val_sample_uncertainty_mean": 0.0010661822743713856
}