{
  "best_metric": 0.95703125,
  "best_step": 275,
  "clean_accuracy": 0.95703125,
  "clean_aurc": 0.03527666628360748,
  "clean_ece": 0.10597486048936844,
  "clean_resistance_noise_corr": -8.366143333660148e-09,
  "clean_resistance_occlusion_corr": NaN,
  "clean_vs_noisy_auroc": 0.5681219100952148,
  "clean_vs_occluded_auroc": 0.5666666030883789,
  "cuda_available": true,
  "dataset_name": "synthetic_shape_uncertainty",
  "device": "cuda",
  "early_stop_triggered": false,
  "final_metric": 0.95703125,
  "git_commit": "0c0b3db",
  "hostname": "user-NF5468M6",
  "metrics_json": "{\"best_metric\": 0.95703125, \"best_step\": 275, \"clean_accuracy\": 0.95703125, \"clean_aurc\": 0.03527666628360748, \"clean_ece\": 0.10597486048936844, \"clean_resistance_noise_corr\": -8.366143333660148e-09, \"clean_resistance_occlusion_corr\": NaN, \"clean_vs_noisy_auroc\": 0.5681219100952148, \"clean_vs_occluded_auroc\": 0.5666666030883789, \"early_stop_triggered\": false, \"final_metric\": 0.95703125, \"noisy_accuracy\": 0.9384765625, \"noisy_aurc\": 0.05107590928673744, \"noisy_ece\": 0.08652377873659134, \"noisy_resistance_noise_corr\": NaN, \"noisy_resistance_occlusion_corr\": NaN, \"occluded_accuracy\": 0.830078125, \"occluded_aurc\": 0.1444081962108612, \"occluded_ece\": 0.06871754676103592, \"occluded_resistance_noise_corr\": -4.314508927905081e-08, \"occluded_resistance_occlusion_corr\": 0.16438724100589752, \"steps_run\": 300, \"total_train_time_sec\": 30.931889057159424}",
  "mode": "medium",
  "model_name": "cnn_merc_energy",
  "noisy_accuracy": 0.9384765625,
  "noisy_aurc": 0.05107590928673744,
  "noisy_ece": 0.08652377873659134,
  "noisy_resistance_noise_corr": NaN,
  "noisy_resistance_occlusion_corr": NaN,
  "occluded_accuracy": 0.830078125,
  "occluded_aurc": 0.1444081962108612,
  "occluded_ece": 0.06871754676103592,
  "occluded_resistance_noise_corr": -4.314508927905081e-08,
  "occluded_resistance_occlusion_corr": 0.16438724100589752,
  "platform": "Linux-5.4.0-216-generic-x86_64-with-glibc2.31",
  "python_version": "3.10.20",
  "reason": "",
  "run_dir": "reports/pluggable_primitive_real_20260427/end_to_end_runs/20260427_042315_uncertainty_e2e_synthetic_shape_uncertainty_cnn_merc_energy_seed0",
  "run_id": "uncertainty_e2e_synthetic_shape_uncertainty_cnn_merc_energy_seed0",
  "seed": 0,
  "status": "COMPLETED",
  "steps_run": 300,
  "task_name": "end_to_end_uncertainty",
  "timestamp": "2026-04-27T04:23:46Z",
  "torch_version": "2.7.1+cu118",
  "torchvision_version": "0.22.1+cu118",
  "total_train_time_sec": 30.931889057159424
}