{
  "backbone_steps": 300,
  "batch_size": 64,
  "best_metric": 0.4609375,
  "best_step": 50,
  "clean_accuracy": 0.3997395932674408,
  "clean_brier": 0.7582290172576904,
  "clean_confidence_mean": 0.2549166977405548,
  "clean_ece": 0.1448228657245636,
  "clean_nll": 1.739823341369629,
  "clean_positive_resistance_mean": 0.9053986072540283,
  "clean_resistance_noise_corr": NaN,
  "clean_resistance_occlusion_corr": NaN,
  "clean_risk_at_100_coverage": 0.6002603769302368,
  "clean_risk_at_50_coverage": 0.5520833730697632,
  "clean_risk_at_70_coverage": 0.5910780429840088,
  "clean_risk_at_80_coverage": 0.5983740091323853,
  "clean_risk_at_90_coverage": 0.5881502628326416,
  "clean_score_name": "positive_resistance",
  "clean_selective_aurc": 0.5352140069007874,
  "clean_uncertainty_mean": 0.9053986072540283,
  "clean_vs_noisy_auroc": 0.49492645263671875,
  "clean_vs_occluded_auroc": 0.4842287600040436,
  "condition_metrics_path": "reports/pluggable_primitive_real_20260427/frozen_runs/20260427_041837_uncertainty_cifar10_eml_no_ambiguity_seed1/uncertainty_eval.pt",
  "cuda_available": true,
  "dataset_name": "cifar10",
  "device": "cuda",
  "early_stop_min_evals": 2,
  "early_stop_patience": 4,
  "early_stop_triggered": true,
  "eval_interval": 25,
  "experiment_type": "frozen_features_uncertainty",
  "feature_dim": 64,
  "final_metric": 0.3997395932674408,
  "final_train_loss": 1.830991506576538,
  "git_commit": "0c0b3db",
  "head_steps": 1200,
  "hostname": "user-NF5468M6",
  "metrics_json": "{\"best_metric\": 0.4609375, \"best_step\": 50, \"clean_accuracy\": 0.3997395932674408, \"clean_brier\": 0.7582290172576904, \"clean_confidence_mean\": 0.2549166977405548, \"clean_ece\": 0.1448228657245636, \"clean_nll\": 1.739823341369629, \"clean_positive_resistance_mean\": 0.9053986072540283, \"clean_resistance_noise_corr\": NaN, \"clean_resistance_occlusion_corr\": NaN, \"clean_risk_at_100_coverage\": 0.6002603769302368, \"clean_risk_at_50_coverage\": 0.5520833730697632, \"clean_risk_at_70_coverage\": 0.5910780429840088, \"clean_risk_at_80_coverage\": 0.5983740091323853, \"clean_risk_at_90_coverage\": 0.5881502628326416, \"clean_score_name\": \"positive_resistance\", \"clean_selective_aurc\": 0.5352140069007874, \"clean_uncertainty_mean\": 0.9053986072540283, \"clean_vs_noisy_auroc\": 0.49492645263671875, \"clean_vs_occluded_auroc\": 0.4842287600040436, \"condition_metrics_path\": \"reports/pluggable_primitive_real_20260427/frozen_runs/20260427_041837_uncertainty_cifar10_eml_no_ambiguity_seed1/uncertainty_eval.pt\", \"early_stop_patience\": 4, \"early_stop_triggered\": true, \"final_metric\": 0.3997395932674408, \"final_train_loss\": 1.830991506576538, \"noisy_accuracy\": 0.3251953125, \"noisy_brier\": 0.7930986881256104, \"noisy_confidence_mean\": 0.25002574920654297, \"noisy_ece\": 0.07583630084991455, \"noisy_nll\": 1.860128402709961, \"noisy_positive_resistance_mean\": 0.9050600528717041, \"noisy_resistance_noise_corr\": NaN, \"noisy_resistance_occlusion_corr\": NaN, \"noisy_risk_at_100_coverage\": 0.6748046875, \"noisy_risk_at_50_coverage\": 0.62109375, \"noisy_risk_at_70_coverage\": 0.6485356092453003, \"noisy_risk_at_80_coverage\": 0.6634145975112915, \"noisy_risk_at_90_coverage\": 0.6691974401473999, \"noisy_score_name\": \"positive_resistance\", \"noisy_selective_aurc\": 0.5780819654464722, \"noisy_uncertainty_mean\": 0.9050600528717041, \"occluded_accuracy\": 0.3671875, \"occluded_brier\": 0.7795336842536926, \"occluded_confidence_mean\": 0.25059589743614197, \"occluded_ece\": 0.11724715679883957, \"occluded_nll\": 1.8100285530090332, \"occluded_positive_resistance_mean\": 0.9043186902999878, \"occluded_resistance_noise_corr\": NaN, \"occluded_resistance_occlusion_corr\": NaN, \"occluded_risk_at_100_coverage\": 0.6328125, \"occluded_risk_at_50_coverage\": 0.5703125, \"occluded_risk_at_70_coverage\": 0.5997210741043091, \"occluded_risk_at_80_coverage\": 0.6097561120986938, \"occluded_risk_at_90_coverage\": 0.6182212829589844, \"occluded_score_name\": \"positive_resistance\", \"occluded_selective_aurc\": 0.5577865242958069, \"occluded_uncertainty_mean\": 0.9043186902999878, \"pooled_resistance_noise_corr\": 0.005327579099684954, \"pooled_resistance_occlusion_corr\": -0.016951357945799828, \"steps_run\": 150, \"total_train_time_sec\": 4.175658464431763}",
  "mode": "uncertainty_benchmark",
  "model_class": "EMLPrototypeHeadNoAmbiguity",
  "model_name": "eml_no_ambiguity",
  "noisy_accuracy": 0.3251953125,
  "noisy_brier": 0.7930986881256104,
  "noisy_confidence_mean": 0.25002574920654297,
  "noisy_ece": 0.07583630084991455,
  "noisy_nll": 1.860128402709961,
  "noisy_positive_resistance_mean": 0.9050600528717041,
  "noisy_resistance_noise_corr": NaN,
  "noisy_resistance_occlusion_corr": NaN,
  "noisy_risk_at_100_coverage": 0.6748046875,
  "noisy_risk_at_50_coverage": 0.62109375,
  "noisy_risk_at_70_coverage": 0.6485356092453003,
  "noisy_risk_at_80_coverage": 0.6634145975112915,
  "noisy_risk_at_90_coverage": 0.6691974401473999,
  "noisy_score_name": "positive_resistance",
  "noisy_selective_aurc": 0.5780819654464722,
  "noisy_uncertainty_mean": 0.9050600528717041,
  "num_classes": 10,
  "num_params": 18977,
  "num_workers": 0,
  "occluded_accuracy": 0.3671875,
  "occluded_brier": 0.7795336842536926,
  "occluded_confidence_mean": 0.25059589743614197,
  "occluded_ece": 0.11724715679883957,
  "occluded_nll": 1.8100285530090332,
  "occluded_positive_resistance_mean": 0.9043186902999878,
  "occluded_resistance_noise_corr": NaN,
  "occluded_resistance_occlusion_corr": NaN,
  "occluded_risk_at_100_coverage": 0.6328125,
  "occluded_risk_at_50_coverage": 0.5703125,
  "occluded_risk_at_70_coverage": 0.5997210741043091,
  "occluded_risk_at_80_coverage": 0.6097561120986938,
  "occluded_risk_at_90_coverage": 0.6182212829589844,
  "occluded_score_name": "positive_resistance",
  "occluded_selective_aurc": 0.5577865242958069,
  "occluded_uncertainty_mean": 0.9043186902999878,
  "platform": "Linux-5.4.0-216-generic-x86_64-with-glibc2.31",
  "pooled_resistance_noise_corr": 0.005327579099684954,
  "pooled_resistance_occlusion_corr": -0.016951357945799828,
  "python_version": "3.10.20",
  "reason": "",
  "run_dir": "reports/pluggable_primitive_real_20260427/frozen_runs/20260427_041837_uncertainty_cifar10_eml_no_ambiguity_seed1",
  "run_id": "uncertainty_cifar10_eml_no_ambiguity_seed1",
  "seed": 1,
  "selected_heads": [
    "linear",
    "mlp",
    "cosine_prototype",
    "eml_no_ambiguity",
    "eml_centered_ambiguity",
    "eml_supervised_resistance",
    "merc_linear",
    "merc_energy"
  ],
  "status": "COMPLETED",
  "steps_run": 150,
  "task_name": "image_uncertainty_selective_classification",
  "test_size": 1024,
  "timestamp": "2026-04-27T04:18:41Z",
  "torch_version": "2.7.1+cu118",
  "torchvision_version": "0.22.1+cu118",
  "total_train_time_sec": 4.175658464431763,
  "train_size": 4096,
  "trainable_params": 18977
}