{
  "backbone_steps": 40,
  "batch_size": 32,
  "best_metric": 0.40625,
  "best_step": 40,
  "clean_accuracy": 0.34375,
  "clean_brier": 0.6440064907073975,
  "clean_confidence_mean": 0.5161575078964233,
  "clean_conflict_resistance_corr": NaN,
  "clean_conflict_score_mean": 0.2810989320278168,
  "clean_ece": 0.20507504045963287,
  "clean_nll": 1.2454665899276733,
  "clean_positive_resistance_mean": 0.6975182294845581,
  "clean_resistance_noise_corr": 6.020319887056758e-08,
  "clean_resistance_occlusion_corr": NaN,
  "clean_risk_at_100_coverage": 0.65625,
  "clean_risk_at_50_coverage": 0.640625,
  "clean_risk_at_70_coverage": 0.5111111402511597,
  "clean_risk_at_80_coverage": 0.5728155374526978,
  "clean_risk_at_90_coverage": 0.6206896305084229,
  "clean_score_name": "positive_resistance",
  "clean_selective_aurc": 0.6829502582550049,
  "clean_support_score_mean": 2.0305583477020264,
  "clean_uncertainty_mean": 0.6975182294845581,
  "clean_vs_noisy_auroc": 0.495758056640625,
  "clean_vs_occluded_auroc": 0.51776123046875,
  "condition_metrics_path": "reports/pluggable_primitive_smoke/frozen_runs/20260427_035714_uncertainty_synthetic_shape_merc_linear_seed1/uncertainty_eval.pt",
  "cuda_available": false,
  "dataset_name": "synthetic_shape",
  "device": "cpu",
  "early_stop_min_evals": 2,
  "early_stop_patience": 4,
  "early_stop_triggered": false,
  "eval_interval": 10,
  "experiment_type": "frozen_features_uncertainty",
  "feature_dim": 64,
  "final_metric": 0.34375,
  "final_train_loss": 1.4938337802886963,
  "git_commit": "e445378",
  "head_steps": 40,
  "hostname": "Mac",
  "metrics_json": "{\"best_metric\": 0.40625, \"best_step\": 40, \"clean_accuracy\": 0.34375, \"clean_brier\": 0.6440064907073975, \"clean_confidence_mean\": 0.5161575078964233, \"clean_conflict_resistance_corr\": NaN, \"clean_conflict_score_mean\": 0.2810989320278168, \"clean_ece\": 0.20507504045963287, \"clean_nll\": 1.2454665899276733, \"clean_positive_resistance_mean\": 0.6975182294845581, \"clean_resistance_noise_corr\": 6.020319887056758e-08, \"clean_resistance_occlusion_corr\": NaN, \"clean_risk_at_100_coverage\": 0.65625, \"clean_risk_at_50_coverage\": 0.640625, \"clean_risk_at_70_coverage\": 0.5111111402511597, \"clean_risk_at_80_coverage\": 0.5728155374526978, \"clean_risk_at_90_coverage\": 0.6206896305084229, \"clean_score_name\": \"positive_resistance\", \"clean_selective_aurc\": 0.6829502582550049, \"clean_support_score_mean\": 2.0305583477020264, \"clean_uncertainty_mean\": 0.6975182294845581, \"clean_vs_noisy_auroc\": 0.495758056640625, \"clean_vs_occluded_auroc\": 0.51776123046875, \"condition_metrics_path\": \"reports/pluggable_primitive_smoke/frozen_runs/20260427_035714_uncertainty_synthetic_shape_merc_linear_seed1/uncertainty_eval.pt\", \"early_stop_patience\": 4, \"early_stop_triggered\": false, \"final_metric\": 0.34375, \"final_train_loss\": 1.4938337802886963, \"noisy_accuracy\": 0.41796875, \"noisy_brier\": 0.6370272040367126, \"noisy_confidence_mean\": 0.5188050270080566, \"noisy_conflict_resistance_corr\": 5.308809818416194e-07, \"noisy_conflict_score_mean\": 0.2781313359737396, \"noisy_ece\": 0.1272202730178833, \"noisy_nll\": 1.2156084775924683, \"noisy_positive_resistance_mean\": 0.6830489039421082, \"noisy_resistance_noise_corr\": NaN, \"noisy_resistance_occlusion_corr\": NaN, \"noisy_risk_at_100_coverage\": 0.58203125, \"noisy_risk_at_50_coverage\": 0.59375, \"noisy_risk_at_70_coverage\": 0.43888890743255615, \"noisy_risk_at_80_coverage\": 0.47804880142211914, \"noisy_risk_at_90_coverage\": 0.5367965698242188, \"noisy_score_name\": \"positive_resistance\", \"noisy_selective_aurc\": 0.654272198677063, \"noisy_support_score_mean\": 2.0825154781341553, \"noisy_uncertainty_mean\": 0.6830489039421082, \"occluded_accuracy\": 0.40234375, \"occluded_brier\": 0.6605738401412964, \"occluded_confidence_mean\": 0.5671534538269043, \"occluded_conflict_resistance_corr\": -0.002936238655820489, \"occluded_conflict_score_mean\": 0.2859302759170532, \"occluded_ece\": 0.19349798560142517, \"occluded_nll\": 1.2748122215270996, \"occluded_positive_resistance_mean\": 0.6892222166061401, \"occluded_resistance_noise_corr\": 4.626616600944544e-07, \"occluded_resistance_occlusion_corr\": 0.00346550066024065, \"occluded_risk_at_100_coverage\": 0.59765625, \"occluded_risk_at_50_coverage\": 0.5625, \"occluded_risk_at_70_coverage\": 0.4277777671813965, \"occluded_risk_at_80_coverage\": 0.497560977935791, \"occluded_risk_at_90_coverage\": 0.5541125535964966, \"occluded_score_name\": \"positive_resistance\", \"occluded_selective_aurc\": 0.6479596495628357, \"occluded_support_score_mean\": 2.0586209297180176, \"occluded_uncertainty_mean\": 0.6892222166061401, \"pooled_conflict_resistance_corr\": -0.08197392523288727, \"pooled_resistance_noise_corr\": -0.056955575942993164, \"pooled_resistance_occlusion_corr\": 0.005561121739447117, \"steps_run\": 40, \"total_train_time_sec\": 0.15027904510498047}",
  "mode": "uncertainty_benchmark",
  "model_class": "MERCHeadLinearReadout",
  "model_name": "merc_linear",
  "noisy_accuracy": 0.41796875,
  "noisy_brier": 0.6370272040367126,
  "noisy_confidence_mean": 0.5188050270080566,
  "noisy_conflict_resistance_corr": 5.308809818416194e-07,
  "noisy_conflict_score_mean": 0.2781313359737396,
  "noisy_ece": 0.1272202730178833,
  "noisy_nll": 1.2156084775924683,
  "noisy_positive_resistance_mean": 0.6830489039421082,
  "noisy_resistance_noise_corr": NaN,
  "noisy_resistance_occlusion_corr": NaN,
  "noisy_risk_at_100_coverage": 0.58203125,
  "noisy_risk_at_50_coverage": 0.59375,
  "noisy_risk_at_70_coverage": 0.43888890743255615,
  "noisy_risk_at_80_coverage": 0.47804880142211914,
  "noisy_risk_at_90_coverage": 0.5367965698242188,
  "noisy_score_name": "positive_resistance",
  "noisy_selective_aurc": 0.654272198677063,
  "noisy_support_score_mean": 2.0825154781341553,
  "noisy_uncertainty_mean": 0.6830489039421082,
  "num_classes": 5,
  "num_params": 92222,
  "num_workers": 0,
  "occluded_accuracy": 0.40234375,
  "occluded_brier": 0.6605738401412964,
  "occluded_confidence_mean": 0.5671534538269043,
  "occluded_conflict_resistance_corr": -0.002936238655820489,
  "occluded_conflict_score_mean": 0.2859302759170532,
  "occluded_ece": 0.19349798560142517,
  "occluded_nll": 1.2748122215270996,
  "occluded_positive_resistance_mean": 0.6892222166061401,
  "occluded_resistance_noise_corr": 4.626616600944544e-07,
  "occluded_resistance_occlusion_corr": 0.00346550066024065,
  "occluded_risk_at_100_coverage": 0.59765625,
  "occluded_risk_at_50_coverage": 0.5625,
  "occluded_risk_at_70_coverage": 0.4277777671813965,
  "occluded_risk_at_80_coverage": 0.497560977935791,
  "occluded_risk_at_90_coverage": 0.5541125535964966,
  "occluded_score_name": "positive_resistance",
  "occluded_selective_aurc": 0.6479596495628357,
  "occluded_support_score_mean": 2.0586209297180176,
  "occluded_uncertainty_mean": 0.6892222166061401,
  "platform": "macOS-26.0-arm64-arm-64bit",
  "pooled_conflict_resistance_corr": -0.08197392523288727,
  "pooled_resistance_noise_corr": -0.056955575942993164,
  "pooled_resistance_occlusion_corr": 0.005561121739447117,
  "python_version": "3.12.12",
  "reason": "",
  "run_dir": "reports/pluggable_primitive_smoke/frozen_runs/20260427_035714_uncertainty_synthetic_shape_merc_linear_seed1",
  "run_id": "uncertainty_synthetic_shape_merc_linear_seed1",
  "seed": 1,
  "selected_heads": [
    "linear",
    "mlp",
    "cosine_prototype",
    "eml_no_ambiguity",
    "eml_centered_ambiguity",
    "eml_supervised_resistance",
    "merc_linear",
    "merc_energy"
  ],
  "status": "COMPLETED",
  "steps_run": 40,
  "task_name": "image_uncertainty_selective_classification",
  "test_size": 256,
  "timestamp": "2026-04-27T03:57:14Z",
  "torch_version": "2.10.0",
  "torchvision_version": "unavailable",
  "total_train_time_sec": 0.15027904510498047,
  "train_size": 768,
  "trainable_params": 92222
}