{
  "batch_size": 64,
  "best_metric": 0.5078125,
  "best_step": 250,
  "clean_accuracy": 0.4791666567325592,
  "clean_brier": 0.6578400731086731,
  "clean_confidence_mean": 0.506500780582428,
  "clean_conflict_resistance_corr": NaN,
  "clean_conflict_score_mean": 0.6669405102729797,
  "clean_ece": 0.04238026961684227,
  "clean_nll": 1.4663262367248535,
  "clean_positive_resistance_mean": 0.322405070066452,
  "clean_resistance_noise_corr": NaN,
  "clean_resistance_occlusion_corr": NaN,
  "clean_risk_at_100_coverage": 0.5208333730697632,
  "clean_risk_at_50_coverage": 0.4114583134651184,
  "clean_risk_at_70_coverage": 0.434944212436676,
  "clean_risk_at_80_coverage": 0.4357723593711853,
  "clean_risk_at_90_coverage": 0.46820807456970215,
  "clean_score_name": "positive_resistance",
  "clean_selective_aurc": 0.4029790759086609,
  "clean_support_score_mean": 1.0180310010910034,
  "clean_uncertainty_mean": 0.322405070066452,
  "clean_vs_noisy_auroc": 0.5683199763298035,
  "clean_vs_occluded_auroc": 0.5268783569335938,
  "condition_metrics_path": "reports/uncertainty_resistance_true_20260427/runs/20260427_020707_uncertainty_cifar10_merc_energy_seed1/uncertainty_eval.pt",
  "cuda_available": true,
  "dataset_name": "cifar10",
  "device": "cuda",
  "early_stop_patience": 4,
  "early_stop_triggered": false,
  "experiment_type": "frozen_features_uncertainty",
  "feature_dim": 64,
  "final_metric": 0.4791666567325592,
  "final_train_loss": 1.3719946146011353,
  "git_commit": "0c0b3db",
  "hostname": "user-NF5468M6",
  "metrics_json": "{\"best_metric\": 0.5078125, \"best_step\": 250, \"clean_accuracy\": 0.4791666567325592, \"clean_brier\": 0.6578400731086731, \"clean_confidence_mean\": 0.506500780582428, \"clean_conflict_resistance_corr\": NaN, \"clean_conflict_score_mean\": 0.6669405102729797, \"clean_ece\": 0.04238026961684227, \"clean_nll\": 1.4663262367248535, \"clean_positive_resistance_mean\": 0.322405070066452, \"clean_resistance_noise_corr\": NaN, \"clean_resistance_occlusion_corr\": NaN, \"clean_risk_at_100_coverage\": 0.5208333730697632, \"clean_risk_at_50_coverage\": 0.4114583134651184, \"clean_risk_at_70_coverage\": 0.434944212436676, \"clean_risk_at_80_coverage\": 0.4357723593711853, \"clean_risk_at_90_coverage\": 0.46820807456970215, \"clean_score_name\": \"positive_resistance\", \"clean_selective_aurc\": 0.4029790759086609, \"clean_support_score_mean\": 1.0180310010910034, \"clean_uncertainty_mean\": 0.322405070066452, \"clean_vs_noisy_auroc\": 0.5683199763298035, \"clean_vs_occluded_auroc\": 0.5268783569335938, \"condition_metrics_path\": \"reports/uncertainty_resistance_true_20260427/runs/20260427_020707_uncertainty_cifar10_merc_energy_seed1/uncertainty_eval.pt\", \"early_stop_patience\": 4, \"early_stop_triggered\": false, \"final_metric\": 0.4791666567325592, \"final_train_loss\": 1.3719946146011353, \"noisy_accuracy\": 0.4111328125, \"noisy_brier\": 0.733849287033081, \"noisy_confidence_mean\": 0.48531049489974976, \"noisy_conflict_resistance_corr\": NaN, \"noisy_conflict_score_mean\": 0.6997577548027039, \"noisy_ece\": 0.08108878880739212, \"noisy_nll\": 1.664129376411438, \"noisy_positive_resistance_mean\": 0.47451528906822205, \"noisy_resistance_noise_corr\": NaN, \"noisy_resistance_occlusion_corr\": NaN, \"noisy_risk_at_100_coverage\": 0.5888671875, \"noisy_risk_at_50_coverage\": 0.474609375, \"noisy_risk_at_70_coverage\": 0.4644351601600647, \"noisy_risk_at_80_coverage\": 0.49512195587158203, \"noisy_risk_at_90_coverage\": 0.5433839559555054, \"noisy_score_name\": \"positive_resistance\", \"noisy_selective_aurc\": 0.4609651565551758, \"noisy_support_score_mean\": 0.9596494436264038, \"noisy_uncertainty_mean\": 0.47451528906822205, \"occluded_accuracy\": 0.4248046875, \"occluded_brier\": 0.7039773464202881, \"occluded_confidence_mean\": 0.5019932389259338, \"occluded_conflict_resistance_corr\": NaN, \"occluded_conflict_score_mean\": 0.6118648052215576, \"occluded_ece\": 0.08094160258769989, \"occluded_nll\": 1.5751607418060303, \"occluded_positive_resistance_mean\": 0.3752972185611725, \"occluded_resistance_noise_corr\": NaN, \"occluded_resistance_occlusion_corr\": NaN, \"occluded_risk_at_100_coverage\": 0.5751953125, \"occluded_risk_at_50_coverage\": 0.46484375, \"occluded_risk_at_70_coverage\": 0.47001397609710693, \"occluded_risk_at_80_coverage\": 0.4817073345184326, \"occluded_risk_at_90_coverage\": 0.5292841792106628, \"occluded_score_name\": \"positive_resistance\", \"occluded_selective_aurc\": 0.45632845163345337, \"occluded_support_score_mean\": 1.0013315677642822, \"occluded_uncertainty_mean\": 0.3752972185611725, \"pooled_conflict_resistance_corr\": 0.06461852788925171, \"pooled_resistance_noise_corr\": 0.0633518323302269, \"pooled_resistance_occlusion_corr\": -0.017686473205685616, \"steps_run\": 250, \"total_train_time_sec\": 29.183026790618896}",
  "mode": "uncertainty_benchmark",
  "model_class": "MERCHeadClassEnergy",
  "model_name": "merc_energy",
  "noisy_accuracy": 0.4111328125,
  "noisy_brier": 0.733849287033081,
  "noisy_confidence_mean": 0.48531049489974976,
  "noisy_conflict_resistance_corr": NaN,
  "noisy_conflict_score_mean": 0.6997577548027039,
  "noisy_ece": 0.08108878880739212,
  "noisy_nll": 1.664129376411438,
  "noisy_positive_resistance_mean": 0.47451528906822205,
  "noisy_resistance_noise_corr": NaN,
  "noisy_resistance_occlusion_corr": NaN,
  "noisy_risk_at_100_coverage": 0.5888671875,
  "noisy_risk_at_50_coverage": 0.474609375,
  "noisy_risk_at_70_coverage": 0.4644351601600647,
  "noisy_risk_at_80_coverage": 0.49512195587158203,
  "noisy_risk_at_90_coverage": 0.5433839559555054,
  "noisy_score_name": "positive_resistance",
  "noisy_selective_aurc": 0.4609651565551758,
  "noisy_support_score_mean": 0.9596494436264038,
  "noisy_uncertainty_mean": 0.47451528906822205,
  "num_classes": 10,
  "num_params": 93202,
  "num_workers": 0,
  "occluded_accuracy": 0.4248046875,
  "occluded_brier": 0.7039773464202881,
  "occluded_confidence_mean": 0.5019932389259338,
  "occluded_conflict_resistance_corr": NaN,
  "occluded_conflict_score_mean": 0.6118648052215576,
  "occluded_ece": 0.08094160258769989,
  "occluded_nll": 1.5751607418060303,
  "occluded_positive_resistance_mean": 0.3752972185611725,
  "occluded_resistance_noise_corr": NaN,
  "occluded_resistance_occlusion_corr": NaN,
  "occluded_risk_at_100_coverage": 0.5751953125,
  "occluded_risk_at_50_coverage": 0.46484375,
  "occluded_risk_at_70_coverage": 0.47001397609710693,
  "occluded_risk_at_80_coverage": 0.4817073345184326,
  "occluded_risk_at_90_coverage": 0.5292841792106628,
  "occluded_score_name": "positive_resistance",
  "occluded_selective_aurc": 0.45632845163345337,
  "occluded_support_score_mean": 1.0013315677642822,
  "occluded_uncertainty_mean": 0.3752972185611725,
  "platform": "Linux-5.4.0-216-generic-x86_64-with-glibc2.31",
  "pooled_conflict_resistance_corr": 0.06461852788925171,
  "pooled_resistance_noise_corr": 0.0633518323302269,
  "pooled_resistance_occlusion_corr": -0.017686473205685616,
  "python_version": "3.10.20",
  "reason": "",
  "run_dir": "reports/uncertainty_resistance_true_20260427/runs/20260427_020707_uncertainty_cifar10_merc_energy_seed1",
  "run_id": "uncertainty_cifar10_merc_energy_seed1",
  "seed": 1,
  "status": "COMPLETED",
  "steps_run": 250,
  "task_name": "image_uncertainty_selective_classification",
  "test_size": 1024,
  "timestamp": "2026-04-27T02:07:36Z",
  "torch_version": "2.7.1+cu118",
  "torchvision_version": "0.22.1+cu118",
  "total_train_time_sec": 29.183026790618896,
  "train_size": 4096,
  "trainable_params": 93202
}