{
  "batch_size": 16,
  "best_metric": 0.44665011763572693,
  "bits_per_char": 5.4000959811574925,
  "char_accuracy": 0.35607674717903137,
  "completed_steps": 50,
  "corruption_resistance_corr": -0.06322911381721497,
  "cuda_available": false,
  "dataset_name": "SyntheticTextEnergyDataset",
  "device": "cpu",
  "early_stop": false,
  "early_stop_step": "",
  "early_stop_triggered": false,
  "final_diagnostics": {
    "attractor_activation_mean": 0.7402622699737549,
    "attractor_activation_std": 0.10949502140283585,
    "attractor_diversity": 0.04748665913939476,
    "drive_mean": -0.23736053705215454,
    "drive_std": 1.2208800315856934,
    "energy_mean": -0.05550052225589752,
    "energy_std": 0.23669786751270294,
    "null_weight_mean": 0.4708676040172577,
    "null_weight_std": 0.40382131934165955,
    "resistance_mean": 1.3426560163497925,
    "resistance_std": 0.47248131036758423,
    "update_gate_mean": 0.05833876132965088,
    "update_gate_std": 0.04788551852107048,
    "update_strength_mean": 0.5249558687210083,
    "update_strength_std": 0.40286320447921753
  },
  "final_metric": 0.35607674717903137,
  "final_train_accuracy": 0.35607674717903137,
  "final_train_loss": 3.7430613040924072,
  "git_commit": "19568db",
  "grad_norm": 0.9834735989570618,
  "hostname": "BMW-Pro.local",
  "learning_rate": 0.001,
  "metrics_json": "{\"best_metric\": 0.44665011763572693, \"bits_per_char\": 5.4000959811574925, \"char_accuracy\": 0.35607674717903137, \"completed_steps\": 50, \"corruption_resistance_corr\": -0.06322911381721497, \"early_stop_step\": \"\", \"early_stop_triggered\": false, \"final_diagnostics\": {\"attractor_activation_mean\": 0.7402622699737549, \"attractor_activation_std\": 0.10949502140283585, \"attractor_diversity\": 0.04748665913939476, \"drive_mean\": -0.23736053705215454, \"drive_std\": 1.2208800315856934, \"energy_mean\": -0.05550052225589752, \"energy_std\": 0.23669786751270294, \"null_weight_mean\": 0.4708676040172577, \"null_weight_std\": 0.40382131934165955, \"resistance_mean\": 1.3426560163497925, \"resistance_std\": 0.47248131036758423, \"update_gate_mean\": 0.05833876132965088, \"update_gate_std\": 0.04788551852107048, \"update_strength_mean\": 0.5249558687210083, \"update_strength_std\": 0.40286320447921753}, \"final_metric\": 0.35607674717903137, \"final_train_accuracy\": 0.35607674717903137, \"final_train_loss\": 3.7430613040924072, \"grad_norm\": 0.9834735989570618, \"learning_rate\": 0.001, \"next_token_loss\": 3.7430613040924072, \"peak_memory_mb\": 0.0, \"perplexity\": 42.22706237841781, \"step\": 50, \"step_time_sec\": 0.016552209854125977, \"token_accuracy\": 0.35607674717903137, \"tokens_per_sec\": 28334.58517824991, \"total_train_time_sec\": 1.0926628112792969, \"train_loss\": 3.7430613040924072, \"wall_clock_time_sec\": 1.0897560119628906}",
  "min_delta": 0.0001,
  "mode": "ablation",
  "model_name": "EfficientEMLTextEncoder_window8_chunk_attractor",
  "next_token_loss": 3.7430613040924072,
  "num_params": 92950,
  "num_workers": 0,
  "patience": 20,
  "peak_memory_mb": 0.0,
  "perplexity": 42.22706237841781,
  "platform": "macOS-26.0-arm64-arm-64bit",
  "python_version": "3.12.12",
  "reason": "",
  "run_dir": "reports/runs/stabilization_ablation_cpu_20260424_155136/20260424_075210_ablation_text_window8_chunk_attractor",
  "run_id": "ablation_text_window8_chunk_attractor",
  "seed": 45,
  "seq_len": 48,
  "status": "COMPLETED",
  "step": 50,
  "step_time_sec": 0.016552209854125977,
  "steps": 50,
  "task_name": "text_synthetic",
  "timestamp": "2026-04-24T07:52:11Z",
  "token_accuracy": 0.35607674717903137,
  "tokens_per_sec": 28334.58517824991,
  "torch_version": "2.10.0",
  "torchvision_version": "unavailable",
  "total_train_time_sec": 1.0926628112792969,
  "train_loss": 3.7430613040924072,
  "trainable_params": 92950,
  "wall_clock_time_sec": 1.0897560119628906
}