{
  "batch_size": 32,
  "best_metric": 0.9921875,
  "best_step": 100,
  "best_val_accuracy": 0.9921875,
  "cuda_available": true,
  "dataset_name": "synthetic_evidence",
  "device": "cuda",
  "early_stop_triggered": false,
  "experiment_type": "frozen_features",
  "feature_dim": 64,
  "features_dir": "reports/head_ablation/features/synthetic_evidence_medium_seed0",
  "final_metric": 0.99609375,
  "final_train_accuracy": 1.0,
  "final_train_loss": 0.011696520261466503,
  "git_commit": "unknown",
  "hostname": "user-NF5468M6",
  "lr": 0.001,
  "metrics_json": "{\"best_metric\": 0.9921875, \"best_step\": 100, \"best_val_accuracy\": 0.9921875, \"early_stop_triggered\": false, \"final_metric\": 0.99609375, \"final_train_accuracy\": 1.0, \"final_train_loss\": 0.011696520261466503, \"steps_run\": 300, \"test_accuracy\": 0.99609375, \"test_ambiguity_mean\": NaN, \"test_brier\": 0.00575258070603013, \"test_class_resistance_mean\": NaN, \"test_conflict_resistance_corr\": -0.16947786509990692, \"test_ece\": 0.002941600512713194, \"test_hard_negative_drive_mean\": -17.133554458618164, \"test_hard_negative_logit_mean\": -1.1310580968856812, \"test_hard_negative_resistance_mean\": 21.093042373657227, \"test_loss\": 0.010431021451950073, \"test_margin_mean\": 6.972514629364014, \"test_nll\": 0.010431021451950073, \"test_positive_drive_mean\": 20.72201919555664, \"test_positive_logit_mean\": 5.841456413269043, \"test_positive_resistance_mean\": 0.007995706051588058, \"test_precision_mean\": 0.22774213552474976, \"test_resistance_noise_corr\": -0.019040774554014206, \"test_resistance_occlusion_corr\": 0.06998562812805176, \"test_sample_uncertainty_mean\": NaN, \"test_support_evidence_corr\": -0.384207546710968, \"test_update_gate_mean\": 0.05362870916724205, \"total_train_time_sec\": 8.750239610671997, \"val_accuracy\": 0.9921875, \"val_ambiguity_mean\": NaN, \"val_brier\": 0.01379144936800003, \"val_class_resistance_mean\": NaN, \"val_conflict_resistance_corr\": -0.1777029186487198, \"val_ece\": 0.004951635841280222, \"val_hard_negative_drive_mean\": -16.779033660888672, \"val_hard_negative_logit_mean\": -1.0938069820404053, \"val_hard_negative_resistance_mean\": 20.659679412841797, \"val_loss\": 0.03578539937734604, \"val_margin_mean\": 6.878023147583008, \"val_nll\": 0.03578539937734604, \"val_positive_drive_mean\": 20.280345916748047, \"val_positive_logit_mean\": 5.784216403961182, \"val_positive_resistance_mean\": 0.04141058400273323, \"val_precision_mean\": 0.22879458963871002, \"val_resistance_noise_corr\": -0.013786480762064457, \"val_resistance_occlusion_corr\": 0.12150305509567261, \"val_sample_uncertainty_mean\": NaN, \"val_support_evidence_corr\": -0.45146307349205017, \"val_update_gate_mean\": 0.053860776126384735}",
  "mode": "head_ablation",
  "model_class": "MERCHeadClassEnergy",
  "model_name": "merc_energy",
  "num_classes": 2,
  "num_params": 91634,
  "pairwise_margin": 0.0,
  "pairwise_weight": 0.0,
  "platform": "Linux-5.4.0-216-generic-x86_64-with-glibc2.31",
  "python_version": "3.10.20",
  "reason": "",
  "run_dir": "reports/merc_synthetic_evidence/runs/20260425_031501_frozen_synthetic_evidence_merc_energy_seed0",
  "run_id": "frozen_synthetic_evidence_merc_energy_seed0",
  "seed": 0,
  "status": "COMPLETED",
  "steps": 300,
  "steps_run": 300,
  "task_name": "image_classification",
  "test_accuracy": 0.99609375,
  "test_ambiguity_mean": NaN,
  "test_brier": 0.00575258070603013,
  "test_class_resistance_mean": NaN,
  "test_conflict_resistance_corr": -0.16947786509990692,
  "test_ece": 0.002941600512713194,
  "test_hard_negative_drive_mean": -17.133554458618164,
  "test_hard_negative_logit_mean": -1.1310580968856812,
  "test_hard_negative_resistance_mean": 21.093042373657227,
  "test_loss": 0.010431021451950073,
  "test_margin_mean": 6.972514629364014,
  "test_nll": 0.010431021451950073,
  "test_positive_drive_mean": 20.72201919555664,
  "test_positive_logit_mean": 5.841456413269043,
  "test_positive_resistance_mean": 0.007995706051588058,
  "test_precision_mean": 0.22774213552474976,
  "test_resistance_noise_corr": -0.019040774554014206,
  "test_resistance_occlusion_corr": 0.06998562812805176,
  "test_sample_uncertainty_mean": NaN,
  "test_support_evidence_corr": -0.384207546710968,
  "test_update_gate_mean": 0.05362870916724205,
  "timestamp": "2026-04-25T03:15:10Z",
  "torch_version": "2.7.1+cu118",
  "torchvision_version": "0.22.1+cu118",
  "total_train_time_sec": 8.750239610671997,
  "trainable_params": 91634,
  "val_accuracy": 0.9921875,
  "val_ambiguity_mean": NaN,
  "val_brier": 0.01379144936800003,
  "val_class_resistance_mean": NaN,
  "val_conflict_resistance_corr": -0.1777029186487198,
  "val_ece": 0.004951635841280222,
  "val_hard_negative_drive_mean": -16.779033660888672,
  "val_hard_negative_logit_mean": -1.0938069820404053,
  "val_hard_negative_resistance_mean": 20.659679412841797,
  "val_loss": 0.03578539937734604,
  "val_margin_mean": 6.878023147583008,
  "val_nll": 0.03578539937734604,
  "val_positive_drive_mean": 20.280345916748047,
  "val_positive_logit_mean": 5.784216403961182,
  "val_positive_resistance_mean": 0.04141058400273323,
  "val_precision_mean": 0.22879458963871002,
  "val_resistance_noise_corr": -0.013786480762064457,
  "val_resistance_occlusion_corr": 0.12150305509567261,
  "val_sample_uncertainty_mean": NaN,
  "val_support_evidence_corr": -0.45146307349205017,
  "val_update_gate_mean": 0.053860776126384735
}