{
  "batch_size": 64,
  "best_metric": 0.48828125,
  "best_step": 200,
  "clean_accuracy": 0.4557291567325592,
  "clean_brier": 0.7150906920433044,
  "clean_confidence_mean": 0.34399619698524475,
  "clean_ece": 0.1137455552816391,
  "clean_nll": 1.6022580862045288,
  "clean_positive_resistance_mean": 4.917386531829834,
  "clean_resistance_noise_corr": NaN,
  "clean_resistance_occlusion_corr": NaN,
  "clean_risk_at_100_coverage": 0.5442708730697632,
  "clean_risk_at_50_coverage": 0.4609375,
  "clean_risk_at_70_coverage": 0.49070632457733154,
  "clean_risk_at_80_coverage": 0.5138211250305176,
  "clean_risk_at_90_coverage": 0.5361272096633911,
  "clean_score_name": "positive_resistance",
  "clean_selective_aurc": 0.44200125336647034,
  "clean_uncertainty_mean": 4.917386531829834,
  "clean_vs_noisy_auroc": 0.468017578125,
  "clean_vs_occluded_auroc": 0.5149180293083191,
  "condition_metrics_path": "reports/uncertainty_remote_20260424_175558/runs/20260424_095632_uncertainty_cifar10_eml_no_ambiguity_seed0/uncertainty_eval.pt",
  "cuda_available": true,
  "dataset_name": "cifar10",
  "device": "cuda",
  "early_stop_patience": 4,
  "early_stop_triggered": false,
  "experiment_type": "frozen_features_uncertainty",
  "feature_dim": 64,
  "final_metric": 0.4557291567325592,
  "final_train_loss": 1.3993604183197021,
  "git_commit": "unknown",
  "hostname": "user-NF5468M6",
  "metrics_json": "{\"best_metric\": 0.48828125, \"best_step\": 200, \"clean_accuracy\": 0.4557291567325592, \"clean_brier\": 0.7150906920433044, \"clean_confidence_mean\": 0.34399619698524475, \"clean_ece\": 0.1137455552816391, \"clean_nll\": 1.6022580862045288, \"clean_positive_resistance_mean\": 4.917386531829834, \"clean_resistance_noise_corr\": NaN, \"clean_resistance_occlusion_corr\": NaN, \"clean_risk_at_100_coverage\": 0.5442708730697632, \"clean_risk_at_50_coverage\": 0.4609375, \"clean_risk_at_70_coverage\": 0.49070632457733154, \"clean_risk_at_80_coverage\": 0.5138211250305176, \"clean_risk_at_90_coverage\": 0.5361272096633911, \"clean_score_name\": \"positive_resistance\", \"clean_selective_aurc\": 0.44200125336647034, \"clean_uncertainty_mean\": 4.917386531829834, \"clean_vs_noisy_auroc\": 0.468017578125, \"clean_vs_occluded_auroc\": 0.5149180293083191, \"condition_metrics_path\": \"reports/uncertainty_remote_20260424_175558/runs/20260424_095632_uncertainty_cifar10_eml_no_ambiguity_seed0/uncertainty_eval.pt\", \"early_stop_patience\": 4, \"early_stop_triggered\": false, \"final_metric\": 0.4557291567325592, \"final_train_loss\": 1.3993604183197021, \"noisy_accuracy\": 0.427734375, \"noisy_brier\": 0.7330056428909302, \"noisy_confidence_mean\": 0.34496593475341797, \"noisy_ece\": 0.08706685900688171, \"noisy_nll\": 1.663606882095337, \"noisy_positive_resistance_mean\": 4.039616584777832, \"noisy_resistance_noise_corr\": NaN, \"noisy_resistance_occlusion_corr\": NaN, \"noisy_risk_at_100_coverage\": 0.572265625, \"noisy_risk_at_50_coverage\": 0.494140625, \"noisy_risk_at_70_coverage\": 0.5411436557769775, \"noisy_risk_at_80_coverage\": 0.5609756112098694, \"noisy_risk_at_90_coverage\": 0.5770065188407898, \"noisy_score_name\": \"positive_resistance\", \"noisy_selective_aurc\": 0.49042069911956787, \"noisy_uncertainty_mean\": 4.039616584777832, \"occluded_accuracy\": 0.439453125, \"occluded_brier\": 0.7306497097015381, \"occluded_confidence_mean\": 0.33993300795555115, \"occluded_ece\": 0.10552971810102463, \"occluded_nll\": 1.666736125946045, \"occluded_positive_resistance_mean\": 4.836423397064209, \"occluded_resistance_noise_corr\": NaN, \"occluded_resistance_occlusion_corr\": NaN, \"occluded_risk_at_100_coverage\": 0.560546875, \"occluded_risk_at_50_coverage\": 0.51171875, \"occluded_risk_at_70_coverage\": 0.5230125188827515, \"occluded_risk_at_80_coverage\": 0.5353658199310303, \"occluded_risk_at_90_coverage\": 0.5542299747467041, \"occluded_score_name\": \"positive_resistance\", \"occluded_selective_aurc\": 0.4874584674835205, \"occluded_uncertainty_mean\": 4.836423397064209, \"pooled_resistance_noise_corr\": NaN, \"pooled_resistance_occlusion_corr\": NaN, \"steps_run\": 250, \"total_train_time_sec\": 5.246545314788818}",
  "mode": "uncertainty_benchmark",
  "model_class": "EMLPrototypeHeadNoAmbiguity",
  "model_name": "eml_no_ambiguity",
  "noisy_accuracy": 0.427734375,
  "noisy_brier": 0.7330056428909302,
  "noisy_confidence_mean": 0.34496593475341797,
  "noisy_ece": 0.08706685900688171,
  "noisy_nll": 1.663606882095337,
  "noisy_positive_resistance_mean": 4.039616584777832,
  "noisy_resistance_noise_corr": NaN,
  "noisy_resistance_occlusion_corr": NaN,
  "noisy_risk_at_100_coverage": 0.572265625,
  "noisy_risk_at_50_coverage": 0.494140625,
  "noisy_risk_at_70_coverage": 0.5411436557769775,
  "noisy_risk_at_80_coverage": 0.5609756112098694,
  "noisy_risk_at_90_coverage": 0.5770065188407898,
  "noisy_score_name": "positive_resistance",
  "noisy_selective_aurc": 0.49042069911956787,
  "noisy_uncertainty_mean": 4.039616584777832,
  "num_classes": 10,
  "num_params": 18977,
  "num_workers": 0,
  "occluded_accuracy": 0.439453125,
  "occluded_brier": 0.7306497097015381,
  "occluded_confidence_mean": 0.33993300795555115,
  "occluded_ece": 0.10552971810102463,
  "occluded_nll": 1.666736125946045,
  "occluded_positive_resistance_mean": 4.836423397064209,
  "occluded_resistance_noise_corr": NaN,
  "occluded_resistance_occlusion_corr": NaN,
  "occluded_risk_at_100_coverage": 0.560546875,
  "occluded_risk_at_50_coverage": 0.51171875,
  "occluded_risk_at_70_coverage": 0.5230125188827515,
  "occluded_risk_at_80_coverage": 0.5353658199310303,
  "occluded_risk_at_90_coverage": 0.5542299747467041,
  "occluded_score_name": "positive_resistance",
  "occluded_selective_aurc": 0.4874584674835205,
  "occluded_uncertainty_mean": 4.836423397064209,
  "platform": "Linux-5.4.0-216-generic-x86_64-with-glibc2.31",
  "pooled_resistance_noise_corr": NaN,
  "pooled_resistance_occlusion_corr": NaN,
  "python_version": "3.10.20",
  "reason": "",
  "run_dir": "reports/uncertainty_remote_20260424_175558/runs/20260424_095632_uncertainty_cifar10_eml_no_ambiguity_seed0",
  "run_id": "uncertainty_cifar10_eml_no_ambiguity_seed0",
  "seed": 0,
  "status": "COMPLETED",
  "steps_run": 250,
  "task_name": "image_uncertainty_selective_classification",
  "test_size": 1024,
  "timestamp": "2026-04-24T09:56:37Z",
  "torch_version": "2.7.1+cu118",
  "torchvision_version": "0.22.1+cu118",
  "total_train_time_sec": 5.246545314788818,
  "train_size": 4096,
  "trainable_params": 18977
}