{
  "batch_size": 32,
  "best_metric": 0.9921875,
  "best_step": 100,
  "best_val_accuracy": 0.9921875,
  "cuda_available": true,
  "dataset_name": "synthetic_evidence",
  "device": "cuda",
  "early_stop_triggered": false,
  "experiment_type": "frozen_features",
  "feature_dim": 64,
  "features_dir": "reports/head_ablation/features/synthetic_evidence_medium_seed0",
  "final_metric": 0.99609375,
  "final_train_accuracy": 1.0,
  "final_train_loss": 0.009364592842757702,
  "git_commit": "unknown",
  "hostname": "user-NF5468M6",
  "lr": 0.001,
  "metrics_json": "{\"best_metric\": 0.9921875, \"best_step\": 100, \"best_val_accuracy\": 0.9921875, \"early_stop_triggered\": false, \"final_metric\": 0.99609375, \"final_train_accuracy\": 1.0, \"final_train_loss\": 0.009364592842757702, \"steps_run\": 300, \"test_accuracy\": 0.99609375, \"test_ambiguity_mean\": NaN, \"test_brier\": 0.00538548082113266, \"test_class_resistance_mean\": NaN, \"test_conflict_resistance_corr\": -0.1785767376422882, \"test_ece\": 0.005250771529972553, \"test_hard_negative_drive_mean\": 0.6330676674842834, \"test_hard_negative_logit_mean\": -6.134486198425293, \"test_hard_negative_resistance_mean\": 0.3669411838054657, \"test_loss\": 0.009739977307617664, \"test_margin_mean\": 11.46139907836914, \"test_nll\": 0.009739977307617664, \"test_positive_drive_mean\": -0.5098208785057068, \"test_positive_logit_mean\": 5.326913833618164, \"test_positive_resistance_mean\": 0.6173144578933716, \"test_precision_mean\": 0.22007887065410614, \"test_resistance_noise_corr\": -0.027522876858711243, \"test_resistance_occlusion_corr\": 0.13564369082450867, \"test_sample_uncertainty_mean\": NaN, \"test_support_evidence_corr\": 0.6610981822013855, \"test_update_gate_mean\": 0.05190015584230423, \"total_train_time_sec\": 7.42144513130188, \"val_accuracy\": 0.9921875, \"val_ambiguity_mean\": NaN, \"val_brier\": 0.013432892970740795, \"val_class_resistance_mean\": NaN, \"val_conflict_resistance_corr\": -0.18243925273418427, \"val_ece\": 0.005524561740458012, \"val_hard_negative_drive_mean\": 0.6215193271636963, \"val_hard_negative_logit_mean\": -6.021637916564941, \"val_hard_negative_resistance_mean\": 0.374237984418869, \"val_loss\": 0.025941211730241776, \"val_margin_mean\": 11.255682945251465, \"val_nll\": 0.025941211730241776, \"val_positive_drive_mean\": -0.5013267993927002, \"val_positive_logit_mean\": 5.234045505523682, \"val_positive_resistance_mean\": 0.6204219460487366, \"val_precision_mean\": 0.22176937758922577, \"val_resistance_noise_corr\": -0.0380447693169117, \"val_resistance_occlusion_corr\": 0.10054029524326324, \"val_sample_uncertainty_mean\": NaN, \"val_support_evidence_corr\": 0.6948955059051514, \"val_update_gate_mean\": 0.05227164551615715}",
  "mode": "head_ablation",
  "model_class": "MERCHeadLinearReadoutSmall",
  "model_name": "merc_linear_small",
  "num_classes": 2,
  "num_params": 91370,
  "pairwise_margin": 0.0,
  "pairwise_weight": 0.0,
  "platform": "Linux-5.4.0-216-generic-x86_64-with-glibc2.31",
  "python_version": "3.10.20",
  "reason": "",
  "run_dir": "reports/merc_synthetic_evidence/runs/20260425_031510_frozen_synthetic_evidence_merc_linear_small_seed0",
  "run_id": "frozen_synthetic_evidence_merc_linear_small_seed0",
  "seed": 0,
  "status": "COMPLETED",
  "steps": 300,
  "steps_run": 300,
  "task_name": "image_classification",
  "test_accuracy": 0.99609375,
  "test_ambiguity_mean": NaN,
  "test_brier": 0.00538548082113266,
  "test_class_resistance_mean": NaN,
  "test_conflict_resistance_corr": -0.1785767376422882,
  "test_ece": 0.005250771529972553,
  "test_hard_negative_drive_mean": 0.6330676674842834,
  "test_hard_negative_logit_mean": -6.134486198425293,
  "test_hard_negative_resistance_mean": 0.3669411838054657,
  "test_loss": 0.009739977307617664,
  "test_margin_mean": 11.46139907836914,
  "test_nll": 0.009739977307617664,
  "test_positive_drive_mean": -0.5098208785057068,
  "test_positive_logit_mean": 5.326913833618164,
  "test_positive_resistance_mean": 0.6173144578933716,
  "test_precision_mean": 0.22007887065410614,
  "test_resistance_noise_corr": -0.027522876858711243,
  "test_resistance_occlusion_corr": 0.13564369082450867,
  "test_sample_uncertainty_mean": NaN,
  "test_support_evidence_corr": 0.6610981822013855,
  "test_update_gate_mean": 0.05190015584230423,
  "timestamp": "2026-04-25T03:15:18Z",
  "torch_version": "2.7.1+cu118",
  "torchvision_version": "0.22.1+cu118",
  "total_train_time_sec": 7.42144513130188,
  "trainable_params": 91370,
  "val_accuracy": 0.9921875,
  "val_ambiguity_mean": NaN,
  "val_brier": 0.013432892970740795,
  "val_class_resistance_mean": NaN,
  "val_conflict_resistance_corr": -0.18243925273418427,
  "val_ece": 0.005524561740458012,
  "val_hard_negative_drive_mean": 0.6215193271636963,
  "val_hard_negative_logit_mean": -6.021637916564941,
  "val_hard_negative_resistance_mean": 0.374237984418869,
  "val_loss": 0.025941211730241776,
  "val_margin_mean": 11.255682945251465,
  "val_nll": 0.025941211730241776,
  "val_positive_drive_mean": -0.5013267993927002,
  "val_positive_logit_mean": 5.234045505523682,
  "val_positive_resistance_mean": 0.6204219460487366,
  "val_precision_mean": 0.22176937758922577,
  "val_resistance_noise_corr": -0.0380447693169117,
  "val_resistance_occlusion_corr": 0.10054029524326324,
  "val_sample_uncertainty_mean": NaN,
  "val_support_evidence_corr": 0.6948955059051514,
  "val_update_gate_mean": 0.05227164551615715
}