{
  "model_class": "LinearSplineKANNetwork",
  "num_params": 21505,
  "target_mean": 0.013402683660387993,
  "target_std": 0.723456621170044,
  "trainable_params": 21505
}