{
  "batch_size": 8,
  "best_metric": 0.625,
  "completed_steps": 4,
  "cuda_available": false,
  "dataset_name": "SyntheticShapeEnergyDataset",
  "device": "cpu",
  "early_stop": false,
  "early_stop_step": "",
  "early_stop_triggered": false,
  "examples_per_sec": 338.26737234739653,
  "final_diagnostics": {
    "ambiguity_mean": 0.9701197743415833,
    "ambiguity_std": 0.700271487236023,
    "ambiguity_weight_mean": 1.0,
    "ambiguity_weight_std": 0.0,
    "attractor_activation_mean": 0.9827277064323425,
    "attractor_activation_std": 1.0574461157375481e-05,
    "attractor_diversity": 0.05639573931694031,
    "drive_mean": 0.015347433276474476,
    "drive_std": 0.058458004146814346,
    "energy_mean": -0.22724439203739166,
    "energy_std": 0.04292130470275879,
    "null_weight_mean": 0.1425073742866516,
    "null_weight_std": 0.045298296958208084,
    "prototype_diversity_penalty_mean": 0.038073766976594925,
    "prototype_diversity_penalty_std": 0.0,
    "resistance_mean": 1.3103899955749512,
    "resistance_std": 0.21343755722045898,
    "sample_uncertainty_mean": 0.6938616633415222,
    "sample_uncertainty_std": 0.0,
    "update_gate_mean": 0.09170161932706833,
    "update_gate_std": 0.005689847283065319,
    "update_strength_mean": 0.8574926257133484,
    "update_strength_std": 0.045298296958208084
  },
  "final_metric": 0.25,
  "final_train_accuracy": 0.25,
  "final_train_loss": 1.6315083503723145,
  "git_commit": "19568db",
  "grad_norm": 4.474843502044678,
  "hostname": "BMW-Pro.local",
  "learning_rate": 0.001,
  "metrics_json": "{\"best_metric\": 0.625, \"completed_steps\": 4, \"early_stop_step\": \"\", \"early_stop_triggered\": false, \"examples_per_sec\": 338.26737234739653, \"final_diagnostics\": {\"ambiguity_mean\": 0.9701197743415833, \"ambiguity_std\": 0.700271487236023, \"ambiguity_weight_mean\": 1.0, \"ambiguity_weight_std\": 0.0, \"attractor_activation_mean\": 0.9827277064323425, \"attractor_activation_std\": 1.0574461157375481e-05, \"attractor_diversity\": 0.05639573931694031, \"drive_mean\": 0.015347433276474476, \"drive_std\": 0.058458004146814346, \"energy_mean\": -0.22724439203739166, \"energy_std\": 0.04292130470275879, \"null_weight_mean\": 0.1425073742866516, \"null_weight_std\": 0.045298296958208084, \"prototype_diversity_penalty_mean\": 0.038073766976594925, \"prototype_diversity_penalty_std\": 0.0, \"resistance_mean\": 1.3103899955749512, \"resistance_std\": 0.21343755722045898, \"sample_uncertainty_mean\": 0.6938616633415222, \"sample_uncertainty_std\": 0.0, \"update_gate_mean\": 0.09170161932706833, \"update_gate_std\": 0.005689847283065319, \"update_strength_mean\": 0.8574926257133484, \"update_strength_std\": 0.045298296958208084}, \"final_metric\": 0.25, \"final_train_accuracy\": 0.25, \"final_train_loss\": 1.6315083503723145, \"grad_norm\": 4.474843502044678, \"learning_rate\": 0.001, \"peak_memory_mb\": 0.0, \"resistance_noise_corr\": -0.2795543372631073, \"resistance_occlusion_corr\": 0.19026346504688263, \"step\": 4, \"step_time_sec\": 0.023649930953979492, \"top1_accuracy\": 0.25, \"top5_accuracy\": 1.0, \"total_train_time_sec\": 0.10820579528808594, \"train_accuracy\": 0.25, \"train_loss\": 1.6315083503723145, \"wall_clock_time_sec\": 0.10735392570495605}",
  "min_delta": 0.0001,
  "mode": "ablation",
  "model_name": "EfficientEMLImageClassifier_no_composition",
  "num_params": 115573,
  "num_workers": 0,
  "patience": 20,
  "peak_memory_mb": 0.0,
  "platform": "macOS-26.0-arm64-arm-64bit",
  "python_version": "3.12.12",
  "reason": "",
  "resistance_noise_corr": -0.2795543372631073,
  "resistance_occlusion_corr": 0.19026346504688263,
  "run_dir": "reports/runs/stabilization_ablation_cpu/20260424_074900_ablation_no_composition",
  "run_id": "ablation_no_composition",
  "seed": 37,
  "status": "COMPLETED",
  "step": 4,
  "step_time_sec": 0.023649930953979492,
  "steps": 4,
  "task_name": "image_synthetic",
  "timestamp": "2026-04-24T07:49:00Z",
  "top1_accuracy": 0.25,
  "top5_accuracy": 1.0,
  "torch_version": "2.10.0",
  "torchvision_version": "unavailable",
  "total_train_time_sec": 0.10820579528808594,
  "train_accuracy": 0.25,
  "train_loss": 1.6315083503723145,
  "trainable_params": 115573,
  "wall_clock_time_sec": 0.10735392570495605,
  "warmup_enabled": true
}