{
  "ambiguity_weight": NaN,
  "attractor_entropy_weight": NaN,
  "batch_size": 8,
  "best_metric": 0.75,
  "completed_steps": 50,
  "cuda_available": false,
  "dataset_name": "SyntheticShapeEnergyDataset",
  "device": "cpu",
  "early_stop": false,
  "early_stop_step": "",
  "early_stop_triggered": false,
  "examples_per_sec": 376.86365065816074,
  "final_diagnostics": {
    "ambiguity_mean": 0.7863562107086182,
    "ambiguity_std": 0.4395000636577606,
    "ambiguity_weight_mean": 1.0,
    "ambiguity_weight_std": 0.0,
    "attractor_activation_mean": 0.933819055557251,
    "attractor_activation_std": 1.1065800208598375e-05,
    "attractor_diversity": 0.42775917053222656,
    "drive_mean": 0.004995657131075859,
    "drive_std": 0.0830777958035469,
    "energy_mean": -0.2360733151435852,
    "energy_std": 0.028078624978661537,
    "null_weight_mean": 0.1596166342496872,
    "null_weight_std": 0.045262549072504044,
    "prototype_diversity_penalty_mean": 0.022337939590215683,
    "prototype_diversity_penalty_std": 0.0,
    "resistance_mean": 1.3632148504257202,
    "resistance_std": 0.11965298652648926,
    "sample_uncertainty_mean": 0.7137260437011719,
    "sample_uncertainty_std": 3.9761258108228503e-07,
    "update_gate_mean": 0.09134144335985184,
    "update_gate_std": 0.0046027908101677895,
    "update_strength_mean": 0.8546434044837952,
    "update_strength_std": 0.03825148940086365
  },
  "final_metric": 0.25,
  "final_train_accuracy": 0.25,
  "final_train_loss": 1.590557336807251,
  "git_commit": "9ce7b7d",
  "grad_norm": 0.6491726636886597,
  "hostname": "Mac-mini.local",
  "learning_rate": 0.001,
  "metrics_json": "{\"ambiguity_weight\": NaN, \"attractor_entropy_weight\": NaN, \"best_metric\": 0.75, \"completed_steps\": 50, \"early_stop_step\": \"\", \"early_stop_triggered\": false, \"examples_per_sec\": 376.86365065816074, \"final_diagnostics\": {\"ambiguity_mean\": 0.7863562107086182, \"ambiguity_std\": 0.4395000636577606, \"ambiguity_weight_mean\": 1.0, \"ambiguity_weight_std\": 0.0, \"attractor_activation_mean\": 0.933819055557251, \"attractor_activation_std\": 1.1065800208598375e-05, \"attractor_diversity\": 0.42775917053222656, \"drive_mean\": 0.004995657131075859, \"drive_std\": 0.0830777958035469, \"energy_mean\": -0.2360733151435852, \"energy_std\": 0.028078624978661537, \"null_weight_mean\": 0.1596166342496872, \"null_weight_std\": 0.045262549072504044, \"prototype_diversity_penalty_mean\": 0.022337939590215683, \"prototype_diversity_penalty_std\": 0.0, \"resistance_mean\": 1.3632148504257202, \"resistance_std\": 0.11965298652648926, \"sample_uncertainty_mean\": 0.7137260437011719, \"sample_uncertainty_std\": 3.9761258108228503e-07, \"update_gate_mean\": 0.09134144335985184, \"update_gate_std\": 0.0046027908101677895, \"update_strength_mean\": 0.8546434044837952, \"update_strength_std\": 0.03825148940086365}, \"final_metric\": 0.25, \"final_train_accuracy\": 0.25, \"final_train_loss\": 1.590557336807251, \"grad_norm\": 0.6491726636886597, \"learning_rate\": 0.001, \"null_threshold\": NaN, \"peak_memory_mb\": 0.0, \"precision_update_threshold\": NaN, \"resistance_noise_corr\": -0.0019372646929696202, \"resistance_occlusion_corr\": 0.12222671508789062, \"responsibility_temperature\": NaN, \"step\": 50, \"step_time_sec\": 0.02122783660888672, \"top1_accuracy\": 0.25, \"top5_accuracy\": 1.0, \"total_train_time_sec\": 1.3546850681304932, \"train_accuracy\": 0.25, \"train_loss\": 1.590557336807251, \"wall_clock_time_sec\": 1.3513450622558594, \"warmup_eta\": 1.0}",
  "min_delta": 0.0001,
  "mode": "ablation",
  "model_name": "EfficientEMLImageClassifier",
  "null_threshold": NaN,
  "num_params": 115573,
  "num_workers": 0,
  "patience": 20,
  "peak_memory_mb": 0.0,
  "platform": "macOS-15.1-arm64-arm-64bit",
  "precision_update_threshold": NaN,
  "python_version": "3.12.7",
  "reason": "",
  "resistance_noise_corr": -0.0019372646929696202,
  "resistance_occlusion_corr": 0.12222671508789062,
  "responsibility_temperature": NaN,
  "run_dir": "reports/runs/20260505_123137_kan_compare_image_efficient_eml",
  "run_id": "kan_compare_image_efficient_eml",
  "seed": 1,
  "status": "COMPLETED",
  "step": 50,
  "step_time_sec": 0.02122783660888672,
  "steps": 50,
  "task_name": "image_synthetic",
  "timestamp": "2026-05-05T12:31:38Z",
  "top1_accuracy": 0.25,
  "top5_accuracy": 1.0,
  "torch_version": "2.10.0",
  "torchvision_version": "0.25.0",
  "total_train_time_sec": 1.3546850681304932,
  "train_accuracy": 0.25,
  "train_loss": 1.590557336807251,
  "trainable_params": 115573,
  "wall_clock_time_sec": 1.3513450622558594,
  "warmup_enabled": true,
  "warmup_eta": 1.0
}