{
  "backbone_steps": 300,
  "batch_size": 64,
  "best_metric": 0.4609375,
  "best_step": 150,
  "clean_accuracy": 0.41796875,
  "clean_brier": 0.7289223074913025,
  "clean_confidence_mean": 0.32958313822746277,
  "clean_ece": 0.09024368971586227,
  "clean_nll": 1.6364021301269531,
  "clean_positive_resistance_mean": 0.7709606289863586,
  "clean_resistance_noise_corr": NaN,
  "clean_resistance_occlusion_corr": NaN,
  "clean_risk_at_100_coverage": 0.58203125,
  "clean_risk_at_50_coverage": 0.3333333134651184,
  "clean_risk_at_70_coverage": 0.4293680191040039,
  "clean_risk_at_80_coverage": 0.48455286026000977,
  "clean_risk_at_90_coverage": 0.5375722646713257,
  "clean_score_name": "positive_resistance",
  "clean_selective_aurc": 0.3101043105125427,
  "clean_uncertainty_mean": 0.7709606289863586,
  "clean_vs_noisy_auroc": 0.5339877009391785,
  "clean_vs_occluded_auroc": 0.5419591069221497,
  "condition_metrics_path": "reports/uncertainty_resistance_true_earlystop_rerun_20260427/runs/20260427_022807_uncertainty_cifar10_eml_centered_ambiguity_seed0/uncertainty_eval.pt",
  "cuda_available": true,
  "dataset_name": "cifar10",
  "device": "cuda",
  "early_stop_min_evals": 2,
  "early_stop_patience": 4,
  "early_stop_triggered": true,
  "eval_interval": 25,
  "experiment_type": "frozen_features_uncertainty",
  "feature_dim": 64,
  "final_metric": 0.41796875,
  "final_train_loss": 1.5116393566131592,
  "git_commit": "0c0b3db",
  "head_steps": 800,
  "hostname": "user-NF5468M6",
  "metrics_json": "{\"best_metric\": 0.4609375, \"best_step\": 150, \"clean_accuracy\": 0.41796875, \"clean_brier\": 0.7289223074913025, \"clean_confidence_mean\": 0.32958313822746277, \"clean_ece\": 0.09024368971586227, \"clean_nll\": 1.6364021301269531, \"clean_positive_resistance_mean\": 0.7709606289863586, \"clean_resistance_noise_corr\": NaN, \"clean_resistance_occlusion_corr\": NaN, \"clean_risk_at_100_coverage\": 0.58203125, \"clean_risk_at_50_coverage\": 0.3333333134651184, \"clean_risk_at_70_coverage\": 0.4293680191040039, \"clean_risk_at_80_coverage\": 0.48455286026000977, \"clean_risk_at_90_coverage\": 0.5375722646713257, \"clean_score_name\": \"positive_resistance\", \"clean_selective_aurc\": 0.3101043105125427, \"clean_uncertainty_mean\": 0.7709606289863586, \"clean_vs_noisy_auroc\": 0.5339877009391785, \"clean_vs_occluded_auroc\": 0.5419591069221497, \"condition_metrics_path\": \"reports/uncertainty_resistance_true_earlystop_rerun_20260427/runs/20260427_022807_uncertainty_cifar10_eml_centered_ambiguity_seed0/uncertainty_eval.pt\", \"early_stop_patience\": 4, \"early_stop_triggered\": true, \"final_metric\": 0.41796875, \"final_train_loss\": 1.5116393566131592, \"noisy_accuracy\": 0.35546875, \"noisy_brier\": 0.7470787763595581, \"noisy_confidence_mean\": 0.33050936460494995, \"noisy_ece\": 0.028815824538469315, \"noisy_nll\": 1.704058289527893, \"noisy_positive_resistance_mean\": 0.7913934588432312, \"noisy_resistance_noise_corr\": NaN, \"noisy_resistance_occlusion_corr\": NaN, \"noisy_risk_at_100_coverage\": 0.64453125, \"noisy_risk_at_50_coverage\": 0.376953125, \"noisy_risk_at_70_coverage\": 0.5062761306762695, \"noisy_risk_at_80_coverage\": 0.5621951222419739, \"noisy_risk_at_90_coverage\": 0.6062906980514526, \"noisy_score_name\": \"positive_resistance\", \"noisy_selective_aurc\": 0.36413225531578064, \"noisy_uncertainty_mean\": 0.7913934588432312, \"occluded_accuracy\": 0.408203125, \"occluded_brier\": 0.7471104860305786, \"occluded_confidence_mean\": 0.3299495577812195, \"occluded_ece\": 0.07843063771724701, \"occluded_nll\": 1.7139910459518433, \"occluded_positive_resistance_mean\": 0.7962015867233276, \"occluded_resistance_noise_corr\": NaN, \"occluded_resistance_occlusion_corr\": NaN, \"occluded_risk_at_100_coverage\": 0.591796875, \"occluded_risk_at_50_coverage\": 0.34375, \"occluded_risk_at_70_coverage\": 0.4463040232658386, \"occluded_risk_at_80_coverage\": 0.49512195587158203, \"occluded_risk_at_90_coverage\": 0.546637773513794, \"occluded_score_name\": \"positive_resistance\", \"occluded_selective_aurc\": 0.3268624246120453, \"occluded_uncertainty_mean\": 0.7962015867233276, \"pooled_resistance_noise_corr\": 0.01682518981397152, \"pooled_resistance_occlusion_corr\": 0.037979576736688614, \"steps_run\": 250, \"total_train_time_sec\": 33.34479570388794}",
  "mode": "uncertainty_benchmark",
  "model_class": "EMLPrototypeHeadCenteredAmbiguity",
  "model_name": "eml_centered_ambiguity",
  "noisy_accuracy": 0.35546875,
  "noisy_brier": 0.7470787763595581,
  "noisy_confidence_mean": 0.33050936460494995,
  "noisy_ece": 0.028815824538469315,
  "noisy_nll": 1.704058289527893,
  "noisy_positive_resistance_mean": 0.7913934588432312,
  "noisy_resistance_noise_corr": NaN,
  "noisy_resistance_occlusion_corr": NaN,
  "noisy_risk_at_100_coverage": 0.64453125,
  "noisy_risk_at_50_coverage": 0.376953125,
  "noisy_risk_at_70_coverage": 0.5062761306762695,
  "noisy_risk_at_80_coverage": 0.5621951222419739,
  "noisy_risk_at_90_coverage": 0.6062906980514526,
  "noisy_score_name": "positive_resistance",
  "noisy_selective_aurc": 0.36413225531578064,
  "noisy_uncertainty_mean": 0.7913934588432312,
  "num_classes": 10,
  "num_params": 18977,
  "num_workers": 0,
  "occluded_accuracy": 0.408203125,
  "occluded_brier": 0.7471104860305786,
  "occluded_confidence_mean": 0.3299495577812195,
  "occluded_ece": 0.07843063771724701,
  "occluded_nll": 1.7139910459518433,
  "occluded_positive_resistance_mean": 0.7962015867233276,
  "occluded_resistance_noise_corr": NaN,
  "occluded_resistance_occlusion_corr": NaN,
  "occluded_risk_at_100_coverage": 0.591796875,
  "occluded_risk_at_50_coverage": 0.34375,
  "occluded_risk_at_70_coverage": 0.4463040232658386,
  "occluded_risk_at_80_coverage": 0.49512195587158203,
  "occluded_risk_at_90_coverage": 0.546637773513794,
  "occluded_score_name": "positive_resistance",
  "occluded_selective_aurc": 0.3268624246120453,
  "occluded_uncertainty_mean": 0.7962015867233276,
  "platform": "Linux-5.4.0-216-generic-x86_64-with-glibc2.31",
  "pooled_resistance_noise_corr": 0.01682518981397152,
  "pooled_resistance_occlusion_corr": 0.037979576736688614,
  "python_version": "3.10.20",
  "reason": "",
  "run_dir": "reports/uncertainty_resistance_true_earlystop_rerun_20260427/runs/20260427_022807_uncertainty_cifar10_eml_centered_ambiguity_seed0",
  "run_id": "uncertainty_cifar10_eml_centered_ambiguity_seed0",
  "seed": 0,
  "selected_heads": [
    "linear",
    "cosine_prototype",
    "eml_no_ambiguity",
    "eml_centered_ambiguity",
    "eml_supervised_resistance",
    "merc_linear",
    "merc_energy"
  ],
  "status": "COMPLETED",
  "steps_run": 250,
  "task_name": "image_uncertainty_selective_classification",
  "test_size": 1024,
  "timestamp": "2026-04-27T02:28:40Z",
  "torch_version": "2.7.1+cu118",
  "torchvision_version": "0.22.1+cu118",
  "total_train_time_sec": 33.34479570388794,
  "train_size": 4096,
  "trainable_params": 18977
}