{
  "backbone_steps": 300,
  "batch_size": 64,
  "best_metric": 0.984375,
  "best_step": 250,
  "clean_accuracy": 0.9947916865348816,
  "clean_brier": 0.0204779002815485,
  "clean_confidence_mean": 0.921677827835083,
  "clean_ece": 0.0749746710062027,
  "clean_nll": 0.09060817211866379,
  "clean_risk_at_100_coverage": 0.005208313465118408,
  "clean_risk_at_50_coverage": 0.0,
  "clean_risk_at_70_coverage": 0.0,
  "clean_risk_at_80_coverage": 0.0,
  "clean_risk_at_90_coverage": 0.0,
  "clean_score_name": "one_minus_confidence",
  "clean_selective_aurc": 5.208308357396163e-05,
  "clean_uncertainty_mean": 0.07832209765911102,
  "clean_vs_noisy_auroc": 0.6388218998908997,
  "clean_vs_occluded_auroc": 0.6229603886604309,
  "condition_metrics_path": "reports/pluggable_primitive_real_20260427/frozen_runs/20260427_040856_uncertainty_synthetic_shape_linear_seed0/uncertainty_eval.pt",
  "cuda_available": true,
  "dataset_name": "synthetic_shape",
  "device": "cuda",
  "early_stop_min_evals": 2,
  "early_stop_patience": 4,
  "early_stop_triggered": true,
  "eval_interval": 25,
  "experiment_type": "frozen_features_uncertainty",
  "feature_dim": 64,
  "final_metric": 0.9947916865348816,
  "final_train_loss": 0.10481620579957962,
  "git_commit": "0c0b3db",
  "head_steps": 1200,
  "hostname": "user-NF5468M6",
  "metrics_json": "{\"best_metric\": 0.984375, \"best_step\": 250, \"clean_accuracy\": 0.9947916865348816, \"clean_brier\": 0.0204779002815485, \"clean_confidence_mean\": 0.921677827835083, \"clean_ece\": 0.0749746710062027, \"clean_nll\": 0.09060817211866379, \"clean_risk_at_100_coverage\": 0.005208313465118408, \"clean_risk_at_50_coverage\": 0.0, \"clean_risk_at_70_coverage\": 0.0, \"clean_risk_at_80_coverage\": 0.0, \"clean_risk_at_90_coverage\": 0.0, \"clean_score_name\": \"one_minus_confidence\", \"clean_selective_aurc\": 5.208308357396163e-05, \"clean_uncertainty_mean\": 0.07832209765911102, \"clean_vs_noisy_auroc\": 0.6388218998908997, \"clean_vs_occluded_auroc\": 0.6229603886604309, \"condition_metrics_path\": \"reports/pluggable_primitive_real_20260427/frozen_runs/20260427_040856_uncertainty_synthetic_shape_linear_seed0/uncertainty_eval.pt\", \"early_stop_patience\": 4, \"early_stop_triggered\": true, \"final_metric\": 0.9947916865348816, \"final_train_loss\": 0.10481620579957962, \"noisy_accuracy\": 0.9658203125, \"noisy_brier\": 0.060793038457632065, \"noisy_confidence_mean\": 0.8787981271743774, \"noisy_ece\": 0.09127811342477798, \"noisy_nll\": 0.16744542121887207, \"noisy_risk_at_100_coverage\": 0.0341796875, \"noisy_risk_at_50_coverage\": 0.0, \"noisy_risk_at_70_coverage\": 0.0, \"noisy_risk_at_80_coverage\": 0.0024390220642089844, \"noisy_risk_at_90_coverage\": 0.004338383674621582, \"noisy_score_name\": \"one_minus_confidence\", \"noisy_selective_aurc\": 0.0020845457911491394, \"noisy_uncertainty_mean\": 0.12120186537504196, \"occluded_accuracy\": 0.8984375, \"occluded_brier\": 0.14397107064723969, \"occluded_confidence_mean\": 0.8366273045539856, \"occluded_ece\": 0.06413627415895462, \"occluded_nll\": 0.31637221574783325, \"occluded_risk_at_100_coverage\": 0.1015625, \"occluded_risk_at_50_coverage\": 0.00390625, \"occluded_risk_at_70_coverage\": 0.004184126853942871, \"occluded_risk_at_80_coverage\": 0.009756088256835938, \"occluded_risk_at_90_coverage\": 0.04772233963012695, \"occluded_score_name\": \"one_minus_confidence\", \"occluded_selective_aurc\": 0.011318386532366276, \"occluded_uncertainty_mean\": 0.16337265074253082, \"steps_run\": 350, \"total_train_time_sec\": 5.997989654541016}",
  "mode": "uncertainty_benchmark",
  "model_class": "LinearHead",
  "model_name": "linear",
  "noisy_accuracy": 0.9658203125,
  "noisy_brier": 0.060793038457632065,
  "noisy_confidence_mean": 0.8787981271743774,
  "noisy_ece": 0.09127811342477798,
  "noisy_nll": 0.16744542121887207,
  "noisy_risk_at_100_coverage": 0.0341796875,
  "noisy_risk_at_50_coverage": 0.0,
  "noisy_risk_at_70_coverage": 0.0,
  "noisy_risk_at_80_coverage": 0.0024390220642089844,
  "noisy_risk_at_90_coverage": 0.004338383674621582,
  "noisy_score_name": "one_minus_confidence",
  "noisy_selective_aurc": 0.0020845457911491394,
  "noisy_uncertainty_mean": 0.12120186537504196,
  "num_classes": 5,
  "num_params": 325,
  "num_workers": 0,
  "occluded_accuracy": 0.8984375,
  "occluded_brier": 0.14397107064723969,
  "occluded_confidence_mean": 0.8366273045539856,
  "occluded_ece": 0.06413627415895462,
  "occluded_nll": 0.31637221574783325,
  "occluded_risk_at_100_coverage": 0.1015625,
  "occluded_risk_at_50_coverage": 0.00390625,
  "occluded_risk_at_70_coverage": 0.004184126853942871,
  "occluded_risk_at_80_coverage": 0.009756088256835938,
  "occluded_risk_at_90_coverage": 0.04772233963012695,
  "occluded_score_name": "one_minus_confidence",
  "occluded_selective_aurc": 0.011318386532366276,
  "occluded_uncertainty_mean": 0.16337265074253082,
  "platform": "Linux-5.4.0-216-generic-x86_64-with-glibc2.31",
  "python_version": "3.10.20",
  "reason": "",
  "run_dir": "reports/pluggable_primitive_real_20260427/frozen_runs/20260427_040856_uncertainty_synthetic_shape_linear_seed0",
  "run_id": "uncertainty_synthetic_shape_linear_seed0",
  "seed": 0,
  "selected_heads": [
    "linear",
    "mlp",
    "cosine_prototype",
    "eml_no_ambiguity",
    "eml_centered_ambiguity",
    "eml_supervised_resistance",
    "merc_linear",
    "merc_energy"
  ],
  "status": "COMPLETED",
  "steps_run": 350,
  "task_name": "image_uncertainty_selective_classification",
  "test_size": 1024,
  "timestamp": "2026-04-27T04:09:06Z",
  "torch_version": "2.7.1+cu118",
  "torchvision_version": "0.22.1+cu118",
  "total_train_time_sec": 5.997989654541016,
  "train_size": 4096,
  "trainable_params": 325
}