{
  "backbone_steps": 300,
  "batch_size": 64,
  "best_metric": 0.98046875,
  "best_step": 100,
  "clean_accuracy": 0.99609375,
  "clean_brier": 0.09156116098165512,
  "clean_confidence_mean": 0.9072434902191162,
  "clean_conflict_resistance_corr": NaN,
  "clean_conflict_score_mean": 0.9707727432250977,
  "clean_ece": 0.09104734659194946,
  "clean_nll": 0.14344851672649384,
  "clean_positive_resistance_mean": 0.04240290820598602,
  "clean_resistance_noise_corr": -3.6424729898953956e-09,
  "clean_resistance_occlusion_corr": NaN,
  "clean_risk_at_100_coverage": 0.00390625,
  "clean_risk_at_50_coverage": 0.002604186534881592,
  "clean_risk_at_70_coverage": 0.003717482089996338,
  "clean_risk_at_80_coverage": 0.0032520294189453125,
  "clean_risk_at_90_coverage": 0.002890169620513916,
  "clean_score_name": "positive_resistance",
  "clean_selective_aurc": 0.001737968996167183,
  "clean_support_score_mean": 1.5716983079910278,
  "clean_uncertainty_mean": 0.04240290820598602,
  "clean_vs_noisy_auroc": 0.558556854724884,
  "clean_vs_occluded_auroc": 0.6008313298225403,
  "condition_metrics_path": "reports/pluggable_primitive_real_20260427/frozen_runs/20260427_041507_uncertainty_synthetic_shape_merc_energy_seed2/uncertainty_eval.pt",
  "cuda_available": true,
  "dataset_name": "synthetic_shape",
  "device": "cuda",
  "early_stop_min_evals": 2,
  "early_stop_patience": 4,
  "early_stop_triggered": true,
  "eval_interval": 25,
  "experiment_type": "frozen_features_uncertainty",
  "feature_dim": 64,
  "final_metric": 0.99609375,
  "final_train_loss": 0.13088692724704742,
  "git_commit": "0c0b3db",
  "head_steps": 1200,
  "hostname": "user-NF5468M6",
  "metrics_json": "{\"best_metric\": 0.98046875, \"best_step\": 100, \"clean_accuracy\": 0.99609375, \"clean_brier\": 0.09156116098165512, \"clean_confidence_mean\": 0.9072434902191162, \"clean_conflict_resistance_corr\": NaN, \"clean_conflict_score_mean\": 0.9707727432250977, \"clean_ece\": 0.09104734659194946, \"clean_nll\": 0.14344851672649384, \"clean_positive_resistance_mean\": 0.04240290820598602, \"clean_resistance_noise_corr\": -3.6424729898953956e-09, \"clean_resistance_occlusion_corr\": NaN, \"clean_risk_at_100_coverage\": 0.00390625, \"clean_risk_at_50_coverage\": 0.002604186534881592, \"clean_risk_at_70_coverage\": 0.003717482089996338, \"clean_risk_at_80_coverage\": 0.0032520294189453125, \"clean_risk_at_90_coverage\": 0.002890169620513916, \"clean_score_name\": \"positive_resistance\", \"clean_selective_aurc\": 0.001737968996167183, \"clean_support_score_mean\": 1.5716983079910278, \"clean_uncertainty_mean\": 0.04240290820598602, \"clean_vs_noisy_auroc\": 0.558556854724884, \"clean_vs_occluded_auroc\": 0.6008313298225403, \"condition_metrics_path\": \"reports/pluggable_primitive_real_20260427/frozen_runs/20260427_041507_uncertainty_synthetic_shape_merc_energy_seed2/uncertainty_eval.pt\", \"early_stop_patience\": 4, \"early_stop_triggered\": true, \"final_metric\": 0.99609375, \"final_train_loss\": 0.13088692724704742, \"noisy_accuracy\": 0.9638671875, \"noisy_brier\": 0.14515158534049988, \"noisy_confidence_mean\": 0.9003238677978516, \"noisy_conflict_resistance_corr\": 4.1734526945447215e-08, \"noisy_conflict_score_mean\": 0.938412606716156, \"noisy_ece\": 0.11207008361816406, \"noisy_nll\": 0.31582608819007874, \"noisy_positive_resistance_mean\": 0.6310251951217651, \"noisy_resistance_noise_corr\": NaN, \"noisy_resistance_occlusion_corr\": NaN, \"noisy_risk_at_100_coverage\": 0.0361328125, \"noisy_risk_at_50_coverage\": 0.00390625, \"noisy_risk_at_70_coverage\": 0.0027893781661987305, \"noisy_risk_at_80_coverage\": 0.0024390220642089844, \"noisy_risk_at_90_coverage\": 0.002169191837310791, \"noisy_score_name\": \"positive_resistance\", \"noisy_selective_aurc\": 0.002865677932277322, \"noisy_support_score_mean\": 2.0065371990203857, \"noisy_uncertainty_mean\": 0.6310251951217651, \"occluded_accuracy\": 0.916015625, \"occluded_brier\": 0.19657045602798462, \"occluded_confidence_mean\": 0.8629093170166016, \"occluded_conflict_resistance_corr\": -0.09772372990846634, \"occluded_conflict_score_mean\": 0.9421712756156921, \"occluded_ece\": 0.11899983882904053, \"occluded_nll\": 0.4283600449562073, \"occluded_positive_resistance_mean\": 0.9663771986961365, \"occluded_resistance_noise_corr\": 1.3257341890948737e-08, \"occluded_resistance_occlusion_corr\": 0.3360484838485718, \"occluded_risk_at_100_coverage\": 0.083984375, \"occluded_risk_at_50_coverage\": 0.005859375, \"occluded_risk_at_70_coverage\": 0.004184126853942871, \"occluded_risk_at_80_coverage\": 0.0036585330963134766, \"occluded_risk_at_90_coverage\": 0.01843816041946411, \"occluded_score_name\": \"positive_resistance\", \"occluded_selective_aurc\": 0.008512149564921856, \"occluded_support_score_mean\": 1.5965826511383057, \"occluded_uncertainty_mean\": 0.9663771986961365, \"pooled_conflict_resistance_corr\": -0.040107276290655136, \"pooled_resistance_noise_corr\": 0.010087327100336552, \"pooled_resistance_occlusion_corr\": 0.27216899394989014, \"steps_run\": 200, \"total_train_time_sec\": 8.246076345443726}",
  "mode": "uncertainty_benchmark",
  "model_class": "MERCHeadClassEnergy",
  "model_name": "merc_energy",
  "noisy_accuracy": 0.9638671875,
  "noisy_brier": 0.14515158534049988,
  "noisy_confidence_mean": 0.9003238677978516,
  "noisy_conflict_resistance_corr": 4.1734526945447215e-08,
  "noisy_conflict_score_mean": 0.938412606716156,
  "noisy_ece": 0.11207008361816406,
  "noisy_nll": 0.31582608819007874,
  "noisy_positive_resistance_mean": 0.6310251951217651,
  "noisy_resistance_noise_corr": NaN,
  "noisy_resistance_occlusion_corr": NaN,
  "noisy_risk_at_100_coverage": 0.0361328125,
  "noisy_risk_at_50_coverage": 0.00390625,
  "noisy_risk_at_70_coverage": 0.0027893781661987305,
  "noisy_risk_at_80_coverage": 0.0024390220642089844,
  "noisy_risk_at_90_coverage": 0.002169191837310791,
  "noisy_score_name": "positive_resistance",
  "noisy_selective_aurc": 0.002865677932277322,
  "noisy_support_score_mean": 2.0065371990203857,
  "noisy_uncertainty_mean": 0.6310251951217651,
  "num_classes": 5,
  "num_params": 92222,
  "num_workers": 0,
  "occluded_accuracy": 0.916015625,
  "occluded_brier": 0.19657045602798462,
  "occluded_confidence_mean": 0.8629093170166016,
  "occluded_conflict_resistance_corr": -0.09772372990846634,
  "occluded_conflict_score_mean": 0.9421712756156921,
  "occluded_ece": 0.11899983882904053,
  "occluded_nll": 0.4283600449562073,
  "occluded_positive_resistance_mean": 0.9663771986961365,
  "occluded_resistance_noise_corr": 1.3257341890948737e-08,
  "occluded_resistance_occlusion_corr": 0.3360484838485718,
  "occluded_risk_at_100_coverage": 0.083984375,
  "occluded_risk_at_50_coverage": 0.005859375,
  "occluded_risk_at_70_coverage": 0.004184126853942871,
  "occluded_risk_at_80_coverage": 0.0036585330963134766,
  "occluded_risk_at_90_coverage": 0.01843816041946411,
  "occluded_score_name": "positive_resistance",
  "occluded_selective_aurc": 0.008512149564921856,
  "occluded_support_score_mean": 1.5965826511383057,
  "occluded_uncertainty_mean": 0.9663771986961365,
  "platform": "Linux-5.4.0-216-generic-x86_64-with-glibc2.31",
  "pooled_conflict_resistance_corr": -0.040107276290655136,
  "pooled_resistance_noise_corr": 0.010087327100336552,
  "pooled_resistance_occlusion_corr": 0.27216899394989014,
  "python_version": "3.10.20",
  "reason": "",
  "run_dir": "reports/pluggable_primitive_real_20260427/frozen_runs/20260427_041507_uncertainty_synthetic_shape_merc_energy_seed2",
  "run_id": "uncertainty_synthetic_shape_merc_energy_seed2",
  "seed": 2,
  "selected_heads": [
    "linear",
    "mlp",
    "cosine_prototype",
    "eml_no_ambiguity",
    "eml_centered_ambiguity",
    "eml_supervised_resistance",
    "merc_linear",
    "merc_energy"
  ],
  "status": "COMPLETED",
  "steps_run": 200,
  "task_name": "image_uncertainty_selective_classification",
  "test_size": 1024,
  "timestamp": "2026-04-27T04:15:15Z",