{
  "batch_size": 64,
  "best_metric": 0.4453125,
  "best_step": 300,
  "best_val_accuracy": 0.4453125,
  "cuda_available": true,
  "dataset_name": "cifar10",
  "device": "cuda",
  "experiment_type": "end_to_end",
  "feature_dim": 64,
  "final_metric": 0.46875,
  "final_train_accuracy": 0.484375,
  "final_train_loss": 1.3994556665420532,
  "git_commit": "unknown",
  "head_name": "eml_centered_ambiguity",
  "hostname": "user-NF5468M6",
  "loss_mode": "ce_pairwise",
  "lr": 0.001,
  "metrics_json": "{\"best_metric\": 0.4453125, \"best_step\": 300, \"best_val_accuracy\": 0.4453125, \"final_metric\": 0.46875, \"final_train_accuracy\": 0.484375, \"final_train_loss\": 1.3994556665420532, \"test_accuracy\": 0.46875, \"test_ambiguity_mean\": 0.9198185205459595, \"test_brier\": 0.6947038173675537, \"test_class_resistance_mean\": 0.20038197934627533, \"test_ece\": 0.06796605885028839, \"test_hard_negative_drive_mean\": 5.619719505310059, \"test_hard_negative_logit_mean\": 2.1355199813842773, \"test_hard_negative_resistance_mean\": 0.8407812118530273, \"test_loss\": 1.5998051166534424, \"test_margin_mean\": -0.36424607038497925, \"test_nll\": 1.5998051166534424, \"test_positive_drive_mean\": 4.75119686126709, \"test_positive_logit_mean\": 1.7712737321853638, \"test_positive_resistance_mean\": 0.7598376274108887, \"test_resistance_noise_corr\": NaN, \"test_resistance_occlusion_corr\": NaN, \"test_sample_uncertainty_mean\": 0.002794960979372263, \"total_train_time_sec\": 11.157471895217896, \"val_accuracy\": 0.4453125, \"val_ambiguity_mean\": 0.9210056066513062, \"val_brier\": 0.7153900861740112, \"val_class_resistance_mean\": 0.20038197934627533, \"val_ece\": 0.05361862853169441, \"val_hard_negative_drive_mean\": 5.813347816467285, \"val_hard_negative_logit_mean\": 2.1906604766845703, \"val_hard_negative_resistance_mean\": 0.814704179763794, \"val_loss\": 1.6327552795410156, \"val_margin_mean\": -0.43715545535087585, \"val_nll\": 1.6327552795410156, \"val_positive_drive_mean\": 4.745936393737793, \"val_positive_logit_mean\": 1.753504753112793, \"val_positive_resistance_mean\": 0.7981886267662048, \"val_resistance_noise_corr\": NaN, \"val_resistance_occlusion_corr\": NaN, \"val_sample_uncertainty_mean\": 0.00299326004460454}",
  "mode": "head_ablation",
  "model_class": "CNNHeadModel",
  "model_name": "eml_centered_ambiguity",
  "num_classes": 10,
  "num_params": 167233,
  "pairwise_margin": 0.0,
  "pairwise_weight": 0.05,
  "platform": "Linux-5.4.0-216-generic-x86_64-with-glibc2.31",
  "python_version": "3.10.20",
  "reason": "",
  "run_dir": "reports/real_cifar_20260424_165937/runs/20260424_090618_e2e_cifar10_eml_centered_ambiguity_ce_pairwise_seed2",
  "run_id": "e2e_cifar10_eml_centered_ambiguity_ce_pairwise_seed2",
  "seed": 2,
  "status": "COMPLETED",
  "steps": 300,
  "task_name": "image_classification",
  "test_accuracy": 0.46875,
  "test_ambiguity_mean": 0.9198185205459595,
  "test_brier": 0.6947038173675537,
  "test_class_resistance_mean": 0.20038197934627533,
  "test_ece": 0.06796605885028839,
  "test_hard_negative_drive_mean": 5.619719505310059,
  "test_hard_negative_logit_mean": 2.1355199813842773,
  "test_hard_negative_resistance_mean": 0.8407812118530273,
  "test_loss": 1.5998051166534424,
  "test_margin_mean": -0.36424607038497925,
  "test_nll": 1.5998051166534424,
  "test_positive_drive_mean": 4.75119686126709,
  "test_positive_logit_mean": 1.7712737321853638,
  "test_positive_resistance_mean": 0.7598376274108887,
  "test_resistance_noise_corr": NaN,
  "test_resistance_occlusion_corr": NaN,
  "test_sample_uncertainty_mean": 0.002794960979372263,
  "timestamp": "2026-04-24T09:06:29Z",
  "torch_version": "2.7.1+cu118",
  "torchvision_version": "0.22.1+cu118",
  "total_train_time_sec": 11.157471895217896,
  "trainable_params": 167233,
  "use_eml_residual_bank": false,
  "val_accuracy": 0.4453125,
  "val_ambiguity_mean": 0.9210056066513062,
  "val_brier": 0.7153900861740112,
  "val_class_resistance_mean": 0.20038197934627533,
  "val_ece": 0.05361862853169441,
  "val_hard_negative_drive_mean": 5.813347816467285,
  "val_hard_negative_logit_mean": 2.1906604766845703,
  "val_hard_negative_resistance_mean": 0.814704179763794,
  "val_loss": 1.6327552795410156,
  "val_margin_mean": -0.43715545535087585,
  "val_nll": 1.6327552795410156,
  "val_positive_drive_mean": 4.745936393737793,
  "val_positive_logit_mean": 1.753504753112793,
  "val_positive_resistance_mean": 0.7981886267662048,
  "val_resistance_noise_corr": NaN,
  "val_resistance_occlusion_corr": NaN,
  "val_sample_uncertainty_mean": 0.00299326004460454
}