{
  "batch_size": 64,
  "best_metric": 0.515625,
  "best_step": 200,
  "clean_accuracy": 0.4609375,
  "clean_brier": 0.6707211136817932,
  "clean_confidence_mean": 0.509673535823822,
  "clean_conflict_resistance_corr": NaN,
  "clean_conflict_score_mean": 0.675908625125885,
  "clean_ece": 0.05763567239046097,
  "clean_nll": 1.4758976697921753,
  "clean_positive_resistance_mean": 0.6882079243659973,
  "clean_resistance_noise_corr": NaN,
  "clean_resistance_occlusion_corr": NaN,
  "clean_risk_at_100_coverage": 0.5390625,
  "clean_risk_at_50_coverage": 0.5703125,
  "clean_risk_at_70_coverage": 0.5557620525360107,
  "clean_risk_at_80_coverage": 0.5235772132873535,
  "clean_risk_at_90_coverage": 0.5216763019561768,
  "clean_score_name": "positive_resistance",
  "clean_selective_aurc": 0.47212767601013184,
  "clean_support_score_mean": 1.0957871675491333,
  "clean_uncertainty_mean": 0.6882079243659973,
  "clean_vs_noisy_auroc": 0.5405616760253906,
  "clean_vs_occluded_auroc": 0.5168240666389465,
  "condition_metrics_path": "reports/uncertainty_resistance_true_20260427/runs/20260427_020651_uncertainty_cifar10_merc_linear_seed1/uncertainty_eval.pt",
  "cuda_available": true,
  "dataset_name": "cifar10",
  "device": "cuda",
  "early_stop_patience": 4,
  "early_stop_triggered": false,
  "experiment_type": "frozen_features_uncertainty",
  "feature_dim": 64,
  "final_metric": 0.4609375,
  "final_train_loss": 1.4136909246444702,
  "git_commit": "0c0b3db",
  "hostname": "user-NF5468M6",
  "metrics_json": "{\"best_metric\": 0.515625, \"best_step\": 200, \"clean_accuracy\": 0.4609375, \"clean_brier\": 0.6707211136817932, \"clean_confidence_mean\": 0.509673535823822, \"clean_conflict_resistance_corr\": NaN, \"clean_conflict_score_mean\": 0.675908625125885, \"clean_ece\": 0.05763567239046097, \"clean_nll\": 1.4758976697921753, \"clean_positive_resistance_mean\": 0.6882079243659973, \"clean_resistance_noise_corr\": NaN, \"clean_resistance_occlusion_corr\": NaN, \"clean_risk_at_100_coverage\": 0.5390625, \"clean_risk_at_50_coverage\": 0.5703125, \"clean_risk_at_70_coverage\": 0.5557620525360107, \"clean_risk_at_80_coverage\": 0.5235772132873535, \"clean_risk_at_90_coverage\": 0.5216763019561768, \"clean_score_name\": \"positive_resistance\", \"clean_selective_aurc\": 0.47212767601013184, \"clean_support_score_mean\": 1.0957871675491333, \"clean_uncertainty_mean\": 0.6882079243659973, \"clean_vs_noisy_auroc\": 0.5405616760253906, \"clean_vs_occluded_auroc\": 0.5168240666389465, \"condition_metrics_path\": \"reports/uncertainty_resistance_true_20260427/runs/20260427_020651_uncertainty_cifar10_merc_linear_seed1/uncertainty_eval.pt\", \"early_stop_patience\": 4, \"early_stop_triggered\": false, \"final_metric\": 0.4609375, \"final_train_loss\": 1.4136909246444702, \"noisy_accuracy\": 0.4072265625, \"noisy_brier\": 0.7261546850204468, \"noisy_confidence_mean\": 0.4752744436264038, \"noisy_conflict_resistance_corr\": NaN, \"noisy_conflict_score_mean\": 0.6487342715263367, \"noisy_ece\": 0.07488808035850525, \"noisy_nll\": 1.6332720518112183, \"noisy_positive_resistance_mean\": 0.7060079574584961, \"noisy_resistance_noise_corr\": NaN, \"noisy_resistance_occlusion_corr\": NaN, \"noisy_risk_at_100_coverage\": 0.5927734375, \"noisy_risk_at_50_coverage\": 0.587890625, \"noisy_risk_at_70_coverage\": 0.5774058699607849, \"noisy_risk_at_80_coverage\": 0.5682926774024963, \"noisy_risk_at_90_coverage\": 0.5715835094451904, \"noisy_score_name\": \"positive_resistance\", \"noisy_selective_aurc\": 0.5056252479553223, \"noisy_support_score_mean\": 1.1725679636001587, \"noisy_uncertainty_mean\": 0.7060079574584961, \"occluded_accuracy\": 0.42578125, \"occluded_brier\": 0.7002997994422913, \"occluded_confidence_mean\": 0.49174702167510986, \"occluded_conflict_resistance_corr\": NaN, \"occluded_conflict_score_mean\": 0.6474745273590088, \"occluded_ece\": 0.0702962651848793, \"occluded_nll\": 1.5709657669067383, \"occluded_positive_resistance_mean\": 0.696159839630127, \"occluded_resistance_noise_corr\": NaN, \"occluded_resistance_occlusion_corr\": NaN, \"occluded_risk_at_100_coverage\": 0.57421875, \"occluded_risk_at_50_coverage\": 0.61328125, \"occluded_risk_at_70_coverage\": 0.5969316959381104, \"occluded_risk_at_80_coverage\": 0.5743902325630188, \"occluded_risk_at_90_coverage\": 0.5715835094451904, \"occluded_score_name\": \"positive_resistance\", \"occluded_selective_aurc\": 0.5294805765151978, \"occluded_support_score_mean\": 1.0873702764511108, \"occluded_uncertainty_mean\": 0.696159839630127, \"pooled_conflict_resistance_corr\": -0.018420541658997536, \"pooled_resistance_noise_corr\": 0.05200812593102455, \"pooled_resistance_occlusion_corr\": -0.008707853965461254, \"steps_run\": 250, \"total_train_time_sec\": 16.20010018348694}",
  "mode": "uncertainty_benchmark",
  "model_class": "MERCHeadLinearReadout",
  "model_name": "merc_linear",
  "noisy_accuracy": 0.4072265625,
  "noisy_brier": 0.7261546850204468,
  "noisy_confidence_mean": 0.4752744436264038,
  "noisy_conflict_resistance_corr": NaN,
  "noisy_conflict_score_mean": 0.6487342715263367,
  "noisy_ece": 0.07488808035850525,
  "noisy_nll": 1.6332720518112183,
  "noisy_positive_resistance_mean": 0.7060079574584961,
  "noisy_resistance_noise_corr": NaN,
  "noisy_resistance_occlusion_corr": NaN,
  "noisy_risk_at_100_coverage": 0.5927734375,
  "noisy_risk_at_50_coverage": 0.587890625,
  "noisy_risk_at_70_coverage": 0.5774058699607849,
  "noisy_risk_at_80_coverage": 0.5682926774024963,
  "noisy_risk_at_90_coverage": 0.5715835094451904,
  "noisy_score_name": "positive_resistance",
  "noisy_selective_aurc": 0.5056252479553223,
  "noisy_support_score_mean": 1.1725679636001587,
  "noisy_uncertainty_mean": 0.7060079574584961,
  "num_classes": 10,
  "num_params": 93202,
  "num_workers": 0,
  "occluded_accuracy": 0.42578125,
  "occluded_brier": 0.7002997994422913,
  "occluded_confidence_mean": 0.49174702167510986,
  "occluded_conflict_resistance_corr": NaN,
  "occluded_conflict_score_mean": 0.6474745273590088,
  "occluded_ece": 0.0702962651848793,
  "occluded_nll": 1.5709657669067383,
  "occluded_positive_resistance_mean": 0.696159839630127,
  "occluded_resistance_noise_corr": NaN,
  "occluded_resistance_occlusion_corr": NaN,
  "occluded_risk_at_100_coverage": 0.57421875,
  "occluded_risk_at_50_coverage": 0.61328125,
  "occluded_risk_at_70_coverage": 0.5969316959381104,
  "occluded_risk_at_80_coverage": 0.5743902325630188,
  "occluded_risk_at_90_coverage": 0.5715835094451904,
  "occluded_score_name": "positive_resistance",
  "occluded_selective_aurc": 0.5294805765151978,
  "occluded_support_score_mean": 1.0873702764511108,
  "occluded_uncertainty_mean": 0.696159839630127,
  "platform": "Linux-5.4.0-216-generic-x86_64-with-glibc2.31",
  "pooled_conflict_resistance_corr": -0.018420541658997536,
  "pooled_resistance_noise_corr": 0.05200812593102455,
  "pooled_resistance_occlusion_corr": -0.008707853965461254,
  "python_version": "3.10.20",
  "reason": "",
  "run_dir": "reports/uncertainty_resistance_true_20260427/runs/20260427_020651_uncertainty_cifar10_merc_linear_seed1",
  "run_id": "uncertainty_cifar10_merc_linear_seed1",
  "seed": 1,
  "status": "COMPLETED",
  "steps_run": 250,
  "task_name": "image_uncertainty_selective_classification",
  "test_size": 1024,
  "timestamp": "2026-04-27T02:07:07Z",
  "torch_version": "2.7.1+cu118",
  "torchvision_version": "0.22.1+cu118",
  "total_train_time_sec": 16.20010018348694,
  "train_size": 4096,
  "trainable_params": 93202
}