{
  "batch_size": 64,
  "best_metric": 0.482421875,
  "best_step": 300,
  "best_val_accuracy": 0.482421875,
  "cuda_available": true,
  "dataset_name": "cifar10",
  "device": "cuda",
  "early_stop_triggered": false,
  "experiment_type": "end_to_end",
  "feature_dim": 64,
  "final_metric": 0.498046875,
  "final_train_accuracy": 0.453125,
  "final_train_loss": 1.30538809299469,
  "git_commit": "unknown",
  "head_name": "eml_no_ambiguity",
  "hostname": "user-NF5468M6",
  "loss_mode": "ce_pairwise",
  "lr": 0.001,
  "metrics_json": "{\"best_metric\": 0.482421875, \"best_step\": 300, \"best_val_accuracy\": 0.482421875, \"early_stop_triggered\": false, \"final_metric\": 0.498046875, \"final_train_accuracy\": 0.453125, \"final_train_loss\": 1.30538809299469, \"steps_run\": 300, \"test_accuracy\": 0.498046875, \"test_ambiguity_mean\": 0.0, \"test_brier\": 0.6763619780540466, \"test_class_resistance_mean\": 0.20172686874866486, \"test_ece\": 0.10248231887817383, \"test_hard_negative_drive_mean\": 6.017948150634766, \"test_hard_negative_logit_mean\": 2.134221315383911, \"test_hard_negative_resistance_mean\": 7.637181758880615, \"test_loss\": 1.5145864486694336, \"test_margin_mean\": -0.31761348247528076, \"test_nll\": 1.5145864486694336, \"test_positive_drive_mean\": 5.3795061111450195, \"test_positive_logit_mean\": 1.81660795211792, \"test_positive_resistance_mean\": 7.637439250946045, \"test_resistance_noise_corr\": NaN, \"test_resistance_occlusion_corr\": NaN, \"test_sample_uncertainty_mean\": 7.436063766479492, \"total_train_time_sec\": 12.145671606063843, \"val_accuracy\": 0.482421875, \"val_ambiguity_mean\": 0.0, \"val_brier\": 0.6669678688049316, \"val_class_resistance_mean\": 0.20172686874866486, \"val_ece\": 0.10569808632135391, \"val_hard_negative_drive_mean\": 6.108166694641113, \"val_hard_negative_logit_mean\": 2.1413886547088623, \"val_hard_negative_resistance_mean\": 8.114481925964355, \"val_loss\": 1.4541950225830078, \"val_margin_mean\": -0.26582980155944824, \"val_nll\": 1.4541950225830078, \"val_positive_drive_mean\": 5.6069464683532715, \"val_positive_logit_mean\": 1.875558853149414, \"val_positive_resistance_mean\": 8.115182876586914, \"val_resistance_noise_corr\": NaN, \"val_resistance_occlusion_corr\": NaN, \"val_sample_uncertainty_mean\": 7.913518905639648}",
  "mode": "head_ablation",
  "model_class": "CNNHeadModel",
  "model_name": "eml_no_ambiguity",
  "num_classes": 10,
  "num_params": 167233,
  "pairwise_margin": 0.0,
  "pairwise_weight": 0.05,
  "platform": "Linux-5.4.0-216-generic-x86_64-with-glibc2.31",
  "python_version": "3.10.20",
  "reason": "",
  "run_dir": "reports/merc_end_to_end/runs/20260425_031221_e2e_cifar10_eml_no_ambiguity_ce_pairwise_seed2",
  "run_id": "e2e_cifar10_eml_no_ambiguity_ce_pairwise_seed2",
  "seed": 2,
  "status": "COMPLETED",
  "steps": 300,
  "steps_run": 300,
  "task_name": "image_classification",
  "test_accuracy": 0.498046875,
  "test_ambiguity_mean": 0.0,
  "test_brier": 0.6763619780540466,
  "test_class_resistance_mean": 0.20172686874866486,
  "test_ece": 0.10248231887817383,
  "test_hard_negative_drive_mean": 6.017948150634766,
  "test_hard_negative_logit_mean": 2.134221315383911,
  "test_hard_negative_resistance_mean": 7.637181758880615,
  "test_loss": 1.5145864486694336,
  "test_margin_mean": -0.31761348247528076,
  "test_nll": 1.5145864486694336,
  "test_positive_drive_mean": 5.3795061111450195,
  "test_positive_logit_mean": 1.81660795211792,
  "test_positive_resistance_mean": 7.637439250946045,
  "test_resistance_noise_corr": NaN,
  "test_resistance_occlusion_corr": NaN,
  "test_sample_uncertainty_mean": 7.436063766479492,
  "timestamp": "2026-04-25T03:12:33Z",
  "torch_version": "2.7.1+cu118",
  "torchvision_version": "0.22.1+cu118",
  "total_train_time_sec": 12.145671606063843,
  "trainable_params": 167233,
  "use_eml_residual_bank": false,
  "use_merc_block": false,
  "val_accuracy": 0.482421875,
  "val_ambiguity_mean": 0.0,
  "val_brier": 0.6669678688049316,
  "val_class_resistance_mean": 0.20172686874866486,
  "val_ece": 0.10569808632135391,
  "val_hard_negative_drive_mean": 6.108166694641113,
  "val_hard_negative_logit_mean": 2.1413886547088623,
  "val_hard_negative_resistance_mean": 8.114481925964355,
  "val_loss": 1.4541950225830078,
  "val_margin_mean": -0.26582980155944824,
  "val_nll": 1.4541950225830078,
  "val_positive_drive_mean": 5.6069464683532715,
  "val_positive_logit_mean": 1.875558853149414,
  "val_positive_resistance_mean": 8.115182876586914,
  "val_resistance_noise_corr": NaN,
  "val_resistance_occlusion_corr": NaN,
  "val_sample_uncertainty_mean": 7.913518905639648
}