{
  "batch_size": 64,
  "best_metric": 0.984375,
  "best_step": 125,
  "clean_accuracy": 0.9934895634651184,
  "clean_brier": 0.06127782166004181,
  "clean_confidence_mean": 0.8157444596290588,
  "clean_ece": 0.17957071959972382,
  "clean_nll": 0.2126670628786087,
  "clean_risk_at_100_coverage": 0.006510436534881592,
  "clean_risk_at_50_coverage": 0.0,
  "clean_risk_at_70_coverage": 0.0,
  "clean_risk_at_80_coverage": 0.0,
  "clean_risk_at_90_coverage": 0.0,
  "clean_score_name": "one_minus_confidence",
  "clean_selective_aurc": 6.510430102935061e-05,
  "clean_uncertainty_mean": 0.1842554807662964,
  "clean_vs_noisy_auroc": 0.6585604548454285,
  "clean_vs_occluded_auroc": 0.6374232172966003,
  "condition_metrics_path": "reports/uncertainty_resistance_true_20260427/runs/20260427_015238_uncertainty_synthetic_shape_cosine_prototype_seed0/uncertainty_eval.pt",
  "cuda_available": true,
  "dataset_name": "synthetic_shape",
  "device": "cuda",
  "early_stop_patience": 4,
  "early_stop_triggered": true,
  "experiment_type": "frozen_features_uncertainty",
  "feature_dim": 64,
  "final_metric": 0.9934895634651184,
  "final_train_loss": 0.3815017640590668,
  "git_commit": "0c0b3db",
  "hostname": "user-NF5468M6",
  "metrics_json": "{\"best_metric\": 0.984375, \"best_step\": 125, \"clean_accuracy\": 0.9934895634651184, \"clean_brier\": 0.06127782166004181, \"clean_confidence_mean\": 0.8157444596290588, \"clean_ece\": 0.17957071959972382, \"clean_nll\": 0.2126670628786087, \"clean_risk_at_100_coverage\": 0.006510436534881592, \"clean_risk_at_50_coverage\": 0.0, \"clean_risk_at_70_coverage\": 0.0, \"clean_risk_at_80_coverage\": 0.0, \"clean_risk_at_90_coverage\": 0.0, \"clean_score_name\": \"one_minus_confidence\", \"clean_selective_aurc\": 6.510430102935061e-05, \"clean_uncertainty_mean\": 0.1842554807662964, \"clean_vs_noisy_auroc\": 0.6585604548454285, \"clean_vs_occluded_auroc\": 0.6374232172966003, \"condition_metrics_path\": \"reports/uncertainty_resistance_true_20260427/runs/20260427_015238_uncertainty_synthetic_shape_cosine_prototype_seed0/uncertainty_eval.pt\", \"early_stop_patience\": 4, \"early_stop_triggered\": true, \"final_metric\": 0.9934895634651184, \"final_train_loss\": 0.3815017640590668, \"noisy_accuracy\": 0.8955078125, \"noisy_brier\": 0.16749072074890137, \"noisy_confidence_mean\": 0.751155436038971, \"noisy_ece\": 0.14656522870063782, \"noisy_nll\": 0.37868860363960266, \"noisy_risk_at_100_coverage\": 0.1044921875, \"noisy_risk_at_50_coverage\": 0.001953125, \"noisy_risk_at_70_coverage\": 0.0027893781661987305, \"noisy_risk_at_80_coverage\": 0.02317070960998535, \"noisy_risk_at_90_coverage\": 0.05639910697937012, \"noisy_score_name\": \"one_minus_confidence\", \"noisy_selective_aurc\": 0.013484520837664604, \"noisy_uncertainty_mean\": 0.24884453415870667, \"occluded_accuracy\": 0.8720703125, \"occluded_brier\": 0.1937241554260254, \"occluded_confidence_mean\": 0.7349609136581421, \"occluded_ece\": 0.15551947057247162, \"occluded_nll\": 0.44182950258255005, \"occluded_risk_at_100_coverage\": 0.1279296875, \"occluded_risk_at_50_coverage\": 0.0, \"occluded_risk_at_70_coverage\": 0.005578815937042236, \"occluded_risk_at_80_coverage\": 0.024390220642089844, \"occluded_risk_at_90_coverage\": 0.06290674209594727, \"occluded_score_name\": \"one_minus_confidence\", \"occluded_selective_aurc\": 0.0153507050126791, \"occluded_uncertainty_mean\": 0.2650390863418579, \"steps_run\": 225, \"total_train_time_sec\": 13.75664472579956}",
  "mode": "uncertainty_benchmark",
  "model_class": "CosinePrototypeHead",
  "model_name": "cosine_prototype",
  "noisy_accuracy": 0.8955078125,
  "noisy_brier": 0.16749072074890137,
  "noisy_confidence_mean": 0.751155436038971,
  "noisy_ece": 0.14656522870063782,
  "noisy_nll": 0.37868860363960266,
  "noisy_risk_at_100_coverage": 0.1044921875,
  "noisy_risk_at_50_coverage": 0.001953125,
  "noisy_risk_at_70_coverage": 0.0027893781661987305,
  "noisy_risk_at_80_coverage": 0.02317070960998535,
  "noisy_risk_at_90_coverage": 0.05639910697937012,
  "noisy_score_name": "one_minus_confidence",
  "noisy_selective_aurc": 0.013484520837664604,
  "noisy_uncertainty_mean": 0.24884453415870667,
  "num_classes": 5,
  "num_params": 320,
  "num_workers": 0,
  "occluded_accuracy": 0.8720703125,
  "occluded_brier": 0.1937241554260254,
  "occluded_confidence_mean": 0.7349609136581421,
  "occluded_ece": 0.15551947057247162,
  "occluded_nll": 0.44182950258255005,
  "occluded_risk_at_100_coverage": 0.1279296875,
  "occluded_risk_at_50_coverage": 0.0,
  "occluded_risk_at_70_coverage": 0.005578815937042236,
  "occluded_risk_at_80_coverage": 0.024390220642089844,
  "occluded_risk_at_90_coverage": 0.06290674209594727,
  "occluded_score_name": "one_minus_confidence",
  "occluded_selective_aurc": 0.0153507050126791,
  "occluded_uncertainty_mean": 0.2650390863418579,
  "platform": "Linux-5.4.0-216-generic-x86_64-with-glibc2.31",
  "python_version": "3.10.20",
  "reason": "",
  "run_dir": "reports/uncertainty_resistance_true_20260427/runs/20260427_015238_uncertainty_synthetic_shape_cosine_prototype_seed0",
  "run_id": "uncertainty_synthetic_shape_cosine_prototype_seed0",
  "seed": 0,
  "status": "COMPLETED",
  "steps_run": 225,
  "task_name": "image_uncertainty_selective_classification",
  "test_size": 1024,
  "timestamp": "2026-04-27T01:52:52Z",
  "torch_version": "2.7.1+cu118",
  "torchvision_version": "0.22.1+cu118",
  "total_train_time_sec": 13.75664472579956,
  "train_size": 4096,
  "trainable_params": 320
}