{
  "backbone_steps": 300,
  "batch_size": 64,
  "best_metric": 0.41796875,
  "best_step": 150,
  "clean_accuracy": 0.3984375,
  "clean_brier": 0.7311866879463196,
  "clean_confidence_mean": 0.3312160074710846,
  "clean_ece": 0.06756690889596939,
  "clean_nll": 1.6467552185058594,
  "clean_positive_resistance_mean": 6.5278167724609375,
  "clean_resistance_noise_corr": NaN,
  "clean_resistance_occlusion_corr": NaN,
  "clean_risk_at_100_coverage": 0.6015625,
  "clean_risk_at_50_coverage": 0.5520833730697632,
  "clean_risk_at_70_coverage": 0.5706319808959961,
  "clean_risk_at_80_coverage": 0.5821138620376587,
  "clean_risk_at_90_coverage": 0.5997109413146973,
  "clean_score_name": "positive_resistance",
  "clean_selective_aurc": 0.5629265308380127,
  "clean_uncertainty_mean": 6.5278167724609375,
  "clean_vs_noisy_auroc": 0.512902557849884,
  "clean_vs_occluded_auroc": 0.4803428649902344,
  "condition_metrics_path": "reports/pluggable_primitive_real_20260427/frozen_runs/20260427_041639_uncertainty_cifar10_eml_no_ambiguity_seed0/uncertainty_eval.pt",
  "cuda_available": true,
  "dataset_name": "cifar10",
  "device": "cuda",
  "early_stop_min_evals": 2,
  "early_stop_patience": 4,
  "early_stop_triggered": true,
  "eval_interval": 25,
  "experiment_type": "frozen_features_uncertainty",
  "feature_dim": 64,
  "final_metric": 0.3984375,
  "final_train_loss": 1.6115140914916992,
  "git_commit": "0c0b3db",
  "head_steps": 1200,
  "hostname": "user-NF5468M6",
  "metrics_json": "{\"best_metric\": 0.41796875, \"best_step\": 150, \"clean_accuracy\": 0.3984375, \"clean_brier\": 0.7311866879463196, \"clean_confidence_mean\": 0.3312160074710846, \"clean_ece\": 0.06756690889596939, \"clean_nll\": 1.6467552185058594, \"clean_positive_resistance_mean\": 6.5278167724609375, \"clean_resistance_noise_corr\": NaN, \"clean_resistance_occlusion_corr\": NaN, \"clean_risk_at_100_coverage\": 0.6015625, \"clean_risk_at_50_coverage\": 0.5520833730697632, \"clean_risk_at_70_coverage\": 0.5706319808959961, \"clean_risk_at_80_coverage\": 0.5821138620376587, \"clean_risk_at_90_coverage\": 0.5997109413146973, \"clean_score_name\": \"positive_resistance\", \"clean_selective_aurc\": 0.5629265308380127, \"clean_uncertainty_mean\": 6.5278167724609375, \"clean_vs_noisy_auroc\": 0.512902557849884, \"clean_vs_occluded_auroc\": 0.4803428649902344, \"condition_metrics_path\": \"reports/pluggable_primitive_real_20260427/frozen_runs/20260427_041639_uncertainty_cifar10_eml_no_ambiguity_seed0/uncertainty_eval.pt\", \"early_stop_patience\": 4, \"early_stop_triggered\": true, \"final_metric\": 0.3984375, \"final_train_loss\": 1.6115140914916992, \"noisy_accuracy\": 0.3408203125, \"noisy_brier\": 0.7476490139961243, \"noisy_confidence_mean\": 0.3339357078075409, \"noisy_ece\": 0.022847088053822517, \"noisy_nll\": 1.7090096473693848, \"noisy_positive_resistance_mean\": 6.460599899291992, \"noisy_resistance_noise_corr\": NaN, \"noisy_resistance_occlusion_corr\": NaN, \"noisy_risk_at_100_coverage\": 0.6591796875, \"noisy_risk_at_50_coverage\": 0.65234375, \"noisy_risk_at_70_coverage\": 0.6443514823913574, \"noisy_risk_at_80_coverage\": 0.6402438879013062, \"noisy_risk_at_90_coverage\": 0.6485900282859802, \"noisy_score_name\": \"positive_resistance\", \"noisy_selective_aurc\": 0.6425784230232239, \"noisy_uncertainty_mean\": 6.460599899291992, \"occluded_accuracy\": 0.3681640625, \"occluded_brier\": 0.7468807697296143, \"occluded_confidence_mean\": 0.33151543140411377, \"occluded_ece\": 0.03922829031944275, \"occluded_nll\": 1.7160526514053345, \"occluded_positive_resistance_mean\": 6.00604248046875, \"occluded_resistance_noise_corr\": NaN, \"occluded_resistance_occlusion_corr\": NaN, \"occluded_risk_at_100_coverage\": 0.6318359375, \"occluded_risk_at_50_coverage\": 0.580078125, \"occluded_risk_at_70_coverage\": 0.6052998304367065, \"occluded_risk_at_80_coverage\": 0.6060975790023804, \"occluded_risk_at_90_coverage\": 0.6182212829589844, \"occluded_score_name\": \"positive_resistance\", \"occluded_selective_aurc\": 0.5820297598838806, \"occluded_uncertainty_mean\": 6.00604248046875, \"pooled_resistance_noise_corr\": 0.018032943829894066, \"pooled_resistance_occlusion_corr\": -0.03774349391460419, \"steps_run\": 250, \"total_train_time_sec\": 12.087829113006592}",
  "mode": "uncertainty_benchmark",
  "model_class": "EMLPrototypeHeadNoAmbiguity",
  "model_name": "eml_no_ambiguity",
  "noisy_accuracy": 0.3408203125,
  "noisy_brier": 0.7476490139961243,
  "noisy_confidence_mean": 0.3339357078075409,
  "noisy_ece": 0.022847088053822517,
  "noisy_nll": 1.7090096473693848,
  "noisy_positive_resistance_mean": 6.460599899291992,
  "noisy_resistance_noise_corr": NaN,
  "noisy_resistance_occlusion_corr": NaN,
  "noisy_risk_at_100_coverage": 0.6591796875,
  "noisy_risk_at_50_coverage": 0.65234375,
  "noisy_risk_at_70_coverage": 0.6443514823913574,
  "noisy_risk_at_80_coverage": 0.6402438879013062,
  "noisy_risk_at_90_coverage": 0.6485900282859802,
  "noisy_score_name": "positive_resistance",
  "noisy_selective_aurc": 0.6425784230232239,
  "noisy_uncertainty_mean": 6.460599899291992,
  "num_classes": 10,
  "num_params": 18977,
  "num_workers": 0,
  "occluded_accuracy": 0.3681640625,
  "occluded_brier": 0.7468807697296143,
  "occluded_confidence_mean": 0.33151543140411377,
  "occluded_ece": 0.03922829031944275,
  "occluded_nll": 1.7160526514053345,
  "occluded_positive_resistance_mean": 6.00604248046875,
  "occluded_resistance_noise_corr": NaN,
  "occluded_resistance_occlusion_corr": NaN,
  "occluded_risk_at_100_coverage": 0.6318359375,
  "occluded_risk_at_50_coverage": 0.580078125,
  "occluded_risk_at_70_coverage": 0.6052998304367065,
  "occluded_risk_at_80_coverage": 0.6060975790023804,
  "occluded_risk_at_90_coverage": 0.6182212829589844,
  "occluded_score_name": "positive_resistance",
  "occluded_selective_aurc": 0.5820297598838806,
  "occluded_uncertainty_mean": 6.00604248046875,
  "platform": "Linux-5.4.0-216-generic-x86_64-with-glibc2.31",
  "pooled_resistance_noise_corr": 0.018032943829894066,
  "pooled_resistance_occlusion_corr": -0.03774349391460419,
  "python_version": "3.10.20",
  "reason": "",
  "run_dir": "reports/pluggable_primitive_real_20260427/frozen_runs/20260427_041639_uncertainty_cifar10_eml_no_ambiguity_seed0",
  "run_id": "uncertainty_cifar10_eml_no_ambiguity_seed0",
  "seed": 0,
  "selected_heads": [
    "linear",
    "mlp",
    "cosine_prototype",
    "eml_no_ambiguity",
    "eml_centered_ambiguity",
    "eml_supervised_resistance",
    "merc_linear",
    "merc_energy"
  ],
  "status": "COMPLETED",
  "steps_run": 250,
  "task_name": "image_uncertainty_selective_classification",
  "test_size": 1024,
  "timestamp": "2026-04-27T04:16:51Z",
  "torch_version": "2.7.1+cu118",
  "torchvision_version": "0.22.1+cu118",
  "total_train_time_sec": 12.087829113006592,
  "train_size": 4096,
  "trainable_params": 18977
}