{
  "batch_size": 8,
  "best_metric": 0.25,
  "cuda_available": false,
  "dataset_name": "SyntheticShapeEnergyDataset",
  "device": "cpu",
  "examples_per_sec": 984.4917407505208,
  "final_diagnostics": {
    "drive_mean": 0.0008830174338072538,
    "drive_std": 0.3031507730484009,
    "energy_mean": -0.8708500266075134,
    "energy_std": 0.33046868443489075,
    "gate_activation_rate": 0.26885539293289185,
    "gate_mean": 0.26885539293289185,
    "gate_std": 0.0003778076497837901,
    "resistance_mean": 0.34776705503463745,
    "resistance_std": 0.885921061038971,
    "sample_uncertainty_mean": 0.692354142665863,
    "sample_uncertainty_std": 0.0002329194248886779
  },
  "final_metric": 0.0,
  "final_train_accuracy": 0.0,
  "final_train_loss": 1.6345659494400024,
  "git_commit": "ae26ee9",
  "grad_norm": 0.9860002398490906,
  "hostname": "BMW-Pro.local",
  "learning_rate": 0.001,
  "metrics_json": "{\"best_metric\": 0.25, \"examples_per_sec\": 984.4917407505208, \"final_diagnostics\": {\"drive_mean\": 0.0008830174338072538, \"drive_std\": 0.3031507730484009, \"energy_mean\": -0.8708500266075134, \"energy_std\": 0.33046868443489075, \"gate_activation_rate\": 0.26885539293289185, \"gate_mean\": 0.26885539293289185, \"gate_std\": 0.0003778076497837901, \"resistance_mean\": 0.34776705503463745, \"resistance_std\": 0.885921061038971, \"sample_uncertainty_mean\": 0.692354142665863, \"sample_uncertainty_std\": 0.0002329194248886779}, \"final_metric\": 0.0, \"final_train_accuracy\": 0.0, \"final_train_loss\": 1.6345659494400024, \"grad_norm\": 0.9860002398490906, \"learning_rate\": 0.001, \"peak_memory_mb\": 0.0, \"step\": 4, \"step_time_sec\": 0.008126020431518555, \"top1_accuracy\": 0.0, \"top5_accuracy\": 1.0, \"total_train_time_sec\": 0.05253291130065918, \"train_accuracy\": 0.0, \"train_loss\": 1.6345659494400024, \"wall_clock_time_sec\": 0.05194997787475586}",
  "mode": "smoke",
  "model_name": "cnn_eml",
  "num_params": 162644,
  "peak_memory_mb": 0.0,
  "platform": "macOS-26.0-arm64-arm-64bit",
  "python_version": "3.12.12",
  "reason": "",
  "run_dir": "reports/runs/20260424_063607_smoke_image_cnn_eml_baseline",
  "run_id": "smoke_image_cnn_eml_baseline",
  "seed": 0,
  "status": "COMPLETED",
  "step": 4,
  "step_time_sec": 0.008126020431518555,
  "steps": 4,
  "task_name": "image_synthetic",
  "timestamp": "2026-04-24T06:36:08Z",
  "top1_accuracy": 0.0,
  "top5_accuracy": 1.0,
  "torch_version": "2.10.0",
  "torchvision_version": "unavailable",
  "total_train_time_sec": 0.05253291130065918,
  "train_accuracy": 0.0,
  "train_loss": 1.6345659494400024,
  "trainable_params": 162644,
  "wall_clock_time_sec": 0.05194997787475586,
  "warmup_enabled": true
}