{
  "batch_size": 32,
  "best_metric": 0.99609375,
  "best_step": 100,
  "best_val_accuracy": 0.99609375,
  "cuda_available": true,
  "dataset_name": "synthetic_evidence",
  "device": "cuda",
  "early_stop_triggered": false,
  "experiment_type": "frozen_features",
  "feature_dim": 64,
  "features_dir": "reports/head_ablation/features/synthetic_evidence_medium_seed1",
  "final_metric": 0.994140625,
  "final_train_accuracy": 1.0,
  "final_train_loss": 0.0027113596443086863,
  "git_commit": "unknown",
  "hostname": "user-NF5468M6",
  "lr": 0.001,
  "metrics_json": "{\"best_metric\": 0.99609375, \"best_step\": 100, \"best_val_accuracy\": 0.99609375, \"early_stop_triggered\": false, \"final_metric\": 0.994140625, \"final_train_accuracy\": 1.0, \"final_train_loss\": 0.0027113596443086863, \"steps_run\": 300, \"test_accuracy\": 0.994140625, \"test_ambiguity_mean\": NaN, \"test_brier\": 0.009679161012172699, \"test_class_resistance_mean\": NaN, \"test_conflict_resistance_corr\": 0.0019215692300349474, \"test_ece\": 0.00447743060067296, \"test_hard_negative_drive_mean\": 0.34233343601226807, \"test_hard_negative_logit_mean\": -2.9920265674591064, \"test_hard_negative_resistance_mean\": 0.7490452527999878, \"test_loss\": 0.021700693294405937, \"test_margin_mean\": 6.686348915100098, \"test_nll\": 0.021700693294405937, \"test_positive_drive_mean\": 0.1329008936882019, \"test_positive_logit_mean\": 3.6943225860595703, \"test_positive_resistance_mean\": 0.8997066020965576, \"test_precision_mean\": 0.23571324348449707, \"test_resistance_noise_corr\": 0.04375142604112625, \"test_resistance_occlusion_corr\": -0.18656863272190094, \"test_sample_uncertainty_mean\": NaN, \"test_support_evidence_corr\": 0.6032311320304871, \"test_update_gate_mean\": 0.05539599806070328, \"total_train_time_sec\": 9.544063329696655, \"val_accuracy\": 0.9921875, \"val_ambiguity_mean\": NaN, \"val_brier\": 0.013385733589529991, \"val_class_resistance_mean\": NaN, \"val_conflict_resistance_corr\": 0.009730970486998558, \"val_ece\": 0.005885330960154533, \"val_hard_negative_drive_mean\": 0.3350652754306793, \"val_hard_negative_logit_mean\": -3.0317883491516113, \"val_hard_negative_resistance_mean\": 0.7449604272842407, \"val_loss\": 0.025700001046061516, \"val_margin_mean\": 6.743961811065674, \"val_nll\": 0.025700001046061516, \"val_positive_drive_mean\": 0.1249641478061676, \"val_positive_logit_mean\": 3.7121739387512207, \"val_positive_resistance_mean\": 0.8964022994041443, \"val_precision_mean\": 0.23689082264900208, \"val_resistance_noise_corr\": 0.06647346168756485, \"val_resistance_occlusion_corr\": -0.19322039186954498, \"val_sample_uncertainty_mean\": NaN, \"val_support_evidence_corr\": 0.6594975590705872, \"val_update_gate_mean\": 0.05565226078033447}",
  "mode": "head_ablation",
  "model_class": "MERCHeadLinearReadoutSmall",
  "model_name": "merc_linear_small",
  "num_classes": 2,
  "num_params": 91370,
  "pairwise_margin": 0.0,
  "pairwise_weight": 0.0,
  "platform": "Linux-5.4.0-216-generic-x86_64-with-glibc2.31",
  "python_version": "3.10.20",
  "reason": "",
  "run_dir": "reports/merc_synthetic_evidence/runs/20260425_031619_frozen_synthetic_evidence_merc_linear_small_seed1",
  "run_id": "frozen_synthetic_evidence_merc_linear_small_seed1",
  "seed": 1,
  "status": "COMPLETED",
  "steps": 300,
  "steps_run": 300,
  "task_name": "image_classification",
  "test_accuracy": 0.994140625,
  "test_ambiguity_mean": NaN,
  "test_brier": 0.009679161012172699,
  "test_class_resistance_mean": NaN,
  "test_conflict_resistance_corr": 0.0019215692300349474,
  "test_ece": 0.00447743060067296,
  "test_hard_negative_drive_mean": 0.34233343601226807,
  "test_hard_negative_logit_mean": -2.9920265674591064,
  "test_hard_negative_resistance_mean": 0.7490452527999878,
  "test_loss": 0.021700693294405937,
  "test_margin_mean": 6.686348915100098,
  "test_nll": 0.021700693294405937,
  "test_positive_drive_mean": 0.1329008936882019,
  "test_positive_logit_mean": 3.6943225860595703,
  "test_positive_resistance_mean": 0.8997066020965576,
  "test_precision_mean": 0.23571324348449707,
  "test_resistance_noise_corr": 0.04375142604112625,
  "test_resistance_occlusion_corr": -0.18656863272190094,
  "test_sample_uncertainty_mean": NaN,
  "test_support_evidence_corr": 0.6032311320304871,
  "test_update_gate_mean": 0.05539599806070328,
  "timestamp": "2026-04-25T03:16:29Z",
  "torch_version": "2.7.1+cu118",
  "torchvision_version": "0.22.1+cu118",
  "total_train_time_sec": 9.544063329696655,
  "trainable_params": 91370,
  "val_accuracy": 0.9921875,
  "val_ambiguity_mean": NaN,
  "val_brier": 0.013385733589529991,
  "val_class_resistance_mean": NaN,
  "val_conflict_resistance_corr": 0.009730970486998558,
  "val_ece": 0.005885330960154533,
  "val_hard_negative_drive_mean": 0.3350652754306793,
  "val_hard_negative_logit_mean": -3.0317883491516113,
  "val_hard_negative_resistance_mean": 0.7449604272842407,
  "val_loss": 0.025700001046061516,
  "val_margin_mean": 6.743961811065674,
  "val_nll": 0.025700001046061516,
  "val_positive_drive_mean": 0.1249641478061676,
  "val_positive_logit_mean": 3.7121739387512207,
  "val_positive_resistance_mean": 0.8964022994041443,
  "val_precision_mean": 0.23689082264900208,
  "val_resistance_noise_corr": 0.06647346168756485,
  "val_resistance_occlusion_corr": -0.19322039186954498,
  "val_sample_uncertainty_mean": NaN,
  "val_support_evidence_corr": 0.6594975590705872,
  "val_update_gate_mean": 0.05565226078033447
}