{
  "backbone_steps": 300,
  "batch_size": 64,
  "best_metric": 0.5,
  "best_step": 200,
  "clean_accuracy": 0.515625,
  "clean_brier": 0.6188158392906189,
  "clean_confidence_mean": 0.5385420322418213,
  "clean_ece": 0.03180021792650223,
  "clean_nll": 1.3601282835006714,
  "clean_risk_at_100_coverage": 0.484375,
  "clean_risk_at_50_coverage": 0.3151041865348816,
  "clean_risk_at_70_coverage": 0.39962828159332275,
  "clean_risk_at_80_coverage": 0.43089431524276733,
  "clean_risk_at_90_coverage": 0.4552023410797119,
  "clean_score_name": "one_minus_confidence",
  "clean_selective_aurc": 0.30315685272216797,
  "clean_uncertainty_mean": 0.4614579677581787,
  "clean_vs_noisy_auroc": 0.5554847717285156,
  "clean_vs_occluded_auroc": 0.5038121342658997,
  "condition_metrics_path": "reports/pluggable_primitive_real_20260427/frozen_runs/20260427_041946_uncertainty_cifar10_mlp_seed2/uncertainty_eval.pt",
  "cuda_available": true,
  "dataset_name": "cifar10",
  "device": "cuda",
  "early_stop_min_evals": 2,
  "early_stop_patience": 4,
  "early_stop_triggered": true,
  "eval_interval": 25,
  "experiment_type": "frozen_features_uncertainty",
  "feature_dim": 64,
  "final_metric": 0.515625,
  "final_train_loss": 1.2268880605697632,
  "git_commit": "0c0b3db",
  "head_steps": 1200,
  "hostname": "user-NF5468M6",
  "metrics_json": "{\"best_metric\": 0.5, \"best_step\": 200, \"clean_accuracy\": 0.515625, \"clean_brier\": 0.6188158392906189, \"clean_confidence_mean\": 0.5385420322418213, \"clean_ece\": 0.03180021792650223, \"clean_nll\": 1.3601282835006714, \"clean_risk_at_100_coverage\": 0.484375, \"clean_risk_at_50_coverage\": 0.3151041865348816, \"clean_risk_at_70_coverage\": 0.39962828159332275, \"clean_risk_at_80_coverage\": 0.43089431524276733, \"clean_risk_at_90_coverage\": 0.4552023410797119, \"clean_score_name\": \"one_minus_confidence\", \"clean_selective_aurc\": 0.30315685272216797, \"clean_uncertainty_mean\": 0.4614579677581787, \"clean_vs_noisy_auroc\": 0.5554847717285156, \"clean_vs_occluded_auroc\": 0.5038121342658997, \"condition_metrics_path\": \"reports/pluggable_primitive_real_20260427/frozen_runs/20260427_041946_uncertainty_cifar10_mlp_seed2/uncertainty_eval.pt\", \"early_stop_patience\": 4, \"early_stop_triggered\": true, \"final_metric\": 0.515625, \"final_train_loss\": 1.2268880605697632, \"noisy_accuracy\": 0.41015625, \"noisy_brier\": 0.7263576984405518, \"noisy_confidence_mean\": 0.5040818452835083, \"noisy_ece\": 0.09453895688056946, \"noisy_nll\": 1.6417200565338135, \"noisy_risk_at_100_coverage\": 0.58984375, \"noisy_risk_at_50_coverage\": 0.455078125, \"noisy_risk_at_70_coverage\": 0.5160390138626099, \"noisy_risk_at_80_coverage\": 0.5439023971557617, \"noisy_risk_at_90_coverage\": 0.5639913082122803, \"noisy_score_name\": \"one_minus_confidence\", \"noisy_selective_aurc\": 0.438468873500824, \"noisy_uncertainty_mean\": 0.4959181845188141, \"occluded_accuracy\": 0.4580078125, \"occluded_brier\": 0.6867612600326538, \"occluded_confidence_mean\": 0.5369144082069397, \"occluded_ece\": 0.0839567705988884, \"occluded_nll\": 1.523258924484253, \"occluded_risk_at_100_coverage\": 0.5419921875, \"occluded_risk_at_50_coverage\": 0.416015625, \"occluded_risk_at_70_coverage\": 0.4714086651802063, \"occluded_risk_at_80_coverage\": 0.49268293380737305, \"occluded_risk_at_90_coverage\": 0.5173535346984863, \"occluded_score_name\": \"one_minus_confidence\", \"occluded_selective_aurc\": 0.38191989064216614, \"occluded_uncertainty_mean\": 0.4630855917930603, \"steps_run\": 300, \"total_train_time_sec\": 3.3135077953338623}",
  "mode": "uncertainty_benchmark",
  "model_class": "MLPHead",
  "model_name": "mlp",
  "noisy_accuracy": 0.41015625,
  "noisy_brier": 0.7263576984405518,
  "noisy_confidence_mean": 0.5040818452835083,
  "noisy_ece": 0.09453895688056946,
  "noisy_nll": 1.6417200565338135,
  "noisy_risk_at_100_coverage": 0.58984375,
  "noisy_risk_at_50_coverage": 0.455078125,
  "noisy_risk_at_70_coverage": 0.5160390138626099,
  "noisy_risk_at_80_coverage": 0.5439023971557617,
  "noisy_risk_at_90_coverage": 0.5639913082122803,
  "noisy_score_name": "one_minus_confidence",
  "noisy_selective_aurc": 0.438468873500824,
  "noisy_uncertainty_mean": 0.4959181845188141,
  "num_classes": 10,
  "num_params": 9738,
  "num_workers": 0,
  "occluded_accuracy": 0.4580078125,
  "occluded_brier": 0.6867612600326538,
  "occluded_confidence_mean": 0.5369144082069397,
  "occluded_ece": 0.0839567705988884,
  "occluded_nll": 1.523258924484253,
  "occluded_risk_at_100_coverage": 0.5419921875,
  "occluded_risk_at_50_coverage": 0.416015625,
  "occluded_risk_at_70_coverage": 0.4714086651802063,
  "occluded_risk_at_80_coverage": 0.49268293380737305,
  "occluded_risk_at_90_coverage": 0.5173535346984863,
  "occluded_score_name": "one_minus_confidence",
  "occluded_selective_aurc": 0.38191989064216614,
  "occluded_uncertainty_mean": 0.4630855917930603,
  "platform": "Linux-5.4.0-216-generic-x86_64-with-glibc2.31",
  "python_version": "3.10.20",
  "reason": "",
  "run_dir": "reports/pluggable_primitive_real_20260427/frozen_runs/20260427_041946_uncertainty_cifar10_mlp_seed2",
  "run_id": "uncertainty_cifar10_mlp_seed2",
  "seed": 2,
  "selected_heads": [
    "linear",
    "mlp",
    "cosine_prototype",
    "eml_no_ambiguity",
    "eml_centered_ambiguity",
    "eml_supervised_resistance",
    "merc_linear",
    "merc_energy"
  ],
  "status": "COMPLETED",
  "steps_run": 300,
  "task_name": "image_uncertainty_selective_classification",
  "test_size": 1024,
  "timestamp": "2026-04-27T04:19:49Z",
  "torch_version": "2.7.1+cu118",
  "torchvision_version": "0.22.1+cu118",
  "total_train_time_sec": 3.3135077953338623,
  "train_size": 4096,
  "trainable_params": 9738
}