{
  "batch_size": 32,
  "best_metric": 0.3828125,
  "clean_accuracy": 0.3671875,
  "clean_brier": 0.720840573310852,
  "clean_confidence_mean": 0.2820650041103363,
  "clean_ece": 0.12022044509649277,
  "clean_nll": 1.416176676750183,
  "clean_risk_at_100_coverage": 0.6328125,
  "clean_risk_at_50_coverage": 0.4375,
  "clean_risk_at_70_coverage": 0.5888888835906982,
  "clean_risk_at_80_coverage": 0.6116504669189453,
  "clean_risk_at_90_coverage": 0.5948275923728943,
  "clean_score_name": "one_minus_confidence",
  "clean_selective_aurc": 0.37513622641563416,
  "clean_uncertainty_mean": 0.7179349660873413,
  "clean_vs_noisy_auroc": 0.544769287109375,
  "clean_vs_occluded_auroc": 0.45794677734375,
  "condition_metrics_path": "reports/uncertainty_benchmark/runs/20260424_094242_uncertainty_synthetic_shape_cosine_prototype_seed0/uncertainty_eval.pt",
  "cuda_available": false,
  "dataset_name": "synthetic_shape",
  "device": "cpu",
  "experiment_type": "frozen_features_uncertainty",
  "feature_dim": 64,
  "final_metric": 0.3671875,
  "final_train_loss": 1.4559706449508667,
  "git_commit": "c63df07",
  "hostname": "BMW-Pro.local",
  "metrics_json": "{\"best_metric\": 0.3828125, \"clean_accuracy\": 0.3671875, \"clean_brier\": 0.720840573310852, \"clean_confidence_mean\": 0.2820650041103363, \"clean_ece\": 0.12022044509649277, \"clean_nll\": 1.416176676750183, \"clean_risk_at_100_coverage\": 0.6328125, \"clean_risk_at_50_coverage\": 0.4375, \"clean_risk_at_70_coverage\": 0.5888888835906982, \"clean_risk_at_80_coverage\": 0.6116504669189453, \"clean_risk_at_90_coverage\": 0.5948275923728943, \"clean_score_name\": \"one_minus_confidence\", \"clean_selective_aurc\": 0.37513622641563416, \"clean_uncertainty_mean\": 0.7179349660873413, \"clean_vs_noisy_auroc\": 0.544769287109375, \"clean_vs_occluded_auroc\": 0.45794677734375, \"condition_metrics_path\": \"reports/uncertainty_benchmark/runs/20260424_094242_uncertainty_synthetic_shape_cosine_prototype_seed0/uncertainty_eval.pt\", \"final_metric\": 0.3671875, \"final_train_loss\": 1.4559706449508667, \"noisy_accuracy\": 0.40625, \"noisy_brier\": 0.7235468626022339, \"noisy_confidence_mean\": 0.27616745233535767, \"noisy_ece\": 0.18247108161449432, \"noisy_nll\": 1.425255537033081, \"noisy_risk_at_100_coverage\": 0.59375, \"noisy_risk_at_50_coverage\": 0.3671875, \"noisy_risk_at_70_coverage\": 0.5222222208976746, \"noisy_risk_at_80_coverage\": 0.5463414192199707, \"noisy_risk_at_90_coverage\": 0.5670995712280273, \"noisy_score_name\": \"one_minus_confidence\", \"noisy_selective_aurc\": 0.34068694710731506, \"noisy_uncertainty_mean\": 0.7238324880599976, \"occluded_accuracy\": 0.4140625, \"occluded_brier\": 0.7248205542564392, \"occluded_confidence_mean\": 0.2856501340866089, \"occluded_ece\": 0.12841235101222992, \"occluded_nll\": 1.4303290843963623, \"occluded_risk_at_100_coverage\": 0.5859375, \"occluded_risk_at_50_coverage\": 0.3828125, \"occluded_risk_at_70_coverage\": 0.5333333015441895, \"occluded_risk_at_80_coverage\": 0.5512195229530334, \"occluded_risk_at_90_coverage\": 0.5670995712280273, \"occluded_score_name\": \"one_minus_confidence\", \"occluded_selective_aurc\": 0.36144909262657166, \"occluded_uncertainty_mean\": 0.7143498063087463, \"total_train_time_sec\": 0.04409670829772949}",
  "mode": "uncertainty_benchmark",
  "model_class": "CosinePrototypeHead",
  "model_name": "cosine_prototype",
  "noisy_accuracy": 0.40625,
  "noisy_brier": 0.7235468626022339,
  "noisy_confidence_mean": 0.27616745233535767,
  "noisy_ece": 0.18247108161449432,
  "noisy_nll": 1.425255537033081,
  "noisy_risk_at_100_coverage": 0.59375,
  "noisy_risk_at_50_coverage": 0.3671875,
  "noisy_risk_at_70_coverage": 0.5222222208976746,
  "noisy_risk_at_80_coverage": 0.5463414192199707,
  "noisy_risk_at_90_coverage": 0.5670995712280273,
  "noisy_score_name": "one_minus_confidence",
  "noisy_selective_aurc": 0.34068694710731506,
  "noisy_uncertainty_mean": 0.7238324880599976,
  "num_classes": 5,
  "num_params": 320,
  "num_workers": 0,
  "occluded_accuracy": 0.4140625,
  "occluded_brier": 0.7248205542564392,
  "occluded_confidence_mean": 0.2856501340866089,
  "occluded_ece": 0.12841235101222992,
  "occluded_nll": 1.4303290843963623,
  "occluded_risk_at_100_coverage": 0.5859375,
  "occluded_risk_at_50_coverage": 0.3828125,
  "occluded_risk_at_70_coverage": 0.5333333015441895,
  "occluded_risk_at_80_coverage": 0.5512195229530334,
  "occluded_risk_at_90_coverage": 0.5670995712280273,
  "occluded_score_name": "one_minus_confidence",
  "occluded_selective_aurc": 0.36144909262657166,
  "occluded_uncertainty_mean": 0.7143498063087463,
  "platform": "macOS-26.0-arm64-arm-64bit",
  "python_version": "3.12.12",
  "reason": "",
  "run_dir": "reports/uncertainty_benchmark/runs/20260424_094242_uncertainty_synthetic_shape_cosine_prototype_seed0",
  "run_id": "uncertainty_synthetic_shape_cosine_prototype_seed0",
  "seed": 0,
  "status": "COMPLETED",
  "task_name": "image_uncertainty_selective_classification",
  "test_size": 256,
  "timestamp": "2026-04-24T09:42:42Z",
  "torch_version": "2.10.0",
  "torchvision_version": "unavailable",
  "total_train_time_sec": 0.04409670829772949,
  "train_size": 768,
  "trainable_params": 320
}