{
  "backbone_steps": 40,
  "batch_size": 32,
  "best_metric": 0.3828125,
  "best_step": 40,
  "clean_accuracy": 0.34375,
  "clean_brier": 0.6525349617004395,
  "clean_confidence_mean": 0.47413545846939087,
  "clean_conflict_resistance_corr": NaN,
  "clean_conflict_score_mean": 0.24984818696975708,
  "clean_ece": 0.181504026055336,
  "clean_nll": 1.3075369596481323,
  "clean_positive_resistance_mean": 0.4844738841056824,
  "clean_resistance_noise_corr": -4.8056321588774153e-08,
  "clean_resistance_occlusion_corr": NaN,
  "clean_risk_at_100_coverage": 0.65625,
  "clean_risk_at_50_coverage": 0.328125,
  "clean_risk_at_70_coverage": 0.5111111402511597,
  "clean_risk_at_80_coverage": 0.5728155374526978,
  "clean_risk_at_90_coverage": 0.6206896305084229,
  "clean_score_name": "positive_resistance",
  "clean_selective_aurc": 0.30026838183403015,
  "clean_support_score_mean": 1.718883991241455,
  "clean_uncertainty_mean": 0.4844738841056824,
  "clean_vs_noisy_auroc": 0.47100830078125,
  "clean_vs_occluded_auroc": 0.474578857421875,
  "condition_metrics_path": "reports/pluggable_primitive_smoke/frozen_runs/20260427_035714_uncertainty_synthetic_shape_merc_energy_seed1/uncertainty_eval.pt",
  "cuda_available": false,
  "dataset_name": "synthetic_shape",
  "device": "cpu",
  "early_stop_min_evals": 2,
  "early_stop_patience": 4,
  "early_stop_triggered": false,
  "eval_interval": 10,
  "experiment_type": "frozen_features_uncertainty",
  "feature_dim": 64,
  "final_metric": 0.34375,
  "final_train_loss": 1.4832780361175537,
  "git_commit": "e445378",
  "head_steps": 40,
  "hostname": "Mac",
  "metrics_json": "{\"best_metric\": 0.3828125, \"best_step\": 40, \"clean_accuracy\": 0.34375, \"clean_brier\": 0.6525349617004395, \"clean_confidence_mean\": 0.47413545846939087, \"clean_conflict_resistance_corr\": NaN, \"clean_conflict_score_mean\": 0.24984818696975708, \"clean_ece\": 0.181504026055336, \"clean_nll\": 1.3075369596481323, \"clean_positive_resistance_mean\": 0.4844738841056824, \"clean_resistance_noise_corr\": -4.8056321588774153e-08, \"clean_resistance_occlusion_corr\": NaN, \"clean_risk_at_100_coverage\": 0.65625, \"clean_risk_at_50_coverage\": 0.328125, \"clean_risk_at_70_coverage\": 0.5111111402511597, \"clean_risk_at_80_coverage\": 0.5728155374526978, \"clean_risk_at_90_coverage\": 0.6206896305084229, \"clean_score_name\": \"positive_resistance\", \"clean_selective_aurc\": 0.30026838183403015, \"clean_support_score_mean\": 1.718883991241455, \"clean_uncertainty_mean\": 0.4844738841056824, \"clean_vs_noisy_auroc\": 0.47100830078125, \"clean_vs_occluded_auroc\": 0.474578857421875, \"condition_metrics_path\": \"reports/pluggable_primitive_smoke/frozen_runs/20260427_035714_uncertainty_synthetic_shape_merc_energy_seed1/uncertainty_eval.pt\", \"early_stop_patience\": 4, \"early_stop_triggered\": false, \"final_metric\": 0.34375, \"final_train_loss\": 1.4832780361175537, \"noisy_accuracy\": 0.38671875, \"noisy_brier\": 0.6559029817581177, \"noisy_confidence_mean\": 0.45892274379730225, \"noisy_conflict_resistance_corr\": -6.049411354069889e-07, \"noisy_conflict_score_mean\": 0.2495628446340561, \"noisy_ece\": 0.12168650329113007, \"noisy_nll\": 1.3048073053359985, \"noisy_positive_resistance_mean\": 0.46766287088394165, \"noisy_resistance_noise_corr\": NaN, \"noisy_resistance_occlusion_corr\": NaN, \"noisy_risk_at_100_coverage\": 0.61328125, \"noisy_risk_at_50_coverage\": 0.2578125, \"noisy_risk_at_70_coverage\": 0.4611111283302307, \"noisy_risk_at_80_coverage\": 0.5170731544494629, \"noisy_risk_at_90_coverage\": 0.5714285373687744, \"noisy_score_name\": \"positive_resistance\", \"noisy_selective_aurc\": 0.2636227011680603, \"noisy_support_score_mean\": 1.7800416946411133, \"noisy_uncertainty_mean\": 0.46766287088394165, \"occluded_accuracy\": 0.37109375, \"occluded_brier\": 0.6491150856018066, \"occluded_confidence_mean\": 0.5091942548751831, \"occluded_conflict_resistance_corr\": 0.023654267191886902, \"occluded_conflict_score_mean\": 0.2575151324272156, \"occluded_ece\": 0.16617295145988464, \"occluded_nll\": 1.295479655265808, \"occluded_positive_resistance_mean\": 0.4845213294029236, \"occluded_resistance_noise_corr\": 5.349771825535754e-08, \"occluded_resistance_occlusion_corr\": 0.19428028166294098, \"occluded_risk_at_100_coverage\": 0.62890625, \"occluded_risk_at_50_coverage\": 0.3125, \"occluded_risk_at_70_coverage\": 0.4722222089767456, \"occluded_risk_at_80_coverage\": 0.5365853309631348, \"occluded_risk_at_90_coverage\": 0.588744580745697, \"occluded_score_name\": \"positive_resistance\", \"occluded_selective_aurc\": 0.2758016288280487, \"occluded_support_score_mean\": 1.767082929611206, \"occluded_uncertainty_mean\": 0.4845213294029236, \"pooled_conflict_resistance_corr\": -0.047481562942266464, \"pooled_resistance_noise_corr\": -0.027721501886844635, \"pooled_resistance_occlusion_corr\": 0.1341772824525833, \"steps_run\": 40, \"total_train_time_sec\": 0.14802813529968262}",
  "mode": "uncertainty_benchmark",
  "model_class": "MERCHeadClassEnergy",
  "model_name": "merc_energy",
  "noisy_accuracy": 0.38671875,
  "noisy_brier": 0.6559029817581177,
  "noisy_confidence_mean": 0.45892274379730225,
  "noisy_conflict_resistance_corr": -6.049411354069889e-07,
  "noisy_conflict_score_mean": 0.2495628446340561,
  "noisy_ece": 0.12168650329113007,
  "noisy_nll": 1.3048073053359985,
  "noisy_positive_resistance_mean": 0.46766287088394165,
  "noisy_resistance_noise_corr": NaN,
  "noisy_resistance_occlusion_corr": NaN,
  "noisy_risk_at_100_coverage": 0.61328125,
  "noisy_risk_at_50_coverage": 0.2578125,
  "noisy_risk_at_70_coverage": 0.4611111283302307,
  "noisy_risk_at_80_coverage": 0.5170731544494629,
  "noisy_risk_at_90_coverage": 0.5714285373687744,
  "noisy_score_name": "positive_resistance",
  "noisy_selective_aurc": 0.2636227011680603,
  "noisy_support_score_mean": 1.7800416946411133,
  "noisy_uncertainty_mean": 0.46766287088394165,
  "num_classes": 5,
  "num_params": 92222,
  "num_workers": 0,
  "occluded_accuracy": 0.37109375,
  "occluded_brier": 0.6491150856018066,
  "occluded_confidence_mean": 0.5091942548751831,
  "occluded_conflict_resistance_corr": 0.023654267191886902,
  "occluded_conflict_score_mean": 0.2575151324272156,
  "occluded_ece": 0.16617295145988464,
  "occluded_nll": 1.295479655265808,
  "occluded_positive_resistance_mean": 0.4845213294029236,
  "occluded_resistance_noise_corr": 5.349771825535754e-08,
  "occluded_resistance_occlusion_corr": 0.19428028166294098,
  "occluded_risk_at_100_coverage": 0.62890625,
  "occluded_risk_at_50_coverage": 0.3125,
  "occluded_risk_at_70_coverage": 0.4722222089767456,
  "occluded_risk_at_80_coverage": 0.5365853309631348,
  "occluded_risk_at_90_coverage": 0.588744580745697,
  "occluded_score_name": "positive_resistance",
  "occluded_selective_aurc": 0.2758016288280487,
  "occluded_support_score_mean": 1.767082929611206,
  "occluded_uncertainty_mean": 0.4845213294029236,
  "platform": "macOS-26.0-arm64-arm-64bit",
  "pooled_conflict_resistance_corr": -0.047481562942266464,
  "pooled_resistance_noise_corr": -0.027721501886844635,
  "pooled_resistance_occlusion_corr": 0.1341772824525833,
  "python_version": "3.12.12",
  "reason": "",
  "run_dir": "reports/pluggable_primitive_smoke/frozen_runs/20260427_035714_uncertainty_synthetic_shape_merc_energy_seed1",
  "run_id": "uncertainty_synthetic_shape_merc_energy_seed1",
  "seed": 1,
  "selected_heads": [
    "linear",
    "mlp",
    "cosine_prototype",
    "eml_no_ambiguity",
    "eml_centered_ambiguity",
    "eml_supervised_resistance",
    "merc_linear",
    "merc_energy"
  ],
  "status": "COMPLETED",
  "steps_run": 40,
  "task_name": "image_uncertainty_selective_classification",
  "test_size": 256,
  "timestamp": "2026-04-27T03:57:14Z",
  "torch_version": "2.10.0",
  "torchvision_version": "unavailable",
  "total_train_time_sec": 0.14802813529968262,
  "train_size": 768,
  "trainable_params": 92222
}