{
  "batch_size": 64,
  "best_metric": 0.42578125,
  "best_step": 300,
  "best_val_accuracy": 0.42578125,
  "cuda_available": true,
  "dataset_name": "cifar10",
  "device": "cuda",
  "early_stop_triggered": false,
  "experiment_type": "end_to_end",
  "feature_dim": 64,
  "final_metric": 0.47265625,
  "final_train_accuracy": 0.484375,
  "final_train_loss": 1.3963634967803955,
  "git_commit": "unknown",
  "head_name": "eml_no_ambiguity",
  "hostname": "user-NF5468M6",
  "loss_mode": "ce_pairwise",
  "lr": 0.001,
  "metrics_json": "{\"best_metric\": 0.42578125, \"best_step\": 300, \"best_val_accuracy\": 0.42578125, \"early_stop_triggered\": false, \"final_metric\": 0.47265625, \"final_train_accuracy\": 0.484375, \"final_train_loss\": 1.3963634967803955, \"steps_run\": 300, \"test_accuracy\": 0.47265625, \"test_ambiguity_mean\": 0.0, \"test_brier\": 0.7136661410331726, \"test_class_resistance_mean\": 0.2017967253923416, \"test_ece\": 0.08673510700464249, \"test_hard_negative_drive_mean\": 5.925559997558594, \"test_hard_negative_logit_mean\": 2.060295581817627, \"test_hard_negative_resistance_mean\": 9.181010246276855, \"test_loss\": 1.6330389976501465, \"test_margin_mean\": -0.4288191795349121, \"test_nll\": 1.6330389976501465, \"test_positive_drive_mean\": 4.927042007446289, \"test_positive_logit_mean\": 1.6314765214920044, \"test_positive_resistance_mean\": 9.180179595947266, \"test_resistance_noise_corr\": NaN, \"test_resistance_occlusion_corr\": NaN, \"test_sample_uncertainty_mean\": 8.978752136230469, \"total_train_time_sec\": 13.06657361984253, \"val_accuracy\": 0.42578125, \"val_ambiguity_mean\": 0.0, \"val_brier\": 0.7366008758544922, \"val_class_resistance_mean\": 0.2017967253923416, \"val_ece\": 0.0415213406085968, \"val_hard_negative_drive_mean\": 6.192507266998291, \"val_hard_negative_logit_mean\": 2.1122536659240723, \"val_hard_negative_resistance_mean\": 9.379398345947266, \"val_loss\": 1.6815497875213623, \"val_margin_mean\": -0.5157268643379211, \"val_nll\": 1.6815497875213623, \"val_positive_drive_mean\": 4.834836483001709, \"val_positive_logit_mean\": 1.5965266227722168, \"val_positive_resistance_mean\": 9.379301071166992, \"val_resistance_noise_corr\": NaN, \"val_resistance_occlusion_corr\": NaN, \"val_sample_uncertainty_mean\": 9.177562713623047}",
  "mode": "head_ablation",
  "model_class": "CNNHeadModel",
  "model_name": "eml_no_ambiguity",
  "num_classes": 10,
  "num_params": 167233,
  "pairwise_margin": 0.0,
  "pairwise_weight": 0.05,
  "platform": "Linux-5.4.0-216-generic-x86_64-with-glibc2.31",
  "python_version": "3.10.20",
  "reason": "",
  "run_dir": "reports/merc_end_to_end_rerun/runs/20260425_035739_e2e_cifar10_eml_no_ambiguity_ce_pairwise_seed2",
  "run_id": "e2e_cifar10_eml_no_ambiguity_ce_pairwise_seed2",
  "seed": 2,
  "status": "COMPLETED",
  "steps": 300,
  "steps_run": 300,
  "task_name": "image_classification",
  "test_accuracy": 0.47265625,
  "test_ambiguity_mean": 0.0,
  "test_brier": 0.7136661410331726,
  "test_class_resistance_mean": 0.2017967253923416,
  "test_ece": 0.08673510700464249,
  "test_hard_negative_drive_mean": 5.925559997558594,
  "test_hard_negative_logit_mean": 2.060295581817627,
  "test_hard_negative_resistance_mean": 9.181010246276855,
  "test_loss": 1.6330389976501465,
  "test_margin_mean": -0.4288191795349121,
  "test_nll": 1.6330389976501465,
  "test_positive_drive_mean": 4.927042007446289,
  "test_positive_logit_mean": 1.6314765214920044,
  "test_positive_resistance_mean": 9.180179595947266,
  "test_resistance_noise_corr": NaN,
  "test_resistance_occlusion_corr": NaN,
  "test_sample_uncertainty_mean": 8.978752136230469,
  "timestamp": "2026-04-25T03:57:52Z",
  "torch_version": "2.7.1+cu118",
  "torchvision_version": "0.22.1+cu118",
  "total_train_time_sec": 13.06657361984253,
  "trainable_params": 167233,
  "use_eml_residual_bank": false,
  "use_merc_block": false,
  "val_accuracy": 0.42578125,
  "val_ambiguity_mean": 0.0,
  "val_brier": 0.7366008758544922,
  "val_class_resistance_mean": 0.2017967253923416,
  "val_ece": 0.0415213406085968,
  "val_hard_negative_drive_mean": 6.192507266998291,
  "val_hard_negative_logit_mean": 2.1122536659240723,
  "val_hard_negative_resistance_mean": 9.379398345947266,
  "val_loss": 1.6815497875213623,
  "val_margin_mean": -0.5157268643379211,
  "val_nll": 1.6815497875213623,
  "val_positive_drive_mean": 4.834836483001709,
  "val_positive_logit_mean": 1.5965266227722168,
  "val_positive_resistance_mean": 9.379301071166992,
  "val_resistance_noise_corr": NaN,
  "val_resistance_occlusion_corr": NaN,
  "val_sample_uncertainty_mean": 9.177562713623047
}