{
  "batch_size": 64,
  "best_metric": 0.537109375,
  "best_step": 300,
  "best_val_accuracy": 0.537109375,
  "cuda_available": true,
  "dataset_name": "cifar10",
  "device": "cuda",
  "experiment_type": "frozen_features",
  "feature_dim": 64,
  "features_dir": "reports/real_cifar_20260424_165937/features/cifar10_medium_seed0",
  "final_metric": 0.513671875,
  "final_train_accuracy": 0.59375,
  "final_train_loss": 1.2865864038467407,
  "git_commit": "unknown",
  "hostname": "user-NF5468M6",
  "lr": 0.001,
  "metrics_json": "{\"best_metric\": 0.537109375, \"best_step\": 300, \"best_val_accuracy\": 0.537109375, \"final_metric\": 0.513671875, \"final_train_accuracy\": 0.59375, \"final_train_loss\": 1.2865864038467407, \"test_accuracy\": 0.513671875, \"test_ambiguity_mean\": 0.0, \"test_brier\": 0.6478941440582275, \"test_class_resistance_mean\": 0.2032231092453003, \"test_ece\": 0.06897716224193573, \"test_hard_negative_drive_mean\": 5.534973621368408, \"test_hard_negative_logit_mean\": 1.8021501302719116, \"test_hard_negative_resistance_mean\": 10.902721405029297, \"test_loss\": 1.4781172275543213, \"test_margin_mean\": -0.17985275387763977, \"test_nll\": 1.4781172275543213, \"test_positive_drive_mean\": 5.24199104309082, \"test_positive_logit_mean\": 1.6222972869873047, \"test_positive_resistance_mean\": 10.903149604797363, \"test_resistance_noise_corr\": NaN, \"test_resistance_occlusion_corr\": NaN, \"test_sample_uncertainty_mean\": 10.699285507202148, \"total_train_time_sec\": 6.424711465835571, \"val_accuracy\": 0.537109375, \"val_ambiguity_mean\": 0.0, \"val_brier\": 0.6447920799255371, \"val_class_resistance_mean\": 0.2032231092453003, \"val_ece\": 0.09212149679660797, \"val_hard_negative_drive_mean\": 5.56062126159668, \"val_hard_negative_logit_mean\": 1.801123857498169, \"val_hard_negative_resistance_mean\": 10.389824867248535, \"val_loss\": 1.4720230102539062, \"val_margin_mean\": -0.16344255208969116, \"val_nll\": 1.4720230102539062, \"val_positive_drive_mean\": 5.1932878494262695, \"val_positive_logit_mean\": 1.637681245803833, \"val_positive_resistance_mean\": 10.388630867004395, \"val_resistance_noise_corr\": NaN, \"val_resistance_occlusion_corr\": NaN, \"val_sample_uncertainty_mean\": 10.185951232910156}",
  "mode": "head_ablation",
  "model_class": "EMLPrototypeHeadNoAmbiguity",
  "model_name": "eml_no_ambiguity",
  "num_classes": 10,
  "num_params": 18977,
  "pairwise_margin": 0.0,
  "pairwise_weight": 0.0,
  "platform": "Linux-5.4.0-216-generic-x86_64-with-glibc2.31",
  "python_version": "3.10.20",
  "reason": "",
  "run_dir": "reports/real_cifar_20260424_165937/runs/20260424_085954_frozen_cifar10_eml_no_ambiguity_seed0",
  "run_id": "frozen_cifar10_eml_no_ambiguity_seed0",
  "seed": 0,
  "status": "COMPLETED",
  "steps": 300,
  "task_name": "image_classification",
  "test_accuracy": 0.513671875,
  "test_ambiguity_mean": 0.0,
  "test_brier": 0.6478941440582275,
  "test_class_resistance_mean": 0.2032231092453003,
  "test_ece": 0.06897716224193573,
  "test_hard_negative_drive_mean": 5.534973621368408,
  "test_hard_negative_logit_mean": 1.8021501302719116,
  "test_hard_negative_resistance_mean": 10.902721405029297,
  "test_loss": 1.4781172275543213,
  "test_margin_mean": -0.17985275387763977,
  "test_nll": 1.4781172275543213,
  "test_positive_drive_mean": 5.24199104309082,
  "test_positive_logit_mean": 1.6222972869873047,
  "test_positive_resistance_mean": 10.903149604797363,
  "test_resistance_noise_corr": NaN,
  "test_resistance_occlusion_corr": NaN,
  "test_sample_uncertainty_mean": 10.699285507202148,
  "timestamp": "2026-04-24T09:00:00Z",
  "torch_version": "2.7.1+cu118",
  "torchvision_version": "0.22.1+cu118",
  "total_train_time_sec": 6.424711465835571,
  "trainable_params": 18977,
  "val_accuracy": 0.537109375,
  "val_ambiguity_mean": 0.0,
  "val_brier": 0.6447920799255371,
  "val_class_resistance_mean": 0.2032231092453003,
  "val_ece": 0.09212149679660797,
  "val_hard_negative_drive_mean": 5.56062126159668,
  "val_hard_negative_logit_mean": 1.801123857498169,
  "val_hard_negative_resistance_mean": 10.389824867248535,
  "val_loss": 1.4720230102539062,
  "val_margin_mean": -0.16344255208969116,
  "val_nll": 1.4720230102539062,
  "val_positive_drive_mean": 5.1932878494262695,
  "val_positive_logit_mean": 1.637681245803833,
  "val_positive_resistance_mean": 10.388630867004395,
  "val_resistance_noise_corr": NaN,
  "val_resistance_occlusion_corr": NaN,
  "val_sample_uncertainty_mean": 10.185951232910156
}