{
  "batch_size": 64,
  "best_metric": 0.984375,
  "best_step": 75,
  "clean_accuracy": 0.9947916865348816,
  "clean_brier": 0.10641603916883469,
  "clean_confidence_mean": 0.7460484504699707,
  "clean_ece": 0.2487432211637497,
  "clean_nll": 0.31450894474983215,
  "clean_risk_at_100_coverage": 0.005208313465118408,
  "clean_risk_at_50_coverage": 0.002604186534881592,
  "clean_risk_at_70_coverage": 0.003717482089996338,
  "clean_risk_at_80_coverage": 0.004878044128417969,
  "clean_risk_at_90_coverage": 0.004335284233093262,
  "clean_score_name": "one_minus_confidence",
  "clean_selective_aurc": 0.002377305645495653,
  "clean_uncertainty_mean": 0.2539515197277069,
  "clean_vs_noisy_auroc": 0.6222305297851562,
  "clean_vs_occluded_auroc": 0.5876757502555847,
  "condition_metrics_path": "reports/uncertainty_remote_20260424_175558/runs/20260424_095608_uncertainty_synthetic_shape_cosine_prototype_seed2/uncertainty_eval.pt",
  "cuda_available": true,
  "dataset_name": "synthetic_shape",
  "device": "cuda",
  "early_stop_patience": 4,
  "early_stop_triggered": true,
  "experiment_type": "frozen_features_uncertainty",
  "feature_dim": 64,
  "final_metric": 0.9947916865348816,
  "final_train_loss": 0.21333105862140656,
  "git_commit": "unknown",
  "hostname": "user-NF5468M6",
  "metrics_json": "{\"best_metric\": 0.984375, \"best_step\": 75, \"clean_accuracy\": 0.9947916865348816, \"clean_brier\": 0.10641603916883469, \"clean_confidence_mean\": 0.7460484504699707, \"clean_ece\": 0.2487432211637497, \"clean_nll\": 0.31450894474983215, \"clean_risk_at_100_coverage\": 0.005208313465118408, \"clean_risk_at_50_coverage\": 0.002604186534881592, \"clean_risk_at_70_coverage\": 0.003717482089996338, \"clean_risk_at_80_coverage\": 0.004878044128417969, \"clean_risk_at_90_coverage\": 0.004335284233093262, \"clean_score_name\": \"one_minus_confidence\", \"clean_selective_aurc\": 0.002377305645495653, \"clean_uncertainty_mean\": 0.2539515197277069, \"clean_vs_noisy_auroc\": 0.6222305297851562, \"clean_vs_occluded_auroc\": 0.5876757502555847, \"condition_metrics_path\": \"reports/uncertainty_remote_20260424_175558/runs/20260424_095608_uncertainty_synthetic_shape_cosine_prototype_seed2/uncertainty_eval.pt\", \"early_stop_patience\": 4, \"early_stop_triggered\": true, \"final_metric\": 0.9947916865348816, \"final_train_loss\": 0.21333105862140656, \"noisy_accuracy\": 0.9326171875, \"noisy_brier\": 0.19056805968284607, \"noisy_confidence_mean\": 0.6961572170257568, \"noisy_ece\": 0.23761261999607086, \"noisy_nll\": 0.44958069920539856, \"noisy_risk_at_100_coverage\": 0.0673828125, \"noisy_risk_at_50_coverage\": 0.009765625, \"noisy_risk_at_70_coverage\": 0.02928870916366577, \"noisy_risk_at_80_coverage\": 0.03414636850357056, \"noisy_risk_at_90_coverage\": 0.035791754722595215, \"noisy_score_name\": \"one_minus_confidence\", \"noisy_selective_aurc\": 0.01848391443490982, \"noisy_uncertainty_mean\": 0.30384278297424316, \"occluded_accuracy\": 0.892578125, \"occluded_brier\": 0.20955239236354828, \"occluded_confidence_mean\": 0.6947314143180847, \"occluded_ece\": 0.20864899456501007, \"occluded_nll\": 0.4941979646682739, \"occluded_risk_at_100_coverage\": 0.107421875, \"occluded_risk_at_50_coverage\": 0.00390625, \"occluded_risk_at_70_coverage\": 0.0181310772895813, \"occluded_risk_at_80_coverage\": 0.024390220642089844, \"occluded_risk_at_90_coverage\": 0.05097615718841553, \"occluded_score_name\": \"one_minus_confidence\", \"occluded_selective_aurc\": 0.01716652885079384, \"occluded_uncertainty_mean\": 0.3052685260772705, \"steps_run\": 175, \"total_train_time_sec\": 1.2658517360687256}",
  "mode": "uncertainty_benchmark",
  "model_class": "CosinePrototypeHead",
  "model_name": "cosine_prototype",
  "noisy_accuracy": 0.9326171875,
  "noisy_brier": 0.19056805968284607,
  "noisy_confidence_mean": 0.6961572170257568,
  "noisy_ece": 0.23761261999607086,
  "noisy_nll": 0.44958069920539856,
  "noisy_risk_at_100_coverage": 0.0673828125,
  "noisy_risk_at_50_coverage": 0.009765625,
  "noisy_risk_at_70_coverage": 0.02928870916366577,
  "noisy_risk_at_80_coverage": 0.03414636850357056,
  "noisy_risk_at_90_coverage": 0.035791754722595215,
  "noisy_score_name": "one_minus_confidence",
  "noisy_selective_aurc": 0.01848391443490982,
  "noisy_uncertainty_mean": 0.30384278297424316,
  "num_classes": 5,
  "num_params": 320,
  "num_workers": 0,
  "occluded_accuracy": 0.892578125,
  "occluded_brier": 0.20955239236354828,
  "occluded_confidence_mean": 0.6947314143180847,
  "occluded_ece": 0.20864899456501007,
  "occluded_nll": 0.4941979646682739,
  "occluded_risk_at_100_coverage": 0.107421875,
  "occluded_risk_at_50_coverage": 0.00390625,
  "occluded_risk_at_70_coverage": 0.0181310772895813,
  "occluded_risk_at_80_coverage": 0.024390220642089844,
  "occluded_risk_at_90_coverage": 0.05097615718841553,
  "occluded_score_name": "one_minus_confidence",
  "occluded_selective_aurc": 0.01716652885079384,
  "occluded_uncertainty_mean": 0.3052685260772705,
  "platform": "Linux-5.4.0-216-generic-x86_64-with-glibc2.31",
  "python_version": "3.10.20",
  "reason": "",
  "run_dir": "reports/uncertainty_remote_20260424_175558/runs/20260424_095608_uncertainty_synthetic_shape_cosine_prototype_seed2",
  "run_id": "uncertainty_synthetic_shape_cosine_prototype_seed2",
  "seed": 2,
  "status": "COMPLETED",
  "steps_run": 175,
  "task_name": "image_uncertainty_selective_classification",
  "test_size": 1024,
  "timestamp": "2026-04-24T09:56:09Z",
  "torch_version": "2.7.1+cu118",
  "torchvision_version": "0.22.1+cu118",
  "total_train_time_sec": 1.2658517360687256,
  "train_size": 4096,
  "trainable_params": 320
}