{
  "batch_size": 64,
  "best_metric": 0.490234375,
  "best_step": 300,
  "best_val_accuracy": 0.490234375,
  "cuda_available": true,
  "dataset_name": "cifar10",
  "device": "cuda",
  "early_stop_triggered": false,
  "experiment_type": "end_to_end",
  "feature_dim": 64,
  "final_metric": 0.466796875,
  "final_train_accuracy": 0.40625,
  "final_train_loss": 1.5486801862716675,
  "git_commit": "unknown",
  "head_name": "eml_no_ambiguity",
  "hostname": "user-NF5468M6",
  "loss_mode": "ce_pairwise",
  "lr": 0.001,
  "metrics_json": "{\"best_metric\": 0.490234375, \"best_step\": 300, \"best_val_accuracy\": 0.490234375, \"early_stop_triggered\": false, \"final_metric\": 0.466796875, \"final_train_accuracy\": 0.40625, \"final_train_loss\": 1.5486801862716675, \"steps_run\": 300, \"test_accuracy\": 0.466796875, \"test_ambiguity_mean\": 0.0, \"test_brier\": 0.6840084791183472, \"test_class_resistance_mean\": 0.20099413394927979, \"test_ece\": 0.10211541503667831, \"test_hard_negative_drive_mean\": 6.127617359161377, \"test_hard_negative_logit_mean\": 2.0841803550720215, \"test_hard_negative_resistance_mean\": 4.026411056518555, \"test_loss\": 1.5157971382141113, \"test_margin_mean\": -0.30759838223457336, \"test_nll\": 1.5157971382141113, \"test_positive_drive_mean\": 5.3347978591918945, \"test_positive_logit_mean\": 1.7765820026397705, \"test_positive_resistance_mean\": 4.02508020401001, \"test_resistance_noise_corr\": NaN, \"test_resistance_occlusion_corr\": NaN, \"test_sample_uncertainty_mean\": 3.8239331245422363, \"total_train_time_sec\": 24.96451425552368, \"val_accuracy\": 0.490234375, \"val_ambiguity_mean\": 0.0, \"val_brier\": 0.6773974895477295, \"val_class_resistance_mean\": 0.20099413394927979, \"val_ece\": 0.11685273051261902, \"val_hard_negative_drive_mean\": 6.144501686096191, \"val_hard_negative_logit_mean\": 2.078781843185425, \"val_hard_negative_resistance_mean\": 4.1736321449279785, \"val_loss\": 1.5025973320007324, \"val_margin_mean\": -0.26759886741638184, \"val_nll\": 1.5025973320007324, \"val_positive_drive_mean\": 5.316312789916992, \"val_positive_logit_mean\": 1.8111830949783325, \"val_positive_resistance_mean\": 4.1709723472595215, \"val_resistance_noise_corr\": NaN, \"val_resistance_occlusion_corr\": NaN, \"val_sample_uncertainty_mean\": 3.9707865715026855}",
  "mode": "head_ablation",
  "model_class": "CNNHeadModel",
  "model_name": "eml_no_ambiguity",
  "num_classes": 10,
  "num_params": 167233,
  "pairwise_margin": 0.0,
  "pairwise_weight": 0.05,
  "platform": "Linux-5.4.0-216-generic-x86_64-with-glibc2.31",
  "python_version": "3.10.20",
  "reason": "",
  "run_dir": "reports/merc_end_to_end_rerun/runs/20260425_035428_e2e_cifar10_eml_no_ambiguity_ce_pairwise_seed1",
  "run_id": "e2e_cifar10_eml_no_ambiguity_ce_pairwise_seed1",
  "seed": 1,
  "status": "COMPLETED",
  "steps": 300,
  "steps_run": 300,
  "task_name": "image_classification",
  "test_accuracy": 0.466796875,
  "test_ambiguity_mean": 0.0,
  "test_brier": 0.6840084791183472,
  "test_class_resistance_mean": 0.20099413394927979,
  "test_ece": 0.10211541503667831,
  "test_hard_negative_drive_mean": 6.127617359161377,
  "test_hard_negative_logit_mean": 2.0841803550720215,
  "test_hard_negative_resistance_mean": 4.026411056518555,
  "test_loss": 1.5157971382141113,
  "test_margin_mean": -0.30759838223457336,
  "test_nll": 1.5157971382141113,
  "test_positive_drive_mean": 5.3347978591918945,
  "test_positive_logit_mean": 1.7765820026397705,
  "test_positive_resistance_mean": 4.02508020401001,
  "test_resistance_noise_corr": NaN,
  "test_resistance_occlusion_corr": NaN,
  "test_sample_uncertainty_mean": 3.8239331245422363,
  "timestamp": "2026-04-25T03:54:53Z",
  "torch_version": "2.7.1+cu118",
  "torchvision_version": "0.22.1+cu118",
  "total_train_time_sec": 24.96451425552368,
  "trainable_params": 167233,
  "use_eml_residual_bank": false,
  "use_merc_block": false,
  "val_accuracy": 0.490234375,
  "val_ambiguity_mean": 0.0,
  "val_brier": 0.6773974895477295,
  "val_class_resistance_mean": 0.20099413394927979,
  "val_ece": 0.11685273051261902,
  "val_hard_negative_drive_mean": 6.144501686096191,
  "val_hard_negative_logit_mean": 2.078781843185425,
  "val_hard_negative_resistance_mean": 4.1736321449279785,
  "val_loss": 1.5025973320007324,
  "val_margin_mean": -0.26759886741638184,
  "val_nll": 1.5025973320007324,
  "val_positive_drive_mean": 5.316312789916992,
  "val_positive_logit_mean": 1.8111830949783325,
  "val_positive_resistance_mean": 4.1709723472595215,
  "val_resistance_noise_corr": NaN,
  "val_resistance_occlusion_corr": NaN,
  "val_sample_uncertainty_mean": 3.9707865715026855
}