{
  "batch_size": 32,
  "best_metric": 0.1953125,
  "best_step": 10,
  "best_val_accuracy": 0.1953125,
  "cuda_available": false,
  "dataset_name": "synthetic_shape",
  "device": "cpu",
  "early_stop_triggered": true,
  "experiment_type": "end_to_end",
  "feature_dim": 64,
  "final_metric": 0.1953125,
  "final_train_accuracy": 0.5,
  "final_train_loss": 1.4090662002563477,
  "git_commit": "3d40f93",
  "head_name": "eml_centered_ambiguity",
  "hostname": "BMW-Pro.local",
  "loss_mode": "ce_pairwise",
  "lr": 0.001,
  "metrics_json": "{\"best_metric\": 0.1953125, \"best_step\": 10, \"best_val_accuracy\": 0.1953125, \"early_stop_triggered\": true, \"final_metric\": 0.1953125, \"final_train_accuracy\": 0.5, \"final_train_loss\": 1.4090662002563477, \"steps_run\": 30, \"test_accuracy\": 0.1953125, \"test_ambiguity_mean\": 1.2176291942596436, \"test_brier\": 0.8598055839538574, \"test_class_resistance_mean\": 0.19993315637111664, \"test_ece\": 0.21639713644981384, \"test_hard_negative_drive_mean\": 2.9221692085266113, \"test_hard_negative_logit_mean\": 0.8474339246749878, \"test_hard_negative_resistance_mean\": 0.9785715341567993, \"test_loss\": 1.722524881362915, \"test_margin_mean\": -0.6822719573974609, \"test_nll\": 1.722524881362915, \"test_positive_drive_mean\": 0.364009827375412, \"test_positive_logit_mean\": 0.16516199707984924, \"test_positive_resistance_mean\": 1.8943169116973877, \"test_resistance_noise_corr\": -0.03614119812846184, \"test_resistance_occlusion_corr\": 0.029092196375131607, \"test_sample_uncertainty_mean\": 0.4716532528400421, \"total_train_time_sec\": 3.1023409366607666, \"val_accuracy\": 0.1953125, \"val_ambiguity_mean\": 1.2185800075531006, \"val_brier\": 0.8617216348648071, \"val_class_resistance_mean\": 0.19993315637111664, \"val_ece\": 0.21627464890480042, \"val_hard_negative_drive_mean\": 2.925018787384033, \"val_hard_negative_logit_mean\": 0.8484074473381042, \"val_hard_negative_resistance_mean\": 0.98171067237854, \"val_loss\": 1.7284494638442993, \"val_margin_mean\": -0.6883394122123718, \"val_nll\": 1.7284494638442993, \"val_positive_drive_mean\": 0.34877240657806396, \"val_positive_logit_mean\": 0.1600680649280548, \"val_positive_resistance_mean\": 1.8971092700958252, \"val_resistance_noise_corr\": 0.06579594314098358, \"val_resistance_occlusion_corr\": -0.038248851895332336, \"val_sample_uncertainty_mean\": 0.4718405306339264}",
  "mode": "head_ablation",
  "model_class": "CNNHeadModel",
  "model_name": "eml_centered_ambiguity",
  "num_classes": 5,
  "num_params": 166258,
  "pairwise_margin": 0.0,
  "pairwise_weight": 0.05,
  "platform": "macOS-26.0-arm64-arm-64bit",
  "python_version": "3.12.12",
  "reason": "",
  "run_dir": "reports/head_ablation/runs/20260425_025721_e2e_synthetic_shape_eml_centered_ambiguity_ce_pairwise_seed1",
  "run_id": "e2e_synthetic_shape_eml_centered_ambiguity_ce_pairwise_seed1",
  "seed": 1,
  "status": "COMPLETED",
  "steps": 30,
  "steps_run": 30,
  "task_name": "image_classification",
  "test_accuracy": 0.1953125,
  "test_ambiguity_mean": 1.2176291942596436,
  "test_brier": 0.8598055839538574,
  "test_class_resistance_mean": 0.19993315637111664,
  "test_ece": 0.21639713644981384,
  "test_hard_negative_drive_mean": 2.9221692085266113,
  "test_hard_negative_logit_mean": 0.8474339246749878,
  "test_hard_negative_resistance_mean": 0.9785715341567993,
  "test_loss": 1.722524881362915,
  "test_margin_mean": -0.6822719573974609,
  "test_nll": 1.722524881362915,
  "test_positive_drive_mean": 0.364009827375412,
  "test_positive_logit_mean": 0.16516199707984924,
  "test_positive_resistance_mean": 1.8943169116973877,
  "test_resistance_noise_corr": -0.03614119812846184,
  "test_resistance_occlusion_corr": 0.029092196375131607,
  "test_sample_uncertainty_mean": 0.4716532528400421,
  "timestamp": "2026-04-25T02:57:24Z",
  "torch_version": "2.10.0",
  "torchvision_version": "unavailable",
  "total_train_time_sec": 3.1023409366607666,
  "trainable_params": 166258,
  "use_eml_residual_bank": false,
  "use_merc_block": false,
  "val_accuracy": 0.1953125,
  "val_ambiguity_mean": 1.2185800075531006,
  "val_brier": 0.8617216348648071,
  "val_class_resistance_mean": 0.19993315637111664,
  "val_ece": 0.21627464890480042,
  "val_hard_negative_drive_mean": 2.925018787384033,
  "val_hard_negative_logit_mean": 0.8484074473381042,
  "val_hard_negative_resistance_mean": 0.98171067237854,
  "val_loss": 1.7284494638442993,
  "val_margin_mean": -0.6883394122123718,
  "val_nll": 1.7284494638442993,
  "val_positive_drive_mean": 0.34877240657806396,
  "val_positive_logit_mean": 0.1600680649280548,
  "val_positive_resistance_mean": 1.8971092700958252,
  "val_resistance_noise_corr": 0.06579594314098358,
  "val_resistance_occlusion_corr": -0.038248851895332336,
  "val_sample_uncertainty_mean": 0.4718405306339264
}