{
  "batch_size": 64,
  "best_metric": 0.482421875,
  "best_step": 300,
  "best_val_accuracy": 0.482421875,
  "cuda_available": true,
  "dataset_name": "cifar10",
  "device": "cuda",
  "early_stop_triggered": false,
  "experiment_type": "end_to_end",
  "feature_dim": 64,
  "final_metric": 0.501953125,
  "final_train_accuracy": 0.515625,
  "final_train_loss": 1.3588111400604248,
  "git_commit": "unknown",
  "head_name": "eml_no_ambiguity",
  "hostname": "user-NF5468M6",
  "loss_mode": "ce",
  "lr": 0.001,
  "metrics_json": "{\"best_metric\": 0.482421875, \"best_step\": 300, \"best_val_accuracy\": 0.482421875, \"early_stop_triggered\": false, \"final_metric\": 0.501953125, \"final_train_accuracy\": 0.515625, \"final_train_loss\": 1.3588111400604248, \"steps_run\": 300, \"test_accuracy\": 0.501953125, \"test_ambiguity_mean\": 0.0, \"test_brier\": 0.6897449493408203, \"test_class_resistance_mean\": 0.20163486897945404, \"test_ece\": 0.10376332700252533, \"test_hard_negative_drive_mean\": 6.01364803314209, \"test_hard_negative_logit_mean\": 2.0852746963500977, \"test_hard_negative_resistance_mean\": 8.890266418457031, \"test_loss\": 1.5711522102355957, \"test_margin_mean\": -0.3782438635826111, \"test_nll\": 1.5711522102355957, \"test_positive_drive_mean\": 5.218599319458008, \"test_positive_logit_mean\": 1.7070306539535522, \"test_positive_resistance_mean\": 8.89085578918457, \"test_resistance_noise_corr\": NaN, \"test_resistance_occlusion_corr\": NaN, \"test_sample_uncertainty_mean\": 8.689444541931152, \"total_train_time_sec\": 14.373631477355957, \"val_accuracy\": 0.482421875, \"val_ambiguity_mean\": 0.0, \"val_brier\": 0.6761947274208069, \"val_class_resistance_mean\": 0.20163486897945404, \"val_ece\": 0.106748566031456, \"val_hard_negative_drive_mean\": 6.1136651039123535, \"val_hard_negative_logit_mean\": 2.105433464050293, \"val_hard_negative_resistance_mean\": 8.872133255004883, \"val_loss\": 1.4935580492019653, \"val_margin_mean\": -0.31297123432159424, \"val_nll\": 1.4935580492019653, \"val_positive_drive_mean\": 5.426194667816162, \"val_positive_logit_mean\": 1.7924621105194092, \"val_positive_resistance_mean\": 8.872894287109375, \"val_resistance_noise_corr\": NaN, \"val_resistance_occlusion_corr\": NaN, \"val_sample_uncertainty_mean\": 8.671327590942383}",
  "mode": "head_ablation",
  "model_class": "CNNHeadModel",
  "model_name": "eml_no_ambiguity",
  "num_classes": 10,
  "num_params": 167233,
  "pairwise_margin": 0.0,
  "pairwise_weight": 0.0,
  "platform": "Linux-5.4.0-216-generic-x86_64-with-glibc2.31",
  "python_version": "3.10.20",
  "reason": "",
  "run_dir": "reports/merc_end_to_end_rerun/runs/20260425_035725_e2e_cifar10_eml_no_ambiguity_ce_seed2",
  "run_id": "e2e_cifar10_eml_no_ambiguity_ce_seed2",
  "seed": 2,
  "status": "COMPLETED",
  "steps": 300,
  "steps_run": 300,
  "task_name": "image_classification",
  "test_accuracy": 0.501953125,
  "test_ambiguity_mean": 0.0,
  "test_brier": 0.6897449493408203,
  "test_class_resistance_mean": 0.20163486897945404,
  "test_ece": 0.10376332700252533,
  "test_hard_negative_drive_mean": 6.01364803314209,
  "test_hard_negative_logit_mean": 2.0852746963500977,
  "test_hard_negative_resistance_mean": 8.890266418457031,
  "test_loss": 1.5711522102355957,
  "test_margin_mean": -0.3782438635826111,
  "test_nll": 1.5711522102355957,
  "test_positive_drive_mean": 5.218599319458008,
  "test_positive_logit_mean": 1.7070306539535522,
  "test_positive_resistance_mean": 8.89085578918457,
  "test_resistance_noise_corr": NaN,
  "test_resistance_occlusion_corr": NaN,
  "test_sample_uncertainty_mean": 8.689444541931152,
  "timestamp": "2026-04-25T03:57:39Z",
  "torch_version": "2.7.1+cu118",
  "torchvision_version": "0.22.1+cu118",
  "total_train_time_sec": 14.373631477355957,
  "trainable_params": 167233,
  "use_eml_residual_bank": false,
  "use_merc_block": false,
  "val_accuracy": 0.482421875,
  "val_ambiguity_mean": 0.0,
  "val_brier": 0.6761947274208069,
  "val_class_resistance_mean": 0.20163486897945404,
  "val_ece": 0.106748566031456,
  "val_hard_negative_drive_mean": 6.1136651039123535,
  "val_hard_negative_logit_mean": 2.105433464050293,
  "val_hard_negative_resistance_mean": 8.872133255004883,
  "val_loss": 1.4935580492019653,
  "val_margin_mean": -0.31297123432159424,
  "val_nll": 1.4935580492019653,
  "val_positive_drive_mean": 5.426194667816162,
  "val_positive_logit_mean": 1.7924621105194092,
  "val_positive_resistance_mean": 8.872894287109375,
  "val_resistance_noise_corr": NaN,
  "val_resistance_occlusion_corr": NaN,
  "val_sample_uncertainty_mean": 8.671327590942383
}