{
  "backbone_steps": 300,
  "batch_size": 64,
  "best_metric": 0.45703125,
  "best_step": 150,
  "clean_accuracy": 0.4153645932674408,
  "clean_brier": 0.7301477789878845,
  "clean_confidence_mean": 0.33328306674957275,
  "clean_ece": 0.08242607116699219,
  "clean_nll": 1.6443642377853394,
  "clean_positive_resistance_mean": 0.7533094882965088,
  "clean_resistance_noise_corr": NaN,
  "clean_resistance_occlusion_corr": NaN,
  "clean_risk_at_100_coverage": 0.5846353769302368,
  "clean_risk_at_50_coverage": 0.3567708134651184,
  "clean_risk_at_70_coverage": 0.4368029832839966,
  "clean_risk_at_80_coverage": 0.48943090438842773,
  "clean_risk_at_90_coverage": 0.5404624342918396,
  "clean_score_name": "positive_resistance",
  "clean_selective_aurc": 0.3317745327949524,
  "clean_uncertainty_mean": 0.7533094882965088,
  "clean_vs_noisy_auroc": 0.5309715270996094,
  "clean_vs_occluded_auroc": 0.5436210632324219,
  "condition_metrics_path": "reports/pluggable_primitive_real_20260427/frozen_runs/20260427_041651_uncertainty_cifar10_eml_centered_ambiguity_seed0/uncertainty_eval.pt",
  "cuda_available": true,
  "dataset_name": "cifar10",
  "device": "cuda",
  "early_stop_min_evals": 2,
  "early_stop_patience": 4,
  "early_stop_triggered": true,
  "eval_interval": 25,
  "experiment_type": "frozen_features_uncertainty",
  "feature_dim": 64,
  "final_metric": 0.4153645932674408,
  "final_train_loss": 1.6093947887420654,
  "git_commit": "0c0b3db",
  "head_steps": 1200,
  "hostname": "user-NF5468M6",
  "metrics_json": "{\"best_metric\": 0.45703125, \"best_step\": 150, \"clean_accuracy\": 0.4153645932674408, \"clean_brier\": 0.7301477789878845, \"clean_confidence_mean\": 0.33328306674957275, \"clean_ece\": 0.08242607116699219, \"clean_nll\": 1.6443642377853394, \"clean_positive_resistance_mean\": 0.7533094882965088, \"clean_resistance_noise_corr\": NaN, \"clean_resistance_occlusion_corr\": NaN, \"clean_risk_at_100_coverage\": 0.5846353769302368, \"clean_risk_at_50_coverage\": 0.3567708134651184, \"clean_risk_at_70_coverage\": 0.4368029832839966, \"clean_risk_at_80_coverage\": 0.48943090438842773, \"clean_risk_at_90_coverage\": 0.5404624342918396, \"clean_score_name\": \"positive_resistance\", \"clean_selective_aurc\": 0.3317745327949524, \"clean_uncertainty_mean\": 0.7533094882965088, \"clean_vs_noisy_auroc\": 0.5309715270996094, \"clean_vs_occluded_auroc\": 0.5436210632324219, \"condition_metrics_path\": \"reports/pluggable_primitive_real_20260427/frozen_runs/20260427_041651_uncertainty_cifar10_eml_centered_ambiguity_seed0/uncertainty_eval.pt\", \"early_stop_patience\": 4, \"early_stop_triggered\": true, \"final_metric\": 0.4153645932674408, \"final_train_loss\": 1.6093947887420654, \"noisy_accuracy\": 0.3408203125, \"noisy_brier\": 0.7468167543411255, \"noisy_confidence_mean\": 0.33576327562332153, \"noisy_ece\": 0.023741502314805984, \"noisy_nll\": 1.7070742845535278, \"noisy_positive_resistance_mean\": 0.7710195183753967, \"noisy_resistance_noise_corr\": NaN, \"noisy_resistance_occlusion_corr\": NaN, \"noisy_risk_at_100_coverage\": 0.6591796875, \"noisy_risk_at_50_coverage\": 0.41796875, \"noisy_risk_at_70_coverage\": 0.5341701507568359, \"noisy_risk_at_80_coverage\": 0.582926869392395, \"noisy_risk_at_90_coverage\": 0.623644232749939, \"noisy_score_name\": \"positive_resistance\", \"noisy_selective_aurc\": 0.39536577463150024, \"noisy_uncertainty_mean\": 0.7710195183753967, \"occluded_accuracy\": 0.38671875, \"occluded_brier\": 0.7460771203041077, \"occluded_confidence_mean\": 0.33329448103904724, \"occluded_ece\": 0.055517181754112244, \"occluded_nll\": 1.7142702341079712, \"occluded_positive_resistance_mean\": 0.7793669700622559, \"occluded_resistance_noise_corr\": NaN, \"occluded_resistance_occlusion_corr\": NaN, \"occluded_risk_at_100_coverage\": 0.61328125, \"occluded_risk_at_50_coverage\": 0.400390625, \"occluded_risk_at_70_coverage\": 0.47977685928344727, \"occluded_risk_at_80_coverage\": 0.5219511985778809, \"occluded_risk_at_90_coverage\": 0.5704989433288574, \"occluded_score_name\": \"positive_resistance\", \"occluded_selective_aurc\": 0.3738721013069153, \"occluded_uncertainty_mean\": 0.7793669700622559, \"pooled_resistance_noise_corr\": 0.00800129771232605, \"pooled_resistance_occlusion_corr\": 0.04521968960762024, \"steps_run\": 250, \"total_train_time_sec\": 9.18111276626587}",
  "mode": "uncertainty_benchmark",
  "model_class": "EMLPrototypeHeadCenteredAmbiguity",
  "model_name": "eml_centered_ambiguity",
  "noisy_accuracy": 0.3408203125,
  "noisy_brier": 0.7468167543411255,
  "noisy_confidence_mean": 0.33576327562332153,
  "noisy_ece": 0.023741502314805984,
  "noisy_nll": 1.7070742845535278,
  "noisy_positive_resistance_mean": 0.7710195183753967,
  "noisy_resistance_noise_corr": NaN,
  "noisy_resistance_occlusion_corr": NaN,
  "noisy_risk_at_100_coverage": 0.6591796875,
  "noisy_risk_at_50_coverage": 0.41796875,
  "noisy_risk_at_70_coverage": 0.5341701507568359,
  "noisy_risk_at_80_coverage": 0.582926869392395,
  "noisy_risk_at_90_coverage": 0.623644232749939,
  "noisy_score_name": "positive_resistance",
  "noisy_selective_aurc": 0.39536577463150024,
  "noisy_uncertainty_mean": 0.7710195183753967,
  "num_classes": 10,
  "num_params": 18977,
  "num_workers": 0,
  "occluded_accuracy": 0.38671875,
  "occluded_brier": 0.7460771203041077,
  "occluded_confidence_mean": 0.33329448103904724,
  "occluded_ece": 0.055517181754112244,
  "occluded_nll": 1.7142702341079712,
  "occluded_positive_resistance_mean": 0.7793669700622559,
  "occluded_resistance_noise_corr": NaN,
  "occluded_resistance_occlusion_corr": NaN,
  "occluded_risk_at_100_coverage": 0.61328125,
  "occluded_risk_at_50_coverage": 0.400390625,
  "occluded_risk_at_70_coverage": 0.47977685928344727,
  "occluded_risk_at_80_coverage": 0.5219511985778809,
  "occluded_risk_at_90_coverage": 0.5704989433288574,
  "occluded_score_name": "positive_resistance",
  "occluded_selective_aurc": 0.3738721013069153,
  "occluded_uncertainty_mean": 0.7793669700622559,
  "platform": "Linux-5.4.0-216-generic-x86_64-with-glibc2.31",
  "pooled_resistance_noise_corr": 0.00800129771232605,
  "pooled_resistance_occlusion_corr": 0.04521968960762024,
  "python_version": "3.10.20",
  "reason": "",
  "run_dir": "reports/pluggable_primitive_real_20260427/frozen_runs/20260427_041651_uncertainty_cifar10_eml_centered_ambiguity_seed0",
  "run_id": "uncertainty_cifar10_eml_centered_ambiguity_seed0",
  "seed": 0,
  "selected_heads": [
    "linear",
    "mlp",
    "cosine_prototype",
    "eml_no_ambiguity",
    "eml_centered_ambiguity",
    "eml_supervised_resistance",
    "merc_linear",
    "merc_energy"
  ],
  "status": "COMPLETED",
  "steps_run": 250,
  "task_name": "image_uncertainty_selective_classification",
  "test_size": 1024,
  "timestamp": "2026-04-27T04:17:00Z",
  "torch_version": "2.7.1+cu118",
  "torchvision_version": "0.22.1+cu118",
  "total_train_time_sec": 9.18111276626587,
  "train_size": 4096,
  "trainable_params": 18977
}