{
  "ambiguity_weight": NaN,
  "attractor_entropy_weight": NaN,
  "batch_size": 8,
  "best_metric": 0.375,
  "completed_steps": 13,
  "cuda_available": false,
  "dataset_name": "SyntheticShapeEnergyDataset",
  "device": "cpu",
  "early_stop": true,
  "early_stop_step": 13,
  "early_stop_triggered": true,
  "examples_per_sec": 397.9321173596452,
  "final_diagnostics": {
    "ambiguity_mean": 0.28422197699546814,
    "ambiguity_std": 0.1752503514289856,
    "ambiguity_weight_mean": 0.06499999761581421,
    "ambiguity_weight_std": 0.0,
    "attractor_activation_mean": 0.9336138963699341,
    "attractor_activation_std": 3.093172563239932e-05,
    "attractor_diversity": 0.19713394343852997,
    "drive_mean": 0.01242804154753685,
    "drive_std": 0.04245239496231079,
    "energy_mean": -0.23511116206645966,
    "energy_std": 0.024053161963820457,
    "null_weight_mean": 0.1602264940738678,
    "null_weight_std": 0.04621928930282593,
    "prototype_diversity_penalty_mean": 0.013487515039741993,
    "prototype_diversity_penalty_std": 0.0,
    "resistance_mean": 1.359930396080017,
    "resistance_std": 0.11716464906930923,
    "sample_uncertainty_mean": 0.6963282227516174,
    "sample_uncertainty_std": 0.0,
    "update_gate_mean": 0.09139400720596313,
    "update_gate_std": 0.004531105514615774,
    "update_strength_mean": 0.8547693490982056,
    "update_strength_std": 0.03818727657198906
  },
  "final_metric": 0.375,
  "final_train_accuracy": 0.375,
  "final_train_loss": 1.5922088623046875,
  "git_commit": "9ce7b7d",
  "grad_norm": 0.8177734017372131,
  "hostname": "Mac-mini.local",
  "learning_rate": 0.001,
  "metrics_json": "{\"ambiguity_weight\": NaN, \"attractor_entropy_weight\": NaN, \"best_metric\": 0.375, \"completed_steps\": 13, \"early_stop_step\": 13, \"early_stop_triggered\": true, \"examples_per_sec\": 397.9321173596452, \"final_diagnostics\": {\"ambiguity_mean\": 0.28422197699546814, \"ambiguity_std\": 0.1752503514289856, \"ambiguity_weight_mean\": 0.06499999761581421, \"ambiguity_weight_std\": 0.0, \"attractor_activation_mean\": 0.9336138963699341, \"attractor_activation_std\": 3.093172563239932e-05, \"attractor_diversity\": 0.19713394343852997, \"drive_mean\": 0.01242804154753685, \"drive_std\": 0.04245239496231079, \"energy_mean\": -0.23511116206645966, \"energy_std\": 0.024053161963820457, \"null_weight_mean\": 0.1602264940738678, \"null_weight_std\": 0.04621928930282593, \"prototype_diversity_penalty_mean\": 0.013487515039741993, \"prototype_diversity_penalty_std\": 0.0, \"resistance_mean\": 1.359930396080017, \"resistance_std\": 0.11716464906930923, \"sample_uncertainty_mean\": 0.6963282227516174, \"sample_uncertainty_std\": 0.0, \"update_gate_mean\": 0.09139400720596313, \"update_gate_std\": 0.004531105514615774, \"update_strength_mean\": 0.8547693490982056, \"update_strength_std\": 0.03818727657198906}, \"final_metric\": 0.375, \"final_train_accuracy\": 0.375, \"final_train_loss\": 1.5922088623046875, \"grad_norm\": 0.8177734017372131, \"learning_rate\": 0.001, \"null_threshold\": NaN, \"peak_memory_mb\": 0.0, \"precision_update_threshold\": NaN, \"resistance_noise_corr\": -0.1482592076063156, \"resistance_occlusion_corr\": 0.30612656474113464, \"responsibility_temperature\": NaN, \"step\": 13, \"step_time_sec\": 0.020103931427001953, \"top1_accuracy\": 0.375, \"top5_accuracy\": 1.0, \"total_train_time_sec\": 0.3134782314300537, \"train_accuracy\": 0.375, \"train_loss\": 1.5922088623046875, \"wall_clock_time_sec\": 0.3121180534362793, \"warmup_eta\": 0.065}",
  "min_delta": 0.001,
  "mode": "ablation",
  "model_name": "EfficientEMLImageClassifier",
  "null_threshold": NaN,
  "num_params": 115573,
  "num_workers": 0,
  "patience": 12,
  "peak_memory_mb": 0.0,
  "platform": "macOS-15.1-arm64-arm-64bit",
  "precision_update_threshold": NaN,
  "python_version": "3.12.7",
  "reason": "",
  "resistance_noise_corr": -0.1482592076063156,
  "resistance_occlusion_corr": 0.30612656474113464,
  "responsibility_temperature": NaN,
  "run_dir": "reports/runs/20260505_123200_kan_compare_image_efficient_eml",
  "run_id": "kan_compare_image_efficient_eml",
  "seed": 1,
  "status": "COMPLETED",
  "step": 13,
  "step_time_sec": 0.020103931427001953,
  "steps": 200,
  "task_name": "image_synthetic",
  "timestamp": "2026-05-05T12:32:01Z",
  "top1_accuracy": 0.375,
  "top5_accuracy": 1.0,
  "torch_version": "2.10.0",
  "torchvision_version": "0.25.0",
  "total_train_time_sec": 0.3134782314300537,
  "train_accuracy": 0.375,
  "train_loss": 1.5922088623046875,
  "trainable_params": 115573,
  "wall_clock_time_sec": 0.3121180534362793,
  "warmup_enabled": true,
  "warmup_eta": 0.065
}