{
  "backbone_steps": 300,
  "batch_size": 64,
  "best_metric": 0.515625,
  "best_step": 575,
  "clean_accuracy": 0.4661458432674408,
  "clean_brier": 0.6817184090614319,
  "clean_confidence_mean": 0.5493841767311096,
  "clean_conflict_resistance_corr": NaN,
  "clean_conflict_score_mean": 0.43912267684936523,
  "clean_ece": 0.08762788027524948,
  "clean_nll": 1.5527693033218384,
  "clean_positive_resistance_mean": 0.32778027653694153,
  "clean_resistance_noise_corr": NaN,
  "clean_resistance_occlusion_corr": NaN,
  "clean_risk_at_100_coverage": 0.5338541269302368,
  "clean_risk_at_50_coverage": 0.4661458134651184,
  "clean_risk_at_70_coverage": 0.46282529830932617,
  "clean_risk_at_80_coverage": 0.4764227867126465,
  "clean_risk_at_90_coverage": 0.49132949113845825,
  "clean_score_name": "positive_resistance",
  "clean_selective_aurc": 0.44857755303382874,
  "clean_support_score_mean": 0.9149329662322998,
  "clean_uncertainty_mean": 0.32778027653694153,
  "clean_vs_noisy_auroc": 0.5404713749885559,
  "clean_vs_occluded_auroc": 0.513098418712616,
  "condition_metrics_path": "reports/pluggable_uncertainty_real_20260427/runs/20260427_032633_uncertainty_cifar10_merc_energy_seed0/uncertainty_eval.pt",
  "cuda_available": true,
  "dataset_name": "cifar10",
  "device": "cuda",
  "early_stop_min_evals": 2,
  "early_stop_patience": 4,
  "early_stop_triggered": true,
  "eval_interval": 25,
  "experiment_type": "frozen_features_uncertainty",
  "feature_dim": 64,
  "final_metric": 0.4661458432674408,
  "final_train_loss": 1.4879285097122192,
  "git_commit": "0c0b3db",
  "head_steps": 1200,
  "hostname": "user-NF5468M6",
  "metrics_json": "{\"best_metric\": 0.515625, \"best_step\": 575, \"clean_accuracy\": 0.4661458432674408, \"clean_brier\": 0.6817184090614319, \"clean_confidence_mean\": 0.5493841767311096, \"clean_conflict_resistance_corr\": NaN, \"clean_conflict_score_mean\": 0.43912267684936523, \"clean_ece\": 0.08762788027524948, \"clean_nll\": 1.5527693033218384, \"clean_positive_resistance_mean\": 0.32778027653694153, \"clean_resistance_noise_corr\": NaN, \"clean_resistance_occlusion_corr\": NaN, \"clean_risk_at_100_coverage\": 0.5338541269302368, \"clean_risk_at_50_coverage\": 0.4661458134651184, \"clean_risk_at_70_coverage\": 0.46282529830932617, \"clean_risk_at_80_coverage\": 0.4764227867126465, \"clean_risk_at_90_coverage\": 0.49132949113845825, \"clean_score_name\": \"positive_resistance\", \"clean_selective_aurc\": 0.44857755303382874, \"clean_support_score_mean\": 0.9149329662322998, \"clean_uncertainty_mean\": 0.32778027653694153, \"clean_vs_noisy_auroc\": 0.5404713749885559, \"clean_vs_occluded_auroc\": 0.513098418712616, \"condition_metrics_path\": \"reports/pluggable_uncertainty_real_20260427/runs/20260427_032633_uncertainty_cifar10_merc_energy_seed0/uncertainty_eval.pt\", \"early_stop_patience\": 4, \"early_stop_triggered\": true, \"final_metric\": 0.4661458432674408, \"final_train_loss\": 1.4879285097122192, \"noisy_accuracy\": 0.421875, \"noisy_brier\": 0.7318845987319946, \"noisy_confidence_mean\": 0.5379883646965027, \"noisy_conflict_resistance_corr\": NaN, \"noisy_conflict_score_mean\": 0.4567177891731262, \"noisy_ece\": 0.11654184013605118, \"noisy_nll\": 1.667283535003662, \"noisy_positive_resistance_mean\": 0.4319941997528076, \"noisy_resistance_noise_corr\": NaN, \"noisy_resistance_occlusion_corr\": NaN, \"noisy_risk_at_100_coverage\": 0.578125, \"noisy_risk_at_50_coverage\": 0.490234375, \"noisy_risk_at_70_coverage\": 0.48396092653274536, \"noisy_risk_at_80_coverage\": 0.4963414669036865, \"noisy_risk_at_90_coverage\": 0.5325379371643066, \"noisy_score_name\": \"positive_resistance\", \"noisy_selective_aurc\": 0.5040699243545532, \"noisy_support_score_mean\": 1.1812747716903687, \"noisy_uncertainty_mean\": 0.4319941997528076, \"occluded_accuracy\": 0.4150390625, \"occluded_brier\": 0.7192028760910034, \"occluded_confidence_mean\": 0.5391534566879272, \"occluded_conflict_resistance_corr\": NaN, \"occluded_conflict_score_mean\": 0.3703135550022125, \"occluded_ece\": 0.13454419374465942, \"occluded_nll\": 1.6602749824523926, \"occluded_positive_resistance_mean\": 0.3474889397621155, \"occluded_resistance_noise_corr\": NaN, \"occluded_resistance_occlusion_corr\": NaN, \"occluded_risk_at_100_coverage\": 0.5849609375, \"occluded_risk_at_50_coverage\": 0.521484375, \"occluded_risk_at_70_coverage\": 0.517433762550354, \"occluded_risk_at_80_coverage\": 0.5219511985778809, \"occluded_risk_at_90_coverage\": 0.5433839559555054, \"occluded_score_name\": \"positive_resistance\", \"occluded_selective_aurc\": 0.5326480865478516, \"occluded_support_score_mean\": 1.0031306743621826, \"occluded_uncertainty_mean\": 0.3474889397621155, \"pooled_conflict_resistance_corr\": 0.06915531307458878, \"pooled_resistance_noise_corr\": 0.03552486374974251, \"pooled_resistance_occlusion_corr\": -0.015227111056447029, \"steps_run\": 675, \"total_train_time_sec\": 108.9890809059143}",
  "mode": "uncertainty_benchmark",
  "model_class": "MERCHeadClassEnergy",
  "model_name": "merc_energy",
  "noisy_accuracy": 0.421875,
  "noisy_brier": 0.7318845987319946,
  "noisy_confidence_mean": 0.5379883646965027,
  "noisy_conflict_resistance_corr": NaN,
  "noisy_conflict_score_mean": 0.4567177891731262,
  "noisy_ece": 0.11654184013605118,
  "noisy_nll": 1.667283535003662,
  "noisy_positive_resistance_mean": 0.4319941997528076,
  "noisy_resistance_noise_corr": NaN,
  "noisy_resistance_occlusion_corr": NaN,
  "noisy_risk_at_100_coverage": 0.578125,
  "noisy_risk_at_50_coverage": 0.490234375,
  "noisy_risk_at_70_coverage": 0.48396092653274536,
  "noisy_risk_at_80_coverage": 0.4963414669036865,
  "noisy_risk_at_90_coverage": 0.5325379371643066,
  "noisy_score_name": "positive_resistance",
  "noisy_selective_aurc": 0.5040699243545532,
  "noisy_support_score_mean": 1.1812747716903687,
  "noisy_uncertainty_mean": 0.4319941997528076,
  "num_classes": 10,
  "num_params": 93202,
  "num_workers": 0,
  "occluded_accuracy": 0.4150390625,
  "occluded_brier": 0.7192028760910034,
  "occluded_confidence_mean": 0.5391534566879272,
  "occluded_conflict_resistance_corr": NaN,
  "occluded_conflict_score_mean": 0.3703135550022125,
  "occluded_ece": 0.13454419374465942,
  "occluded_nll": 1.6602749824523926,
  "occluded_positive_resistance_mean": 0.3474889397621155,
  "occluded_resistance_noise_corr": NaN,
  "occluded_resistance_occlusion_corr": NaN,
  "occluded_risk_at_100_coverage": 0.5849609375,
  "occluded_risk_at_50_coverage": 0.521484375,
  "occluded_risk_at_70_coverage": 0.517433762550354,
  "occluded_risk_at_80_coverage": 0.5219511985778809,
  "occluded_risk_at_90_coverage": 0.5433839559555054,
  "occluded_score_name": "positive_resistance",
  "occluded_selective_aurc": 0.5326480865478516,
  "occluded_support_score_mean": 1.0031306743621826,
  "occluded_uncertainty_mean": 0.3474889397621155,
  "platform": "Linux-5.4.0-216-generic-x86_64-with-glibc2.31",
  "pooled_conflict_resistance_corr": 0.06915531307458878,
  "pooled_resistance_noise_corr": 0.03552486374974251,
  "pooled_resistance_occlusion_corr": -0.015227111056447029,
  "python_version": "3.10.20",
  "reason": "",
  "run_dir": "reports/pluggable_uncertainty_real_20260427/runs/20260427_032633_uncertainty_cifar10_merc_energy_seed0",
  "run_id": "uncertainty_cifar10_merc_energy_seed0",
  "seed": 0,
  "selected_heads": [
    "linear",
    "mlp",
    "cosine_prototype",
    "eml_no_ambiguity",
    "eml_centered_ambiguity",
    "eml_supervised_resistance",
    "merc_linear",
    "merc_energy"
  ],
  "status": "COMPLETED",
  "steps_run": 675,
  "task_name": "image_uncertainty_selective_classification",
  "test_size": 1024,
  "timestamp": "2026-04-27T03:28:22Z",
  "torch_version": "2.7.1+cu118",
  "torchvision_version": "0.22.1+cu118",
  "total_train_time_sec": 108.9890809059143,
  "train_size": 4096,
  "trainable_params": 93202
}