{
  "best_metric": 0.9892578125,
  "best_step": 200,
  "clean_accuracy": 0.9892578125,
  "clean_aurc": 0.0008502291748300195,
  "clean_ece": 0.09637764096260071,
  "clean_resistance_noise_corr": -4.664256536557332e-09,
  "clean_resistance_occlusion_corr": NaN,
  "clean_vs_noisy_auroc": 0.5233154296875,
  "clean_vs_occluded_auroc": 0.6000270843505859,
  "cuda_available": true,
  "dataset_name": "synthetic_shape_uncertainty",
  "device": "cuda",
  "early_stop_triggered": true,
  "final_metric": 0.9892578125,
  "git_commit": "0c0b3db",
  "hostname": "user-NF5468M6",
  "metrics_json": "{\"best_metric\": 0.9892578125, \"best_step\": 200, \"clean_accuracy\": 0.9892578125, \"clean_aurc\": 0.0008502291748300195, \"clean_ece\": 0.09637764096260071, \"clean_resistance_noise_corr\": -4.664256536557332e-09, \"clean_resistance_occlusion_corr\": NaN, \"clean_vs_noisy_auroc\": 0.5233154296875, \"clean_vs_occluded_auroc\": 0.6000270843505859, \"early_stop_triggered\": true, \"final_metric\": 0.9892578125, \"noisy_accuracy\": 0.978515625, \"noisy_aurc\": 0.001021474483422935, \"noisy_ece\": 0.09571503102779388, \"noisy_resistance_noise_corr\": NaN, \"noisy_resistance_occlusion_corr\": NaN, \"occluded_accuracy\": 0.85546875, \"occluded_aurc\": 0.031083405017852783, \"occluded_ece\": 0.058006249368190765, \"occluded_resistance_noise_corr\": -1.5665500896488993e-08, \"occluded_resistance_occlusion_corr\": 0.6709616780281067, \"steps_run\": 300, \"total_train_time_sec\": 26.494508266448975}",
  "mode": "medium",
  "model_name": "cnn_cosine_prototype",
  "noisy_accuracy": 0.978515625,
  "noisy_aurc": 0.001021474483422935,
  "noisy_ece": 0.09571503102779388,
  "noisy_resistance_noise_corr": NaN,
  "noisy_resistance_occlusion_corr": NaN,
  "occluded_accuracy": 0.85546875,
  "occluded_aurc": 0.031083405017852783,
  "occluded_ece": 0.058006249368190765,
  "occluded_resistance_noise_corr": -1.5665500896488993e-08,
  "occluded_resistance_occlusion_corr": 0.6709616780281067,
  "platform": "Linux-5.4.0-216-generic-x86_64-with-glibc2.31",
  "python_version": "3.10.20",
  "reason": "",
  "run_dir": "reports/pluggable_primitive_real_20260427/end_to_end_runs/20260427_042122_uncertainty_e2e_synthetic_shape_uncertainty_cnn_cosine_prototype_seed0",
  "run_id": "uncertainty_e2e_synthetic_shape_uncertainty_cnn_cosine_prototype_seed0",
  "seed": 0,
  "status": "COMPLETED",
  "steps_run": 300,
  "task_name": "end_to_end_uncertainty",
  "timestamp": "2026-04-27T04:21:48Z",
  "torch_version": "2.7.1+cu118",
  "torchvision_version": "0.22.1+cu118",
  "total_train_time_sec": 26.494508266448975
}