{
  "ambiguity_weight": NaN,
  "attractor_entropy_weight": NaN,
  "batch_size": 8,
  "best_metric": 0.460829496383667,
  "bits_per_char": 5.692302416175344,
  "char_accuracy": 0.29949238896369934,
  "completed_steps": 70,
  "corruption_resistance_corr": 0.008050167001783848,
  "cuda_available": false,
  "dataset_name": "SyntheticTextEnergyDataset",
  "device": "cpu",
  "early_stop": true,
  "early_stop_step": 70,
  "early_stop_triggered": true,
  "final_diagnostics": {
    "drive_mean": -0.0174324382096529,
    "drive_std": 0.19585809111595154,
    "energy_mean": -0.023510219529271126,
    "energy_std": 0.07346556335687637,
    "resistance_mean": 0.27909305691719055,
    "resistance_std": 0.3285979628562927
  },
  "final_metric": 0.29949238896369934,
  "final_train_accuracy": 0.29949238896369934,
  "final_train_loss": 3.945603370666504,
  "git_commit": "9ce7b7d",
  "grad_norm": 0.6253670454025269,
  "hostname": "Mac-mini.local",
  "learning_rate": 0.001,
  "metrics_json": "{\"ambiguity_weight\": NaN, \"attractor_entropy_weight\": NaN, \"best_metric\": 0.460829496383667, \"bits_per_char\": 5.692302416175344, \"char_accuracy\": 0.29949238896369934, \"completed_steps\": 70, \"corruption_resistance_corr\": 0.008050167001783848, \"early_stop_step\": 70, \"early_stop_triggered\": true, \"final_diagnostics\": {\"drive_mean\": -0.0174324382096529, \"drive_std\": 0.19585809111595154, \"energy_mean\": -0.023510219529271126, \"energy_std\": 0.07346556335687637, \"resistance_mean\": 0.27909305691719055, \"resistance_std\": 0.3285979628562927}, \"final_metric\": 0.29949238896369934, \"final_train_accuracy\": 0.29949238896369934, \"final_train_loss\": 3.945603370666504, \"grad_norm\": 0.6253670454025269, \"learning_rate\": 0.001, \"next_token_loss\": 3.945603370666504, \"null_threshold\": NaN, \"peak_memory_mb\": 0.0, \"perplexity\": 51.70752750711302, \"precision_update_threshold\": NaN, \"responsibility_temperature\": NaN, \"step\": 70, \"step_time_sec\": 0.03906893730163574, \"token_accuracy\": 0.29949238896369934, \"tokens_per_sec\": 5042.369043187463, \"total_train_time_sec\": 3.3603527545928955, \"train_loss\": 3.945603370666504, \"wall_clock_time_sec\": 3.356712818145752, \"warmup_eta\": 0.23333333333333334}",
  "min_delta": 0.01,
  "mode": "ablation",
  "model_name": "EMLEdgeTextLM_kan_style",
  "next_token_loss": 3.945603370666504,
  "null_threshold": NaN,
  "num_params": 53736,
  "num_workers": 0,
  "patience": 10,
  "peak_memory_mb": 0.0,
  "perplexity": 51.70752750711302,
  "platform": "macOS-15.1-arm64-arm-64bit",
  "precision_update_threshold": NaN,
  "python_version": "3.12.7",
  "reason": "",
  "responsibility_temperature": NaN,
  "run_dir": "reports/runs/20260505_123242_kan_compare_text_eml_edge",
  "run_id": "kan_compare_text_eml_edge",
  "seed": 13,
  "seq_len": 48,
  "status": "COMPLETED",
  "step": 70,
  "step_time_sec": 0.03906893730163574,
  "steps": 300,
  "task_name": "text_synthetic",
  "timestamp": "2026-05-05T12:32:46Z",
  "token_accuracy": 0.29949238896369934,
  "tokens_per_sec": 5042.369043187463,
  "torch_version": "2.10.0",
  "torchvision_version": "0.25.0",
  "total_train_time_sec": 3.3603527545928955,
  "train_loss": 3.945603370666504,
  "trainable_params": 53736,
  "wall_clock_time_sec": 3.356712818145752,
  "warmup_eta": 0.23333333333333334
}