{
  "batch_size": 64,
  "best_metric": 0.48828125,
  "best_step": 300,
  "best_val_accuracy": 0.48828125,
  "cuda_available": true,
  "dataset_name": "cifar10",
  "device": "cuda",
  "early_stop_triggered": false,
  "experiment_type": "end_to_end",
  "feature_dim": 64,
  "final_metric": 0.50390625,
  "final_train_accuracy": 0.46875,
  "final_train_loss": 1.3056093454360962,
  "git_commit": "unknown",
  "head_name": "eml_centered_ambiguity",
  "hostname": "user-NF5468M6",
  "loss_mode": "ce",
  "lr": 0.001,
  "metrics_json": "{\"best_metric\": 0.48828125, \"best_step\": 300, \"best_val_accuracy\": 0.48828125, \"early_stop_triggered\": false, \"final_metric\": 0.50390625, \"final_train_accuracy\": 0.46875, \"final_train_loss\": 1.3056093454360962, \"steps_run\": 300, \"test_accuracy\": 0.50390625, \"test_ambiguity_mean\": 0.9938900470733643, \"test_brier\": 0.679686427116394, \"test_class_resistance_mean\": 0.20022724568843842, \"test_ece\": 0.09031601995229721, \"test_hard_negative_drive_mean\": 5.667011260986328, \"test_hard_negative_logit_mean\": 2.1190543174743652, \"test_hard_negative_resistance_mean\": 0.9038574695587158, \"test_loss\": 1.5347163677215576, \"test_margin_mean\": -0.29294872283935547, \"test_nll\": 1.5347163677215576, \"test_positive_drive_mean\": 5.026165008544922, \"test_positive_logit_mean\": 1.8261057138442993, \"test_positive_resistance_mean\": 0.8022089004516602, \"test_resistance_noise_corr\": NaN, \"test_resistance_occlusion_corr\": NaN, \"test_sample_uncertainty_mean\": 0.00675817858427763, \"total_train_time_sec\": 12.089597463607788, \"val_accuracy\": 0.48828125, \"val_ambiguity_mean\": 0.9894177913665771, \"val_brier\": 0.6680052280426025, \"val_class_resistance_mean\": 0.20022724568843842, \"val_ece\": 0.09274207055568695, \"val_hard_negative_drive_mean\": 5.71179723739624, \"val_hard_negative_logit_mean\": 2.126469135284424, \"val_hard_negative_resistance_mean\": 0.8967476487159729, \"val_loss\": 1.4956817626953125, \"val_margin_mean\": -0.2562602460384369, \"val_nll\": 1.4956817626953125, \"val_positive_drive_mean\": 5.175939559936523, \"val_positive_logit_mean\": 1.870208740234375, \"val_positive_resistance_mean\": 0.8170405030250549, \"val_resistance_noise_corr\": NaN, \"val_resistance_occlusion_corr\": NaN, \"val_sample_uncertainty_mean\": 0.00571618415415287}",
  "mode": "head_ablation",
  "model_class": "CNNHeadModel",
  "model_name": "eml_centered_ambiguity",
  "num_classes": 10,
  "num_params": 167233,
  "pairwise_margin": 0.0,
  "pairwise_weight": 0.0,
  "platform": "Linux-5.4.0-216-generic-x86_64-with-glibc2.31",
  "python_version": "3.10.20",
  "reason": "",
  "run_dir": "reports/merc_end_to_end/runs/20260425_031233_e2e_cifar10_eml_centered_ambiguity_ce_seed2",
  "run_id": "e2e_cifar10_eml_centered_ambiguity_ce_seed2",
  "seed": 2,
  "status": "COMPLETED",
  "steps": 300,
  "steps_run": 300,
  "task_name": "image_classification",
  "test_accuracy": 0.50390625,
  "test_ambiguity_mean": 0.9938900470733643,
  "test_brier": 0.679686427116394,
  "test_class_resistance_mean": 0.20022724568843842,
  "test_ece": 0.09031601995229721,
  "test_hard_negative_drive_mean": 5.667011260986328,
  "test_hard_negative_logit_mean": 2.1190543174743652,
  "test_hard_negative_resistance_mean": 0.9038574695587158,
  "test_loss": 1.5347163677215576,
  "test_margin_mean": -0.29294872283935547,
  "test_nll": 1.5347163677215576,
  "test_positive_drive_mean": 5.026165008544922,
  "test_positive_logit_mean": 1.8261057138442993,
  "test_positive_resistance_mean": 0.8022089004516602,
  "test_resistance_noise_corr": NaN,
  "test_resistance_occlusion_corr": NaN,
  "test_sample_uncertainty_mean": 0.00675817858427763,
  "timestamp": "2026-04-25T03:12:45Z",
  "torch_version": "2.7.1+cu118",
  "torchvision_version": "0.22.1+cu118",
  "total_train_time_sec": 12.089597463607788,
  "trainable_params": 167233,
  "use_eml_residual_bank": false,
  "use_merc_block": false,
  "val_accuracy": 0.48828125,
  "val_ambiguity_mean": 0.9894177913665771,
  "val_brier": 0.6680052280426025,
  "val_class_resistance_mean": 0.20022724568843842,
  "val_ece": 0.09274207055568695,
  "val_hard_negative_drive_mean": 5.71179723739624,
  "val_hard_negative_logit_mean": 2.126469135284424,
  "val_hard_negative_resistance_mean": 0.8967476487159729,
  "val_loss": 1.4956817626953125,
  "val_margin_mean": -0.2562602460384369,
  "val_nll": 1.4956817626953125,
  "val_positive_drive_mean": 5.175939559936523,
  "val_positive_logit_mean": 1.870208740234375,
  "val_positive_resistance_mean": 0.8170405030250549,
  "val_resistance_noise_corr": NaN,
  "val_resistance_occlusion_corr": NaN,
  "val_sample_uncertainty_mean": 0.00571618415415287
}