{
  "batch_size": 64,
  "best_metric": 0.56640625,
  "best_step": 300,
  "best_val_accuracy": 0.56640625,
  "cuda_available": true,
  "dataset_name": "cifar10",
  "device": "cuda",
  "experiment_type": "frozen_features",
  "feature_dim": 64,
  "features_dir": "reports/real_cifar_20260424_165937/features/cifar10_medium_seed2",
  "final_metric": 0.52734375,
  "final_train_accuracy": 0.578125,
  "final_train_loss": 1.298965573310852,
  "git_commit": "unknown",
  "hostname": "user-NF5468M6",
  "lr": 0.001,
  "metrics_json": "{\"best_metric\": 0.56640625, \"best_step\": 300, \"best_val_accuracy\": 0.56640625, \"final_metric\": 0.52734375, \"final_train_accuracy\": 0.578125, \"final_train_loss\": 1.298965573310852, \"test_accuracy\": 0.52734375, \"test_ambiguity_mean\": 0.0, \"test_brier\": 0.6367819309234619, \"test_class_resistance_mean\": 0.20498697459697723, \"test_ece\": 0.09298031777143478, \"test_hard_negative_drive_mean\": 5.502176284790039, \"test_hard_negative_logit_mean\": 1.6092373132705688, \"test_hard_negative_resistance_mean\": 22.84125518798828, \"test_loss\": 1.4546778202056885, \"test_margin_mean\": -0.05731867998838425, \"test_nll\": 1.4546778202056885, \"test_positive_drive_mean\": 5.599174976348877, \"test_positive_logit_mean\": 1.551918625831604, \"test_positive_resistance_mean\": 22.838031768798828, \"test_resistance_noise_corr\": NaN, \"test_resistance_occlusion_corr\": NaN, \"test_sample_uncertainty_mean\": 22.634111404418945, \"total_train_time_sec\": 6.06601881980896, \"val_accuracy\": 0.56640625, \"val_ambiguity_mean\": 0.0, \"val_brier\": 0.6165690422058105, \"val_class_resistance_mean\": 0.20498697459697723, \"val_ece\": 0.11529682576656342, \"val_hard_negative_drive_mean\": 5.444180011749268, \"val_hard_negative_logit_mean\": 1.605244517326355, \"val_hard_negative_resistance_mean\": 23.472820281982422, \"val_loss\": 1.4088729619979858, \"val_margin_mean\": 0.004435345530509949, \"val_nll\": 1.4088729619979858, \"val_positive_drive_mean\": 5.7869462966918945, \"val_positive_logit_mean\": 1.609679937362671, \"val_positive_resistance_mean\": 23.47054672241211, \"val_resistance_noise_corr\": NaN, \"val_resistance_occlusion_corr\": NaN, \"val_sample_uncertainty_mean\": 23.2657413482666}",
  "mode": "head_ablation",
  "model_class": "EMLPrototypeHeadNoAmbiguity",
  "model_name": "eml_no_ambiguity",
  "num_classes": 10,
  "num_params": 18977,
  "pairwise_margin": 0.0,
  "pairwise_weight": 0.0,
  "platform": "Linux-5.4.0-216-generic-x86_64-with-glibc2.31",
  "python_version": "3.10.20",
  "reason": "",
  "run_dir": "reports/real_cifar_20260424_165937/runs/20260424_090055_frozen_cifar10_eml_no_ambiguity_seed2",
  "run_id": "frozen_cifar10_eml_no_ambiguity_seed2",
  "seed": 2,
  "status": "COMPLETED",
  "steps": 300,
  "task_name": "image_classification",
  "test_accuracy": 0.52734375,
  "test_ambiguity_mean": 0.0,
  "test_brier": 0.6367819309234619,
  "test_class_resistance_mean": 0.20498697459697723,
  "test_ece": 0.09298031777143478,
  "test_hard_negative_drive_mean": 5.502176284790039,
  "test_hard_negative_logit_mean": 1.6092373132705688,
  "test_hard_negative_resistance_mean": 22.84125518798828,
  "test_loss": 1.4546778202056885,
  "test_margin_mean": -0.05731867998838425,
  "test_nll": 1.4546778202056885,
  "test_positive_drive_mean": 5.599174976348877,
  "test_positive_logit_mean": 1.551918625831604,
  "test_positive_resistance_mean": 22.838031768798828,
  "test_resistance_noise_corr": NaN,
  "test_resistance_occlusion_corr": NaN,
  "test_sample_uncertainty_mean": 22.634111404418945,
  "timestamp": "2026-04-24T09:01:01Z",
  "torch_version": "2.7.1+cu118",
  "torchvision_version": "0.22.1+cu118",
  "total_train_time_sec": 6.06601881980896,
  "trainable_params": 18977,
  "val_accuracy": 0.56640625,
  "val_ambiguity_mean": 0.0,
  "val_brier": 0.6165690422058105,
  "val_class_resistance_mean": 0.20498697459697723,
  "val_ece": 0.11529682576656342,
  "val_hard_negative_drive_mean": 5.444180011749268,
  "val_hard_negative_logit_mean": 1.605244517326355,
  "val_hard_negative_resistance_mean": 23.472820281982422,
  "val_loss": 1.4088729619979858,
  "val_margin_mean": 0.004435345530509949,
  "val_nll": 1.4088729619979858,
  "val_positive_drive_mean": 5.7869462966918945,
  "val_positive_logit_mean": 1.609679937362671,
  "val_positive_resistance_mean": 23.47054672241211,
  "val_resistance_noise_corr": NaN,
  "val_resistance_occlusion_corr": NaN,
  "val_sample_uncertainty_mean": 23.2657413482666
}