{
  "backbone_steps": 300,
  "batch_size": 64,
  "best_metric": 0.53125,
  "best_step": 200,
  "clean_accuracy": 0.4609375,
  "clean_brier": 0.6690707802772522,
  "clean_confidence_mean": 0.5122342109680176,
  "clean_conflict_resistance_corr": NaN,
  "clean_conflict_score_mean": 0.6723880767822266,
  "clean_ece": 0.06297685205936432,
  "clean_nll": 1.4720832109451294,
  "clean_positive_resistance_mean": 0.6871793866157532,
  "clean_resistance_noise_corr": NaN,
  "clean_resistance_occlusion_corr": NaN,
  "clean_risk_at_100_coverage": 0.5390625,
  "clean_risk_at_50_coverage": 0.5703125,
  "clean_risk_at_70_coverage": 0.5483271479606628,
  "clean_risk_at_80_coverage": 0.5203251838684082,
  "clean_risk_at_90_coverage": 0.5216763019561768,
  "clean_score_name": "positive_resistance",
  "clean_selective_aurc": 0.4756452739238739,
  "clean_support_score_mean": 1.105094313621521,
  "clean_uncertainty_mean": 0.6871793866157532,
  "clean_vs_noisy_auroc": 0.5423457026481628,
  "clean_vs_occluded_auroc": 0.5173377990722656,
  "condition_metrics_path": "reports/pluggable_uncertainty_real_20260427/runs/20260427_032924_uncertainty_cifar10_merc_linear_seed1/uncertainty_eval.pt",
  "cuda_available": true,
  "dataset_name": "cifar10",
  "device": "cuda",
  "early_stop_min_evals": 2,
  "early_stop_patience": 4,
  "early_stop_triggered": true,
  "eval_interval": 25,
  "experiment_type": "frozen_features_uncertainty",
  "feature_dim": 64,
  "final_metric": 0.4609375,
  "final_train_loss": 1.3304200172424316,
  "git_commit": "0c0b3db",
  "head_steps": 1200,
  "hostname": "user-NF5468M6",
  "metrics_json": "{\"best_metric\": 0.53125, \"best_step\": 200, \"clean_accuracy\": 0.4609375, \"clean_brier\": 0.6690707802772522, \"clean_confidence_mean\": 0.5122342109680176, \"clean_conflict_resistance_corr\": NaN, \"clean_conflict_score_mean\": 0.6723880767822266, \"clean_ece\": 0.06297685205936432, \"clean_nll\": 1.4720832109451294, \"clean_positive_resistance_mean\": 0.6871793866157532, \"clean_resistance_noise_corr\": NaN, \"clean_resistance_occlusion_corr\": NaN, \"clean_risk_at_100_coverage\": 0.5390625, \"clean_risk_at_50_coverage\": 0.5703125, \"clean_risk_at_70_coverage\": 0.5483271479606628, \"clean_risk_at_80_coverage\": 0.5203251838684082, \"clean_risk_at_90_coverage\": 0.5216763019561768, \"clean_score_name\": \"positive_resistance\", \"clean_selective_aurc\": 0.4756452739238739, \"clean_support_score_mean\": 1.105094313621521, \"clean_uncertainty_mean\": 0.6871793866157532, \"clean_vs_noisy_auroc\": 0.5423457026481628, \"clean_vs_occluded_auroc\": 0.5173377990722656, \"condition_metrics_path\": \"reports/pluggable_uncertainty_real_20260427/runs/20260427_032924_uncertainty_cifar10_merc_linear_seed1/uncertainty_eval.pt\", \"early_stop_patience\": 4, \"early_stop_triggered\": true, \"final_metric\": 0.4609375, \"final_train_loss\": 1.3304200172424316, \"noisy_accuracy\": 0.4111328125, \"noisy_brier\": 0.7273690104484558, \"noisy_confidence_mean\": 0.4783245027065277, \"noisy_conflict_resistance_corr\": NaN, \"noisy_conflict_score_mean\": 0.6391128301620483, \"noisy_ece\": 0.07099846005439758, \"noisy_nll\": 1.6337637901306152, \"noisy_positive_resistance_mean\": 0.7050971984863281, \"noisy_resistance_noise_corr\": NaN, \"noisy_resistance_occlusion_corr\": NaN, \"noisy_risk_at_100_coverage\": 0.5888671875, \"noisy_risk_at_50_coverage\": 0.583984375, \"noisy_risk_at_70_coverage\": 0.5676429271697998, \"noisy_risk_at_80_coverage\": 0.5609756112098694, \"noisy_risk_at_90_coverage\": 0.5672451257705688, \"noisy_score_name\": \"positive_resistance\", \"noisy_selective_aurc\": 0.507300615310669, \"noisy_support_score_mean\": 1.1877121925354004, \"noisy_uncertainty_mean\": 0.7050971984863281, \"occluded_accuracy\": 0.435546875, \"occluded_brier\": 0.6984091401100159, \"occluded_confidence_mean\": 0.49310651421546936, \"occluded_conflict_resistance_corr\": NaN, \"occluded_conflict_score_mean\": 0.6445630788803101, \"occluded_ece\": 0.059742461889982224, \"occluded_nll\": 1.5699760913848877, \"occluded_positive_resistance_mean\": 0.6950642466545105, \"occluded_resistance_noise_corr\": NaN, \"occluded_resistance_occlusion_corr\": NaN, \"occluded_risk_at_100_coverage\": 0.564453125, \"occluded_risk_at_50_coverage\": 0.6015625, \"occluded_risk_at_70_coverage\": 0.5829846858978271, \"occluded_risk_at_80_coverage\": 0.5658536553382874, \"occluded_risk_at_90_coverage\": 0.5629067420959473, \"occluded_score_name\": \"positive_resistance\", \"occluded_selective_aurc\": 0.5242071747779846, \"occluded_support_score_mean\": 1.0932493209838867, \"occluded_uncertainty_mean\": 0.6950642466545105, \"pooled_conflict_resistance_corr\": -0.027070138603448868, \"pooled_resistance_noise_corr\": 0.053911227732896805, \"pooled_resistance_occlusion_corr\": -0.009461709298193455, \"steps_run\": 300, \"total_train_time_sec\": 28.11835479736328}",
  "mode": "uncertainty_benchmark",
  "model_class": "MERCHeadLinearReadout",
  "model_name": "merc_linear",
  "noisy_accuracy": 0.4111328125,
  "noisy_brier": 0.7273690104484558,
  "noisy_confidence_mean": 0.4783245027065277,
  "noisy_conflict_resistance_corr": NaN,
  "noisy_conflict_score_mean": 0.6391128301620483,
  "noisy_ece": 0.07099846005439758,
  "noisy_nll": 1.6337637901306152,
  "noisy_positive_resistance_mean": 0.7050971984863281,
  "noisy_resistance_noise_corr": NaN,
  "noisy_resistance_occlusion_corr": NaN,
  "noisy_risk_at_100_coverage": 0.5888671875,
  "noisy_risk_at_50_coverage": 0.583984375,
  "noisy_risk_at_70_coverage": 0.5676429271697998,
  "noisy_risk_at_80_coverage": 0.5609756112098694,
  "noisy_risk_at_90_coverage": 0.5672451257705688,
  "noisy_score_name": "positive_resistance",
  "noisy_selective_aurc": 0.507300615310669,
  "noisy_support_score_mean": 1.1877121925354004,
  "noisy_uncertainty_mean": 0.7050971984863281,
  "num_classes": 10,
  "num_params": 93202,
  "num_workers": 0,
  "occluded_accuracy": 0.435546875,
  "occluded_brier": 0.6984091401100159,
  "occluded_confidence_mean": 0.49310651421546936,
  "occluded_conflict_resistance_corr": NaN,
  "occluded_conflict_score_mean": 0.6445630788803101,
  "occluded_ece": 0.059742461889982224,
  "occluded_nll": 1.5699760913848877,
  "occluded_positive_resistance_mean": 0.6950642466545105,
  "occluded_resistance_noise_corr": NaN,
  "occluded_resistance_occlusion_corr": NaN,
  "occluded_risk_at_100_coverage": 0.564453125,
  "occluded_risk_at_50_coverage": 0.6015625,
  "occluded_risk_at_70_coverage": 0.5829846858978271,
  "occluded_risk_at_80_coverage": 0.5658536553382874,
  "occluded_risk_at_90_coverage": 0.5629067420959473,
  "occluded_score_name": "positive_resistance",
  "occluded_selective_aurc": 0.5242071747779846,
  "occluded_support_score_mean": 1.0932493209838867,
  "occluded_uncertainty_mean": 0.6950642466545105,
  "platform": "Linux-5.4.0-216-generic-x86_64-with-glibc2.31",
  "pooled_conflict_resistance_corr": -0.027070138603448868,
  "pooled_resistance_noise_corr": 0.053911227732896805,
  "pooled_resistance_occlusion_corr": -0.009461709298193455,
  "python_version": "3.10.20",
  "reason": "",
  "run_dir": "reports/pluggable_uncertainty_real_20260427/runs/20260427_032924_uncertainty_cifar10_merc_linear_seed1",
  "run_id": "uncertainty_cifar10_merc_linear_seed1",
  "seed": 1,
  "selected_heads": [
    "linear",
    "mlp",
    "cosine_prototype",
    "eml_no_ambiguity",
    "eml_centered_ambiguity",
    "eml_supervised_resistance",
    "merc_linear",
    "merc_energy"
  ],
  "status": "COMPLETED",
  "steps_run": 300,
  "task_name": "image_uncertainty_selective_classification",
  "test_size": 1024,
  "timestamp": "2026-04-27T03:29:52Z",
  "torch_version": "2.7.1+cu118",
  "torchvision_version": "0.22.1+cu118",
  "total_train_time_sec": 28.11835479736328,
  "train_size": 4096,
  "trainable_params": 93202
}