{
  "batch_size": 64,
  "best_metric": 0.41015625,
  "best_step": 198,
  "best_val_accuracy": 0.41015625,
  "cuda_available": true,
  "dataset_name": "cifar10",
  "device": "cuda",
  "experiment_type": "end_to_end",
  "feature_dim": 64,
  "final_metric": 0.40625,
  "final_train_accuracy": 0.46875,
  "final_train_loss": 1.336536169052124,
  "git_commit": "unknown",
  "head_name": "eml_centered_ambiguity",
  "hostname": "user-NF5468M6",
  "loss_mode": "ce",
  "lr": 0.001,
  "metrics_json": "{\"best_metric\": 0.41015625, \"best_step\": 198, \"best_val_accuracy\": 0.41015625, \"final_metric\": 0.40625, \"final_train_accuracy\": 0.46875, \"final_train_loss\": 1.336536169052124, \"test_accuracy\": 0.40625, \"test_ambiguity_mean\": 1.0962860584259033, \"test_brier\": 0.7392745614051819, \"test_class_resistance_mean\": 0.20017090439796448, \"test_ece\": 0.08267436176538467, \"test_hard_negative_drive_mean\": 6.5341691970825195, \"test_hard_negative_logit_mean\": 2.041088819503784, \"test_hard_negative_resistance_mean\": 0.9783602356910706, \"test_loss\": 1.6860400438308716, \"test_margin_mean\": -0.43079838156700134, \"test_nll\": 1.6860400438308716, \"test_positive_drive_mean\": 5.142258644104004, \"test_positive_logit_mean\": 1.61029052734375, \"test_positive_resistance_mean\": 1.0139265060424805, \"test_resistance_noise_corr\": NaN, \"test_resistance_occlusion_corr\": NaN, \"test_sample_uncertainty_mean\": 0.0006100451573729515, \"total_train_time_sec\": 6.3643810749053955, \"val_accuracy\": 0.404296875, \"val_ambiguity_mean\": 1.0843632221221924, \"val_brier\": 0.732785165309906, \"val_class_resistance_mean\": 0.20017090439796448, \"val_ece\": 0.08807427436113358, \"val_hard_negative_drive_mean\": 6.618898868560791, \"val_hard_negative_logit_mean\": 2.0518181324005127, \"val_hard_negative_resistance_mean\": 0.9685829281806946, \"val_loss\": 1.6484884023666382, \"val_margin_mean\": -0.39767634868621826, \"val_nll\": 1.6484884023666382, \"val_positive_drive_mean\": 5.253448009490967, \"val_positive_logit_mean\": 1.6541416645050049, \"val_positive_resistance_mean\": 1.009511947631836, \"val_resistance_noise_corr\": NaN, \"val_resistance_occlusion_corr\": NaN, \"val_sample_uncertainty_mean\": 0.0005189115181565285}",
  "mode": "head_ablation",
  "model_class": "CNNHeadModel",
  "model_name": "eml_centered_ambiguity",
  "num_classes": 10,
  "num_params": 167233,
  "pairwise_margin": 0.0,
  "pairwise_weight": 0.0,
  "platform": "Linux-5.4.0-216-generic-x86_64-with-glibc2.31",
  "python_version": "3.10.20",
  "reason": "",
  "run_dir": "reports/head_ablation/runs/20260424_082855_e2e_cifar10_eml_centered_ambiguity_ce_seed1",
  "run_id": "e2e_cifar10_eml_centered_ambiguity_ce_seed1",
  "seed": 1,
  "status": "COMPLETED",
  "steps": 200,
  "task_name": "image_classification",
  "test_accuracy": 0.40625,
  "test_ambiguity_mean": 1.0962860584259033,
  "test_brier": 0.7392745614051819,
  "test_class_resistance_mean": 0.20017090439796448,
  "test_ece": 0.08267436176538467,
  "test_hard_negative_drive_mean": 6.5341691970825195,
  "test_hard_negative_logit_mean": 2.041088819503784,
  "test_hard_negative_resistance_mean": 0.9783602356910706,
  "test_loss": 1.6860400438308716,
  "test_margin_mean": -0.43079838156700134,
  "test_nll": 1.6860400438308716,
  "test_positive_drive_mean": 5.142258644104004,
  "test_positive_logit_mean": 1.61029052734375,
  "test_positive_resistance_mean": 1.0139265060424805,
  "test_resistance_noise_corr": NaN,
  "test_resistance_occlusion_corr": NaN,
  "test_sample_uncertainty_mean": 0.0006100451573729515,
  "timestamp": "2026-04-24T08:29:01Z",
  "torch_version": "2.7.1+cu118",
  "torchvision_version": "0.22.1+cu118",
  "total_train_time_sec": 6.3643810749053955,
  "trainable_params": 167233,
  "use_eml_residual_bank": false,
  "val_accuracy": 0.404296875,
  "val_ambiguity_mean": 1.0843632221221924,
  "val_brier": 0.732785165309906,
  "val_class_resistance_mean": 0.20017090439796448,
  "val_ece": 0.08807427436113358,
  "val_hard_negative_drive_mean": 6.618898868560791,
  "val_hard_negative_logit_mean": 2.0518181324005127,
  "val_hard_negative_resistance_mean": 0.9685829281806946,
  "val_loss": 1.6484884023666382,
  "val_margin_mean": -0.39767634868621826,
  "val_nll": 1.6484884023666382,
  "val_positive_drive_mean": 5.253448009490967,
  "val_positive_logit_mean": 1.6541416645050049,
  "val_positive_resistance_mean": 1.009511947631836,
  "val_resistance_noise_corr": NaN,
  "val_resistance_occlusion_corr": NaN,
  "val_sample_uncertainty_mean": 0.0005189115181565285
}