{
  "ambiguity_weight": NaN,
  "attractor_entropy_weight": NaN,
  "batch_size": 8,
  "best_metric": 0.11249999701976776,
  "bits_per_char": 6.291176275426196,
  "char_accuracy": 0.11249999701976776,
  "completed_steps": 4,
  "corruption_resistance_corr": -0.020731553435325623,
  "cuda_available": false,
  "dataset_name": "SyntheticTextEnergyDataset",
  "device": "cpu",
  "early_stop": false,
  "early_stop_step": "",
  "early_stop_triggered": false,
  "final_diagnostics": {
    "attractor_activation_mean": 0.6875,
    "attractor_activation_std": 0.4635123908519745,
    "attractor_diversity": 0.9763487577438354,
    "drive_mean": 0.004823231138288975,
    "drive_std": 0.34561124444007874,
    "energy_mean": -0.08680971711874008,
    "energy_std": 0.10405486822128296,
    "null_weight_mean": 0.47612878680229187,
    "null_weight_std": 0.40651705861091614,
    "resistance_mean": 1.5963300466537476,
    "resistance_std": 0.21945820748806,
    "update_gate_mean": 0.05514711141586304,
    "update_gate_std": 0.043283604085445404,
    "update_strength_mean": 0.5360219478607178,
    "update_strength_std": 0.4170416593551636
  },
  "final_metric": 0.11249999701976776,
  "final_train_accuracy": 0.11249999701976776,
  "final_train_loss": 4.360711097717285,
  "git_commit": "19568db",
  "grad_norm": 1.6807845830917358,
  "hostname": "BMW-Pro.local",
  "learning_rate": 0.001,
  "metrics_json": "{\"ambiguity_weight\": NaN, \"attractor_entropy_weight\": NaN, \"best_metric\": 0.11249999701976776, \"bits_per_char\": 6.291176275426196, \"char_accuracy\": 0.11249999701976776, \"completed_steps\": 4, \"corruption_resistance_corr\": -0.020731553435325623, \"early_stop_step\": \"\", \"early_stop_triggered\": false, \"final_diagnostics\": {\"attractor_activation_mean\": 0.6875, \"attractor_activation_std\": 0.4635123908519745, \"attractor_diversity\": 0.9763487577438354, \"drive_mean\": 0.004823231138288975, \"drive_std\": 0.34561124444007874, \"energy_mean\": -0.08680971711874008, \"energy_std\": 0.10405486822128296, \"null_weight_mean\": 0.47612878680229187, \"null_weight_std\": 0.40651705861091614, \"resistance_mean\": 1.5963300466537476, \"resistance_std\": 0.21945820748806, \"update_gate_mean\": 0.05514711141586304, \"update_gate_std\": 0.043283604085445404, \"update_strength_mean\": 0.5360219478607178, \"update_strength_std\": 0.4170416593551636}, \"final_metric\": 0.11249999701976776, \"final_train_accuracy\": 0.11249999701976776, \"final_train_loss\": 4.360711097717285, \"grad_norm\": 1.6807845830917358, \"learning_rate\": 0.001, \"next_token_loss\": 4.360711097717285, \"null_threshold\": NaN, \"peak_memory_mb\": 0.0, \"perplexity\": 78.31280268317435, \"precision_update_threshold\": NaN, \"responsibility_temperature\": NaN, \"step\": 4, \"step_time_sec\": 0.00802302360534668, \"token_accuracy\": 0.11249999701976776, \"tokens_per_sec\": 29913.90924489614, \"total_train_time_sec\": 0.04411792755126953, \"train_loss\": 4.360711097717285, \"wall_clock_time_sec\": 0.0433049201965332, \"warmup_eta\": 1.0}",
  "min_delta": 0.0001,
  "mode": "smoke",
  "model_name": "EfficientEMLTextEncoder_window8_chunk",
  "next_token_loss": 4.360711097717285,
  "null_threshold": NaN,
  "num_params": 72752,
  "num_workers": 0,
  "patience": 20,
  "peak_memory_mb": 0.0,
  "perplexity": 78.31280268317435,
  "platform": "macOS-26.0-arm64-arm-64bit",
  "precision_update_threshold": NaN,
  "python_version": "3.12.12",
  "reason": "",
  "responsibility_temperature": NaN,
  "run_dir": "reports/text_representation_ablation/runs/20260424_085214_efficient_window8_chunk_seed1",
  "run_id": "efficient_window8_chunk_seed1",
  "seed": 1,
  "seq_len": 48,
  "status": "COMPLETED",
  "step": 4,
  "step_time_sec": 0.00802302360534668,
  "steps": 4,
  "task_name": "text_synthetic",
  "timestamp": "2026-04-24T08:52:14Z",
  "token_accuracy": 0.11249999701976776,
  "tokens_per_sec": 29913.90924489614,
  "torch_version": "2.10.0",
  "torchvision_version": "unavailable",
  "total_train_time_sec": 0.04411792755126953,
  "train_loss": 4.360711097717285,
  "trainable_params": 72752,
  "wall_clock_time_sec": 0.0433049201965332,
  "warmup_eta": 1.0
}