{
  "batch_size": 64,
  "best_metric": 0.537109375,
  "best_step": 300,
  "best_val_accuracy": 0.537109375,
  "cuda_available": true,
  "dataset_name": "cifar10",
  "device": "cuda",
  "early_stop_triggered": false,
  "experiment_type": "frozen_features",
  "feature_dim": 64,
  "features_dir": "reports/head_ablation/features/cifar10_medium_seed1",
  "final_metric": 0.501953125,
  "final_train_accuracy": 0.5625,
  "final_train_loss": 1.065982460975647,
  "git_commit": "unknown",
  "hostname": "user-NF5468M6",
  "lr": 0.001,
  "metrics_json": "{\"best_metric\": 0.537109375, \"best_step\": 300, \"best_val_accuracy\": 0.537109375, \"early_stop_triggered\": false, \"final_metric\": 0.501953125, \"final_train_accuracy\": 0.5625, \"final_train_loss\": 1.065982460975647, \"steps_run\": 300, \"test_accuracy\": 0.501953125, \"test_ambiguity_mean\": NaN, \"test_brier\": 0.6497278809547424, \"test_class_resistance_mean\": NaN, \"test_conflict_resistance_corr\": NaN, \"test_ece\": 0.10688663274049759, \"test_hard_negative_drive_mean\": -0.037652064114809036, \"test_hard_negative_logit_mean\": 3.628905773162842, \"test_hard_negative_resistance_mean\": 0.7422977685928345, \"test_loss\": 1.4370205402374268, \"test_margin_mean\": -0.1495026797056198, \"test_nll\": 1.4370205402374268, \"test_positive_drive_mean\": -0.049097105860710144, \"test_positive_logit_mean\": 3.479403018951416, \"test_positive_resistance_mean\": 0.7378273010253906, \"test_precision_mean\": 0.3195001482963562, \"test_resistance_noise_corr\": NaN, \"test_resistance_occlusion_corr\": NaN, \"test_sample_uncertainty_mean\": NaN, \"test_support_evidence_corr\": NaN, \"test_update_gate_mean\": 0.07358884811401367, \"total_train_time_sec\": 6.814101696014404, \"val_accuracy\": 0.537109375, \"val_ambiguity_mean\": NaN, \"val_brier\": 0.6027123928070068, \"val_class_resistance_mean\": NaN, \"val_conflict_resistance_corr\": NaN, \"val_ece\": 0.07723275572061539, \"val_hard_negative_drive_mean\": -0.032940298318862915, \"val_hard_negative_logit_mean\": 3.6760191917419434, \"val_hard_negative_resistance_mean\": 0.733352780342102, \"val_loss\": 1.3917304277420044, \"val_margin_mean\": -0.01979440450668335, \"val_nll\": 1.3917304277420044, \"val_positive_drive_mean\": -0.05212946981191635, \"val_positive_logit_mean\": 3.6562247276306152, \"val_positive_resistance_mean\": 0.74824059009552, \"val_precision_mean\": 0.31813347339630127, \"val_resistance_noise_corr\": NaN, \"val_resistance_occlusion_corr\": NaN, \"val_sample_uncertainty_mean\": NaN, \"val_support_evidence_corr\": NaN, \"val_update_gate_mean\": 0.07329325377941132}",
  "mode": "head_ablation",
  "model_class": "MERCHeadLinearReadoutSmall",
  "model_name": "merc_linear_small",
  "num_classes": 10,
  "num_params": 92938,
  "pairwise_margin": 0.0,
  "pairwise_weight": 0.0,
  "platform": "Linux-5.4.0-216-generic-x86_64-with-glibc2.31",
  "python_version": "3.10.20",
  "reason": "",
  "run_dir": "reports/merc_head_ablation/runs/20260425_030413_frozen_cifar10_merc_linear_small_seed1",
  "run_id": "frozen_cifar10_merc_linear_small_seed1",
  "seed": 1,
  "status": "COMPLETED",
  "steps": 300,
  "steps_run": 300,
  "task_name": "image_classification",
  "test_accuracy": 0.501953125,
  "test_ambiguity_mean": NaN,
  "test_brier": 0.6497278809547424,
  "test_class_resistance_mean": NaN,
  "test_conflict_resistance_corr": NaN,
  "test_ece": 0.10688663274049759,
  "test_hard_negative_drive_mean": -0.037652064114809036,
  "test_hard_negative_logit_mean": 3.628905773162842,
  "test_hard_negative_resistance_mean": 0.7422977685928345,
  "test_loss": 1.4370205402374268,
  "test_margin_mean": -0.1495026797056198,
  "test_nll": 1.4370205402374268,
  "test_positive_drive_mean": -0.049097105860710144,
  "test_positive_logit_mean": 3.479403018951416,
  "test_positive_resistance_mean": 0.7378273010253906,
  "test_precision_mean": 0.3195001482963562,
  "test_resistance_noise_corr": NaN,
  "test_resistance_occlusion_corr": NaN,
  "test_sample_uncertainty_mean": NaN,
  "test_support_evidence_corr": NaN,
  "test_update_gate_mean": 0.07358884811401367,
  "timestamp": "2026-04-25T03:04:20Z",
  "torch_version": "2.7.1+cu118",
  "torchvision_version": "0.22.1+cu118",
  "total_train_time_sec": 6.814101696014404,
  "trainable_params": 92938,
  "val_accuracy": 0.537109375,
  "val_ambiguity_mean": NaN,
  "val_brier": 0.6027123928070068,
  "val_class_resistance_mean": NaN,
  "val_conflict_resistance_corr": NaN,
  "val_ece": 0.07723275572061539,
  "val_hard_negative_drive_mean": -0.032940298318862915,
  "val_hard_negative_logit_mean": 3.6760191917419434,
  "val_hard_negative_resistance_mean": 0.733352780342102,
  "val_loss": 1.3917304277420044,
  "val_margin_mean": -0.01979440450668335,
  "val_nll": 1.3917304277420044,
  "val_positive_drive_mean": -0.05212946981191635,
  "val_positive_logit_mean": 3.6562247276306152,
  "val_positive_resistance_mean": 0.74824059009552,
  "val_precision_mean": 0.31813347339630127,
  "val_resistance_noise_corr": NaN,
  "val_resistance_occlusion_corr": NaN,
  "val_sample_uncertainty_mean": NaN,
  "val_support_evidence_corr": NaN,
  "val_update_gate_mean": 0.07329325377941132
}