{
  "batch_size": 64,
  "best_metric": 0.48828125,
  "best_step": 75,
  "clean_accuracy": 0.47265625,
  "clean_brier": 0.7021677494049072,
  "clean_confidence_mean": 0.30111804604530334,
  "clean_ece": 0.17153821885585785,
  "clean_nll": 1.5540313720703125,
  "clean_risk_at_100_coverage": 0.52734375,
  "clean_risk_at_50_coverage": 0.3802083134651184,
  "clean_risk_at_70_coverage": 0.4368029832839966,
  "clean_risk_at_80_coverage": 0.46666663885116577,
  "clean_risk_at_90_coverage": 0.5,
  "clean_score_name": "one_minus_confidence",
  "clean_selective_aurc": 0.35061338543891907,
  "clean_uncertainty_mean": 0.6988819241523743,
  "clean_vs_noisy_auroc": 0.5665104985237122,
  "clean_vs_occluded_auroc": 0.5041453242301941,
  "condition_metrics_path": "reports/uncertainty_resistance_true_20260427/runs/20260427_020758_uncertainty_cifar10_cosine_prototype_seed2/uncertainty_eval.pt",
  "cuda_available": true,
  "dataset_name": "cifar10",
  "device": "cuda",
  "early_stop_patience": 4,
  "early_stop_triggered": true,
  "experiment_type": "frozen_features_uncertainty",
  "feature_dim": 64,
  "final_metric": 0.47265625,
  "final_train_loss": 1.3802026510238647,
  "git_commit": "0c0b3db",
  "hostname": "user-NF5468M6",
  "metrics_json": "{\"best_metric\": 0.48828125, \"best_step\": 75, \"clean_accuracy\": 0.47265625, \"clean_brier\": 0.7021677494049072, \"clean_confidence_mean\": 0.30111804604530334, \"clean_ece\": 0.17153821885585785, \"clean_nll\": 1.5540313720703125, \"clean_risk_at_100_coverage\": 0.52734375, \"clean_risk_at_50_coverage\": 0.3802083134651184, \"clean_risk_at_70_coverage\": 0.4368029832839966, \"clean_risk_at_80_coverage\": 0.46666663885116577, \"clean_risk_at_90_coverage\": 0.5, \"clean_score_name\": \"one_minus_confidence\", \"clean_selective_aurc\": 0.35061338543891907, \"clean_uncertainty_mean\": 0.6988819241523743, \"clean_vs_noisy_auroc\": 0.5665104985237122, \"clean_vs_occluded_auroc\": 0.5041453242301941, \"condition_metrics_path\": \"reports/uncertainty_resistance_true_20260427/runs/20260427_020758_uncertainty_cifar10_cosine_prototype_seed2/uncertainty_eval.pt\", \"early_stop_patience\": 4, \"early_stop_triggered\": true, \"final_metric\": 0.47265625, \"final_train_loss\": 1.3802026510238647, \"noisy_accuracy\": 0.375, \"noisy_brier\": 0.7608063817024231, \"noisy_confidence_mean\": 0.28023508191108704, \"noisy_ece\": 0.09476493299007416, \"noisy_nll\": 1.739486575126648, \"noisy_risk_at_100_coverage\": 0.625, \"noisy_risk_at_50_coverage\": 0.505859375, \"noisy_risk_at_70_coverage\": 0.5648535490036011, \"noisy_risk_at_80_coverage\": 0.587804913520813, \"noisy_risk_at_90_coverage\": 0.6095444560050964, \"noisy_score_name\": \"one_minus_confidence\", \"noisy_selective_aurc\": 0.4724605679512024, \"noisy_uncertainty_mean\": 0.7197648882865906, \"occluded_accuracy\": 0.4287109375, \"occluded_brier\": 0.727219820022583, \"occluded_confidence_mean\": 0.29992008209228516, \"occluded_ece\": 0.12879082560539246, \"occluded_nll\": 1.6297987699508667, \"occluded_risk_at_100_coverage\": 0.5712890625, \"occluded_risk_at_50_coverage\": 0.435546875, \"occluded_risk_at_70_coverage\": 0.49790793657302856, \"occluded_risk_at_80_coverage\": 0.5219511985778809, \"occluded_risk_at_90_coverage\": 0.546637773513794, \"occluded_score_name\": \"one_minus_confidence\", \"occluded_selective_aurc\": 0.4209372401237488, \"occluded_uncertainty_mean\": 0.7000798583030701, \"steps_run\": 175, \"total_train_time_sec\": 5.521855115890503}",
  "mode": "uncertainty_benchmark",
  "model_class": "CosinePrototypeHead",
  "model_name": "cosine_prototype",
  "noisy_accuracy": 0.375,
  "noisy_brier": 0.7608063817024231,
  "noisy_confidence_mean": 0.28023508191108704,
  "noisy_ece": 0.09476493299007416,
  "noisy_nll": 1.739486575126648,
  "noisy_risk_at_100_coverage": 0.625,
  "noisy_risk_at_50_coverage": 0.505859375,
  "noisy_risk_at_70_coverage": 0.5648535490036011,
  "noisy_risk_at_80_coverage": 0.587804913520813,
  "noisy_risk_at_90_coverage": 0.6095444560050964,
  "noisy_score_name": "one_minus_confidence",
  "noisy_selective_aurc": 0.4724605679512024,
  "noisy_uncertainty_mean": 0.7197648882865906,
  "num_classes": 10,
  "num_params": 640,
  "num_workers": 0,
  "occluded_accuracy": 0.4287109375,
  "occluded_brier": 0.727219820022583,
  "occluded_confidence_mean": 0.29992008209228516,
  "occluded_ece": 0.12879082560539246,
  "occluded_nll": 1.6297987699508667,
  "occluded_risk_at_100_coverage": 0.5712890625,
  "occluded_risk_at_50_coverage": 0.435546875,
  "occluded_risk_at_70_coverage": 0.49790793657302856,
  "occluded_risk_at_80_coverage": 0.5219511985778809,
  "occluded_risk_at_90_coverage": 0.546637773513794,
  "occluded_score_name": "one_minus_confidence",
  "occluded_selective_aurc": 0.4209372401237488,
  "occluded_uncertainty_mean": 0.7000798583030701,
  "platform": "Linux-5.4.0-216-generic-x86_64-with-glibc2.31",
  "python_version": "3.10.20",
  "reason": "",
  "run_dir": "reports/uncertainty_resistance_true_20260427/runs/20260427_020758_uncertainty_cifar10_cosine_prototype_seed2",
  "run_id": "uncertainty_cifar10_cosine_prototype_seed2",
  "seed": 2,
  "status": "COMPLETED",
  "steps_run": 175,
  "task_name": "image_uncertainty_selective_classification",
  "test_size": 1024,
  "timestamp": "2026-04-27T02:08:04Z",
  "torch_version": "2.7.1+cu118",
  "torchvision_version": "0.22.1+cu118",
  "total_train_time_sec": 5.521855115890503,
  "train_size": 4096,
  "trainable_params": 640
}