{
  "backbone_steps": 300,
  "batch_size": 64,
  "best_metric": 0.9765625,
  "best_step": 25,
  "clean_accuracy": 0.9947916865348816,
  "clean_brier": 0.521111786365509,
  "clean_confidence_mean": 0.3698900640010834,
  "clean_conflict_resistance_corr": NaN,
  "clean_conflict_score_mean": 0.7291378378868103,
  "clean_ece": 0.6249016523361206,
  "clean_nll": 1.0031293630599976,
  "clean_positive_resistance_mean": 0.7050756812095642,
  "clean_resistance_noise_corr": 7.789806772962038e-07,
  "clean_resistance_occlusion_corr": NaN,
  "clean_risk_at_100_coverage": 0.005208313465118408,
  "clean_risk_at_50_coverage": 0.010416686534881592,
  "clean_risk_at_70_coverage": 0.007434964179992676,
  "clean_risk_at_80_coverage": 0.006504058837890625,
  "clean_risk_at_90_coverage": 0.005780339241027832,
  "clean_score_name": "positive_resistance",
  "clean_selective_aurc": 0.014161069877445698,
  "clean_support_score_mean": 0.8775401711463928,
  "clean_uncertainty_mean": 0.7050756812095642,
  "clean_vs_noisy_auroc": 0.4574533998966217,
  "clean_vs_occluded_auroc": 0.4772275388240814,
  "condition_metrics_path": "reports/pluggable_uncertainty_real_20260427/runs/20260427_032241_uncertainty_synthetic_shape_merc_linear_seed2/uncertainty_eval.pt",
  "cuda_available": true,
  "dataset_name": "synthetic_shape",
  "device": "cuda",
  "early_stop_min_evals": 2,
  "early_stop_patience": 4,
  "early_stop_triggered": true,
  "eval_interval": 25,
  "experiment_type": "frozen_features_uncertainty",
  "feature_dim": 64,
  "final_metric": 0.9947916865348816,
  "final_train_loss": 0.0664447471499443,
  "git_commit": "0c0b3db",
  "head_steps": 1200,
  "hostname": "user-NF5468M6",
  "metrics_json": "{\"best_metric\": 0.9765625, \"best_step\": 25, \"clean_accuracy\": 0.9947916865348816, \"clean_brier\": 0.521111786365509, \"clean_confidence_mean\": 0.3698900640010834, \"clean_conflict_resistance_corr\": NaN, \"clean_conflict_score_mean\": 0.7291378378868103, \"clean_ece\": 0.6249016523361206, \"clean_nll\": 1.0031293630599976, \"clean_positive_resistance_mean\": 0.7050756812095642, \"clean_resistance_noise_corr\": 7.789806772962038e-07, \"clean_resistance_occlusion_corr\": NaN, \"clean_risk_at_100_coverage\": 0.005208313465118408, \"clean_risk_at_50_coverage\": 0.010416686534881592, \"clean_risk_at_70_coverage\": 0.007434964179992676, \"clean_risk_at_80_coverage\": 0.006504058837890625, \"clean_risk_at_90_coverage\": 0.005780339241027832, \"clean_score_name\": \"positive_resistance\", \"clean_selective_aurc\": 0.014161069877445698, \"clean_support_score_mean\": 0.8775401711463928, \"clean_uncertainty_mean\": 0.7050756812095642, \"clean_vs_noisy_auroc\": 0.4574533998966217, \"clean_vs_occluded_auroc\": 0.4772275388240814, \"condition_metrics_path\": \"reports/pluggable_uncertainty_real_20260427/runs/20260427_032241_uncertainty_synthetic_shape_merc_linear_seed2/uncertainty_eval.pt\", \"early_stop_patience\": 4, \"early_stop_triggered\": true, \"final_metric\": 0.9947916865348816, \"final_train_loss\": 0.0664447471499443, \"noisy_accuracy\": 0.955078125, \"noisy_brier\": 0.5451186299324036, \"noisy_confidence_mean\": 0.3587343096733093, \"noisy_conflict_resistance_corr\": -2.408250168173254e-07, \"noisy_conflict_score_mean\": 0.682971715927124, \"noisy_ece\": 0.5963437557220459, \"noisy_nll\": 1.0450315475463867, \"noisy_positive_resistance_mean\": 0.7048534154891968, \"noisy_resistance_noise_corr\": NaN, \"noisy_resistance_occlusion_corr\": NaN, \"noisy_risk_at_100_coverage\": 0.044921875, \"noisy_risk_at_50_coverage\": 0.076171875, \"noisy_risk_at_70_coverage\": 0.06136679649353027, \"noisy_risk_at_80_coverage\": 0.05365854501724243, \"noisy_risk_at_90_coverage\": 0.049891531467437744, \"noisy_score_name\": \"positive_resistance\", \"noisy_selective_aurc\": 0.06996215134859085, \"noisy_support_score_mean\": 0.929715633392334, \"noisy_uncertainty_mean\": 0.7048534154891968, \"occluded_accuracy\": 0.8935546875, \"occluded_brier\": 0.5620012879371643, \"occluded_confidence_mean\": 0.3531748950481415, \"occluded_conflict_resistance_corr\": -0.17977772653102875, \"occluded_conflict_score_mean\": 0.7031149864196777, \"occluded_ece\": 0.5403797626495361, \"occluded_nll\": 1.0828577280044556, \"occluded_positive_resistance_mean\": 0.705014705657959, \"occluded_resistance_noise_corr\": 5.219459353611455e-08, \"occluded_resistance_occlusion_corr\": -0.08893001079559326, \"occluded_risk_at_100_coverage\": 0.1064453125, \"occluded_risk_at_50_coverage\": 0.201171875, \"occluded_risk_at_70_coverage\": 0.15062761306762695, \"occluded_risk_at_80_coverage\": 0.1329268217086792, \"occluded_risk_at_90_coverage\": 0.11822128295898438, \"occluded_score_name\": \"positive_resistance\", \"occluded_selective_aurc\": 0.143683061003685, \"occluded_support_score_mean\": 0.8832152485847473, \"occluded_uncertainty_mean\": 0.705014705657959, \"pooled_conflict_resistance_corr\": -0.10716578364372253, \"pooled_resistance_noise_corr\": -0.004631532356142998, \"pooled_resistance_occlusion_corr\": -0.04555206745862961, \"steps_run\": 125, \"total_train_time_sec\": 4.270887851715088}",
  "mode": "uncertainty_benchmark",
  "model_class": "MERCHeadLinearReadout",
  "model_name": "merc_linear",
  "noisy_accuracy": 0.955078125,
  "noisy_brier": 0.5451186299324036,
  "noisy_confidence_mean": 0.3587343096733093,
  "noisy_conflict_resistance_corr": -2.408250168173254e-07,
  "noisy_conflict_score_mean": 0.682971715927124,
  "noisy_ece": 0.5963437557220459,
  "noisy_nll": 1.0450315475463867,
  "noisy_positive_resistance_mean": 0.7048534154891968,
  "noisy_resistance_noise_corr": NaN,
  "noisy_resistance_occlusion_corr": NaN,
  "noisy_risk_at_100_coverage": 0.044921875,
  "noisy_risk_at_50_coverage": 0.076171875,
  "noisy_risk_at_70_coverage": 0.06136679649353027,
  "noisy_risk_at_80_coverage": 0.05365854501724243,
  "noisy_risk_at_90_coverage": 0.049891531467437744,
  "noisy_score_name": "positive_resistance",
  "noisy_selective_aurc": 0.06996215134859085,
  "noisy_support_score_mean": 0.929715633392334,
  "noisy_uncertainty_mean": 0.7048534154891968,
  "num_classes": 5,
  "num_params": 92222,
  "num_workers": 0,
  "occluded_accuracy": 0.8935546875,
  "occluded_brier": 0.5620012879371643,
  "occluded_confidence_mean": 0.3531748950481415,
  "occluded_conflict_resistance_corr": -0.17977772653102875,
  "occluded_conflict_score_mean": 0.7031149864196777,
  "occluded_ece": 0.5403797626495361,
  "occluded_nll": 1.0828577280044556,
  "occluded_positive_resistance_mean": 0.705014705657959,
  "occluded_resistance_noise_corr": 5.219459353611455e-08,
  "occluded_resistance_occlusion_corr": -0.08893001079559326,
  "occluded_risk_at_100_coverage": 0.1064453125,
  "occluded_risk_at_50_coverage": 0.201171875,
  "occluded_risk_at_70_coverage": 0.15062761306762695,
  "occluded_risk_at_80_coverage": 0.1329268217086792,
  "occluded_risk_at_90_coverage": 0.11822128295898438,
  "occluded_score_name": "positive_resistance",
  "occluded_selective_aurc": 0.143683061003685,
  "occluded_support_score_mean": 0.8832152485847473,
  "occluded_uncertainty_mean": 0.705014705657959,
  "platform": "Linux-5.4.0-216-generic-x86_64-with-glibc2.31",
  "pooled_conflict_resistance_corr": -0.10716578364372253,
  "pooled_resistance_noise_corr": -0.004631532356142998,
  "pooled_resistance_occlusion_corr": -0.04555206745862961,
  "python_version": "3.10.20",
  "reason": "",
  "run_dir": "reports/pluggable_uncertainty_real_20260427/runs/20260427_032241_uncertainty_synthetic_shape_merc_linear_seed2",
  "run_id": "uncertainty_synthetic_shape_merc_linear_seed2",
  "seed": 2,
  "selected_heads": [
    "linear",
    "mlp",
    "cosine_prototype",
    "eml_no_ambiguity",
    "eml_centered_ambiguity",
    "eml_supervised_resistance",
    "merc_linear",
    "merc_energy"
  ],
  "status": "COMPLETED",
  "steps_run": 125,
  "task_name": "image_uncertainty_selective_classification",
  "test_size": 1024,
  "timestamp": "2026-04-27T03:22:45Z",
  "torch_version": "2.7.1+cu118",