{
  "batch_size": 32,
  "best_metric": 0.1953125,
  "best_step": 10,
  "best_val_accuracy": 0.1953125,
  "cuda_available": false,
  "dataset_name": "synthetic_shape",
  "device": "cpu",
  "experiment_type": "end_to_end",
  "feature_dim": 64,
  "final_metric": 0.1953125,
  "final_train_accuracy": 0.5,
  "final_train_loss": 1.40122652053833,
  "git_commit": "19568db",
  "head_name": "eml_no_ambiguity",
  "hostname": "BMW-Pro.local",
  "loss_mode": "ce",
  "lr": 0.001,
  "metrics_json": "{\"best_metric\": 0.1953125, \"best_step\": 10, \"best_val_accuracy\": 0.1953125, \"final_metric\": 0.1953125, \"final_train_accuracy\": 0.5, \"final_train_loss\": 1.40122652053833, \"test_accuracy\": 0.1953125, \"test_ambiguity_mean\": 0.0, \"test_brier\": 0.8552159070968628, \"test_class_resistance_mean\": 0.20000089704990387, \"test_ece\": 0.2073081135749817, \"test_hard_negative_drive_mean\": 2.9621877670288086, \"test_hard_negative_logit_mean\": 0.8659968972206116, \"test_hard_negative_resistance_mean\": 0.9009803533554077, \"test_loss\": 1.7151751518249512, \"test_margin_mean\": -0.6613152027130127, \"test_nll\": 1.7151751518249512, \"test_positive_drive_mean\": 0.4171566665172577, \"test_positive_logit_mean\": 0.20468169450759888, \"test_positive_resistance_mean\": 0.9006834030151367, \"test_resistance_noise_corr\": 0.09552907198667526, \"test_resistance_occlusion_corr\": 0.2063298523426056, \"test_sample_uncertainty_mean\": 0.7007209062576294, \"total_train_time_sec\": 1.912377119064331, \"val_accuracy\": 0.1953125, \"val_ambiguity_mean\": 0.0, \"val_brier\": 0.8571817874908447, \"val_class_resistance_mean\": 0.20000089704990387, \"val_ece\": 0.20720669627189636, \"val_hard_negative_drive_mean\": 2.9648475646972656, \"val_hard_negative_logit_mean\": 0.8669939041137695, \"val_hard_negative_resistance_mean\": 0.9010019302368164, \"val_loss\": 1.7211558818817139, \"val_margin_mean\": -0.6674433946609497, \"val_nll\": 1.7211558818817139, \"val_positive_drive_mean\": 0.40272387862205505, \"val_positive_logit_mean\": 0.19955044984817505, \"val_positive_resistance_mean\": 0.9007786512374878, \"val_resistance_noise_corr\": 0.17212139070034027, \"val_resistance_occlusion_corr\": 0.02689214237034321, \"val_sample_uncertainty_mean\": 0.7007425427436829}",
  "mode": "head_ablation",
  "model_class": "CNNHeadModel",
  "model_name": "eml_no_ambiguity",
  "num_classes": 5,
  "num_params": 166258,
  "pairwise_margin": 0.0,
  "pairwise_weight": 0.0,
  "platform": "macOS-26.0-arm64-arm-64bit",
  "python_version": "3.12.12",
  "reason": "",
  "run_dir": "reports/head_ablation/runs/20260424_085125_e2e_synthetic_shape_eml_no_ambiguity_ce_seed1",
  "run_id": "e2e_synthetic_shape_eml_no_ambiguity_ce_seed1",
  "seed": 1,
  "status": "COMPLETED",
  "steps": 30,
  "task_name": "image_classification",
  "test_accuracy": 0.1953125,
  "test_ambiguity_mean": 0.0,
  "test_brier": 0.8552159070968628,
  "test_class_resistance_mean": 0.20000089704990387,
  "test_ece": 0.2073081135749817,
  "test_hard_negative_drive_mean": 2.9621877670288086,
  "test_hard_negative_logit_mean": 0.8659968972206116,
  "test_hard_negative_resistance_mean": 0.9009803533554077,
  "test_loss": 1.7151751518249512,
  "test_margin_mean": -0.6613152027130127,
  "test_nll": 1.7151751518249512,
  "test_positive_drive_mean": 0.4171566665172577,
  "test_positive_logit_mean": 0.20468169450759888,
  "test_positive_resistance_mean": 0.9006834030151367,
  "test_resistance_noise_corr": 0.09552907198667526,
  "test_resistance_occlusion_corr": 0.2063298523426056,
  "test_sample_uncertainty_mean": 0.7007209062576294,
  "timestamp": "2026-04-24T08:51:27Z",
  "torch_version": "2.10.0",
  "torchvision_version": "unavailable",
  "total_train_time_sec": 1.912377119064331,
  "trainable_params": 166258,
  "use_eml_residual_bank": false,
  "val_accuracy": 0.1953125,
  "val_ambiguity_mean": 0.0,
  "val_brier": 0.8571817874908447,
  "val_class_resistance_mean": 0.20000089704990387,
  "val_ece": 0.20720669627189636,
  "val_hard_negative_drive_mean": 2.9648475646972656,
  "val_hard_negative_logit_mean": 0.8669939041137695,
  "val_hard_negative_resistance_mean": 0.9010019302368164,
  "val_loss": 1.7211558818817139,
  "val_margin_mean": -0.6674433946609497,
  "val_nll": 1.7211558818817139,
  "val_positive_drive_mean": 0.40272387862205505,
  "val_positive_logit_mean": 0.19955044984817505,
  "val_positive_resistance_mean": 0.9007786512374878,
  "val_resistance_noise_corr": 0.17212139070034027,
  "val_resistance_occlusion_corr": 0.02689214237034321,
  "val_sample_uncertainty_mean": 0.7007425427436829
}