{
  "best_metric": 1.0,
  "cuda_available": false,
  "dataset_name": "synthetic_probe_tensors",
  "device": "cpu",
  "final_diagnostics": {
    "drive_mean": -0.00019891302508767694,
    "drive_std": 0.002441466087475419,
    "energy_mean": -0.8809732794761658,
    "energy_std": 0.21292400360107422,
    "gate_activation_rate": 0.30201682448387146,
    "gate_mean": 0.30201682448387146,
    "gate_std": 0.15100842714309692,
    "message_norm_mean": 0.07378802448511124,
    "message_norm_std": 0.018052654340863228,
    "resistance_mean": 4.3368152546463534e-05,
    "resistance_std": 0.0018397985259070992,
    "responsibility_entropy_mean": 1.471030592918396,
    "responsibility_entropy_std": 6.263084287638776e-06,
    "update_gate_mean": 0.26894116401672363,
    "update_gate_std": 3.7808284105267376e-05,
    "update_strength_mean": 1.0,
    "update_strength_std": 0.0
  },
  "final_metric": 1.0,
  "git_commit": "9ce7b7d",
  "hostname": "Mac-mini.local",
  "message_norm_mean": 0.07378802448511124,
  "metrics_json": "{\"best_metric\": 1.0, \"final_diagnostics\": {\"drive_mean\": -0.00019891302508767694, \"drive_std\": 0.002441466087475419, \"energy_mean\": -0.8809732794761658, \"energy_std\": 0.21292400360107422, \"gate_activation_rate\": 0.30201682448387146, \"gate_mean\": 0.30201682448387146, \"gate_std\": 0.15100842714309692, \"message_norm_mean\": 0.07378802448511124, \"message_norm_std\": 0.018052654340863228, \"resistance_mean\": 4.3368152546463534e-05, \"resistance_std\": 0.0018397985259070992, \"responsibility_entropy_mean\": 1.471030592918396, \"responsibility_entropy_std\": 6.263084287638776e-06, \"update_gate_mean\": 0.26894116401672363, \"update_gate_std\": 3.7808284105267376e-05, \"update_strength_mean\": 1.0, \"update_strength_std\": 0.0}, \"final_metric\": 1.0, \"message_norm_mean\": 0.07378802448511124, \"nan_inf_count\": 0.0, \"peak_memory_mb\": 0.0, \"step\": 1, \"step_time_sec\": 0.0009140968322753906, \"total_train_time_sec\": 0.0009140968322753906, \"train_loss\": 0.0, \"update_norm_mean\": 1.094804286956787, \"wall_clock_time_sec\": 0.0009140968322753906}",
  "mode": "smoke",
  "model_name": "probe_gate_compat_sigmoid_update",
  "nan_inf_count": 0.0,
  "num_params": 14151,
  "peak_memory_mb": 0.0,
  "platform": "macOS-15.1-arm64-arm-64bit",
  "python_version": "3.12.7",
  "reason": "",
  "responsibility_distribution_mode": "standard",
  "responsibility_mode": false,
  "run_dir": "reports/runs/20260506_050535_probe_gate_compat_sigmoid_update",
  "run_id": "probe_gate_compat_sigmoid_update",
  "seed": 3,
  "status": "COMPLETED",
  "step": 1,
  "step_time_sec": 0.0009140968322753906,
  "task_name": "mechanism_probe",
  "timestamp": "2026-05-06T05:05:35Z",
  "torch_version": "2.10.0",
  "torchvision_version": "0.25.0",
  "total_train_time_sec": 0.0009140968322753906,
  "train_loss": 0.0,
  "trainable_params": 14151,
  "update_mode": "sigmoid",
  "update_norm_mean": 1.094804286956787,
  "use_null": false,
  "wall_clock_time_sec": 0.0009140968322753906
}