{
  "ambiguity_weight": NaN,
  "attractor_entropy_weight": NaN,
  "batch_size": 8,
  "best_metric": 0.25,
  "completed_steps": 4,
  "cuda_available": false,
  "dataset_name": "SyntheticShapeEnergyDataset",
  "device": "cpu",
  "early_stop": false,
  "early_stop_step": "",
  "early_stop_triggered": false,
  "examples_per_sec": 825.081931739943,
  "final_diagnostics": {
    "ambiguity_mean": 0.3855128884315491,
    "ambiguity_std": 0.36182624101638794,
    "ambiguity_weight_mean": 1.0,
    "ambiguity_weight_std": 0.0,
    "drive_mean": 0.0059026312083005905,
    "drive_std": 0.3154403865337372,
    "energy_mean": -0.8641460537910461,
    "energy_std": 0.34767401218414307,
    "gate_activation_rate": 0.26896119117736816,
    "gate_mean": 0.26896119117736816,
    "gate_std": 0.00031456604483537376,
    "resistance_mean": 0.17261768877506256,
    "resistance_std": 0.45701953768730164,
    "sample_uncertainty_mean": 0.6930795311927795,
    "sample_uncertainty_std": 0.00016400252934545279
  },
  "final_metric": 0.25,
  "final_train_accuracy": 0.25,
  "final_train_loss": 1.660482406616211,
  "git_commit": "19568db",
  "grad_norm": 1.182298183441162,
  "hostname": "BMW-Pro.local",
  "learning_rate": 0.001,
  "metrics_json": "{\"ambiguity_weight\": NaN, \"attractor_entropy_weight\": NaN, \"best_metric\": 0.25, \"completed_steps\": 4, \"early_stop_step\": \"\", \"early_stop_triggered\": false, \"examples_per_sec\": 825.081931739943, \"final_diagnostics\": {\"ambiguity_mean\": 0.3855128884315491, \"ambiguity_std\": 0.36182624101638794, \"ambiguity_weight_mean\": 1.0, \"ambiguity_weight_std\": 0.0, \"drive_mean\": 0.0059026312083005905, \"drive_std\": 0.3154403865337372, \"energy_mean\": -0.8641460537910461, \"energy_std\": 0.34767401218414307, \"gate_activation_rate\": 0.26896119117736816, \"gate_mean\": 0.26896119117736816, \"gate_std\": 0.00031456604483537376, \"resistance_mean\": 0.17261768877506256, \"resistance_std\": 0.45701953768730164, \"sample_uncertainty_mean\": 0.6930795311927795, \"sample_uncertainty_std\": 0.00016400252934545279}, \"final_metric\": 0.25, \"final_train_accuracy\": 0.25, \"final_train_loss\": 1.660482406616211, \"grad_norm\": 1.182298183441162, \"learning_rate\": 0.001, \"null_threshold\": NaN, \"peak_memory_mb\": 0.0, \"precision_update_threshold\": NaN, \"resistance_noise_corr\": -0.22489310801029205, \"resistance_occlusion_corr\": -0.31494390964508057, \"responsibility_temperature\": NaN, \"step\": 4, \"step_time_sec\": 0.009696006774902344, \"top1_accuracy\": 0.25, \"top5_accuracy\": 1.0, \"total_train_time_sec\": 0.10199809074401855, \"train_accuracy\": 0.25, \"train_loss\": 1.660482406616211, \"wall_clock_time_sec\": 0.10117602348327637, \"warmup_eta\": 1.0}",
  "min_delta": 0.0001,
  "mode": "smoke",
  "model_name": "cnn_eml_workers0",
  "null_threshold": NaN,
  "num_params": 162644,
  "num_workers": 0,
  "patience": 20,
  "peak_memory_mb": 0.0,
  "platform": "macOS-26.0-arm64-arm-64bit",
  "precision_update_threshold": NaN,
  "python_version": "3.12.12",
  "reason": "",
  "resistance_noise_corr": -0.22489310801029205,
  "resistance_occlusion_corr": -0.31494390964508057,
  "responsibility_temperature": NaN,
  "run_dir": "reports/image_representation_ablation/runs/20260424_085157_cnn_eml_workers0_seed0",
  "run_id": "cnn_eml_workers0_seed0",
  "seed": 0,
  "status": "COMPLETED",
  "step": 4,
  "step_time_sec": 0.009696006774902344,
  "steps": 4,
  "task_name": "image_synthetic",
  "timestamp": "2026-04-24T08:51:57Z",
  "top1_accuracy": 0.25,
  "top5_accuracy": 1.0,
  "torch_version": "2.10.0",
  "torchvision_version": "unavailable",
  "total_train_time_sec": 0.10199809074401855,
  "train_accuracy": 0.25,
  "train_loss": 1.660482406616211,
  "trainable_params": 162644,
  "wall_clock_time_sec": 0.10117602348327637,
  "warmup_enabled": true,
  "warmup_eta": 1.0
}