{
  "model_class": "EMLEdgeFunctionNetwork",
  "num_params": 35719,
  "target_mean": -0.429581880569458,
  "target_std": 0.790918231010437,
  "trainable_params": 35719
}