{
  "best_metric": 0.9921875,
  "best_step": 275,
  "clean_accuracy": 0.9921875,
  "clean_aurc": 0.000933449249714613,
  "clean_ece": 0.06929178535938263,
  "clean_resistance_noise_corr": 3.909066847995746e-08,
  "clean_resistance_occlusion_corr": NaN,
  "clean_vs_noisy_auroc": 0.5535974502563477,
  "clean_vs_occluded_auroc": 0.5870561599731445,
  "cuda_available": true,
  "dataset_name": "synthetic_shape_uncertainty",
  "device": "cuda",
  "early_stop_triggered": false,
  "final_metric": 0.9921875,
  "git_commit": "0c0b3db",
  "hostname": "user-NF5468M6",
  "metrics_json": "{\"best_metric\": 0.9921875, \"best_step\": 275, \"clean_accuracy\": 0.9921875, \"clean_aurc\": 0.000933449249714613, \"clean_ece\": 0.06929178535938263, \"clean_resistance_noise_corr\": 3.909066847995746e-08, \"clean_resistance_occlusion_corr\": NaN, \"clean_vs_noisy_auroc\": 0.5535974502563477, \"clean_vs_occluded_auroc\": 0.5870561599731445, \"early_stop_triggered\": false, \"final_metric\": 0.9921875, \"noisy_accuracy\": 0.9736328125, \"noisy_aurc\": 0.0016971706645563245, \"noisy_ece\": 0.06355544179677963, \"noisy_resistance_noise_corr\": NaN, \"noisy_resistance_occlusion_corr\": NaN, \"occluded_accuracy\": 0.861328125, \"occluded_aurc\": 0.01980504021048546, \"occluded_ece\": 0.05036568641662598, \"occluded_resistance_noise_corr\": 2.897410844582282e-08, \"occluded_resistance_occlusion_corr\": 0.7660223841667175, \"steps_run\": 300, \"total_train_time_sec\": 26.91978144645691}",
  "mode": "medium",
  "model_name": "cnn_cosine_prototype",
  "noisy_accuracy": 0.9736328125,
  "noisy_aurc": 0.0016971706645563245,
  "noisy_ece": 0.06355544179677963,
  "noisy_resistance_noise_corr": NaN,
  "noisy_resistance_occlusion_corr": NaN,
  "occluded_accuracy": 0.861328125,
  "occluded_aurc": 0.01980504021048546,
  "occluded_ece": 0.05036568641662598,
  "occluded_resistance_noise_corr": 2.897410844582282e-08,
  "occluded_resistance_occlusion_corr": 0.7660223841667175,
  "platform": "Linux-5.4.0-216-generic-x86_64-with-glibc2.31",
  "python_version": "3.10.20",
  "reason": "",
  "run_dir": "reports/pluggable_primitive_real_20260427/end_to_end_runs/20260427_042809_uncertainty_e2e_synthetic_shape_uncertainty_cnn_cosine_prototype_seed2",
  "run_id": "uncertainty_e2e_synthetic_shape_uncertainty_cnn_cosine_prototype_seed2",
  "seed": 2,
  "status": "COMPLETED",
  "steps_run": 300,
  "task_name": "end_to_end_uncertainty",
  "timestamp": "2026-04-27T04:28:36Z",
  "torch_version": "2.7.1+cu118",
  "torchvision_version": "0.22.1+cu118",
  "total_train_time_sec": 26.91978144645691
}