{
  "batch_size": 32,
  "best_metric": 0.1953125,
  "best_step": 10,
  "best_val_accuracy": 0.1953125,
  "cuda_available": false,
  "dataset_name": "synthetic_shape",
  "device": "cpu",
  "experiment_type": "frozen_features",
  "feature_dim": 64,
  "features_dir": "reports/head_ablation/features/synthetic_shape_smoke_seed1",
  "final_metric": 0.203125,
  "final_train_accuracy": 0.1875,
  "final_train_loss": 1.614194393157959,
  "git_commit": "19568db",
  "hostname": "BMW-Pro.local",
  "lr": 0.001,
  "metrics_json": "{\"best_metric\": 0.1953125, \"best_step\": 10, \"best_val_accuracy\": 0.1953125, \"final_metric\": 0.203125, \"final_train_accuracy\": 0.1875, \"final_train_loss\": 1.614194393157959, \"test_accuracy\": 0.203125, \"test_ambiguity_mean\": -0.34146231412887573, \"test_brier\": 0.7998483180999756, \"test_class_resistance_mean\": 0.2001430094242096, \"test_ece\": 0.01117435097694397, \"test_hard_negative_drive_mean\": 0.2000032663345337, \"test_hard_negative_logit_mean\": 0.01747666299343109, \"test_hard_negative_resistance_mean\": 0.35145556926727295, \"test_loss\": 1.6090441942214966, \"test_margin_mean\": -0.059335120022296906, \"test_nll\": 1.6090441942214966, \"test_positive_drive_mean\": -0.42546385526657104, \"test_positive_logit_mean\": -0.04185846075415611, \"test_positive_resistance_mean\": 0.5031242370605469, \"test_resistance_noise_corr\": -0.01726686954498291, \"test_resistance_occlusion_corr\": 0.11840196698904037, \"test_sample_uncertainty_mean\": 0.6488509774208069, \"total_train_time_sec\": 0.07252693176269531, \"val_accuracy\": 0.1875, \"val_ambiguity_mean\": -0.34197258949279785, \"val_brier\": 0.8009255528450012, \"val_class_resistance_mean\": 0.2001430094242096, \"val_ece\": 0.026769518852233887, \"val_hard_negative_drive_mean\": 0.20452980697155, \"val_hard_negative_logit_mean\": 0.01806795597076416, \"val_hard_negative_resistance_mean\": 0.34958890080451965, \"val_loss\": 1.6117057800292969, \"val_margin_mean\": -0.06261458247900009, \"val_nll\": 1.6117057800292969, \"val_positive_drive_mean\": -0.46612608432769775, \"val_positive_logit_mean\": -0.04454662650823593, \"val_positive_resistance_mean\": 0.5124556422233582, \"val_resistance_noise_corr\": -0.012052147649228573, \"val_resistance_occlusion_corr\": 0.10666730254888535, \"val_sample_uncertainty_mean\": 0.648846447467804}",
  "mode": "head_ablation",
  "model_class": "EMLPrototypeHeadCenteredAmbiguity",
  "model_name": "eml_centered_ambiguity",
  "num_classes": 5,
  "num_params": 18002,
  "pairwise_margin": 0.0,
  "pairwise_weight": 0.0,
  "platform": "macOS-26.0-arm64-arm-64bit",
  "python_version": "3.12.12",
  "reason": "",
  "run_dir": "reports/head_ablation/runs/20260424_085044_frozen_synthetic_shape_eml_centered_ambiguity_seed1",
  "run_id": "frozen_synthetic_shape_eml_centered_ambiguity_seed1",
  "seed": 1,
  "status": "COMPLETED",
  "steps": 30,
  "task_name": "image_classification",
  "test_accuracy": 0.203125,
  "test_ambiguity_mean": -0.34146231412887573,
  "test_brier": 0.7998483180999756,
  "test_class_resistance_mean": 0.2001430094242096,
  "test_ece": 0.01117435097694397,
  "test_hard_negative_drive_mean": 0.2000032663345337,
  "test_hard_negative_logit_mean": 0.01747666299343109,
  "test_hard_negative_resistance_mean": 0.35145556926727295,
  "test_loss": 1.6090441942214966,
  "test_margin_mean": -0.059335120022296906,
  "test_nll": 1.6090441942214966,
  "test_positive_drive_mean": -0.42546385526657104,
  "test_positive_logit_mean": -0.04185846075415611,
  "test_positive_resistance_mean": 0.5031242370605469,
  "test_resistance_noise_corr": -0.01726686954498291,
  "test_resistance_occlusion_corr": 0.11840196698904037,
  "test_sample_uncertainty_mean": 0.6488509774208069,
  "timestamp": "2026-04-24T08:50:44Z",
  "torch_version": "2.10.0",
  "torchvision_version": "unavailable",
  "total_train_time_sec": 0.07252693176269531,
  "trainable_params": 18002,
  "val_accuracy": 0.1875,
  "val_ambiguity_mean": -0.34197258949279785,
  "val_brier": 0.8009255528450012,
  "val_class_resistance_mean": 0.2001430094242096,
  "val_ece": 0.026769518852233887,
  "val_hard_negative_drive_mean": 0.20452980697155,
  "val_hard_negative_logit_mean": 0.01806795597076416,
  "val_hard_negative_resistance_mean": 0.34958890080451965,
  "val_loss": 1.6117057800292969,
  "val_margin_mean": -0.06261458247900009,
  "val_nll": 1.6117057800292969,
  "val_positive_drive_mean": -0.46612608432769775,
  "val_positive_logit_mean": -0.04454662650823593,
  "val_positive_resistance_mean": 0.5124556422233582,
  "val_resistance_noise_corr": -0.012052147649228573,
  "val_resistance_occlusion_corr": 0.10666730254888535,
  "val_sample_uncertainty_mean": 0.648846447467804
}