{
  "batch_size": 64,
  "best_metric": 0.5078125,
  "best_step": 175,
  "clean_accuracy": 0.4609375,
  "clean_brier": 0.697443962097168,
  "clean_confidence_mean": 0.36296653747558594,
  "clean_ece": 0.10305310785770416,
  "clean_nll": 1.545820713043213,
  "clean_risk_at_100_coverage": 0.5390625,
  "clean_risk_at_50_coverage": 0.4348958134651184,
  "clean_risk_at_70_coverage": 0.47583645582199097,
  "clean_risk_at_80_coverage": 0.4861788749694824,
  "clean_risk_at_90_coverage": 0.5144509077072144,
  "clean_score_name": "one_minus_confidence",
  "clean_selective_aurc": 0.3949943482875824,
  "clean_uncertainty_mean": 0.6370334625244141,
  "clean_vs_noisy_auroc": 0.5906588435173035,
  "clean_vs_occluded_auroc": 0.5598030090332031,
  "condition_metrics_path": "reports/uncertainty_resistance_true_20260427/runs/20260427_015709_uncertainty_cifar10_cosine_prototype_seed0/uncertainty_eval.pt",
  "cuda_available": true,
  "dataset_name": "cifar10",
  "device": "cuda",
  "early_stop_patience": 4,
  "early_stop_triggered": false,
  "experiment_type": "frozen_features_uncertainty",
  "feature_dim": 64,
  "final_metric": 0.4609375,
  "final_train_loss": 1.3917969465255737,
  "git_commit": "0c0b3db",
  "hostname": "user-NF5468M6",
  "metrics_json": "{\"best_metric\": 0.5078125, \"best_step\": 175, \"clean_accuracy\": 0.4609375, \"clean_brier\": 0.697443962097168, \"clean_confidence_mean\": 0.36296653747558594, \"clean_ece\": 0.10305310785770416, \"clean_nll\": 1.545820713043213, \"clean_risk_at_100_coverage\": 0.5390625, \"clean_risk_at_50_coverage\": 0.4348958134651184, \"clean_risk_at_70_coverage\": 0.47583645582199097, \"clean_risk_at_80_coverage\": 0.4861788749694824, \"clean_risk_at_90_coverage\": 0.5144509077072144, \"clean_score_name\": \"one_minus_confidence\", \"clean_selective_aurc\": 0.3949943482875824, \"clean_uncertainty_mean\": 0.6370334625244141, \"clean_vs_noisy_auroc\": 0.5906588435173035, \"clean_vs_occluded_auroc\": 0.5598030090332031, \"condition_metrics_path\": \"reports/uncertainty_resistance_true_20260427/runs/20260427_015709_uncertainty_cifar10_cosine_prototype_seed0/uncertainty_eval.pt\", \"early_stop_patience\": 4, \"early_stop_triggered\": false, \"final_metric\": 0.4609375, \"final_train_loss\": 1.3917969465255737, \"noisy_accuracy\": 0.4267578125, \"noisy_brier\": 0.723986029624939, \"noisy_confidence_mean\": 0.33520299196243286, \"noisy_ece\": 0.10561954230070114, \"noisy_nll\": 1.630914568901062, \"noisy_risk_at_100_coverage\": 0.5732421875, \"noisy_risk_at_50_coverage\": 0.4296875, \"noisy_risk_at_70_coverage\": 0.49093443155288696, \"noisy_risk_at_80_coverage\": 0.5121951103210449, \"noisy_risk_at_90_coverage\": 0.5455531477928162, \"noisy_score_name\": \"one_minus_confidence\", \"noisy_selective_aurc\": 0.41155311465263367, \"noisy_uncertainty_mean\": 0.6647970080375671, \"occluded_accuracy\": 0.431640625, \"occluded_brier\": 0.7264249324798584, \"occluded_confidence_mean\": 0.3443358242511749, \"occluded_ece\": 0.0887439101934433, \"occluded_nll\": 1.6390901803970337, \"occluded_risk_at_100_coverage\": 0.568359375, \"occluded_risk_at_50_coverage\": 0.4921875, \"occluded_risk_at_70_coverage\": 0.5188284516334534, \"occluded_risk_at_80_coverage\": 0.5341463088989258, \"occluded_risk_at_90_coverage\": 0.546637773513794, \"occluded_score_name\": \"one_minus_confidence\", \"occluded_selective_aurc\": 0.45405036211013794, \"occluded_uncertainty_mean\": 0.6556642055511475, \"steps_run\": 250, \"total_train_time_sec\": 18.67976665496826}",
  "mode": "uncertainty_benchmark",
  "model_class": "CosinePrototypeHead",
  "model_name": "cosine_prototype",
  "noisy_accuracy": 0.4267578125,
  "noisy_brier": 0.723986029624939,
  "noisy_confidence_mean": 0.33520299196243286,
  "noisy_ece": 0.10561954230070114,
  "noisy_nll": 1.630914568901062,
  "noisy_risk_at_100_coverage": 0.5732421875,
  "noisy_risk_at_50_coverage": 0.4296875,
  "noisy_risk_at_70_coverage": 0.49093443155288696,
  "noisy_risk_at_80_coverage": 0.5121951103210449,
  "noisy_risk_at_90_coverage": 0.5455531477928162,
  "noisy_score_name": "one_minus_confidence",
  "noisy_selective_aurc": 0.41155311465263367,
  "noisy_uncertainty_mean": 0.6647970080375671,
  "num_classes": 10,
  "num_params": 640,
  "num_workers": 0,
  "occluded_accuracy": 0.431640625,
  "occluded_brier": 0.7264249324798584,
  "occluded_confidence_mean": 0.3443358242511749,
  "occluded_ece": 0.0887439101934433,
  "occluded_nll": 1.6390901803970337,
  "occluded_risk_at_100_coverage": 0.568359375,
  "occluded_risk_at_50_coverage": 0.4921875,
  "occluded_risk_at_70_coverage": 0.5188284516334534,
  "occluded_risk_at_80_coverage": 0.5341463088989258,
  "occluded_risk_at_90_coverage": 0.546637773513794,
  "occluded_score_name": "one_minus_confidence",
  "occluded_selective_aurc": 0.45405036211013794,
  "occluded_uncertainty_mean": 0.6556642055511475,
  "platform": "Linux-5.4.0-216-generic-x86_64-with-glibc2.31",
  "python_version": "3.10.20",
  "reason": "",
  "run_dir": "reports/uncertainty_resistance_true_20260427/runs/20260427_015709_uncertainty_cifar10_cosine_prototype_seed0",
  "run_id": "uncertainty_cifar10_cosine_prototype_seed0",
  "seed": 0,
  "status": "COMPLETED",
  "steps_run": 250,
  "task_name": "image_uncertainty_selective_classification",
  "test_size": 1024,
  "timestamp": "2026-04-27T01:57:27Z",
  "torch_version": "2.7.1+cu118",
  "torchvision_version": "0.22.1+cu118",
  "total_train_time_sec": 18.67976665496826,
  "train_size": 4096,
  "trainable_params": 640
}