{
  "backbone_steps": 300,
  "batch_size": 64,
  "best_metric": 0.7890625,
  "best_step": 125,
  "clean_accuracy": 0.796875,
  "clean_brier": 0.2991984188556671,
  "clean_confidence_mean": 0.6971657872200012,
  "clean_conflict_resistance_corr": NaN,
  "clean_conflict_score_mean": 0.6746938824653625,
  "clean_ece": 0.10111232101917267,
  "clean_nll": 0.43070152401924133,
  "clean_positive_resistance_mean": 0.022828036919236183,
  "clean_resistance_noise_corr": -1.1846735148424159e-08,
  "clean_resistance_occlusion_corr": NaN,
  "clean_risk_at_100_coverage": 0.203125,
  "clean_risk_at_50_coverage": 0.1927083134651184,
  "clean_risk_at_70_coverage": 0.28624534606933594,
  "clean_risk_at_80_coverage": 0.25040650367736816,
  "clean_risk_at_90_coverage": 0.2225433588027954,
  "clean_score_name": "positive_resistance",
  "clean_selective_aurc": 0.14500106871128082,
  "clean_support_score_mean": 1.6619372367858887,
  "clean_uncertainty_mean": 0.022828036919236183,
  "clean_vs_noisy_auroc": 0.5481452941894531,
  "clean_vs_occluded_auroc": 0.5772921442985535,
  "condition_metrics_path": "reports/pluggable_primitive_real_20260427/frozen_runs/20260427_041145_uncertainty_synthetic_shape_merc_energy_seed0/uncertainty_eval.pt",
  "cuda_available": true,
  "dataset_name": "synthetic_shape",
  "device": "cuda",
  "early_stop_min_evals": 2,
  "early_stop_patience": 4,
  "early_stop_triggered": true,
  "eval_interval": 25,
  "experiment_type": "frozen_features_uncertainty",
  "feature_dim": 64,
  "final_metric": 0.796875,
  "final_train_loss": 0.684397280216217,
  "git_commit": "0c0b3db",
  "head_steps": 1200,
  "hostname": "user-NF5468M6",
  "metrics_json": "{\"best_metric\": 0.7890625, \"best_step\": 125, \"clean_accuracy\": 0.796875, \"clean_brier\": 0.2991984188556671, \"clean_confidence_mean\": 0.6971657872200012, \"clean_conflict_resistance_corr\": NaN, \"clean_conflict_score_mean\": 0.6746938824653625, \"clean_ece\": 0.10111232101917267, \"clean_nll\": 0.43070152401924133, \"clean_positive_resistance_mean\": 0.022828036919236183, \"clean_resistance_noise_corr\": -1.1846735148424159e-08, \"clean_resistance_occlusion_corr\": NaN, \"clean_risk_at_100_coverage\": 0.203125, \"clean_risk_at_50_coverage\": 0.1927083134651184, \"clean_risk_at_70_coverage\": 0.28624534606933594, \"clean_risk_at_80_coverage\": 0.25040650367736816, \"clean_risk_at_90_coverage\": 0.2225433588027954, \"clean_score_name\": \"positive_resistance\", \"clean_selective_aurc\": 0.14500106871128082, \"clean_support_score_mean\": 1.6619372367858887, \"clean_uncertainty_mean\": 0.022828036919236183, \"clean_vs_noisy_auroc\": 0.5481452941894531, \"clean_vs_occluded_auroc\": 0.5772921442985535, \"condition_metrics_path\": \"reports/pluggable_primitive_real_20260427/frozen_runs/20260427_041145_uncertainty_synthetic_shape_merc_energy_seed0/uncertainty_eval.pt\", \"early_stop_patience\": 4, \"early_stop_triggered\": true, \"final_metric\": 0.796875, \"final_train_loss\": 0.684397280216217, \"noisy_accuracy\": 0.78515625, \"noisy_brier\": 0.307309091091156, \"noisy_confidence_mean\": 0.7091785669326782, \"noisy_conflict_resistance_corr\": -2.321427317042435e-08, \"noisy_conflict_score_mean\": 0.6908836364746094, \"noisy_ece\": 0.09683971107006073, \"noisy_nll\": 0.4697287082672119, \"noisy_positive_resistance_mean\": 0.05771971121430397, \"noisy_resistance_noise_corr\": NaN, \"noisy_resistance_occlusion_corr\": NaN, \"noisy_risk_at_100_coverage\": 0.21484375, \"noisy_risk_at_50_coverage\": 0.29296875, \"noisy_risk_at_70_coverage\": 0.28591352701187134, \"noisy_risk_at_80_coverage\": 0.2512195110321045, \"noisy_risk_at_90_coverage\": 0.22451192140579224, \"noisy_score_name\": \"positive_resistance\", \"noisy_selective_aurc\": 0.16720619797706604, \"noisy_support_score_mean\": 1.8022842407226562, \"noisy_uncertainty_mean\": 0.05771971121430397, \"occluded_accuracy\": 0.7353515625, \"occluded_brier\": 0.3544749915599823, \"occluded_confidence_mean\": 0.7046509385108948, \"occluded_conflict_resistance_corr\": -0.12978869676589966, \"occluded_conflict_score_mean\": 0.69961017370224, \"occluded_ece\": 0.09431889653205872, \"occluded_nll\": 0.655619740486145, \"occluded_positive_resistance_mean\": 0.2682051360607147, \"occluded_resistance_noise_corr\": 7.507519939053964e-09, \"occluded_resistance_occlusion_corr\": 0.17893251776695251, \"occluded_risk_at_100_coverage\": 0.2646484375, \"occluded_risk_at_50_coverage\": 0.34765625, \"occluded_risk_at_70_coverage\": 0.25801950693130493, \"occluded_risk_at_80_coverage\": 0.22804880142211914, \"occluded_risk_at_90_coverage\": 0.2104121446609497, \"occluded_score_name\": \"positive_resistance\", \"occluded_selective_aurc\": 0.18938027322292328, \"occluded_support_score_mean\": 1.707365870475769, \"occluded_uncertainty_mean\": 0.2682051360607147, \"pooled_conflict_resistance_corr\": -0.03432847931981087, \"pooled_resistance_noise_corr\": -0.037186574190855026, \"pooled_resistance_occlusion_corr\": 0.1761779636144638, \"steps_run\": 225, \"total_train_time_sec\": 18.934719800949097}",
  "mode": "uncertainty_benchmark",
  "model_class": "MERCHeadClassEnergy",
  "model_name": "merc_energy",
  "noisy_accuracy": 0.78515625,
  "noisy_brier": 0.307309091091156,
  "noisy_confidence_mean": 0.7091785669326782,
  "noisy_conflict_resistance_corr": -2.321427317042435e-08,
  "noisy_conflict_score_mean": 0.6908836364746094,
  "noisy_ece": 0.09683971107006073,
  "noisy_nll": 0.4697287082672119,
  "noisy_positive_resistance_mean": 0.05771971121430397,
  "noisy_resistance_noise_corr": NaN,
  "noisy_resistance_occlusion_corr": NaN,
  "noisy_risk_at_100_coverage": 0.21484375,
  "noisy_risk_at_50_coverage": 0.29296875,
  "noisy_risk_at_70_coverage": 0.28591352701187134,
  "noisy_risk_at_80_coverage": 0.2512195110321045,
  "noisy_risk_at_90_coverage": 0.22451192140579224,
  "noisy_score_name": "positive_resistance",
  "noisy_selective_aurc": 0.16720619797706604,
  "noisy_support_score_mean": 1.8022842407226562,
  "noisy_uncertainty_mean": 0.05771971121430397,
  "num_classes": 5,
  "num_params": 92222,
  "num_workers": 0,
  "occluded_accuracy": 0.7353515625,
  "occluded_brier": 0.3544749915599823,
  "occluded_confidence_mean": 0.7046509385108948,
  "occluded_conflict_resistance_corr": -0.12978869676589966,
  "occluded_conflict_score_mean": 0.69961017370224,
  "occluded_ece": 0.09431889653205872,
  "occluded_nll": 0.655619740486145,
  "occluded_positive_resistance_mean": 0.2682051360607147,
  "occluded_resistance_noise_corr": 7.507519939053964e-09,
  "occluded_resistance_occlusion_corr": 0.17893251776695251,
  "occluded_risk_at_100_coverage": 0.2646484375,
  "occluded_risk_at_50_coverage": 0.34765625,
  "occluded_risk_at_70_coverage": 0.25801950693130493,
  "occluded_risk_at_80_coverage": 0.22804880142211914,
  "occluded_risk_at_90_coverage": 0.2104121446609497,
  "occluded_score_name": "positive_resistance",
  "occluded_selective_aurc": 0.18938027322292328,
  "occluded_support_score_mean": 1.707365870475769,
  "occluded_uncertainty_mean": 0.2682051360607147,
  "platform": "Linux-5.4.0-216-generic-x86_64-with-glibc2.31",
  "pooled_conflict_resistance_corr": -0.03432847931981087,
  "pooled_resistance_noise_corr": -0.037186574190855026,
  "pooled_resistance_occlusion_corr": 0.1761779636144638,
  "python_version": "3.10.20",
  "reason": "",
  "run_dir": "reports/pluggable_primitive_real_20260427/frozen_runs/20260427_041145_uncertainty_synthetic_shape_merc_energy_seed0",
  "run_id": "uncertainty_synthetic_shape_merc_energy_seed0",
  "seed": 0,
  "selected_heads": [
    "linear",
    "mlp",
    "cosine_prototype",
    "eml_no_ambiguity",
    "eml_centered_ambiguity",
    "eml_supervised_resistance",
    "merc_linear",
    "merc_energy"
  ],
  "status": "COMPLETED",
  "steps_run": 225,
  "task_name": "image_uncertainty_selective_classification",
  "test_size": 1024,
  "timestamp": "2026-04-27T04:12:04Z",
  "torch_version": "2.7.1+cu118",
  "torchvision_version": "0.22.1+cu118",