{
  "batch_size": 32,
  "best_metric": 0.4140625,
  "clean_accuracy": 0.390625,
  "clean_brier": 0.6952241659164429,
  "clean_confidence_mean": 0.30270567536354065,
  "clean_ece": 0.11079831421375275,
  "clean_nll": 1.3563796281814575,
  "clean_risk_at_100_coverage": 0.609375,
  "clean_risk_at_50_coverage": 0.421875,
  "clean_risk_at_70_coverage": 0.5,
  "clean_risk_at_80_coverage": 0.5436893105506897,
  "clean_risk_at_90_coverage": 0.5948275923728943,
  "clean_score_name": "one_minus_confidence",
  "clean_selective_aurc": 0.41000810265541077,
  "clean_uncertainty_mean": 0.697294294834137,
  "clean_vs_noisy_auroc": 0.540191650390625,
  "clean_vs_occluded_auroc": 0.44915771484375,
  "condition_metrics_path": "reports/uncertainty_benchmark_v2/runs/20260424_094413_uncertainty_synthetic_shape_mlp_seed0/uncertainty_eval.pt",
  "cuda_available": false,
  "dataset_name": "synthetic_shape",
  "device": "cpu",
  "experiment_type": "frozen_features_uncertainty",
  "feature_dim": 64,
  "final_metric": 0.390625,
  "final_train_loss": 1.0476305484771729,
  "git_commit": "c63df07",
  "hostname": "BMW-Pro.local",
  "metrics_json": "{\"best_metric\": 0.4140625, \"clean_accuracy\": 0.390625, \"clean_brier\": 0.6952241659164429, \"clean_confidence_mean\": 0.30270567536354065, \"clean_ece\": 0.11079831421375275, \"clean_nll\": 1.3563796281814575, \"clean_risk_at_100_coverage\": 0.609375, \"clean_risk_at_50_coverage\": 0.421875, \"clean_risk_at_70_coverage\": 0.5, \"clean_risk_at_80_coverage\": 0.5436893105506897, \"clean_risk_at_90_coverage\": 0.5948275923728943, \"clean_score_name\": \"one_minus_confidence\", \"clean_selective_aurc\": 0.41000810265541077, \"clean_uncertainty_mean\": 0.697294294834137, \"clean_vs_noisy_auroc\": 0.540191650390625, \"clean_vs_occluded_auroc\": 0.44915771484375, \"condition_metrics_path\": \"reports/uncertainty_benchmark_v2/runs/20260424_094413_uncertainty_synthetic_shape_mlp_seed0/uncertainty_eval.pt\", \"final_metric\": 0.390625, \"final_train_loss\": 1.0476305484771729, \"noisy_accuracy\": 0.44921875, \"noisy_brier\": 0.69530189037323, \"noisy_confidence_mean\": 0.29181644320487976, \"noisy_ece\": 0.18451587855815887, \"noisy_nll\": 1.3609808683395386, \"noisy_risk_at_100_coverage\": 0.55078125, \"noisy_risk_at_50_coverage\": 0.3046875, \"noisy_risk_at_70_coverage\": 0.4333333373069763, \"noisy_risk_at_80_coverage\": 0.49268293380737305, \"noisy_risk_at_90_coverage\": 0.5281385183334351, \"noisy_score_name\": \"one_minus_confidence\", \"noisy_selective_aurc\": 0.3241923451423645, \"noisy_uncertainty_mean\": 0.7081835865974426, \"occluded_accuracy\": 0.4375, \"occluded_brier\": 0.6943666338920593, \"occluded_confidence_mean\": 0.3097666800022125, \"occluded_ece\": 0.12773330509662628, \"occluded_nll\": 1.364025592803955, \"occluded_risk_at_100_coverage\": 0.5625, \"occluded_risk_at_50_coverage\": 0.375, \"occluded_risk_at_70_coverage\": 0.4833333492279053, \"occluded_risk_at_80_coverage\": 0.507317066192627, \"occluded_risk_at_90_coverage\": 0.5367965698242188, \"occluded_score_name\": \"one_minus_confidence\", \"occluded_selective_aurc\": 0.3569451868534088, \"occluded_uncertainty_mean\": 0.6902332901954651, \"total_train_time_sec\": 0.04509329795837402}",
  "mode": "uncertainty_benchmark",
  "model_class": "MLPHead",
  "model_name": "mlp",
  "noisy_accuracy": 0.44921875,
  "noisy_brier": 0.69530189037323,
  "noisy_confidence_mean": 0.29181644320487976,
  "noisy_ece": 0.18451587855815887,
  "noisy_nll": 1.3609808683395386,
  "noisy_risk_at_100_coverage": 0.55078125,
  "noisy_risk_at_50_coverage": 0.3046875,
  "noisy_risk_at_70_coverage": 0.4333333373069763,
  "noisy_risk_at_80_coverage": 0.49268293380737305,
  "noisy_risk_at_90_coverage": 0.5281385183334351,
  "noisy_score_name": "one_minus_confidence",
  "noisy_selective_aurc": 0.3241923451423645,
  "noisy_uncertainty_mean": 0.7081835865974426,
  "num_classes": 5,
  "num_params": 9093,
  "num_workers": 0,
  "occluded_accuracy": 0.4375,
  "occluded_brier": 0.6943666338920593,
  "occluded_confidence_mean": 0.3097666800022125,
  "occluded_ece": 0.12773330509662628,
  "occluded_nll": 1.364025592803955,
  "occluded_risk_at_100_coverage": 0.5625,
  "occluded_risk_at_50_coverage": 0.375,
  "occluded_risk_at_70_coverage": 0.4833333492279053,
  "occluded_risk_at_80_coverage": 0.507317066192627,
  "occluded_risk_at_90_coverage": 0.5367965698242188,
  "occluded_score_name": "one_minus_confidence",
  "occluded_selective_aurc": 0.3569451868534088,
  "occluded_uncertainty_mean": 0.6902332901954651,
  "platform": "macOS-26.0-arm64-arm-64bit",
  "python_version": "3.12.12",
  "reason": "",
  "run_dir": "reports/uncertainty_benchmark_v2/runs/20260424_094413_uncertainty_synthetic_shape_mlp_seed0",
  "run_id": "uncertainty_synthetic_shape_mlp_seed0",
  "seed": 0,
  "status": "COMPLETED",
  "task_name": "image_uncertainty_selective_classification",
  "test_size": 256,
  "timestamp": "2026-04-24T09:44:13Z",
  "torch_version": "2.10.0",
  "torchvision_version": "unavailable",
  "total_train_time_sec": 0.04509329795837402,
  "train_size": 768,
  "trainable_params": 9093
}