{
  "backbone_steps": 300,
  "batch_size": 64,
  "best_metric": 0.45703125,
  "best_step": 150,
  "clean_accuracy": 0.4153645932674408,
  "clean_brier": 0.7301590442657471,
  "clean_confidence_mean": 0.33301645517349243,
  "clean_ece": 0.08268290758132935,
  "clean_nll": 1.6448135375976562,
  "clean_positive_resistance_mean": 0.1139732226729393,
  "clean_resistance_noise_corr": NaN,
  "clean_resistance_occlusion_corr": NaN,
  "clean_risk_at_100_coverage": 0.5846353769302368,
  "clean_risk_at_50_coverage": 0.4270833134651184,
  "clean_risk_at_70_coverage": 0.5074349641799927,
  "clean_risk_at_80_coverage": 0.5235772132873535,
  "clean_risk_at_90_coverage": 0.541907548904419,
  "clean_score_name": "positive_resistance",
  "clean_selective_aurc": 0.40652042627334595,
  "clean_uncertainty_mean": 0.1139732226729393,
  "clean_vs_noisy_auroc": 0.6507377624511719,
  "clean_vs_occluded_auroc": 0.565942108631134,
  "condition_metrics_path": "reports/pluggable_primitive_real_20260427/frozen_runs/20260427_041700_uncertainty_cifar10_eml_supervised_resistance_seed0/uncertainty_eval.pt",
  "cuda_available": true,
  "dataset_name": "cifar10",
  "device": "cuda",
  "early_stop_min_evals": 2,
  "early_stop_patience": 4,
  "early_stop_triggered": true,
  "eval_interval": 25,
  "experiment_type": "frozen_features_uncertainty",
  "feature_dim": 64,
  "final_metric": 0.4153645932674408,
  "final_train_loss": 1.620495080947876,
  "git_commit": "0c0b3db",
  "head_steps": 1200,
  "hostname": "user-NF5468M6",
  "metrics_json": "{\"best_metric\": 0.45703125, \"best_step\": 150, \"clean_accuracy\": 0.4153645932674408, \"clean_brier\": 0.7301590442657471, \"clean_confidence_mean\": 0.33301645517349243, \"clean_ece\": 0.08268290758132935, \"clean_nll\": 1.6448135375976562, \"clean_positive_resistance_mean\": 0.1139732226729393, \"clean_resistance_noise_corr\": NaN, \"clean_resistance_occlusion_corr\": NaN, \"clean_risk_at_100_coverage\": 0.5846353769302368, \"clean_risk_at_50_coverage\": 0.4270833134651184, \"clean_risk_at_70_coverage\": 0.5074349641799927, \"clean_risk_at_80_coverage\": 0.5235772132873535, \"clean_risk_at_90_coverage\": 0.541907548904419, \"clean_score_name\": \"positive_resistance\", \"clean_selective_aurc\": 0.40652042627334595, \"clean_uncertainty_mean\": 0.1139732226729393, \"clean_vs_noisy_auroc\": 0.6507377624511719, \"clean_vs_occluded_auroc\": 0.565942108631134, \"condition_metrics_path\": \"reports/pluggable_primitive_real_20260427/frozen_runs/20260427_041700_uncertainty_cifar10_eml_supervised_resistance_seed0/uncertainty_eval.pt\", \"early_stop_patience\": 4, \"early_stop_triggered\": true, \"final_metric\": 0.4153645932674408, \"final_train_loss\": 1.620495080947876, \"noisy_accuracy\": 0.341796875, \"noisy_brier\": 0.7469282746315002, \"noisy_confidence_mean\": 0.3349359631538391, \"noisy_ece\": 0.024592669680714607, \"noisy_nll\": 1.7069604396820068, \"noisy_positive_resistance_mean\": 0.2157617211341858, \"noisy_resistance_noise_corr\": NaN, \"noisy_resistance_occlusion_corr\": NaN, \"noisy_risk_at_100_coverage\": 0.658203125, \"noisy_risk_at_50_coverage\": 0.484375, \"noisy_risk_at_70_coverage\": 0.5313807725906372, \"noisy_risk_at_80_coverage\": 0.5756097435951233, \"noisy_risk_at_90_coverage\": 0.6203904151916504, \"noisy_score_name\": \"positive_resistance\", \"noisy_selective_aurc\": 0.4719533622264862, \"noisy_uncertainty_mean\": 0.2157617211341858, \"occluded_accuracy\": 0.3876953125, \"occluded_brier\": 0.7459668517112732, \"occluded_confidence_mean\": 0.33292317390441895, \"occluded_ece\": 0.057573068886995316, \"occluded_nll\": 1.7137819528579712, \"occluded_positive_resistance_mean\": 0.15740966796875, \"occluded_resistance_noise_corr\": NaN, \"occluded_resistance_occlusion_corr\": NaN, \"occluded_risk_at_100_coverage\": 0.6123046875, \"occluded_risk_at_50_coverage\": 0.474609375, \"occluded_risk_at_70_coverage\": 0.5327754616737366, \"occluded_risk_at_80_coverage\": 0.5463414192199707, \"occluded_risk_at_90_coverage\": 0.5726680755615234, \"occluded_score_name\": \"positive_resistance\", \"occluded_selective_aurc\": 0.45128828287124634, \"occluded_uncertainty_mean\": 0.15740966796875, \"pooled_resistance_noise_corr\": 0.19956433773040771, \"pooled_resistance_occlusion_corr\": -0.03818832337856293, \"steps_run\": 250, \"total_train_time_sec\": 12.67126750946045}",
  "mode": "uncertainty_benchmark",
  "model_class": "EMLPrototypeHeadSupervisedResistance",
  "model_name": "eml_supervised_resistance",
  "noisy_accuracy": 0.341796875,
  "noisy_brier": 0.7469282746315002,
  "noisy_confidence_mean": 0.3349359631538391,
  "noisy_ece": 0.024592669680714607,
  "noisy_nll": 1.7069604396820068,
  "noisy_positive_resistance_mean": 0.2157617211341858,
  "noisy_resistance_noise_corr": NaN,
  "noisy_resistance_occlusion_corr": NaN,
  "noisy_risk_at_100_coverage": 0.658203125,
  "noisy_risk_at_50_coverage": 0.484375,
  "noisy_risk_at_70_coverage": 0.5313807725906372,
  "noisy_risk_at_80_coverage": 0.5756097435951233,
  "noisy_risk_at_90_coverage": 0.6203904151916504,
  "noisy_score_name": "positive_resistance",
  "noisy_selective_aurc": 0.4719533622264862,
  "noisy_uncertainty_mean": 0.2157617211341858,
  "num_classes": 10,
  "num_params": 18977,
  "num_workers": 0,
  "occluded_accuracy": 0.3876953125,
  "occluded_brier": 0.7459668517112732,
  "occluded_confidence_mean": 0.33292317390441895,
  "occluded_ece": 0.057573068886995316,
  "occluded_nll": 1.7137819528579712,
  "occluded_positive_resistance_mean": 0.15740966796875,
  "occluded_resistance_noise_corr": NaN,
  "occluded_resistance_occlusion_corr": NaN,
  "occluded_risk_at_100_coverage": 0.6123046875,
  "occluded_risk_at_50_coverage": 0.474609375,
  "occluded_risk_at_70_coverage": 0.5327754616737366,
  "occluded_risk_at_80_coverage": 0.5463414192199707,
  "occluded_risk_at_90_coverage": 0.5726680755615234,
  "occluded_score_name": "positive_resistance",
  "occluded_selective_aurc": 0.45128828287124634,
  "occluded_uncertainty_mean": 0.15740966796875,
  "platform": "Linux-5.4.0-216-generic-x86_64-with-glibc2.31",
  "pooled_resistance_noise_corr": 0.19956433773040771,
  "pooled_resistance_occlusion_corr": -0.03818832337856293,
  "python_version": "3.10.20",
  "reason": "",
  "run_dir": "reports/pluggable_primitive_real_20260427/frozen_runs/20260427_041700_uncertainty_cifar10_eml_supervised_resistance_seed0",
  "run_id": "uncertainty_cifar10_eml_supervised_resistance_seed0",
  "seed": 0,
  "selected_heads": [
    "linear",
    "mlp",
    "cosine_prototype",
    "eml_no_ambiguity",
    "eml_centered_ambiguity",
    "eml_supervised_resistance",
    "merc_linear",
    "merc_energy"
  ],
  "status": "COMPLETED",
  "steps_run": 250,
  "task_name": "image_uncertainty_selective_classification",
  "test_size": 1024,
  "timestamp": "2026-04-27T04:17:13Z",
  "torch_version": "2.7.1+cu118",
  "torchvision_version": "0.22.1+cu118",
  "total_train_time_sec": 12.67126750946045,
  "train_size": 4096,
  "trainable_params": 18977
}