{
  "batch_size": 64,
  "best_metric": 0.4453125,
  "best_step": 300,
  "best_val_accuracy": 0.4453125,
  "cuda_available": true,
  "dataset_name": "cifar10",
  "device": "cuda",
  "early_stop_triggered": false,
  "experiment_type": "end_to_end",
  "feature_dim": 64,
  "final_metric": 0.443359375,
  "final_train_accuracy": 0.625,
  "final_train_loss": 1.2103782892227173,
  "git_commit": "unknown",
  "head_name": "eml_centered_ambiguity",
  "hostname": "user-NF5468M6",
  "loss_mode": "ce",
  "lr": 0.001,
  "metrics_json": "{\"best_metric\": 0.4453125, \"best_step\": 300, \"best_val_accuracy\": 0.4453125, \"early_stop_triggered\": false, \"final_metric\": 0.443359375, \"final_train_accuracy\": 0.625, \"final_train_loss\": 1.2103782892227173, \"steps_run\": 300, \"test_accuracy\": 0.443359375, \"test_ambiguity_mean\": 1.1081335544586182, \"test_brier\": 0.7185033559799194, \"test_class_resistance_mean\": 0.20011980831623077, \"test_ece\": 0.06996211409568787, \"test_hard_negative_drive_mean\": 6.044768333435059, \"test_hard_negative_logit_mean\": 2.1835906505584717, \"test_hard_negative_resistance_mean\": 0.968738853931427, \"test_loss\": 1.6293373107910156, \"test_margin_mean\": -0.4601984918117523, \"test_nll\": 1.6293373107910156, \"test_positive_drive_mean\": 4.896297454833984, \"test_positive_logit_mean\": 1.723392128944397, \"test_positive_resistance_mean\": 0.9446032047271729, \"test_resistance_noise_corr\": NaN, \"test_resistance_occlusion_corr\": NaN, \"test_sample_uncertainty_mean\": 0.0006382259307429194, \"total_train_time_sec\": 13.866901397705078, \"val_accuracy\": 0.4453125, \"val_ambiguity_mean\": 1.1288764476776123, \"val_brier\": 0.6979279518127441, \"val_class_resistance_mean\": 0.20011980831623077, \"val_ece\": 0.07257447391748428, \"val_hard_negative_drive_mean\": 6.066033363342285, \"val_hard_negative_logit_mean\": 2.173804759979248, \"val_hard_negative_resistance_mean\": 0.9733609557151794, \"val_loss\": 1.568495512008667, \"val_margin_mean\": -0.3778958022594452, \"val_nll\": 1.568495512008667, \"val_positive_drive_mean\": 4.990114688873291, \"val_positive_logit_mean\": 1.79590904712677, \"val_positive_resistance_mean\": 0.9637022018432617, \"val_resistance_noise_corr\": NaN, \"val_resistance_occlusion_corr\": NaN, \"val_sample_uncertainty_mean\": 0.0006650163559243083}",
  "mode": "head_ablation",
  "model_class": "CNNHeadModel",
  "model_name": "eml_bank_centered_ambiguity",
  "num_classes": 10,
  "num_params": 221443,
  "pairwise_margin": 0.0,
  "pairwise_weight": 0.0,
  "platform": "Linux-5.4.0-216-generic-x86_64-with-glibc2.31",
  "python_version": "3.10.20",
  "reason": "",
  "run_dir": "reports/merc_end_to_end_rerun/runs/20260425_035519_e2e_cifar10_eml_bank_centered_ambiguity_ce_seed1",
  "run_id": "e2e_cifar10_eml_bank_centered_ambiguity_ce_seed1",
  "seed": 1,
  "status": "COMPLETED",
  "steps": 300,
  "steps_run": 300,
  "task_name": "image_classification",
  "test_accuracy": 0.443359375,
  "test_ambiguity_mean": 1.1081335544586182,
  "test_brier": 0.7185033559799194,
  "test_class_resistance_mean": 0.20011980831623077,
  "test_ece": 0.06996211409568787,
  "test_hard_negative_drive_mean": 6.044768333435059,
  "test_hard_negative_logit_mean": 2.1835906505584717,
  "test_hard_negative_resistance_mean": 0.968738853931427,
  "test_loss": 1.6293373107910156,
  "test_margin_mean": -0.4601984918117523,
  "test_nll": 1.6293373107910156,
  "test_positive_drive_mean": 4.896297454833984,
  "test_positive_logit_mean": 1.723392128944397,
  "test_positive_resistance_mean": 0.9446032047271729,
  "test_resistance_noise_corr": NaN,
  "test_resistance_occlusion_corr": NaN,
  "test_sample_uncertainty_mean": 0.0006382259307429194,
  "timestamp": "2026-04-25T03:55:33Z",
  "torch_version": "2.7.1+cu118",
  "torchvision_version": "0.22.1+cu118",
  "total_train_time_sec": 13.866901397705078,
  "trainable_params": 221443,
  "use_eml_residual_bank": true,
  "use_merc_block": false,
  "val_accuracy": 0.4453125,
  "val_ambiguity_mean": 1.1288764476776123,
  "val_brier": 0.6979279518127441,
  "val_class_resistance_mean": 0.20011980831623077,
  "val_ece": 0.07257447391748428,
  "val_hard_negative_drive_mean": 6.066033363342285,
  "val_hard_negative_logit_mean": 2.173804759979248,
  "val_hard_negative_resistance_mean": 0.9733609557151794,
  "val_loss": 1.568495512008667,
  "val_margin_mean": -0.3778958022594452,
  "val_nll": 1.568495512008667,
  "val_positive_drive_mean": 4.990114688873291,
  "val_positive_logit_mean": 1.79590904712677,
  "val_positive_resistance_mean": 0.9637022018432617,
  "val_resistance_noise_corr": NaN,
  "val_resistance_occlusion_corr": NaN,
  "val_sample_uncertainty_mean": 0.0006650163559243083
}