{
  "backbone_steps": 40,
  "batch_size": 32,
  "best_metric": 0.4375,
  "best_step": 40,
  "clean_accuracy": 0.3984375,
  "clean_brier": 0.7426521182060242,
  "clean_confidence_mean": 0.2621970772743225,
  "clean_ece": 0.1653439700603485,
  "clean_nll": 1.479162335395813,
  "clean_risk_at_100_coverage": 0.6015625,
  "clean_risk_at_50_coverage": 0.453125,
  "clean_risk_at_70_coverage": 0.5222222208976746,
  "clean_risk_at_80_coverage": 0.5728155374526978,
  "clean_risk_at_90_coverage": 0.5862069129943848,
  "clean_score_name": "one_minus_confidence",
  "clean_selective_aurc": 0.3599928021430969,
  "clean_uncertainty_mean": 0.7378028631210327,
  "clean_vs_noisy_auroc": 0.505462646484375,
  "clean_vs_occluded_auroc": 0.38751220703125,
  "condition_metrics_path": "reports/pluggable_primitive_smoke/frozen_runs/20260427_035713_uncertainty_synthetic_shape_cosine_prototype_seed1/uncertainty_eval.pt",
  "cuda_available": false,
  "dataset_name": "synthetic_shape",
  "device": "cpu",
  "early_stop_min_evals": 2,
  "early_stop_patience": 4,
  "early_stop_triggered": false,
  "eval_interval": 10,
  "experiment_type": "frozen_features_uncertainty",
  "feature_dim": 64,
  "final_metric": 0.3984375,
  "final_train_loss": 1.5317392349243164,
  "git_commit": "e445378",
  "head_steps": 40,
  "hostname": "Mac",
  "metrics_json": "{\"best_metric\": 0.4375, \"best_step\": 40, \"clean_accuracy\": 0.3984375, \"clean_brier\": 0.7426521182060242, \"clean_confidence_mean\": 0.2621970772743225, \"clean_ece\": 0.1653439700603485, \"clean_nll\": 1.479162335395813, \"clean_risk_at_100_coverage\": 0.6015625, \"clean_risk_at_50_coverage\": 0.453125, \"clean_risk_at_70_coverage\": 0.5222222208976746, \"clean_risk_at_80_coverage\": 0.5728155374526978, \"clean_risk_at_90_coverage\": 0.5862069129943848, \"clean_score_name\": \"one_minus_confidence\", \"clean_selective_aurc\": 0.3599928021430969, \"clean_uncertainty_mean\": 0.7378028631210327, \"clean_vs_noisy_auroc\": 0.505462646484375, \"clean_vs_occluded_auroc\": 0.38751220703125, \"condition_metrics_path\": \"reports/pluggable_primitive_smoke/frozen_runs/20260427_035713_uncertainty_synthetic_shape_cosine_prototype_seed1/uncertainty_eval.pt\", \"early_stop_patience\": 4, \"early_stop_triggered\": false, \"final_metric\": 0.3984375, \"final_train_loss\": 1.5317392349243164, \"noisy_accuracy\": 0.3984375, \"noisy_brier\": 0.7497203350067139, \"noisy_confidence_mean\": 0.2570531368255615, \"noisy_ece\": 0.17917682230472565, \"noisy_nll\": 1.4912440776824951, \"noisy_risk_at_100_coverage\": 0.6015625, \"noisy_risk_at_50_coverage\": 0.4296875, \"noisy_risk_at_70_coverage\": 0.5333333015441895, \"noisy_risk_at_80_coverage\": 0.5756097435951233, \"noisy_risk_at_90_coverage\": 0.5974025726318359, \"noisy_score_name\": \"one_minus_confidence\", \"noisy_selective_aurc\": 0.3509137034416199, \"noisy_uncertainty_mean\": 0.7429468631744385, \"occluded_accuracy\": 0.4140625, \"occluded_brier\": 0.7407358884811401, \"occluded_confidence_mean\": 0.2714804410934448, \"occluded_ece\": 0.14258204400539398, \"occluded_nll\": 1.4736748933792114, \"occluded_risk_at_100_coverage\": 0.5859375, \"occluded_risk_at_50_coverage\": 0.4453125, \"occluded_risk_at_70_coverage\": 0.5333333015441895, \"occluded_risk_at_80_coverage\": 0.5414633750915527, \"occluded_risk_at_90_coverage\": 0.5627706050872803, \"occluded_score_name\": \"one_minus_confidence\", \"occluded_selective_aurc\": 0.34512972831726074, \"occluded_uncertainty_mean\": 0.7285195589065552, \"steps_run\": 40, \"total_train_time_sec\": 0.04453897476196289}",
  "mode": "uncertainty_benchmark",
  "model_class": "CosinePrototypeHead",
  "model_name": "cosine_prototype",
  "noisy_accuracy": 0.3984375,
  "noisy_brier": 0.7497203350067139,
  "noisy_confidence_mean": 0.2570531368255615,
  "noisy_ece": 0.17917682230472565,
  "noisy_nll": 1.4912440776824951,
  "noisy_risk_at_100_coverage": 0.6015625,
  "noisy_risk_at_50_coverage": 0.4296875,
  "noisy_risk_at_70_coverage": 0.5333333015441895,
  "noisy_risk_at_80_coverage": 0.5756097435951233,
  "noisy_risk_at_90_coverage": 0.5974025726318359,
  "noisy_score_name": "one_minus_confidence",
  "noisy_selective_aurc": 0.3509137034416199,
  "noisy_uncertainty_mean": 0.7429468631744385,
  "num_classes": 5,
  "num_params": 320,
  "num_workers": 0,
  "occluded_accuracy": 0.4140625,
  "occluded_brier": 0.7407358884811401,
  "occluded_confidence_mean": 0.2714804410934448,
  "occluded_ece": 0.14258204400539398,
  "occluded_nll": 1.4736748933792114,
  "occluded_risk_at_100_coverage": 0.5859375,
  "occluded_risk_at_50_coverage": 0.4453125,
  "occluded_risk_at_70_coverage": 0.5333333015441895,
  "occluded_risk_at_80_coverage": 0.5414633750915527,
  "occluded_risk_at_90_coverage": 0.5627706050872803,
  "occluded_score_name": "one_minus_confidence",
  "occluded_selective_aurc": 0.34512972831726074,
  "occluded_uncertainty_mean": 0.7285195589065552,
  "platform": "macOS-26.0-arm64-arm-64bit",
  "python_version": "3.12.12",
  "reason": "",
  "run_dir": "reports/pluggable_primitive_smoke/frozen_runs/20260427_035713_uncertainty_synthetic_shape_cosine_prototype_seed1",
  "run_id": "uncertainty_synthetic_shape_cosine_prototype_seed1",
  "seed": 1,
  "selected_heads": [
    "linear",
    "mlp",
    "cosine_prototype",
    "eml_no_ambiguity",
    "eml_centered_ambiguity",
    "eml_supervised_resistance",
    "merc_linear",
    "merc_energy"
  ],
  "status": "COMPLETED",
  "steps_run": 40,
  "task_name": "image_uncertainty_selective_classification",
  "test_size": 256,
  "timestamp": "2026-04-27T03:57:13Z",
  "torch_version": "2.10.0",
  "torchvision_version": "unavailable",
  "total_train_time_sec": 0.04453897476196289,
  "train_size": 768,
  "trainable_params": 320
}