{
  "batch_size": 32,
  "best_metric": 0.1953125,
  "best_step": 10,
  "best_val_accuracy": 0.1953125,
  "cuda_available": false,
  "dataset_name": "synthetic_shape",
  "device": "cpu",
  "early_stop_triggered": true,
  "experiment_type": "frozen_features",
  "feature_dim": 64,
  "features_dir": "reports/head_ablation/features/synthetic_shape_smoke_seed1",
  "final_metric": 0.21875,
  "final_train_accuracy": 0.21875,
  "final_train_loss": 1.6108953952789307,
  "git_commit": "3d40f93",
  "hostname": "BMW-Pro.local",
  "lr": 0.001,
  "metrics_json": "{\"best_metric\": 0.1953125, \"best_step\": 10, \"best_val_accuracy\": 0.1953125, \"early_stop_triggered\": true, \"final_metric\": 0.21875, \"final_train_accuracy\": 0.21875, \"final_train_loss\": 1.6108953952789307, \"steps_run\": 30, \"test_accuracy\": 0.21875, \"test_ambiguity_mean\": NaN, \"test_brier\": 0.8009169101715088, \"test_class_resistance_mean\": NaN, \"test_conflict_resistance_corr\": NaN, \"test_ece\": 0.011847496032714844, \"test_hard_negative_drive_mean\": -0.018536657094955444, \"test_hard_negative_logit_mean\": 0.1556725949048996, \"test_hard_negative_resistance_mean\": 0.7005447149276733, \"test_loss\": 1.6118171215057373, \"test_margin_mean\": -0.1408388465642929, \"test_nll\": 1.6118171215057373, \"test_positive_drive_mean\": -0.00929677952080965, \"test_positive_logit_mean\": 0.01483375858515501, \"test_positive_resistance_mean\": 0.6940102577209473, \"test_precision_mean\": 0.2469618022441864, \"test_resistance_noise_corr\": 0.0187627412378788, \"test_resistance_occlusion_corr\": -0.04071102291345596, \"test_sample_uncertainty_mean\": NaN, \"test_support_evidence_corr\": NaN, \"test_update_gate_mean\": 0.05790277570486069, \"total_train_time_sec\": 0.27919530868530273, \"val_accuracy\": 0.1953125, \"val_ambiguity_mean\": NaN, \"val_brier\": 0.8043195009231567, \"val_class_resistance_mean\": NaN, \"val_conflict_resistance_corr\": NaN, \"val_ece\": 0.035281211137771606, \"val_hard_negative_drive_mean\": -0.019324257969856262, \"val_hard_negative_logit_mean\": 0.15607035160064697, \"val_hard_negative_resistance_mean\": 0.700981616973877, \"val_loss\": 1.620025873184204, \"val_margin_mean\": -0.14944833517074585, \"val_nll\": 1.620025873184204, \"val_positive_drive_mean\": -0.010251970961689949, \"val_positive_logit_mean\": 0.006622022949159145, \"val_positive_resistance_mean\": 0.694022536277771, \"val_precision_mean\": 0.2469685673713684, \"val_resistance_noise_corr\": -0.030479000881314278, \"val_resistance_occlusion_corr\": 0.07005105167627335, \"val_sample_uncertainty_mean\": NaN, \"val_support_evidence_corr\": NaN, \"val_update_gate_mean\": 0.05790427327156067}",
  "mode": "head_ablation",
  "model_class": "MERCHeadLinearReadoutSmall",
  "model_name": "merc_linear_small",
  "num_classes": 5,
  "num_params": 91958,
  "pairwise_margin": 0.0,
  "pairwise_weight": 0.0,
  "platform": "macOS-26.0-arm64-arm-64bit",
  "python_version": "3.12.12",
  "reason": "",
  "run_dir": "reports/head_ablation/runs/20260425_025615_frozen_synthetic_shape_merc_linear_small_seed1",
  "run_id": "frozen_synthetic_shape_merc_linear_small_seed1",
  "seed": 1,
  "status": "COMPLETED",
  "steps": 30,
  "steps_run": 30,
  "task_name": "image_classification",
  "test_accuracy": 0.21875,
  "test_ambiguity_mean": NaN,
  "test_brier": 0.8009169101715088,
  "test_class_resistance_mean": NaN,
  "test_conflict_resistance_corr": NaN,
  "test_ece": 0.011847496032714844,
  "test_hard_negative_drive_mean": -0.018536657094955444,
  "test_hard_negative_logit_mean": 0.1556725949048996,
  "test_hard_negative_resistance_mean": 0.7005447149276733,
  "test_loss": 1.6118171215057373,
  "test_margin_mean": -0.1408388465642929,
  "test_nll": 1.6118171215057373,
  "test_positive_drive_mean": -0.00929677952080965,
  "test_positive_logit_mean": 0.01483375858515501,
  "test_positive_resistance_mean": 0.6940102577209473,
  "test_precision_mean": 0.2469618022441864,
  "test_resistance_noise_corr": 0.0187627412378788,
  "test_resistance_occlusion_corr": -0.04071102291345596,
  "test_sample_uncertainty_mean": NaN,
  "test_support_evidence_corr": NaN,
  "test_update_gate_mean": 0.05790277570486069,
  "timestamp": "2026-04-25T02:56:15Z",
  "torch_version": "2.10.0",
  "torchvision_version": "unavailable",
  "total_train_time_sec": 0.27919530868530273,
  "trainable_params": 91958,
  "val_accuracy": 0.1953125,
  "val_ambiguity_mean": NaN,
  "val_brier": 0.8043195009231567,
  "val_class_resistance_mean": NaN,
  "val_conflict_resistance_corr": NaN,
  "val_ece": 0.035281211137771606,
  "val_hard_negative_drive_mean": -0.019324257969856262,
  "val_hard_negative_logit_mean": 0.15607035160064697,
  "val_hard_negative_resistance_mean": 0.700981616973877,
  "val_loss": 1.620025873184204,
  "val_margin_mean": -0.14944833517074585,
  "val_nll": 1.620025873184204,
  "val_positive_drive_mean": -0.010251970961689949,
  "val_positive_logit_mean": 0.006622022949159145,
  "val_positive_resistance_mean": 0.694022536277771,
  "val_precision_mean": 0.2469685673713684,
  "val_resistance_noise_corr": -0.030479000881314278,
  "val_resistance_occlusion_corr": 0.07005105167627335,
  "val_sample_uncertainty_mean": NaN,
  "val_support_evidence_corr": NaN,
  "val_update_gate_mean": 0.05790427327156067
}