{
  "batch_size": 64,
  "best_metric": 0.44921875,
  "best_step": 200,
  "best_val_accuracy": 0.44921875,
  "cuda_available": true,
  "dataset_name": "cifar10",
  "device": "cuda",
  "experiment_type": "end_to_end",
  "feature_dim": 64,
  "final_metric": 0.48046875,
  "final_train_accuracy": 0.4375,
  "final_train_loss": 1.5633344650268555,
  "git_commit": "unknown",
  "head_name": "eml_centered_ambiguity",
  "hostname": "user-NF5468M6",
  "loss_mode": "ce",
  "lr": 0.001,
  "metrics_json": "{\"best_metric\": 0.44921875, \"best_step\": 200, \"best_val_accuracy\": 0.44921875, \"final_metric\": 0.48046875, \"final_train_accuracy\": 0.4375, \"final_train_loss\": 1.5633344650268555, \"test_accuracy\": 0.48046875, \"test_ambiguity_mean\": 1.110804796218872, \"test_brier\": 0.7020828127861023, \"test_class_resistance_mean\": 0.20000140368938446, \"test_ece\": 0.1292101889848709, \"test_hard_negative_drive_mean\": 6.194836139678955, \"test_hard_negative_logit_mean\": 2.0028457641601562, \"test_hard_negative_resistance_mean\": 1.0144898891448975, \"test_loss\": 1.5825376510620117, \"test_margin_mean\": -0.31551867723464966, \"test_nll\": 1.5825376510620117, \"test_positive_drive_mean\": 5.348884582519531, \"test_positive_logit_mean\": 1.6873271465301514, \"test_positive_resistance_mean\": 0.9399441480636597, \"test_resistance_noise_corr\": NaN, \"test_resistance_occlusion_corr\": NaN, \"test_sample_uncertainty_mean\": 0.0005431611789390445, \"total_train_time_sec\": 6.335000514984131, \"val_accuracy\": 0.44921875, \"val_ambiguity_mean\": 1.1494519710540771, \"val_brier\": 0.7085679173469543, \"val_class_resistance_mean\": 0.20000140368938446, \"val_ece\": 0.09499867260456085, \"val_hard_negative_drive_mean\": 6.451915264129639, \"val_hard_negative_logit_mean\": 2.0549960136413574, \"val_hard_negative_resistance_mean\": 0.992919921875, \"val_loss\": 1.5878523588180542, \"val_margin_mean\": -0.3612804114818573, \"val_nll\": 1.5878523588180542, \"val_positive_drive_mean\": 5.419496536254883, \"val_positive_logit_mean\": 1.6937154531478882, \"val_positive_resistance_mean\": 0.9973454475402832, \"val_resistance_noise_corr\": NaN, \"val_resistance_occlusion_corr\": NaN, \"val_sample_uncertainty_mean\": 0.0005804261309094727}",
  "mode": "head_ablation",
  "model_class": "CNNHeadModel",
  "model_name": "eml_centered_ambiguity",
  "num_classes": 10,
  "num_params": 167233,
  "pairwise_margin": 0.0,
  "pairwise_weight": 0.0,
  "platform": "Linux-5.4.0-216-generic-x86_64-with-glibc2.31",
  "python_version": "3.10.20",
  "reason": "",
  "run_dir": "reports/head_ablation/runs/20260424_082953_e2e_cifar10_eml_centered_ambiguity_ce_seed2",
  "run_id": "e2e_cifar10_eml_centered_ambiguity_ce_seed2",
  "seed": 2,
  "status": "COMPLETED",
  "steps": 200,
  "task_name": "image_classification",
  "test_accuracy": 0.48046875,
  "test_ambiguity_mean": 1.110804796218872,
  "test_brier": 0.7020828127861023,
  "test_class_resistance_mean": 0.20000140368938446,
  "test_ece": 0.1292101889848709,
  "test_hard_negative_drive_mean": 6.194836139678955,
  "test_hard_negative_logit_mean": 2.0028457641601562,
  "test_hard_negative_resistance_mean": 1.0144898891448975,
  "test_loss": 1.5825376510620117,
  "test_margin_mean": -0.31551867723464966,
  "test_nll": 1.5825376510620117,
  "test_positive_drive_mean": 5.348884582519531,
  "test_positive_logit_mean": 1.6873271465301514,
  "test_positive_resistance_mean": 0.9399441480636597,
  "test_resistance_noise_corr": NaN,
  "test_resistance_occlusion_corr": NaN,
  "test_sample_uncertainty_mean": 0.0005431611789390445,
  "timestamp": "2026-04-24T08:29:59Z",
  "torch_version": "2.7.1+cu118",
  "torchvision_version": "0.22.1+cu118",
  "total_train_time_sec": 6.335000514984131,
  "trainable_params": 167233,
  "use_eml_residual_bank": false,
  "val_accuracy": 0.44921875,
  "val_ambiguity_mean": 1.1494519710540771,
  "val_brier": 0.7085679173469543,
  "val_class_resistance_mean": 0.20000140368938446,
  "val_ece": 0.09499867260456085,
  "val_hard_negative_drive_mean": 6.451915264129639,
  "val_hard_negative_logit_mean": 2.0549960136413574,
  "val_hard_negative_resistance_mean": 0.992919921875,
  "val_loss": 1.5878523588180542,
  "val_margin_mean": -0.3612804114818573,
  "val_nll": 1.5878523588180542,
  "val_positive_drive_mean": 5.419496536254883,
  "val_positive_logit_mean": 1.6937154531478882,
  "val_positive_resistance_mean": 0.9973454475402832,
  "val_resistance_noise_corr": NaN,
  "val_resistance_occlusion_corr": NaN,
  "val_sample_uncertainty_mean": 0.0005804261309094727
}