{
  "batch_size": 32,
  "best_metric": 0.1953125,
  "best_step": 10,
  "best_val_accuracy": 0.1953125,
  "cuda_available": false,
  "dataset_name": "synthetic_shape",
  "device": "cpu",
  "experiment_type": "end_to_end",
  "feature_dim": 64,
  "final_metric": 0.1953125,
  "final_train_accuracy": 0.65625,
  "final_train_loss": 1.3021379709243774,
  "git_commit": "19568db",
  "head_name": "eml_centered_ambiguity",
  "hostname": "BMW-Pro.local",
  "loss_mode": "ce",
  "lr": 0.001,
  "metrics_json": "{\"best_metric\": 0.1953125, \"best_step\": 10, \"best_val_accuracy\": 0.1953125, \"final_metric\": 0.1953125, \"final_train_accuracy\": 0.65625, \"final_train_loss\": 1.3021379709243774, \"test_accuracy\": 0.1953125, \"test_ambiguity_mean\": 1.532425880432129, \"test_brier\": 0.9225736260414124, \"test_class_resistance_mean\": 0.20003055036067963, \"test_ece\": 0.3132023215293884, \"test_hard_negative_drive_mean\": 3.6714577674865723, \"test_hard_negative_logit_mean\": 1.1140668392181396, \"test_hard_negative_resistance_mean\": 1.0916149616241455, \"test_loss\": 1.8218188285827637, \"test_margin_mean\": -0.9053815603256226, \"test_nll\": 1.8218188285827637, \"test_positive_drive_mean\": 0.46371299028396606, \"test_positive_logit_mean\": 0.20868532359600067, \"test_positive_resistance_mean\": 2.203989267349243, \"test_resistance_noise_corr\": -0.036212850362062454, \"test_resistance_occlusion_corr\": 0.028077976778149605, \"test_sample_uncertainty_mean\": 0.46681907773017883, \"total_train_time_sec\": 1.6435999870300293, \"val_accuracy\": 0.1953125, \"val_ambiguity_mean\": 1.5321506261825562, \"val_brier\": 0.9249924421310425, \"val_class_resistance_mean\": 0.20003055036067963, \"val_ece\": 0.3131799101829529, \"val_hard_negative_drive_mean\": 3.671776533126831, \"val_hard_negative_logit_mean\": 1.114150047302246, \"val_hard_negative_resistance_mean\": 1.091279149055481, \"val_loss\": 1.8312469720840454, \"val_margin_mean\": -0.9149101972579956, \"val_nll\": 1.8312469720840454, \"val_positive_drive_mean\": 0.37526935338974, \"val_positive_logit_mean\": 0.1992398053407669, \"val_positive_resistance_mean\": 2.206789255142212, \"val_resistance_noise_corr\": 0.06498123705387115, \"val_resistance_occlusion_corr\": -0.026086341589689255, \"val_sample_uncertainty_mean\": 0.4670710861682892}",
  "mode": "head_ablation",
  "model_class": "CNNHeadModel",
  "model_name": "eml_bank_centered_ambiguity",
  "num_classes": 5,
  "num_params": 220468,
  "pairwise_margin": 0.0,
  "pairwise_weight": 0.0,
  "platform": "macOS-26.0-arm64-arm-64bit",
  "python_version": "3.12.12",
  "reason": "",
  "run_dir": "reports/head_ablation/runs/20260424_081515_e2e_synthetic_shape_eml_bank_centered_ambiguity_ce_seed0",
  "run_id": "e2e_synthetic_shape_eml_bank_centered_ambiguity_ce_seed0",
  "seed": 0,
  "status": "COMPLETED",
  "steps": 30,
  "task_name": "image_classification",
  "test_accuracy": 0.1953125,
  "test_ambiguity_mean": 1.532425880432129,
  "test_brier": 0.9225736260414124,
  "test_class_resistance_mean": 0.20003055036067963,
  "test_ece": 0.3132023215293884,
  "test_hard_negative_drive_mean": 3.6714577674865723,
  "test_hard_negative_logit_mean": 1.1140668392181396,
  "test_hard_negative_resistance_mean": 1.0916149616241455,
  "test_loss": 1.8218188285827637,
  "test_margin_mean": -0.9053815603256226,
  "test_nll": 1.8218188285827637,
  "test_positive_drive_mean": 0.46371299028396606,
  "test_positive_logit_mean": 0.20868532359600067,
  "test_positive_resistance_mean": 2.203989267349243,
  "test_resistance_noise_corr": -0.036212850362062454,
  "test_resistance_occlusion_corr": 0.028077976778149605,
  "test_sample_uncertainty_mean": 0.46681907773017883,
  "timestamp": "2026-04-24T08:15:16Z",
  "torch_version": "2.10.0",
  "torchvision_version": "unavailable",
  "total_train_time_sec": 1.6435999870300293,
  "trainable_params": 220468,
  "use_eml_residual_bank": true,
  "val_accuracy": 0.1953125,
  "val_ambiguity_mean": 1.5321506261825562,
  "val_brier": 0.9249924421310425,
  "val_class_resistance_mean": 0.20003055036067963,
  "val_ece": 0.3131799101829529,
  "val_hard_negative_drive_mean": 3.671776533126831,
  "val_hard_negative_logit_mean": 1.114150047302246,
  "val_hard_negative_resistance_mean": 1.091279149055481,
  "val_loss": 1.8312469720840454,
  "val_margin_mean": -0.9149101972579956,
  "val_nll": 1.8312469720840454,
  "val_positive_drive_mean": 0.37526935338974,
  "val_positive_logit_mean": 0.1992398053407669,
  "val_positive_resistance_mean": 2.206789255142212,
  "val_resistance_noise_corr": 0.06498123705387115,
  "val_resistance_occlusion_corr": -0.026086341589689255,
  "val_sample_uncertainty_mean": 0.4670710861682892
}