{
  "backbone_steps": 300,
  "batch_size": 64,
  "best_metric": 0.5078125,
  "best_step": 575,
  "clean_accuracy": 0.4609375,
  "clean_brier": 0.7029533982276917,
  "clean_confidence_mean": 0.6024816632270813,
  "clean_conflict_resistance_corr": NaN,
  "clean_conflict_score_mean": 0.43723413348197937,
  "clean_ece": 0.14376670122146606,
  "clean_nll": 1.6456279754638672,
  "clean_positive_resistance_mean": 0.40440425276756287,
  "clean_resistance_noise_corr": NaN,
  "clean_resistance_occlusion_corr": NaN,
  "clean_risk_at_100_coverage": 0.5390625,
  "clean_risk_at_50_coverage": 0.4791666865348816,
  "clean_risk_at_70_coverage": 0.4925650358200073,
  "clean_risk_at_80_coverage": 0.48943090438842773,
  "clean_risk_at_90_coverage": 0.49421966075897217,
  "clean_score_name": "positive_resistance",
  "clean_selective_aurc": 0.45012301206588745,
  "clean_support_score_mean": 0.9644594788551331,
  "clean_uncertainty_mean": 0.40440425276756287,
  "clean_vs_noisy_auroc": 0.5359408259391785,
  "clean_vs_occluded_auroc": 0.5114873051643372,
  "condition_metrics_path": "reports/uncertainty_resistance_true_earlystop_rerun_20260427/runs/20260427_025317_uncertainty_cifar10_merc_energy_seed0/uncertainty_eval.pt",
  "cuda_available": true,
  "dataset_name": "cifar10",
  "device": "cuda",
  "early_stop_min_evals": 2,
  "early_stop_patience": 4,
  "early_stop_triggered": true,
  "eval_interval": 25,
  "experiment_type": "frozen_features_uncertainty",
  "feature_dim": 64,
  "final_metric": 0.4609375,
  "final_train_loss": 1.5043625831604004,
  "git_commit": "0c0b3db",
  "head_steps": 1600,
  "hostname": "user-NF5468M6",
  "metrics_json": "{\"best_metric\": 0.5078125, \"best_step\": 575, \"clean_accuracy\": 0.4609375, \"clean_brier\": 0.7029533982276917, \"clean_confidence_mean\": 0.6024816632270813, \"clean_conflict_resistance_corr\": NaN, \"clean_conflict_score_mean\": 0.43723413348197937, \"clean_ece\": 0.14376670122146606, \"clean_nll\": 1.6456279754638672, \"clean_positive_resistance_mean\": 0.40440425276756287, \"clean_resistance_noise_corr\": NaN, \"clean_resistance_occlusion_corr\": NaN, \"clean_risk_at_100_coverage\": 0.5390625, \"clean_risk_at_50_coverage\": 0.4791666865348816, \"clean_risk_at_70_coverage\": 0.4925650358200073, \"clean_risk_at_80_coverage\": 0.48943090438842773, \"clean_risk_at_90_coverage\": 0.49421966075897217, \"clean_score_name\": \"positive_resistance\", \"clean_selective_aurc\": 0.45012301206588745, \"clean_support_score_mean\": 0.9644594788551331, \"clean_uncertainty_mean\": 0.40440425276756287, \"clean_vs_noisy_auroc\": 0.5359408259391785, \"clean_vs_occluded_auroc\": 0.5114873051643372, \"condition_metrics_path\": \"reports/uncertainty_resistance_true_earlystop_rerun_20260427/runs/20260427_025317_uncertainty_cifar10_merc_energy_seed0/uncertainty_eval.pt\", \"early_stop_patience\": 4, \"early_stop_triggered\": true, \"final_metric\": 0.4609375, \"final_train_loss\": 1.5043625831604004, \"noisy_accuracy\": 0.4267578125, \"noisy_brier\": 0.7530877590179443, \"noisy_confidence_mean\": 0.595683753490448, \"noisy_conflict_resistance_corr\": NaN, \"noisy_conflict_score_mean\": 0.4466736316680908, \"noisy_ece\": 0.17271222174167633, \"noisy_nll\": 1.7666656970977783, \"noisy_positive_resistance_mean\": 0.5525761842727661, \"noisy_resistance_noise_corr\": NaN, \"noisy_resistance_occlusion_corr\": NaN, \"noisy_risk_at_100_coverage\": 0.5732421875, \"noisy_risk_at_50_coverage\": 0.513671875, \"noisy_risk_at_70_coverage\": 0.5006973743438721, \"noisy_risk_at_80_coverage\": 0.497560977935791, \"noisy_risk_at_90_coverage\": 0.5281995534896851, \"noisy_score_name\": \"positive_resistance\", \"noisy_selective_aurc\": 0.5053892135620117, \"noisy_support_score_mean\": 1.278640627861023, \"noisy_uncertainty_mean\": 0.5525761842727661, \"occluded_accuracy\": 0.4296875, \"occluded_brier\": 0.7396716475486755, \"occluded_confidence_mean\": 0.5892866849899292, \"occluded_conflict_resistance_corr\": NaN, \"occluded_conflict_score_mean\": 0.3609790802001953, \"occluded_ece\": 0.1645636409521103, \"occluded_nll\": 1.763088345527649, \"occluded_positive_resistance_mean\": 0.4249754250049591, \"occluded_resistance_noise_corr\": NaN, \"occluded_resistance_occlusion_corr\": NaN, \"occluded_risk_at_100_coverage\": 0.5703125, \"occluded_risk_at_50_coverage\": 0.525390625, \"occluded_risk_at_70_coverage\": 0.5341701507568359, \"occluded_risk_at_80_coverage\": 0.5182926654815674, \"occluded_risk_at_90_coverage\": 0.5281995534896851, \"occluded_score_name\": \"positive_resistance\", \"occluded_selective_aurc\": 0.5178874731063843, \"occluded_support_score_mean\": 1.0521352291107178, \"occluded_uncertainty_mean\": 0.4249754250049591, \"pooled_conflict_resistance_corr\": 0.060789912939071655, \"pooled_resistance_noise_corr\": 0.04315831512212753, \"pooled_resistance_occlusion_corr\": -0.020278876647353172, \"steps_run\": 675, \"total_train_time_sec\": 246.48510003089905}",
  "mode": "uncertainty_benchmark",
  "model_class": "MERCHeadClassEnergy",
  "model_name": "merc_energy",
  "noisy_accuracy": 0.4267578125,
  "noisy_brier": 0.7530877590179443,
  "noisy_confidence_mean": 0.595683753490448,
  "noisy_conflict_resistance_corr": NaN,
  "noisy_conflict_score_mean": 0.4466736316680908,
  "noisy_ece": 0.17271222174167633,
  "noisy_nll": 1.7666656970977783,
  "noisy_positive_resistance_mean": 0.5525761842727661,
  "noisy_resistance_noise_corr": NaN,
  "noisy_resistance_occlusion_corr": NaN,
  "noisy_risk_at_100_coverage": 0.5732421875,
  "noisy_risk_at_50_coverage": 0.513671875,
  "noisy_risk_at_70_coverage": 0.5006973743438721,
  "noisy_risk_at_80_coverage": 0.497560977935791,
  "noisy_risk_at_90_coverage": 0.5281995534896851,
  "noisy_score_name": "positive_resistance",
  "noisy_selective_aurc": 0.5053892135620117,
  "noisy_support_score_mean": 1.278640627861023,
  "noisy_uncertainty_mean": 0.5525761842727661,
  "num_classes": 10,
  "num_params": 93202,
  "num_workers": 0,
  "occluded_accuracy": 0.4296875,
  "occluded_brier": 0.7396716475486755,
  "occluded_confidence_mean": 0.5892866849899292,
  "occluded_conflict_resistance_corr": NaN,
  "occluded_conflict_score_mean": 0.3609790802001953,
  "occluded_ece": 0.1645636409521103,
  "occluded_nll": 1.763088345527649,
  "occluded_positive_resistance_mean": 0.4249754250049591,
  "occluded_resistance_noise_corr": NaN,
  "occluded_resistance_occlusion_corr": NaN,
  "occluded_risk_at_100_coverage": 0.5703125,
  "occluded_risk_at_50_coverage": 0.525390625,
  "occluded_risk_at_70_coverage": 0.5341701507568359,
  "occluded_risk_at_80_coverage": 0.5182926654815674,
  "occluded_risk_at_90_coverage": 0.5281995534896851,
  "occluded_score_name": "positive_resistance",
  "occluded_selective_aurc": 0.5178874731063843,
  "occluded_support_score_mean": 1.0521352291107178,
  "occluded_uncertainty_mean": 0.4249754250049591,
  "platform": "Linux-5.4.0-216-generic-x86_64-with-glibc2.31",
  "pooled_conflict_resistance_corr": 0.060789912939071655,
  "pooled_resistance_noise_corr": 0.04315831512212753,
  "pooled_resistance_occlusion_corr": -0.020278876647353172,
  "python_version": "3.10.20",
  "reason": "",
  "run_dir": "reports/uncertainty_resistance_true_earlystop_rerun_20260427/runs/20260427_025317_uncertainty_cifar10_merc_energy_seed0",
  "run_id": "uncertainty_cifar10_merc_energy_seed0",
  "seed": 0,
  "selected_heads": [
    "merc_energy"
  ],
  "status": "COMPLETED",
  "steps_run": 675,
  "task_name": "image_uncertainty_selective_classification",
  "test_size": 1024,
  "timestamp": "2026-04-27T02:57:25Z",
  "torch_version": "2.7.1+cu118",
  "torchvision_version": "0.22.1+cu118",
  "total_train_time_sec": 246.48510003089905,
  "train_size": 4096,
  "trainable_params": 93202
}