{
  "backbone_steps": 300,
  "batch_size": 64,
  "best_metric": 0.9765625,
  "best_step": 75,
  "clean_accuracy": 0.9934895634651184,
  "clean_brier": 0.0661141648888588,
  "clean_confidence_mean": 0.7872079014778137,
  "clean_ece": 0.20692826807498932,
  "clean_nll": 0.2457779198884964,
  "clean_risk_at_100_coverage": 0.006510436534881592,
  "clean_risk_at_50_coverage": 0.0,
  "clean_risk_at_70_coverage": 0.0,
  "clean_risk_at_80_coverage": 0.0,
  "clean_risk_at_90_coverage": 0.0,
  "clean_score_name": "one_minus_confidence",
  "clean_selective_aurc": 6.510430102935061e-05,
  "clean_uncertainty_mean": 0.21279209852218628,
  "clean_vs_noisy_auroc": 0.7237027287483215,
  "clean_vs_occluded_auroc": 0.6287918090820312,
  "condition_metrics_path": "reports/pluggable_uncertainty_real_20260427/runs/20260427_032005_uncertainty_synthetic_shape_cosine_prototype_seed1/uncertainty_eval.pt",
  "cuda_available": true,
  "dataset_name": "synthetic_shape",
  "device": "cuda",
  "early_stop_min_evals": 2,
  "early_stop_patience": 4,
  "early_stop_triggered": true,
  "eval_interval": 25,
  "experiment_type": "frozen_features_uncertainty",
  "feature_dim": 64,
  "final_metric": 0.9934895634651184,
  "final_train_loss": 0.26695212721824646,
  "git_commit": "0c0b3db",
  "head_steps": 1200,
  "hostname": "user-NF5468M6",
  "metrics_json": "{\"best_metric\": 0.9765625, \"best_step\": 75, \"clean_accuracy\": 0.9934895634651184, \"clean_brier\": 0.0661141648888588, \"clean_confidence_mean\": 0.7872079014778137, \"clean_ece\": 0.20692826807498932, \"clean_nll\": 0.2457779198884964, \"clean_risk_at_100_coverage\": 0.006510436534881592, \"clean_risk_at_50_coverage\": 0.0, \"clean_risk_at_70_coverage\": 0.0, \"clean_risk_at_80_coverage\": 0.0, \"clean_risk_at_90_coverage\": 0.0, \"clean_score_name\": \"one_minus_confidence\", \"clean_selective_aurc\": 6.510430102935061e-05, \"clean_uncertainty_mean\": 0.21279209852218628, \"clean_vs_noisy_auroc\": 0.7237027287483215, \"clean_vs_occluded_auroc\": 0.6287918090820312, \"condition_metrics_path\": \"reports/pluggable_uncertainty_real_20260427/runs/20260427_032005_uncertainty_synthetic_shape_cosine_prototype_seed1/uncertainty_eval.pt\", \"early_stop_patience\": 4, \"early_stop_triggered\": true, \"final_metric\": 0.9934895634651184, \"final_train_loss\": 0.26695212721824646, \"noisy_accuracy\": 0.9609375, \"noisy_brier\": 0.12955914437770844, \"noisy_confidence_mean\": 0.7349425554275513, \"noisy_ece\": 0.22599484026432037, \"noisy_nll\": 0.35108324885368347, \"noisy_risk_at_100_coverage\": 0.0390625, \"noisy_risk_at_50_coverage\": 0.001953125, \"noisy_risk_at_70_coverage\": 0.0013946890830993652, \"noisy_risk_at_80_coverage\": 0.004878044128417969, \"noisy_risk_at_90_coverage\": 0.01626896858215332, \"noisy_score_name\": \"one_minus_confidence\", \"noisy_selective_aurc\": 0.004173375200480223, \"noisy_uncertainty_mean\": 0.26505738496780396, \"occluded_accuracy\": 0.8896484375, \"occluded_brier\": 0.185449481010437, \"occluded_confidence_mean\": 0.7278656959533691, \"occluded_ece\": 0.1780199110507965, \"occluded_nll\": 0.45481976866722107, \"occluded_risk_at_100_coverage\": 0.1103515625, \"occluded_risk_at_50_coverage\": 0.0, \"occluded_risk_at_70_coverage\": 0.004184126853942871, \"occluded_risk_at_80_coverage\": 0.013414621353149414, \"occluded_risk_at_90_coverage\": 0.052060723304748535, \"occluded_score_name\": \"one_minus_confidence\", \"occluded_selective_aurc\": 0.01178739033639431, \"occluded_uncertainty_mean\": 0.27213433384895325, \"steps_run\": 175, \"total_train_time_sec\": 6.278717517852783}",
  "mode": "uncertainty_benchmark",
  "model_class": "CosinePrototypeHead",
  "model_name": "cosine_prototype",
  "noisy_accuracy": 0.9609375,
  "noisy_brier": 0.12955914437770844,
  "noisy_confidence_mean": 0.7349425554275513,
  "noisy_ece": 0.22599484026432037,
  "noisy_nll": 0.35108324885368347,
  "noisy_risk_at_100_coverage": 0.0390625,
  "noisy_risk_at_50_coverage": 0.001953125,
  "noisy_risk_at_70_coverage": 0.0013946890830993652,
  "noisy_risk_at_80_coverage": 0.004878044128417969,
  "noisy_risk_at_90_coverage": 0.01626896858215332,
  "noisy_score_name": "one_minus_confidence",
  "noisy_selective_aurc": 0.004173375200480223,
  "noisy_uncertainty_mean": 0.26505738496780396,
  "num_classes": 5,
  "num_params": 320,
  "num_workers": 0,
  "occluded_accuracy": 0.8896484375,
  "occluded_brier": 0.185449481010437,
  "occluded_confidence_mean": 0.7278656959533691,
  "occluded_ece": 0.1780199110507965,
  "occluded_nll": 0.45481976866722107,
  "occluded_risk_at_100_coverage": 0.1103515625,
  "occluded_risk_at_50_coverage": 0.0,
  "occluded_risk_at_70_coverage": 0.004184126853942871,
  "occluded_risk_at_80_coverage": 0.013414621353149414,
  "occluded_risk_at_90_coverage": 0.052060723304748535,
  "occluded_score_name": "one_minus_confidence",
  "occluded_selective_aurc": 0.01178739033639431,
  "occluded_uncertainty_mean": 0.27213433384895325,
  "platform": "Linux-5.4.0-216-generic-x86_64-with-glibc2.31",
  "python_version": "3.10.20",
  "reason": "",
  "run_dir": "reports/pluggable_uncertainty_real_20260427/runs/20260427_032005_uncertainty_synthetic_shape_cosine_prototype_seed1",
  "run_id": "uncertainty_synthetic_shape_cosine_prototype_seed1",
  "seed": 1,
  "selected_heads": [
    "linear",
    "mlp",
    "cosine_prototype",
    "eml_no_ambiguity",
    "eml_centered_ambiguity",
    "eml_supervised_resistance",
    "merc_linear",
    "merc_energy"
  ],
  "status": "COMPLETED",
  "steps_run": 175,
  "task_name": "image_uncertainty_selective_classification",
  "test_size": 1024,
  "timestamp": "2026-04-27T03:20:11Z",
  "torch_version": "2.7.1+cu118",
  "torchvision_version": "0.22.1+cu118",
  "total_train_time_sec": 6.278717517852783,
  "train_size": 4096,
  "trainable_params": 320
}