{
  "batch_size": 32,
  "best_metric": 0.99609375,
  "best_step": 100,
  "best_val_accuracy": 0.99609375,
  "cuda_available": true,
  "dataset_name": "synthetic_evidence",
  "device": "cuda",
  "early_stop_triggered": false,
  "experiment_type": "frozen_features",
  "feature_dim": 64,
  "features_dir": "reports/head_ablation/features/synthetic_evidence_medium_seed1",
  "final_metric": 0.99609375,
  "final_train_accuracy": 1.0,
  "final_train_loss": 0.04175366833806038,
  "git_commit": "unknown",
  "hostname": "user-NF5468M6",
  "lr": 0.001,
  "metrics_json": "{\"best_metric\": 0.99609375, \"best_step\": 100, \"best_val_accuracy\": 0.99609375, \"early_stop_triggered\": false, \"final_metric\": 0.99609375, \"final_train_accuracy\": 1.0, \"final_train_loss\": 0.04175366833806038, \"steps_run\": 300, \"test_accuracy\": 0.99609375, \"test_ambiguity_mean\": -0.5016143321990967, \"test_brier\": 0.01087360642850399, \"test_class_resistance_mean\": 0.20259706676006317, \"test_conflict_resistance_corr\": NaN, \"test_ece\": 0.04015528783202171, \"test_hard_negative_drive_mean\": -12.507143020629883, \"test_hard_negative_logit_mean\": -0.43904632329940796, \"test_hard_negative_resistance_mean\": 4.927523136138916, \"test_loss\": 0.05340643227100372, \"test_margin_mean\": 3.0999159812927246, \"test_nll\": 0.05340643227100372, \"test_positive_drive_mean\": 13.64019775390625, \"test_positive_logit_mean\": 2.660869598388672, \"test_positive_resistance_mean\": -1.2713189125061035, \"test_precision_mean\": NaN, \"test_resistance_noise_corr\": -0.05513076111674309, \"test_resistance_occlusion_corr\": 0.16413086652755737, \"test_sample_uncertainty_mean\": 2.127119541168213, \"test_support_evidence_corr\": NaN, \"test_update_gate_mean\": NaN, \"total_train_time_sec\": 7.390694618225098, \"val_accuracy\": 0.9921875, \"val_ambiguity_mean\": -0.4945053458213806, \"val_brier\": 0.013306780718266964, \"val_class_resistance_mean\": 0.20259706676006317, \"val_conflict_resistance_corr\": NaN, \"val_ece\": 0.04122646152973175, \"val_hard_negative_drive_mean\": -12.560054779052734, \"val_hard_negative_logit_mean\": -0.42876148223876953, \"val_hard_negative_resistance_mean\": 4.876127243041992, \"val_loss\": 0.05781053751707077, \"val_margin_mean\": 3.0832161903381348, \"val_nll\": 0.05781053751707077, \"val_positive_drive_mean\": 13.654046058654785, \"val_positive_logit_mean\": 2.6544547080993652, \"val_positive_resistance_mean\": -1.2444673776626587, \"val_precision_mean\": NaN, \"val_resistance_noise_corr\": -0.02874443121254444, \"val_resistance_occlusion_corr\": 0.1909736543893814, \"val_sample_uncertainty_mean\": 2.107738494873047, \"val_support_evidence_corr\": NaN, \"val_update_gate_mean\": NaN}",
  "mode": "head_ablation",
  "model_class": "EMLPrototypeHeadCenteredAmbiguity",
  "model_name": "eml_centered_ambiguity",
  "num_classes": 2,
  "num_params": 17417,
  "pairwise_margin": 0.0,
  "pairwise_weight": 0.0,
  "platform": "Linux-5.4.0-216-generic-x86_64-with-glibc2.31",
  "python_version": "3.10.20",
  "reason": "",
  "run_dir": "reports/merc_synthetic_evidence/runs/20260425_031555_frozen_synthetic_evidence_eml_centered_ambiguity_seed1",
  "run_id": "frozen_synthetic_evidence_eml_centered_ambiguity_seed1",
  "seed": 1,
  "status": "COMPLETED",
  "steps": 300,
  "steps_run": 300,
  "task_name": "image_classification",
  "test_accuracy": 0.99609375,
  "test_ambiguity_mean": -0.5016143321990967,
  "test_brier": 0.01087360642850399,
  "test_class_resistance_mean": 0.20259706676006317,
  "test_conflict_resistance_corr": NaN,
  "test_ece": 0.04015528783202171,
  "test_hard_negative_drive_mean": -12.507143020629883,
  "test_hard_negative_logit_mean": -0.43904632329940796,
  "test_hard_negative_resistance_mean": 4.927523136138916,
  "test_loss": 0.05340643227100372,
  "test_margin_mean": 3.0999159812927246,
  "test_nll": 0.05340643227100372,
  "test_positive_drive_mean": 13.64019775390625,
  "test_positive_logit_mean": 2.660869598388672,
  "test_positive_resistance_mean": -1.2713189125061035,
  "test_precision_mean": NaN,
  "test_resistance_noise_corr": -0.05513076111674309,
  "test_resistance_occlusion_corr": 0.16413086652755737,
  "test_sample_uncertainty_mean": 2.127119541168213,
  "test_support_evidence_corr": NaN,
  "test_update_gate_mean": NaN,
  "timestamp": "2026-04-25T03:16:02Z",
  "torch_version": "2.7.1+cu118",
  "torchvision_version": "0.22.1+cu118",
  "total_train_time_sec": 7.390694618225098,
  "trainable_params": 17417,
  "val_accuracy": 0.9921875,
  "val_ambiguity_mean": -0.4945053458213806,
  "val_brier": 0.013306780718266964,
  "val_class_resistance_mean": 0.20259706676006317,
  "val_conflict_resistance_corr": NaN,
  "val_ece": 0.04122646152973175,
  "val_hard_negative_drive_mean": -12.560054779052734,
  "val_hard_negative_logit_mean": -0.42876148223876953,
  "val_hard_negative_resistance_mean": 4.876127243041992,
  "val_loss": 0.05781053751707077,
  "val_margin_mean": 3.0832161903381348,
  "val_nll": 0.05781053751707077,
  "val_positive_drive_mean": 13.654046058654785,
  "val_positive_logit_mean": 2.6544547080993652,
  "val_positive_resistance_mean": -1.2444673776626587,
  "val_precision_mean": NaN,
  "val_resistance_noise_corr": -0.02874443121254444,
  "val_resistance_occlusion_corr": 0.1909736543893814,
  "val_sample_uncertainty_mean": 2.107738494873047,
  "val_support_evidence_corr": NaN,
  "val_update_gate_mean": NaN
}