{
  "best_metric": 0.9892578125,
  "best_step": 375,
  "clean_accuracy": 0.9892578125,
  "clean_aurc": 0.0006306028226390481,
  "clean_ece": 0.01847333461046219,
  "clean_resistance_noise_corr": -2.024639789155458e-09,
  "clean_resistance_occlusion_corr": NaN,
  "clean_vs_noisy_auroc": 0.5967988967895508,
  "clean_vs_occluded_auroc": 0.6428194046020508,
  "cuda_available": true,
  "dataset_name": "synthetic_shape_uncertainty",
  "device": "cuda",
  "early_stop_triggered": true,
  "final_metric": 0.9892578125,
  "git_commit": "0c0b3db",
  "hostname": "user-NF5468M6",
  "metrics_json": "{\"best_metric\": 0.9892578125, \"best_step\": 375, \"clean_accuracy\": 0.9892578125, \"clean_aurc\": 0.0006306028226390481, \"clean_ece\": 0.01847333461046219, \"clean_resistance_noise_corr\": -2.024639789155458e-09, \"clean_resistance_occlusion_corr\": NaN, \"clean_vs_noisy_auroc\": 0.5967988967895508, \"clean_vs_occluded_auroc\": 0.6428194046020508, \"early_stop_triggered\": true, \"final_metric\": 0.9892578125, \"noisy_accuracy\": 0.95703125, \"noisy_aurc\": 0.004090485628694296, \"noisy_ece\": 0.024468308314681053, \"noisy_resistance_noise_corr\": NaN, \"noisy_resistance_occlusion_corr\": NaN, \"occluded_accuracy\": 0.859375, \"occluded_aurc\": 0.022269003093242645, \"occluded_ece\": 0.030544696375727654, \"occluded_resistance_noise_corr\": -1.1216057416163494e-08, \"occluded_resistance_occlusion_corr\": 0.7586436867713928, \"steps_run\": 475, \"total_train_time_sec\": 43.29772663116455}",
  "mode": "medium",
  "model_name": "cnn_mlp",
  "noisy_accuracy": 0.95703125,
  "noisy_aurc": 0.004090485628694296,
  "noisy_ece": 0.024468308314681053,
  "noisy_resistance_noise_corr": NaN,
  "noisy_resistance_occlusion_corr": NaN,
  "occluded_accuracy": 0.859375,
  "occluded_aurc": 0.022269003093242645,
  "occluded_ece": 0.030544696375727654,
  "occluded_resistance_noise_corr": -1.1216057416163494e-08,
  "occluded_resistance_occlusion_corr": 0.7586436867713928,
  "platform": "Linux-5.4.0-216-generic-x86_64-with-glibc2.31",
  "python_version": "3.10.20",
  "reason": "",
  "run_dir": "reports/pluggable_primitive_real_20260427/end_to_end_runs/20260427_050229_uncertainty_e2e_synthetic_shape_uncertainty_cnn_mlp_seed2",
  "run_id": "uncertainty_e2e_synthetic_shape_uncertainty_cnn_mlp_seed2",
  "seed": 2,
  "status": "COMPLETED",
  "steps_run": 475,
  "task_name": "end_to_end_uncertainty",
  "timestamp": "2026-04-27T05:03:12Z",
  "torch_version": "2.7.1+cu118",
  "torchvision_version": "0.22.1+cu118",
  "total_train_time_sec": 43.29772663116455
}