{
  "batch_size": 64,
  "best_metric": 0.48828125,
  "best_step": 200,
  "clean_accuracy": 0.4752604067325592,
  "clean_brier": 0.6887457966804504,
  "clean_confidence_mean": 0.35360804200172424,
  "clean_ece": 0.12801937758922577,
  "clean_nll": 1.5382003784179688,
  "clean_positive_resistance_mean": 4.318252086639404,
  "clean_resistance_noise_corr": NaN,
  "clean_resistance_occlusion_corr": NaN,
  "clean_risk_at_100_coverage": 0.5247396230697632,
  "clean_risk_at_50_coverage": 0.4739583134651184,
  "clean_risk_at_70_coverage": 0.4851301312446594,
  "clean_risk_at_80_coverage": 0.5105690956115723,
  "clean_risk_at_90_coverage": 0.5303468108177185,
  "clean_score_name": "positive_resistance",
  "clean_selective_aurc": 0.4604915678501129,
  "clean_uncertainty_mean": 4.318252086639404,
  "clean_vs_noisy_auroc": 0.5230509638786316,
  "clean_vs_occluded_auroc": 0.5175997614860535,
  "condition_metrics_path": "reports/uncertainty_resistance_true_20260427/runs/20260427_020603_uncertainty_cifar10_eml_no_ambiguity_seed1/uncertainty_eval.pt",
  "cuda_available": true,
  "dataset_name": "cifar10",
  "device": "cuda",
  "early_stop_patience": 4,
  "early_stop_triggered": false,
  "experiment_type": "frozen_features_uncertainty",
  "feature_dim": 64,
  "final_metric": 0.4752604067325592,
  "final_train_loss": 1.4740231037139893,
  "git_commit": "0c0b3db",
  "hostname": "user-NF5468M6",
  "metrics_json": "{\"best_metric\": 0.48828125, \"best_step\": 200, \"clean_accuracy\": 0.4752604067325592, \"clean_brier\": 0.6887457966804504, \"clean_confidence_mean\": 0.35360804200172424, \"clean_ece\": 0.12801937758922577, \"clean_nll\": 1.5382003784179688, \"clean_positive_resistance_mean\": 4.318252086639404, \"clean_resistance_noise_corr\": NaN, \"clean_resistance_occlusion_corr\": NaN, \"clean_risk_at_100_coverage\": 0.5247396230697632, \"clean_risk_at_50_coverage\": 0.4739583134651184, \"clean_risk_at_70_coverage\": 0.4851301312446594, \"clean_risk_at_80_coverage\": 0.5105690956115723, \"clean_risk_at_90_coverage\": 0.5303468108177185, \"clean_score_name\": \"positive_resistance\", \"clean_selective_aurc\": 0.4604915678501129, \"clean_uncertainty_mean\": 4.318252086639404, \"clean_vs_noisy_auroc\": 0.5230509638786316, \"clean_vs_occluded_auroc\": 0.5175997614860535, \"condition_metrics_path\": \"reports/uncertainty_resistance_true_20260427/runs/20260427_020603_uncertainty_cifar10_eml_no_ambiguity_seed1/uncertainty_eval.pt\", \"early_stop_patience\": 4, \"early_stop_triggered\": false, \"final_metric\": 0.4752604067325592, \"final_train_loss\": 1.4740231037139893, \"noisy_accuracy\": 0.4365234375, \"noisy_brier\": 0.7267708778381348, \"noisy_confidence_mean\": 0.3446173369884491, \"noisy_ece\": 0.09259947389364243, \"noisy_nll\": 1.6456263065338135, \"noisy_positive_resistance_mean\": 4.498833179473877, \"noisy_resistance_noise_corr\": NaN, \"noisy_resistance_occlusion_corr\": NaN, \"noisy_risk_at_100_coverage\": 0.5634765625, \"noisy_risk_at_50_coverage\": 0.49609375, \"noisy_risk_at_70_coverage\": 0.5216178894042969, \"noisy_risk_at_80_coverage\": 0.5426828861236572, \"noisy_risk_at_90_coverage\": 0.5553145408630371, \"noisy_score_name\": \"positive_resistance\", \"noisy_selective_aurc\": 0.4724096357822418, \"noisy_uncertainty_mean\": 4.498833179473877, \"occluded_accuracy\": 0.4404296875, \"occluded_brier\": 0.7126225829124451, \"occluded_confidence_mean\": 0.35618388652801514, \"occluded_ece\": 0.09893736243247986, \"occluded_nll\": 1.6131025552749634, \"occluded_positive_resistance_mean\": 4.440300464630127, \"occluded_resistance_noise_corr\": NaN, \"occluded_resistance_occlusion_corr\": NaN, \"occluded_risk_at_100_coverage\": 0.5595703125, \"occluded_risk_at_50_coverage\": 0.498046875, \"occluded_risk_at_70_coverage\": 0.5271966457366943, \"occluded_risk_at_80_coverage\": 0.5426828861236572, \"occluded_risk_at_90_coverage\": 0.5498915314674377, \"occluded_score_name\": \"positive_resistance\", \"occluded_selective_aurc\": 0.4953552484512329, \"occluded_uncertainty_mean\": 4.440300464630127, \"pooled_resistance_noise_corr\": 0.01398087851703167, \"pooled_resistance_occlusion_corr\": 0.002378755947574973, \"steps_run\": 250, \"total_train_time_sec\": 20.784837007522583}",
  "mode": "uncertainty_benchmark",
  "model_class": "EMLPrototypeHeadNoAmbiguity",
  "model_name": "eml_no_ambiguity",
  "noisy_accuracy": 0.4365234375,
  "noisy_brier": 0.7267708778381348,
  "noisy_confidence_mean": 0.3446173369884491,
  "noisy_ece": 0.09259947389364243,
  "noisy_nll": 1.6456263065338135,
  "noisy_positive_resistance_mean": 4.498833179473877,
  "noisy_resistance_noise_corr": NaN,
  "noisy_resistance_occlusion_corr": NaN,
  "noisy_risk_at_100_coverage": 0.5634765625,
  "noisy_risk_at_50_coverage": 0.49609375,
  "noisy_risk_at_70_coverage": 0.5216178894042969,
  "noisy_risk_at_80_coverage": 0.5426828861236572,
  "noisy_risk_at_90_coverage": 0.5553145408630371,
  "noisy_score_name": "positive_resistance",
  "noisy_selective_aurc": 0.4724096357822418,
  "noisy_uncertainty_mean": 4.498833179473877,
  "num_classes": 10,
  "num_params": 18977,
  "num_workers": 0,
  "occluded_accuracy": 0.4404296875,
  "occluded_brier": 0.7126225829124451,
  "occluded_confidence_mean": 0.35618388652801514,
  "occluded_ece": 0.09893736243247986,
  "occluded_nll": 1.6131025552749634,
  "occluded_positive_resistance_mean": 4.440300464630127,
  "occluded_resistance_noise_corr": NaN,
  "occluded_resistance_occlusion_corr": NaN,
  "occluded_risk_at_100_coverage": 0.5595703125,
  "occluded_risk_at_50_coverage": 0.498046875,
  "occluded_risk_at_70_coverage": 0.5271966457366943,
  "occluded_risk_at_80_coverage": 0.5426828861236572,
  "occluded_risk_at_90_coverage": 0.5498915314674377,
  "occluded_score_name": "positive_resistance",
  "occluded_selective_aurc": 0.4953552484512329,
  "occluded_uncertainty_mean": 4.440300464630127,
  "platform": "Linux-5.4.0-216-generic-x86_64-with-glibc2.31",
  "pooled_resistance_noise_corr": 0.01398087851703167,
  "pooled_resistance_occlusion_corr": 0.002378755947574973,
  "python_version": "3.10.20",
  "reason": "",
  "run_dir": "reports/uncertainty_resistance_true_20260427/runs/20260427_020603_uncertainty_cifar10_eml_no_ambiguity_seed1",
  "run_id": "uncertainty_cifar10_eml_no_ambiguity_seed1",
  "seed": 1,
  "status": "COMPLETED",
  "steps_run": 250,
  "task_name": "image_uncertainty_selective_classification",
  "test_size": 1024,
  "timestamp": "2026-04-27T02:06:23Z",
  "torch_version": "2.7.1+cu118",
  "torchvision_version": "0.22.1+cu118",
  "total_train_time_sec": 20.784837007522583,
  "train_size": 4096,
  "trainable_params": 18977
}