{
  "batch_size": 64,
  "best_metric": 0.482421875,
  "best_step": 300,
  "best_val_accuracy": 0.482421875,
  "cuda_available": true,
  "dataset_name": "cifar10",
  "device": "cuda",
  "early_stop_triggered": false,
  "experiment_type": "end_to_end",
  "feature_dim": 64,
  "final_metric": 0.478515625,
  "final_train_accuracy": 0.421875,
  "final_train_loss": 1.539252519607544,
  "git_commit": "unknown",
  "head_name": "eml_centered_ambiguity",
  "hostname": "user-NF5468M6",
  "loss_mode": "ce",
  "lr": 0.001,
  "metrics_json": "{\"best_metric\": 0.482421875, \"best_step\": 300, \"best_val_accuracy\": 0.482421875, \"early_stop_triggered\": false, \"final_metric\": 0.478515625, \"final_train_accuracy\": 0.421875, \"final_train_loss\": 1.539252519607544, \"steps_run\": 300, \"test_accuracy\": 0.478515625, \"test_ambiguity_mean\": 0.974951982498169, \"test_brier\": 0.6945489645004272, \"test_class_resistance_mean\": 0.2004583328962326, \"test_ece\": 0.09883430600166321, \"test_hard_negative_drive_mean\": 6.354429244995117, \"test_hard_negative_logit_mean\": 2.2476069927215576, \"test_hard_negative_resistance_mean\": 0.8823129534721375, \"test_loss\": 1.5601649284362793, \"test_margin_mean\": -0.4092158079147339, \"test_nll\": 1.5601649284362793, \"test_positive_drive_mean\": 5.363258361816406, \"test_positive_logit_mean\": 1.8383910655975342, \"test_positive_resistance_mean\": 0.8550841212272644, \"test_resistance_noise_corr\": NaN, \"test_resistance_occlusion_corr\": NaN, \"test_sample_uncertainty_mean\": 0.0002626139030326158, \"total_train_time_sec\": 12.72757601737976, \"val_accuracy\": 0.482421875, \"val_ambiguity_mean\": 0.9770849943161011, \"val_brier\": 0.6796240210533142, \"val_class_resistance_mean\": 0.2004583328962326, \"val_ece\": 0.08993043750524521, \"val_hard_negative_drive_mean\": 6.37561559677124, \"val_hard_negative_logit_mean\": 2.2326738834381104, \"val_hard_negative_resistance_mean\": 0.8876442313194275, \"val_loss\": 1.5079526901245117, \"val_margin_mean\": -0.3361702561378479, \"val_nll\": 1.5079526901245117, \"val_positive_drive_mean\": 5.461533546447754, \"val_positive_logit_mean\": 1.8965039253234863, \"val_positive_resistance_mean\": 0.8527087569236755, \"val_resistance_noise_corr\": NaN, \"val_resistance_occlusion_corr\": NaN, \"val_sample_uncertainty_mean\": 0.00030111215892247856}",
  "mode": "head_ablation",
  "model_class": "CNNHeadModel",
  "model_name": "eml_centered_ambiguity",
  "num_classes": 10,
  "num_params": 167233,
  "pairwise_margin": 0.0,
  "pairwise_weight": 0.0,
  "platform": "Linux-5.4.0-216-generic-x86_64-with-glibc2.31",
  "python_version": "3.10.20",
  "reason": "",
  "run_dir": "reports/merc_end_to_end_rerun/runs/20260425_035453_e2e_cifar10_eml_centered_ambiguity_ce_seed1",
  "run_id": "e2e_cifar10_eml_centered_ambiguity_ce_seed1",
  "seed": 1,
  "status": "COMPLETED",
  "steps": 300,
  "steps_run": 300,
  "task_name": "image_classification",
  "test_accuracy": 0.478515625,
  "test_ambiguity_mean": 0.974951982498169,
  "test_brier": 0.6945489645004272,
  "test_class_resistance_mean": 0.2004583328962326,
  "test_ece": 0.09883430600166321,
  "test_hard_negative_drive_mean": 6.354429244995117,
  "test_hard_negative_logit_mean": 2.2476069927215576,
  "test_hard_negative_resistance_mean": 0.8823129534721375,
  "test_loss": 1.5601649284362793,
  "test_margin_mean": -0.4092158079147339,
  "test_nll": 1.5601649284362793,
  "test_positive_drive_mean": 5.363258361816406,
  "test_positive_logit_mean": 1.8383910655975342,
  "test_positive_resistance_mean": 0.8550841212272644,
  "test_resistance_noise_corr": NaN,
  "test_resistance_occlusion_corr": NaN,
  "test_sample_uncertainty_mean": 0.0002626139030326158,
  "timestamp": "2026-04-25T03:55:06Z",
  "torch_version": "2.7.1+cu118",
  "torchvision_version": "0.22.1+cu118",
  "total_train_time_sec": 12.72757601737976,
  "trainable_params": 167233,
  "use_eml_residual_bank": false,
  "use_merc_block": false,
  "val_accuracy": 0.482421875,
  "val_ambiguity_mean": 0.9770849943161011,
  "val_brier": 0.6796240210533142,
  "val_class_resistance_mean": 0.2004583328962326,
  "val_ece": 0.08993043750524521,
  "val_hard_negative_drive_mean": 6.37561559677124,
  "val_hard_negative_logit_mean": 2.2326738834381104,
  "val_hard_negative_resistance_mean": 0.8876442313194275,
  "val_loss": 1.5079526901245117,
  "val_margin_mean": -0.3361702561378479,
  "val_nll": 1.5079526901245117,
  "val_positive_drive_mean": 5.461533546447754,
  "val_positive_logit_mean": 1.8965039253234863,
  "val_positive_resistance_mean": 0.8527087569236755,
  "val_resistance_noise_corr": NaN,
  "val_resistance_occlusion_corr": NaN,
  "val_sample_uncertainty_mean": 0.00030111215892247856
}