{
  "batch_size": 32,
  "best_metric": 0.1953125,
  "best_step": 10,
  "best_val_accuracy": 0.1953125,
  "cuda_available": false,
  "dataset_name": "synthetic_shape",
  "device": "cpu",
  "early_stop_triggered": true,
  "experiment_type": "end_to_end",
  "feature_dim": 64,
  "final_metric": 0.1953125,
  "final_train_accuracy": 0.15625,
  "final_train_loss": 1.732293963432312,
  "git_commit": "3d40f93",
  "head_name": "merc_energy",
  "hostname": "BMW-Pro.local",
  "loss_mode": "ce",
  "lr": 0.001,
  "metrics_json": "{\"best_metric\": 0.1953125, \"best_step\": 10, \"best_val_accuracy\": 0.1953125, \"early_stop_triggered\": true, \"final_metric\": 0.1953125, \"final_train_accuracy\": 0.15625, \"final_train_loss\": 1.732293963432312, \"steps_run\": 30, \"test_accuracy\": 0.1953125, \"test_ambiguity_mean\": NaN, \"test_brier\": 1.0191148519515991, \"test_class_resistance_mean\": NaN, \"test_ece\": 0.4143376350402832, \"test_hard_negative_drive_mean\": 1.9794926643371582, \"test_hard_negative_logit_mean\": 1.453883409500122, \"test_hard_negative_resistance_mean\": 0.187678262591362, \"test_loss\": 2.014146327972412, \"test_margin_mean\": -1.2603850364685059, \"test_nll\": 2.014146327972412, \"test_positive_drive_mean\": -0.30880171060562134, \"test_positive_logit_mean\": 0.19349832832813263, \"test_positive_resistance_mean\": 0.9787540435791016, \"test_resistance_noise_corr\": -0.04629252851009369, \"test_resistance_occlusion_corr\": 0.09197015315294266, \"test_sample_uncertainty_mean\": NaN, \"total_train_time_sec\": 2.9740841388702393, \"val_accuracy\": 0.1953125, \"val_ambiguity_mean\": NaN, \"val_brier\": 1.0228631496429443, \"val_class_resistance_mean\": NaN, \"val_ece\": 0.41475310921669006, \"val_hard_negative_drive_mean\": 1.9809715747833252, \"val_hard_negative_logit_mean\": 1.455690860748291, \"val_hard_negative_resistance_mean\": 0.18750448524951935, \"val_loss\": 2.0304226875305176, \"val_margin_mean\": -1.2773007154464722, \"val_nll\": 2.0304226875305176, \"val_positive_drive_mean\": -0.3617823123931885, \"val_positive_logit_mean\": 0.17839008569717407, \"val_positive_resistance_mean\": 1.017715334892273, \"val_resistance_noise_corr\": 0.002864133333787322, \"val_resistance_occlusion_corr\": -0.08050697296857834, \"val_sample_uncertainty_mean\": NaN}",
  "mode": "head_ablation",
  "model_class": "CNNHeadModel",
  "model_name": "merc_energy",
  "num_classes": 5,
  "num_params": 240478,
  "pairwise_margin": 0.0,
  "pairwise_weight": 0.0,
  "platform": "macOS-26.0-arm64-arm-64bit",
  "python_version": "3.12.12",
  "reason": "",
  "run_dir": "reports/head_ablation/runs/20260425_025733_e2e_synthetic_shape_merc_energy_ce_seed1",
  "run_id": "e2e_synthetic_shape_merc_energy_ce_seed1",
  "seed": 1,
  "status": "COMPLETED",
  "steps": 30,
  "steps_run": 30,
  "task_name": "image_classification",
  "test_accuracy": 0.1953125,
  "test_ambiguity_mean": NaN,
  "test_brier": 1.0191148519515991,
  "test_class_resistance_mean": NaN,
  "test_ece": 0.4143376350402832,
  "test_hard_negative_drive_mean": 1.9794926643371582,
  "test_hard_negative_logit_mean": 1.453883409500122,
  "test_hard_negative_resistance_mean": 0.187678262591362,
  "test_loss": 2.014146327972412,
  "test_margin_mean": -1.2603850364685059,
  "test_nll": 2.014146327972412,
  "test_positive_drive_mean": -0.30880171060562134,
  "test_positive_logit_mean": 0.19349832832813263,
  "test_positive_resistance_mean": 0.9787540435791016,
  "test_resistance_noise_corr": -0.04629252851009369,
  "test_resistance_occlusion_corr": 0.09197015315294266,
  "test_sample_uncertainty_mean": NaN,
  "timestamp": "2026-04-25T02:57:36Z",
  "torch_version": "2.10.0",
  "torchvision_version": "unavailable",
  "total_train_time_sec": 2.9740841388702393,
  "trainable_params": 240478,
  "use_eml_residual_bank": false,
  "use_merc_block": false,
  "val_accuracy": 0.1953125,
  "val_ambiguity_mean": NaN,
  "val_brier": 1.0228631496429443,
  "val_class_resistance_mean": NaN,
  "val_ece": 0.41475310921669006,
  "val_hard_negative_drive_mean": 1.9809715747833252,
  "val_hard_negative_logit_mean": 1.455690860748291,
  "val_hard_negative_resistance_mean": 0.18750448524951935,
  "val_loss": 2.0304226875305176,
  "val_margin_mean": -1.2773007154464722,
  "val_nll": 2.0304226875305176,
  "val_positive_drive_mean": -0.3617823123931885,
  "val_positive_logit_mean": 0.17839008569717407,
  "val_positive_resistance_mean": 1.017715334892273,
  "val_resistance_noise_corr": 0.002864133333787322,
  "val_resistance_occlusion_corr": -0.08050697296857834,
  "val_sample_uncertainty_mean": NaN
}