{
  "batch_size": 64,
  "best_metric": 0.513671875,
  "best_step": 300,
  "best_val_accuracy": 0.513671875,
  "cuda_available": true,
  "dataset_name": "cifar10",
  "device": "cuda",
  "early_stop_triggered": false,
  "experiment_type": "frozen_features",
  "feature_dim": 64,
  "features_dir": "reports/head_ablation/features/cifar10_medium_seed0",
  "final_metric": 0.515625,
  "final_train_accuracy": 0.53125,
  "final_train_loss": 1.1136949062347412,
  "git_commit": "unknown",
  "hostname": "user-NF5468M6",
  "lr": 0.001,
  "metrics_json": "{\"best_metric\": 0.513671875, \"best_step\": 300, \"best_val_accuracy\": 0.513671875, \"early_stop_triggered\": false, \"final_metric\": 0.515625, \"final_train_accuracy\": 0.53125, \"final_train_loss\": 1.1136949062347412, \"steps_run\": 300, \"test_accuracy\": 0.515625, \"test_ambiguity_mean\": NaN, \"test_brier\": 0.6284432411193848, \"test_class_resistance_mean\": NaN, \"test_conflict_resistance_corr\": NaN, \"test_ece\": 0.12369934469461441, \"test_hard_negative_drive_mean\": 0.09484893083572388, \"test_hard_negative_logit_mean\": 3.539372444152832, \"test_hard_negative_resistance_mean\": 0.6922487020492554, \"test_loss\": 1.4206154346466064, \"test_margin_mean\": -0.061538368463516235, \"test_nll\": 1.4206154346466064, \"test_positive_drive_mean\": 0.16517385840415955, \"test_positive_logit_mean\": 3.4778342247009277, \"test_positive_resistance_mean\": 0.7011433243751526, \"test_precision_mean\": 0.2742352783679962, \"test_resistance_noise_corr\": NaN, \"test_resistance_occlusion_corr\": NaN, \"test_sample_uncertainty_mean\": NaN, \"test_support_evidence_corr\": NaN, \"test_update_gate_mean\": 0.06376732885837555, \"total_train_time_sec\": 7.550073623657227, \"val_accuracy\": 0.513671875, \"val_ambiguity_mean\": NaN, \"val_brier\": 0.6402227878570557, \"val_class_resistance_mean\": NaN, \"val_conflict_resistance_corr\": NaN, \"val_ece\": 0.11970734596252441, \"val_hard_negative_drive_mean\": 0.08971655368804932, \"val_hard_negative_logit_mean\": 3.5789599418640137, \"val_hard_negative_resistance_mean\": 0.6984890103340149, \"val_loss\": 1.4808349609375, \"val_margin_mean\": -0.17644575238227844, \"val_nll\": 1.4808349609375, \"val_positive_drive_mean\": 0.13528066873550415, \"val_positive_logit_mean\": 3.4025142192840576, \"val_positive_resistance_mean\": 0.6884159445762634, \"val_precision_mean\": 0.2754212021827698, \"val_resistance_noise_corr\": NaN, \"val_resistance_occlusion_corr\": NaN, \"val_sample_uncertainty_mean\": NaN, \"val_support_evidence_corr\": NaN, \"val_update_gate_mean\": 0.0640336275100708}",
  "mode": "head_ablation",
  "model_class": "MERCHeadLinearReadoutSmall",
  "model_name": "merc_linear_small",
  "num_classes": 10,
  "num_params": 92938,
  "pairwise_margin": 0.0,
  "pairwise_weight": 0.0,
  "platform": "Linux-5.4.0-216-generic-x86_64-with-glibc2.31",
  "python_version": "3.10.20",
  "reason": "",
  "run_dir": "reports/merc_head_ablation/runs/20260425_030302_frozen_cifar10_merc_linear_small_seed0",
  "run_id": "frozen_cifar10_merc_linear_small_seed0",
  "seed": 0,
  "status": "COMPLETED",
  "steps": 300,
  "steps_run": 300,
  "task_name": "image_classification",
  "test_accuracy": 0.515625,
  "test_ambiguity_mean": NaN,
  "test_brier": 0.6284432411193848,
  "test_class_resistance_mean": NaN,
  "test_conflict_resistance_corr": NaN,
  "test_ece": 0.12369934469461441,
  "test_hard_negative_drive_mean": 0.09484893083572388,
  "test_hard_negative_logit_mean": 3.539372444152832,
  "test_hard_negative_resistance_mean": 0.6922487020492554,
  "test_loss": 1.4206154346466064,
  "test_margin_mean": -0.061538368463516235,
  "test_nll": 1.4206154346466064,
  "test_positive_drive_mean": 0.16517385840415955,
  "test_positive_logit_mean": 3.4778342247009277,
  "test_positive_resistance_mean": 0.7011433243751526,
  "test_precision_mean": 0.2742352783679962,
  "test_resistance_noise_corr": NaN,
  "test_resistance_occlusion_corr": NaN,
  "test_sample_uncertainty_mean": NaN,
  "test_support_evidence_corr": NaN,
  "test_update_gate_mean": 0.06376732885837555,
  "timestamp": "2026-04-25T03:03:09Z",
  "torch_version": "2.7.1+cu118",
  "torchvision_version": "0.22.1+cu118",
  "total_train_time_sec": 7.550073623657227,
  "trainable_params": 92938,
  "val_accuracy": 0.513671875,
  "val_ambiguity_mean": NaN,
  "val_brier": 0.6402227878570557,
  "val_class_resistance_mean": NaN,
  "val_conflict_resistance_corr": NaN,
  "val_ece": 0.11970734596252441,
  "val_hard_negative_drive_mean": 0.08971655368804932,
  "val_hard_negative_logit_mean": 3.5789599418640137,
  "val_hard_negative_resistance_mean": 0.6984890103340149,
  "val_loss": 1.4808349609375,
  "val_margin_mean": -0.17644575238227844,
  "val_nll": 1.4808349609375,
  "val_positive_drive_mean": 0.13528066873550415,
  "val_positive_logit_mean": 3.4025142192840576,
  "val_positive_resistance_mean": 0.6884159445762634,
  "val_precision_mean": 0.2754212021827698,
  "val_resistance_noise_corr": NaN,
  "val_resistance_occlusion_corr": NaN,
  "val_sample_uncertainty_mean": NaN,
  "val_support_evidence_corr": NaN,
  "val_update_gate_mean": 0.0640336275100708
}