{
  "batch_size": 64,
  "best_metric": 0.32421875,
  "best_step": 198,
  "best_val_accuracy": 0.32421875,
  "cuda_available": true,
  "dataset_name": "cifar10",
  "device": "cuda",
  "experiment_type": "end_to_end",
  "feature_dim": 64,
  "final_metric": 0.30078125,
  "final_train_accuracy": 0.5,
  "final_train_loss": 1.424730658531189,
  "git_commit": "unknown",
  "head_name": "eml_no_ambiguity",
  "hostname": "user-NF5468M6",
  "loss_mode": "ce",
  "lr": 0.001,
  "metrics_json": "{\"best_metric\": 0.32421875, \"best_step\": 198, \"best_val_accuracy\": 0.32421875, \"final_metric\": 0.30078125, \"final_train_accuracy\": 0.5, \"final_train_loss\": 1.424730658531189, \"test_accuracy\": 0.30078125, \"test_ambiguity_mean\": 0.0, \"test_brier\": 0.7761938571929932, \"test_class_resistance_mean\": 0.20074601471424103, \"test_ece\": 0.028306378051638603, \"test_hard_negative_drive_mean\": 6.358866214752197, \"test_hard_negative_logit_mean\": 2.0587997436523438, \"test_hard_negative_resistance_mean\": 0.8501275777816772, \"test_loss\": 1.786306381225586, \"test_margin_mean\": -0.5609421730041504, \"test_nll\": 1.786306381225586, \"test_positive_drive_mean\": 4.439698219299316, \"test_positive_logit_mean\": 1.497857689857483, \"test_positive_resistance_mean\": 0.8507024049758911, \"test_resistance_noise_corr\": NaN, \"test_resistance_occlusion_corr\": NaN, \"test_sample_uncertainty_mean\": 0.6498600840568542, \"total_train_time_sec\": 6.1379029750823975, \"val_accuracy\": 0.30078125, \"val_ambiguity_mean\": 0.0, \"val_brier\": 0.7962954640388489, \"val_class_resistance_mean\": 0.20074601471424103, \"val_ece\": 0.027875663712620735, \"val_hard_negative_drive_mean\": 6.2676897048950195, \"val_hard_negative_logit_mean\": 2.0522918701171875, \"val_hard_negative_resistance_mean\": 0.8516025543212891, \"val_loss\": 1.8722305297851562, \"val_margin_mean\": -0.6424194574356079, \"val_nll\": 1.8722305297851562, \"val_positive_drive_mean\": 4.1086554527282715, \"val_positive_logit_mean\": 1.4098725318908691, \"val_positive_resistance_mean\": 0.8520756959915161, \"val_resistance_noise_corr\": NaN, \"val_resistance_occlusion_corr\": NaN, \"val_sample_uncertainty_mean\": 0.6513276100158691}",
  "mode": "head_ablation",
  "model_class": "CNNHeadModel",
  "model_name": "eml_no_ambiguity",
  "num_classes": 10,
  "num_params": 167233,
  "pairwise_margin": 0.0,
  "pairwise_weight": 0.0,
  "platform": "Linux-5.4.0-216-generic-x86_64-with-glibc2.31",
  "python_version": "3.10.20",
  "reason": "",
  "run_dir": "reports/head_ablation/runs/20260424_082745_e2e_cifar10_eml_no_ambiguity_ce_seed0",
  "run_id": "e2e_cifar10_eml_no_ambiguity_ce_seed0",
  "seed": 0,
  "status": "COMPLETED",
  "steps": 200,
  "task_name": "image_classification",
  "test_accuracy": 0.30078125,
  "test_ambiguity_mean": 0.0,
  "test_brier": 0.7761938571929932,
  "test_class_resistance_mean": 0.20074601471424103,
  "test_ece": 0.028306378051638603,
  "test_hard_negative_drive_mean": 6.358866214752197,
  "test_hard_negative_logit_mean": 2.0587997436523438,
  "test_hard_negative_resistance_mean": 0.8501275777816772,
  "test_loss": 1.786306381225586,
  "test_margin_mean": -0.5609421730041504,
  "test_nll": 1.786306381225586,
  "test_positive_drive_mean": 4.439698219299316,
  "test_positive_logit_mean": 1.497857689857483,
  "test_positive_resistance_mean": 0.8507024049758911,
  "test_resistance_noise_corr": NaN,
  "test_resistance_occlusion_corr": NaN,
  "test_sample_uncertainty_mean": 0.6498600840568542,
  "timestamp": "2026-04-24T08:27:51Z",
  "torch_version": "2.7.1+cu118",
  "torchvision_version": "0.22.1+cu118",
  "total_train_time_sec": 6.1379029750823975,
  "trainable_params": 167233,
  "use_eml_residual_bank": false,
  "val_accuracy": 0.30078125,
  "val_ambiguity_mean": 0.0,
  "val_brier": 0.7962954640388489,
  "val_class_resistance_mean": 0.20074601471424103,
  "val_ece": 0.027875663712620735,
  "val_hard_negative_drive_mean": 6.2676897048950195,
  "val_hard_negative_logit_mean": 2.0522918701171875,
  "val_hard_negative_resistance_mean": 0.8516025543212891,
  "val_loss": 1.8722305297851562,
  "val_margin_mean": -0.6424194574356079,
  "val_nll": 1.8722305297851562,
  "val_positive_drive_mean": 4.1086554527282715,
  "val_positive_logit_mean": 1.4098725318908691,
  "val_positive_resistance_mean": 0.8520756959915161,
  "val_resistance_noise_corr": NaN,
  "val_resistance_occlusion_corr": NaN,
  "val_sample_uncertainty_mean": 0.6513276100158691
}