{
  "backbone_steps": 40,
  "batch_size": 32,
  "best_metric": 0.3125,
  "best_step": 40,
  "clean_accuracy": 0.296875,
  "clean_brier": 0.7313165068626404,
  "clean_confidence_mean": 0.2854698598384857,
  "clean_ece": 0.19038288295269012,
  "clean_nll": 1.475348711013794,
  "clean_positive_resistance_mean": 0.4233691692352295,
  "clean_resistance_noise_corr": -6.82310101751682e-08,
  "clean_resistance_occlusion_corr": NaN,
  "clean_risk_at_100_coverage": 0.703125,
  "clean_risk_at_50_coverage": 0.40625,
  "clean_risk_at_70_coverage": 0.5777777433395386,
  "clean_risk_at_80_coverage": 0.6310679912567139,
  "clean_risk_at_90_coverage": 0.6724138259887695,
  "clean_score_name": "positive_resistance",
  "clean_selective_aurc": 0.36798179149627686,
  "clean_uncertainty_mean": 0.4233691692352295,
  "clean_vs_noisy_auroc": 0.4447021484375,
  "clean_vs_occluded_auroc": 0.562652587890625,
  "condition_metrics_path": "reports/pluggable_primitive_smoke/frozen_runs/20260427_035714_uncertainty_synthetic_shape_eml_supervised_resistance_seed1/uncertainty_eval.pt",
  "cuda_available": false,
  "dataset_name": "synthetic_shape",
  "device": "cpu",
  "early_stop_min_evals": 2,
  "early_stop_patience": 4,
  "early_stop_triggered": false,
  "eval_interval": 10,
  "experiment_type": "frozen_features_uncertainty",
  "feature_dim": 64,
  "final_metric": 0.296875,
  "final_train_loss": 1.4695005416870117,
  "git_commit": "e445378",
  "head_steps": 40,
  "hostname": "Mac",
  "metrics_json": "{\"best_metric\": 0.3125, \"best_step\": 40, \"clean_accuracy\": 0.296875, \"clean_brier\": 0.7313165068626404, \"clean_confidence_mean\": 0.2854698598384857, \"clean_ece\": 0.19038288295269012, \"clean_nll\": 1.475348711013794, \"clean_positive_resistance_mean\": 0.4233691692352295, \"clean_resistance_noise_corr\": -6.82310101751682e-08, \"clean_resistance_occlusion_corr\": NaN, \"clean_risk_at_100_coverage\": 0.703125, \"clean_risk_at_50_coverage\": 0.40625, \"clean_risk_at_70_coverage\": 0.5777777433395386, \"clean_risk_at_80_coverage\": 0.6310679912567139, \"clean_risk_at_90_coverage\": 0.6724138259887695, \"clean_score_name\": \"positive_resistance\", \"clean_selective_aurc\": 0.36798179149627686, \"clean_uncertainty_mean\": 0.4233691692352295, \"clean_vs_noisy_auroc\": 0.4447021484375, \"clean_vs_occluded_auroc\": 0.562652587890625, \"condition_metrics_path\": \"reports/pluggable_primitive_smoke/frozen_runs/20260427_035714_uncertainty_synthetic_shape_eml_supervised_resistance_seed1/uncertainty_eval.pt\", \"early_stop_patience\": 4, \"early_stop_triggered\": false, \"final_metric\": 0.296875, \"final_train_loss\": 1.4695005416870117, \"noisy_accuracy\": 0.3203125, \"noisy_brier\": 0.7405503988265991, \"noisy_confidence_mean\": 0.2928561866283417, \"noisy_ece\": 0.22295792400836945, \"noisy_nll\": 1.4912819862365723, \"noisy_positive_resistance_mean\": 0.4192933440208435, \"noisy_resistance_noise_corr\": NaN, \"noisy_resistance_occlusion_corr\": NaN, \"noisy_risk_at_100_coverage\": 0.6796875, \"noisy_risk_at_50_coverage\": 0.359375, \"noisy_risk_at_70_coverage\": 0.5444444417953491, \"noisy_risk_at_80_coverage\": 0.6000000238418579, \"noisy_risk_at_90_coverage\": 0.6450216770172119, \"noisy_score_name\": \"positive_resistance\", \"noisy_selective_aurc\": 0.37024176120758057, \"noisy_uncertainty_mean\": 0.4192933440208435, \"occluded_accuracy\": 0.3359375, \"occluded_brier\": 0.7307751178741455, \"occluded_confidence_mean\": 0.31341278553009033, \"occluded_ece\": 0.21163587272167206, \"occluded_nll\": 1.4748549461364746, \"occluded_positive_resistance_mean\": 0.44018983840942383, \"occluded_resistance_noise_corr\": 2.2481465578039206e-07, \"occluded_resistance_occlusion_corr\": 0.2246766835451126, \"occluded_risk_at_100_coverage\": 0.6640625, \"occluded_risk_at_50_coverage\": 0.328125, \"occluded_risk_at_70_coverage\": 0.5222222208976746, \"occluded_risk_at_80_coverage\": 0.580487847328186, \"occluded_risk_at_90_coverage\": 0.6277056336402893, \"occluded_score_name\": \"positive_resistance\", \"occluded_selective_aurc\": 0.31172841787338257, \"occluded_uncertainty_mean\": 0.44018983840942383, \"pooled_resistance_noise_corr\": -0.08795883506536484, \"pooled_resistance_occlusion_corr\": 0.18899059295654297, \"steps_run\": 40, \"total_train_time_sec\": 0.10263180732727051}",
  "mode": "uncertainty_benchmark",
  "model_class": "EMLPrototypeHeadSupervisedResistance",
  "model_name": "eml_supervised_resistance",
  "noisy_accuracy": 0.3203125,
  "noisy_brier": 0.7405503988265991,
  "noisy_confidence_mean": 0.2928561866283417,
  "noisy_ece": 0.22295792400836945,
  "noisy_nll": 1.4912819862365723,
  "noisy_positive_resistance_mean": 0.4192933440208435,
  "noisy_resistance_noise_corr": NaN,
  "noisy_resistance_occlusion_corr": NaN,
  "noisy_risk_at_100_coverage": 0.6796875,
  "noisy_risk_at_50_coverage": 0.359375,
  "noisy_risk_at_70_coverage": 0.5444444417953491,
  "noisy_risk_at_80_coverage": 0.6000000238418579,
  "noisy_risk_at_90_coverage": 0.6450216770172119,
  "noisy_score_name": "positive_resistance",
  "noisy_selective_aurc": 0.37024176120758057,
  "noisy_uncertainty_mean": 0.4192933440208435,
  "num_classes": 5,
  "num_params": 18002,
  "num_workers": 0,
  "occluded_accuracy": 0.3359375,
  "occluded_brier": 0.7307751178741455,
  "occluded_confidence_mean": 0.31341278553009033,
  "occluded_ece": 0.21163587272167206,
  "occluded_nll": 1.4748549461364746,
  "occluded_positive_resistance_mean": 0.44018983840942383,
  "occluded_resistance_noise_corr": 2.2481465578039206e-07,
  "occluded_resistance_occlusion_corr": 0.2246766835451126,
  "occluded_risk_at_100_coverage": 0.6640625,
  "occluded_risk_at_50_coverage": 0.328125,
  "occluded_risk_at_70_coverage": 0.5222222208976746,
  "occluded_risk_at_80_coverage": 0.580487847328186,
  "occluded_risk_at_90_coverage": 0.6277056336402893,
  "occluded_score_name": "positive_resistance",
  "occluded_selective_aurc": 0.31172841787338257,
  "occluded_uncertainty_mean": 0.44018983840942383,
  "platform": "macOS-26.0-arm64-arm-64bit",
  "pooled_resistance_noise_corr": -0.08795883506536484,
  "pooled_resistance_occlusion_corr": 0.18899059295654297,
  "python_version": "3.12.12",
  "reason": "",
  "run_dir": "reports/pluggable_primitive_smoke/frozen_runs/20260427_035714_uncertainty_synthetic_shape_eml_supervised_resistance_seed1",
  "run_id": "uncertainty_synthetic_shape_eml_supervised_resistance_seed1",
  "seed": 1,
  "selected_heads": [
    "linear",
    "mlp",
    "cosine_prototype",
    "eml_no_ambiguity",
    "eml_centered_ambiguity",
    "eml_supervised_resistance",
    "merc_linear",
    "merc_energy"
  ],
  "status": "COMPLETED",
  "steps_run": 40,
  "task_name": "image_uncertainty_selective_classification",
  "test_size": 256,
  "timestamp": "2026-04-27T03:57:14Z",
  "torch_version": "2.10.0",
  "torchvision_version": "unavailable",
  "total_train_time_sec": 0.10263180732727051,
  "train_size": 768,
  "trainable_params": 18002
}