{
  "best_metric": 0.98828125,
  "best_step": 300,
  "clean_accuracy": 0.98828125,
  "clean_aurc": 0.0004471969441510737,
  "clean_ece": 0.030658330768346786,
  "clean_resistance_noise_corr": 4.528172681261822e-08,
  "clean_resistance_occlusion_corr": NaN,
  "clean_vs_noisy_auroc": 0.5917892456054688,
  "clean_vs_occluded_auroc": 0.6035251617431641,
  "cuda_available": true,
  "dataset_name": "synthetic_shape_uncertainty",
  "device": "cuda",
  "early_stop_triggered": true,
  "final_metric": 0.98828125,
  "git_commit": "0c0b3db",
  "hostname": "user-NF5468M6",
  "metrics_json": "{\"best_metric\": 0.98828125, \"best_step\": 300, \"clean_accuracy\": 0.98828125, \"clean_aurc\": 0.0004471969441510737, \"clean_ece\": 0.030658330768346786, \"clean_resistance_noise_corr\": 4.528172681261822e-08, \"clean_resistance_occlusion_corr\": NaN, \"clean_vs_noisy_auroc\": 0.5917892456054688, \"clean_vs_occluded_auroc\": 0.6035251617431641, \"early_stop_triggered\": true, \"final_metric\": 0.98828125, \"noisy_accuracy\": 0.966796875, \"noisy_aurc\": 0.003022226272150874, \"noisy_ece\": 0.038378745317459106, \"noisy_resistance_noise_corr\": NaN, \"noisy_resistance_occlusion_corr\": NaN, \"occluded_accuracy\": 0.8642578125, \"occluded_aurc\": 0.021546654403209686, \"occluded_ece\": 0.0259129386395216, \"occluded_resistance_noise_corr\": -4.524860131027708e-08, \"occluded_resistance_occlusion_corr\": 0.7335571050643921, \"steps_run\": 400, \"total_train_time_sec\": 40.836819887161255}",
  "mode": "medium",
  "model_name": "cnn_linear",
  "noisy_accuracy": 0.966796875,
  "noisy_aurc": 0.003022226272150874,
  "noisy_ece": 0.038378745317459106,
  "noisy_resistance_noise_corr": NaN,
  "noisy_resistance_occlusion_corr": NaN,
  "occluded_accuracy": 0.8642578125,
  "occluded_aurc": 0.021546654403209686,
  "occluded_ece": 0.0259129386395216,
  "occluded_resistance_noise_corr": -4.524860131027708e-08,
  "occluded_resistance_occlusion_corr": 0.7335571050643921,
  "platform": "Linux-5.4.0-216-generic-x86_64-with-glibc2.31",
  "python_version": "3.10.20",
  "reason": "",
  "run_dir": "reports/pluggable_primitive_real_20260427/end_to_end_runs/20260427_045559_uncertainty_e2e_synthetic_shape_uncertainty_cnn_linear_seed1",
  "run_id": "uncertainty_e2e_synthetic_shape_uncertainty_cnn_linear_seed1",
  "seed": 1,
  "status": "COMPLETED",
  "steps_run": 400,
  "task_name": "end_to_end_uncertainty",
  "timestamp": "2026-04-27T04:56:40Z",
  "torch_version": "2.7.1+cu118",
  "torchvision_version": "0.22.1+cu118",
  "total_train_time_sec": 40.836819887161255
}