{
  "backbone_steps": 300,
  "batch_size": 64,
  "best_metric": 0.50390625,
  "best_step": 175,
  "clean_accuracy": 0.453125,
  "clean_brier": 0.6956896185874939,
  "clean_confidence_mean": 0.36901259422302246,
  "clean_ece": 0.0897107943892479,
  "clean_nll": 1.5361160039901733,
  "clean_risk_at_100_coverage": 0.546875,
  "clean_risk_at_50_coverage": 0.4270833134651184,
  "clean_risk_at_70_coverage": 0.48884761333465576,
  "clean_risk_at_80_coverage": 0.497560977935791,
  "clean_risk_at_90_coverage": 0.5173410177230835,
  "clean_score_name": "one_minus_confidence",
  "clean_selective_aurc": 0.4045928716659546,
  "clean_uncertainty_mean": 0.6309873461723328,
  "clean_vs_noisy_auroc": 0.5888710021972656,
  "clean_vs_occluded_auroc": 0.5627899169921875,
  "condition_metrics_path": "reports/pluggable_uncertainty_real_20260427/runs/20260427_032437_uncertainty_cifar10_linear_seed0/uncertainty_eval.pt",
  "cuda_available": true,
  "dataset_name": "cifar10",
  "device": "cuda",
  "early_stop_min_evals": 2,
  "early_stop_patience": 4,
  "early_stop_triggered": true,
  "eval_interval": 25,
  "experiment_type": "frozen_features_uncertainty",
  "feature_dim": 64,
  "final_metric": 0.453125,
  "final_train_loss": 1.404894232749939,
  "git_commit": "0c0b3db",
  "head_steps": 1200,
  "hostname": "user-NF5468M6",
  "metrics_json": "{\"best_metric\": 0.50390625, \"best_step\": 175, \"clean_accuracy\": 0.453125, \"clean_brier\": 0.6956896185874939, \"clean_confidence_mean\": 0.36901259422302246, \"clean_ece\": 0.0897107943892479, \"clean_nll\": 1.5361160039901733, \"clean_risk_at_100_coverage\": 0.546875, \"clean_risk_at_50_coverage\": 0.4270833134651184, \"clean_risk_at_70_coverage\": 0.48884761333465576, \"clean_risk_at_80_coverage\": 0.497560977935791, \"clean_risk_at_90_coverage\": 0.5173410177230835, \"clean_score_name\": \"one_minus_confidence\", \"clean_selective_aurc\": 0.4045928716659546, \"clean_uncertainty_mean\": 0.6309873461723328, \"clean_vs_noisy_auroc\": 0.5888710021972656, \"clean_vs_occluded_auroc\": 0.5627899169921875, \"condition_metrics_path\": \"reports/pluggable_uncertainty_real_20260427/runs/20260427_032437_uncertainty_cifar10_linear_seed0/uncertainty_eval.pt\", \"early_stop_patience\": 4, \"early_stop_triggered\": true, \"final_metric\": 0.453125, \"final_train_loss\": 1.404894232749939, \"noisy_accuracy\": 0.4267578125, \"noisy_brier\": 0.7207872867584229, \"noisy_confidence_mean\": 0.33981093764305115, \"noisy_ece\": 0.09479745477437973, \"noisy_nll\": 1.6192439794540405, \"noisy_risk_at_100_coverage\": 0.5732421875, \"noisy_risk_at_50_coverage\": 0.423828125, \"noisy_risk_at_70_coverage\": 0.4895397424697876, \"noisy_risk_at_80_coverage\": 0.5231707096099854, \"noisy_risk_at_90_coverage\": 0.5455531477928162, \"noisy_score_name\": \"one_minus_confidence\", \"noisy_selective_aurc\": 0.4037042260169983, \"noisy_uncertainty_mean\": 0.6601890921592712, \"occluded_accuracy\": 0.4384765625, \"occluded_brier\": 0.722395122051239, \"occluded_confidence_mean\": 0.3483964800834656, \"occluded_ece\": 0.09008010476827621, \"occluded_nll\": 1.629770040512085, \"occluded_risk_at_100_coverage\": 0.5615234375, \"occluded_risk_at_50_coverage\": 0.470703125, \"occluded_risk_at_70_coverage\": 0.5118549466133118, \"occluded_risk_at_80_coverage\": 0.5317072868347168, \"occluded_risk_at_90_coverage\": 0.5422993898391724, \"occluded_score_name\": \"one_minus_confidence\", \"occluded_selective_aurc\": 0.4312158524990082, \"occluded_uncertainty_mean\": 0.6516035199165344, \"steps_run\": 275, \"total_train_time_sec\": 6.302632808685303}",
  "mode": "uncertainty_benchmark",
  "model_class": "LinearHead",
  "model_name": "linear",
  "noisy_accuracy": 0.4267578125,
  "noisy_brier": 0.7207872867584229,
  "noisy_confidence_mean": 0.33981093764305115,
  "noisy_ece": 0.09479745477437973,
  "noisy_nll": 1.6192439794540405,
  "noisy_risk_at_100_coverage": 0.5732421875,
  "noisy_risk_at_50_coverage": 0.423828125,
  "noisy_risk_at_70_coverage": 0.4895397424697876,
  "noisy_risk_at_80_coverage": 0.5231707096099854,
  "noisy_risk_at_90_coverage": 0.5455531477928162,
  "noisy_score_name": "one_minus_confidence",
  "noisy_selective_aurc": 0.4037042260169983,
  "noisy_uncertainty_mean": 0.6601890921592712,
  "num_classes": 10,
  "num_params": 650,
  "num_workers": 0,
  "occluded_accuracy": 0.4384765625,
  "occluded_brier": 0.722395122051239,
  "occluded_confidence_mean": 0.3483964800834656,
  "occluded_ece": 0.09008010476827621,
  "occluded_nll": 1.629770040512085,
  "occluded_risk_at_100_coverage": 0.5615234375,
  "occluded_risk_at_50_coverage": 0.470703125,
  "occluded_risk_at_70_coverage": 0.5118549466133118,
  "occluded_risk_at_80_coverage": 0.5317072868347168,
  "occluded_risk_at_90_coverage": 0.5422993898391724,
  "occluded_score_name": "one_minus_confidence",
  "occluded_selective_aurc": 0.4312158524990082,
  "occluded_uncertainty_mean": 0.6516035199165344,
  "platform": "Linux-5.4.0-216-generic-x86_64-with-glibc2.31",
  "python_version": "3.10.20",
  "reason": "",
  "run_dir": "reports/pluggable_uncertainty_real_20260427/runs/20260427_032437_uncertainty_cifar10_linear_seed0",
  "run_id": "uncertainty_cifar10_linear_seed0",
  "seed": 0,
  "selected_heads": [
    "linear",
    "mlp",
    "cosine_prototype",
    "eml_no_ambiguity",
    "eml_centered_ambiguity",
    "eml_supervised_resistance",
    "merc_linear",
    "merc_energy"
  ],
  "status": "COMPLETED",
  "steps_run": 275,
  "task_name": "image_uncertainty_selective_classification",
  "test_size": 1024,
  "timestamp": "2026-04-27T03:24:43Z",
  "torch_version": "2.7.1+cu118",
  "torchvision_version": "0.22.1+cu118",
  "total_train_time_sec": 6.302632808685303,
  "train_size": 4096,
  "trainable_params": 650
}