{
  "batch_size": 64,
  "best_metric": 0.34375,
  "completed_steps": 30,
  "cuda_available": true,
  "dataset_name": "SyntheticShapeEnergyDataset",
  "device": "cuda",
  "early_stop": true,
  "early_stop_step": 30,
  "early_stop_triggered": true,
  "examples_per_sec": 1933.5690381692586,
  "final_diagnostics": {
    "ambiguity_mean": 1.185428500175476,
    "ambiguity_std": 0.18150515854358673,
    "attractor_activation_mean": 0.9313084483146667,
    "attractor_activation_std": 0.0004332851094659418,
    "attractor_diversity": 0.967308521270752,
    "drive_mean": 0.01067352294921875,
    "drive_std": 0.06574045121669769,
    "energy_mean": -0.23258517682552338,
    "energy_std": 0.01811566762626171,
    "null_weight_mean": 0.1584918349981308,
    "null_weight_std": 0.044031042605638504,
    "prototype_diversity_penalty_mean": 0.03621518611907959,
    "prototype_diversity_penalty_std": 0.0,
    "resistance_mean": 1.3579901456832886,
    "resistance_std": 0.10506586730480194,
    "sample_uncertainty_mean": 0.7195146083831787,
    "sample_uncertainty_std": 6.783711796742864e-07,
    "update_gate_mean": 0.39774712920188904,
    "update_gate_std": 0.015639588236808777,
    "update_strength_mean": 0.8550853729248047,
    "update_strength_std": 0.03777720779180527
  },
  "final_metric": 0.15625,
  "final_train_accuracy": 0.15625,
  "final_train_loss": 1.622200608253479,
  "git_commit": "ae26ee9",
  "grad_norm": 0.30402758717536926,
  "hostname": "user-NF5468M6",
  "learning_rate": 0.001,
  "metrics_json": "{\"best_metric\": 0.34375, \"completed_steps\": 30, \"early_stop_step\": 30, \"early_stop_triggered\": true, \"examples_per_sec\": 1933.5690381692586, \"final_diagnostics\": {\"ambiguity_mean\": 1.185428500175476, \"ambiguity_std\": 0.18150515854358673, \"attractor_activation_mean\": 0.9313084483146667, \"attractor_activation_std\": 0.0004332851094659418, \"attractor_diversity\": 0.967308521270752, \"drive_mean\": 0.01067352294921875, \"drive_std\": 0.06574045121669769, \"energy_mean\": -0.23258517682552338, \"energy_std\": 0.01811566762626171, \"null_weight_mean\": 0.1584918349981308, \"null_weight_std\": 0.044031042605638504, \"prototype_diversity_penalty_mean\": 0.03621518611907959, \"prototype_diversity_penalty_std\": 0.0, \"resistance_mean\": 1.3579901456832886, \"resistance_std\": 0.10506586730480194, \"sample_uncertainty_mean\": 0.7195146083831787, \"sample_uncertainty_std\": 6.783711796742864e-07, \"update_gate_mean\": 0.39774712920188904, \"update_gate_std\": 0.015639588236808777, \"update_strength_mean\": 0.8550853729248047, \"update_strength_std\": 0.03777720779180527}, \"final_metric\": 0.15625, \"final_train_accuracy\": 0.15625, \"final_train_loss\": 1.622200608253479, \"grad_norm\": 0.30402758717536926, \"learning_rate\": 0.001, \"peak_memory_mb\": 634.10888671875, \"step\": 30, \"step_time_sec\": 0.03309941291809082, \"top1_accuracy\": 0.15625, \"top5_accuracy\": 1.0, \"total_train_time_sec\": 1.520871639251709, \"train_accuracy\": 0.15625, \"train_loss\": 1.622200608253479, \"wall_clock_time_sec\": 1.5171103477478027}",
  "min_delta": 0.0001,
  "mode": "ablation",
  "model_name": "EfficientEMLImageClassifier_attr4",
  "num_params": 117076,
  "patience": 25,
  "peak_memory_mb": 634.10888671875,
  "platform": "Linux-5.4.0-216-generic-x86_64-with-glibc2.31",
  "python_version": "3.10.20",
  "reason": "",
  "run_dir": "reports/runs_server_ablation_20260424_150157/20260424_070207_ablation_image_eff_attr4",
  "run_id": "ablation_image_eff_attr4",
  "seed": 33,
  "status": "COMPLETED",
  "step": 30,
  "step_time_sec": 0.03309941291809082,
  "steps": 300,
  "task_name": "image_synthetic",
  "timestamp": "2026-04-24T07:02:09Z",
  "top1_accuracy": 0.15625,
  "top5_accuracy": 1.0,
  "torch_version": "2.7.1+cu118",
  "torchvision_version": "0.22.1+cu118",
  "total_train_time_sec": 1.520871639251709,
  "train_accuracy": 0.15625,
  "train_loss": 1.622200608253479,
  "trainable_params": 117076,
  "wall_clock_time_sec": 1.5171103477478027,
  "warmup_enabled": true
}