{
  "backbone_steps": 300,
  "batch_size": 64,
  "best_metric": 0.5078125,
  "best_step": 125,
  "clean_accuracy": 0.4427083432674408,
  "clean_brier": 0.6916704177856445,
  "clean_confidence_mean": 0.40724682807922363,
  "clean_conflict_resistance_corr": NaN,
  "clean_conflict_score_mean": 0.49074384570121765,
  "clean_ece": 0.0634361281991005,
  "clean_nll": 1.5133646726608276,
  "clean_positive_resistance_mean": 0.7274219393730164,
  "clean_resistance_noise_corr": NaN,
  "clean_resistance_occlusion_corr": NaN,
  "clean_risk_at_100_coverage": 0.5572916269302368,
  "clean_risk_at_50_coverage": 0.4947916865348816,
  "clean_risk_at_70_coverage": 0.5464683771133423,
  "clean_risk_at_80_coverage": 0.5560975670814514,
  "clean_risk_at_90_coverage": 0.5491329431533813,
  "clean_score_name": "positive_resistance",
  "clean_selective_aurc": 0.5109453201293945,
  "clean_support_score_mean": 1.3527058362960815,
  "clean_uncertainty_mean": 0.7274219393730164,
  "clean_vs_noisy_auroc": 0.5162569880485535,
  "clean_vs_occluded_auroc": 0.4885610044002533,
  "condition_metrics_path": "reports/pluggable_primitive_real_20260427/frozen_runs/20260427_042016_uncertainty_cifar10_merc_linear_seed2/uncertainty_eval.pt",
  "cuda_available": true,
  "dataset_name": "cifar10",
  "device": "cuda",
  "early_stop_min_evals": 2,
  "early_stop_patience": 4,
  "early_stop_triggered": true,
  "eval_interval": 25,
  "experiment_type": "frozen_features_uncertainty",
  "feature_dim": 64,
  "final_metric": 0.4427083432674408,
  "final_train_loss": 1.29507577419281,
  "git_commit": "0c0b3db",
  "head_steps": 1200,
  "hostname": "user-NF5468M6",
  "metrics_json": "{\"best_metric\": 0.5078125, \"best_step\": 125, \"clean_accuracy\": 0.4427083432674408, \"clean_brier\": 0.6916704177856445, \"clean_confidence_mean\": 0.40724682807922363, \"clean_conflict_resistance_corr\": NaN, \"clean_conflict_score_mean\": 0.49074384570121765, \"clean_ece\": 0.0634361281991005, \"clean_nll\": 1.5133646726608276, \"clean_positive_resistance_mean\": 0.7274219393730164, \"clean_resistance_noise_corr\": NaN, \"clean_resistance_occlusion_corr\": NaN, \"clean_risk_at_100_coverage\": 0.5572916269302368, \"clean_risk_at_50_coverage\": 0.4947916865348816, \"clean_risk_at_70_coverage\": 0.5464683771133423, \"clean_risk_at_80_coverage\": 0.5560975670814514, \"clean_risk_at_90_coverage\": 0.5491329431533813, \"clean_score_name\": \"positive_resistance\", \"clean_selective_aurc\": 0.5109453201293945, \"clean_support_score_mean\": 1.3527058362960815, \"clean_uncertainty_mean\": 0.7274219393730164, \"clean_vs_noisy_auroc\": 0.5162569880485535, \"clean_vs_occluded_auroc\": 0.4885610044002533, \"condition_metrics_path\": \"reports/pluggable_primitive_real_20260427/frozen_runs/20260427_042016_uncertainty_cifar10_merc_linear_seed2/uncertainty_eval.pt\", \"early_stop_patience\": 4, \"early_stop_triggered\": true, \"final_metric\": 0.4427083432674408, \"final_train_loss\": 1.29507577419281, \"noisy_accuracy\": 0.3349609375, \"noisy_brier\": 0.7677618861198425, \"noisy_confidence_mean\": 0.3789551854133606, \"noisy_conflict_resistance_corr\": NaN, \"noisy_conflict_score_mean\": 0.42570817470550537, \"noisy_ece\": 0.06061500683426857, \"noisy_nll\": 1.7948229312896729, \"noisy_positive_resistance_mean\": 0.7339894771575928, \"noisy_resistance_noise_corr\": NaN, \"noisy_resistance_occlusion_corr\": NaN, \"noisy_risk_at_100_coverage\": 0.6650390625, \"noisy_risk_at_50_coverage\": 0.6328125, \"noisy_risk_at_70_coverage\": 0.6527196764945984, \"noisy_risk_at_80_coverage\": 0.6609755754470825, \"noisy_risk_at_90_coverage\": 0.6594359874725342, \"noisy_score_name\": \"positive_resistance\", \"noisy_selective_aurc\": 0.6480220556259155, \"noisy_support_score_mean\": 1.3772807121276855, \"noisy_uncertainty_mean\": 0.7339894771575928, \"occluded_accuracy\": 0.4052734375, \"occluded_brier\": 0.7332097291946411, \"occluded_confidence_mean\": 0.40399718284606934, \"occluded_conflict_resistance_corr\": NaN, \"occluded_conflict_score_mean\": 0.5144308805465698, \"occluded_ece\": 0.045034997165203094, \"occluded_nll\": 1.6685277223587036, \"occluded_positive_resistance_mean\": 0.7200437188148499, \"occluded_resistance_noise_corr\": NaN, \"occluded_resistance_occlusion_corr\": NaN, \"occluded_risk_at_100_coverage\": 0.5947265625, \"occluded_risk_at_50_coverage\": 0.54296875, \"occluded_risk_at_70_coverage\": 0.5843793153762817, \"occluded_risk_at_80_coverage\": 0.5951219797134399, \"occluded_risk_at_90_coverage\": 0.5813449025154114, \"occluded_score_name\": \"positive_resistance\", \"occluded_selective_aurc\": 0.5663187503814697, \"occluded_support_score_mean\": 1.3582077026367188, \"occluded_uncertainty_mean\": 0.7200437188148499, \"pooled_conflict_resistance_corr\": -0.11818836629390717, \"pooled_resistance_noise_corr\": 0.03452324494719505, \"pooled_resistance_occlusion_corr\": -0.03563534468412399, \"steps_run\": 225, \"total_train_time_sec\": 6.05763578414917}",
  "mode": "uncertainty_benchmark",
  "model_class": "MERCHeadLinearReadout",
  "model_name": "merc_linear",
  "noisy_accuracy": 0.3349609375,
  "noisy_brier": 0.7677618861198425,
  "noisy_confidence_mean": 0.3789551854133606,
  "noisy_conflict_resistance_corr": NaN,
  "noisy_conflict_score_mean": 0.42570817470550537,
  "noisy_ece": 0.06061500683426857,
  "noisy_nll": 1.7948229312896729,
  "noisy_positive_resistance_mean": 0.7339894771575928,
  "noisy_resistance_noise_corr": NaN,
  "noisy_resistance_occlusion_corr": NaN,
  "noisy_risk_at_100_coverage": 0.6650390625,
  "noisy_risk_at_50_coverage": 0.6328125,
  "noisy_risk_at_70_coverage": 0.6527196764945984,
  "noisy_risk_at_80_coverage": 0.6609755754470825,
  "noisy_risk_at_90_coverage": 0.6594359874725342,
  "noisy_score_name": "positive_resistance",
  "noisy_selective_aurc": 0.6480220556259155,
  "noisy_support_score_mean": 1.3772807121276855,
  "noisy_uncertainty_mean": 0.7339894771575928,
  "num_classes": 10,
  "num_params": 93202,
  "num_workers": 0,
  "occluded_accuracy": 0.4052734375,
  "occluded_brier": 0.7332097291946411,
  "occluded_confidence_mean": 0.40399718284606934,
  "occluded_conflict_resistance_corr": NaN,
  "occluded_conflict_score_mean": 0.5144308805465698,
  "occluded_ece": 0.045034997165203094,
  "occluded_nll": 1.6685277223587036,
  "occluded_positive_resistance_mean": 0.7200437188148499,
  "occluded_resistance_noise_corr": NaN,
  "occluded_resistance_occlusion_corr": NaN,
  "occluded_risk_at_100_coverage": 0.5947265625,
  "occluded_risk_at_50_coverage": 0.54296875,
  "occluded_risk_at_70_coverage": 0.5843793153762817,
  "occluded_risk_at_80_coverage": 0.5951219797134399,
  "occluded_risk_at_90_coverage": 0.5813449025154114,
  "occluded_score_name": "positive_resistance",
  "occluded_selective_aurc": 0.5663187503814697,
  "occluded_support_score_mean": 1.3582077026367188,
  "occluded_uncertainty_mean": 0.7200437188148499,
  "platform": "Linux-5.4.0-216-generic-x86_64-with-glibc2.31",
  "pooled_conflict_resistance_corr": -0.11818836629390717,
  "pooled_resistance_noise_corr": 0.03452324494719505,
  "pooled_resistance_occlusion_corr": -0.03563534468412399,
  "python_version": "3.10.20",
  "reason": "",
  "run_dir": "reports/pluggable_primitive_real_20260427/frozen_runs/20260427_042016_uncertainty_cifar10_merc_linear_seed2",
  "run_id": "uncertainty_cifar10_merc_linear_seed2",
  "seed": 2,
  "selected_heads": [
    "linear",
    "mlp",
    "cosine_prototype",
    "eml_no_ambiguity",
    "eml_centered_ambiguity",
    "eml_supervised_resistance",
    "merc_linear",
    "merc_energy"
  ],
  "status": "COMPLETED",
  "steps_run": 225,
  "task_name": "image_uncertainty_selective_classification",
  "test_size": 1024,
  "timestamp": "2026-04-27T04:20:22Z",
  "torch_version": "2.7.1+cu118",
  "torchvision_version": "0.22.1+cu118",
  "total_train_time_sec": 6.05763578414917,
  "train_size": 4096,
  "trainable_params": 93202
}