{
  "batch_size": 64,
  "best_metric": 0.48828125,
  "best_step": 75,
  "clean_accuracy": 0.49609375,
  "clean_brier": 0.7239518761634827,
  "clean_confidence_mean": 0.2585316598415375,
  "clean_ece": 0.23855778574943542,
  "clean_nll": 1.618307113647461,
  "clean_risk_at_100_coverage": 0.50390625,
  "clean_risk_at_50_coverage": 0.3307291865348816,
  "clean_risk_at_70_coverage": 0.4033457040786743,
  "clean_risk_at_80_coverage": 0.4422764182090759,
  "clean_risk_at_90_coverage": 0.47109824419021606,
  "clean_score_name": "one_minus_confidence",
  "clean_selective_aurc": 0.3127461373806,
  "clean_uncertainty_mean": 0.7414682507514954,
  "clean_vs_noisy_auroc": 0.5959663391113281,
  "clean_vs_occluded_auroc": 0.5297101140022278,
  "condition_metrics_path": "reports/uncertainty_remote_20260424_175558/runs/20260424_095725_uncertainty_cifar10_linear_seed2/uncertainty_eval.pt",
  "cuda_available": true,
  "dataset_name": "cifar10",
  "device": "cuda",
  "early_stop_patience": 4,
  "early_stop_triggered": true,
  "experiment_type": "frozen_features_uncertainty",
  "feature_dim": 64,
  "final_metric": 0.49609375,
  "final_train_loss": 1.3629454374313354,
  "git_commit": "unknown",
  "hostname": "user-NF5468M6",
  "metrics_json": "{\"best_metric\": 0.48828125, \"best_step\": 75, \"clean_accuracy\": 0.49609375, \"clean_brier\": 0.7239518761634827, \"clean_confidence_mean\": 0.2585316598415375, \"clean_ece\": 0.23855778574943542, \"clean_nll\": 1.618307113647461, \"clean_risk_at_100_coverage\": 0.50390625, \"clean_risk_at_50_coverage\": 0.3307291865348816, \"clean_risk_at_70_coverage\": 0.4033457040786743, \"clean_risk_at_80_coverage\": 0.4422764182090759, \"clean_risk_at_90_coverage\": 0.47109824419021606, \"clean_score_name\": \"one_minus_confidence\", \"clean_selective_aurc\": 0.3127461373806, \"clean_uncertainty_mean\": 0.7414682507514954, \"clean_vs_noisy_auroc\": 0.5959663391113281, \"clean_vs_occluded_auroc\": 0.5297101140022278, \"condition_metrics_path\": \"reports/uncertainty_remote_20260424_175558/runs/20260424_095725_uncertainty_cifar10_linear_seed2/uncertainty_eval.pt\", \"early_stop_patience\": 4, \"early_stop_triggered\": true, \"final_metric\": 0.49609375, \"final_train_loss\": 1.3629454374313354, \"noisy_accuracy\": 0.37109375, \"noisy_brier\": 0.7765871286392212, \"noisy_confidence_mean\": 0.2352980673313141, \"noisy_ece\": 0.1357956975698471, \"noisy_nll\": 1.7924070358276367, \"noisy_risk_at_100_coverage\": 0.62890625, \"noisy_risk_at_50_coverage\": 0.478515625, \"noisy_risk_at_70_coverage\": 0.546722412109375, \"noisy_risk_at_80_coverage\": 0.5841463804244995, \"noisy_risk_at_90_coverage\": 0.6106290817260742, \"noisy_score_name\": \"one_minus_confidence\", \"noisy_selective_aurc\": 0.4433978199958801, \"noisy_uncertainty_mean\": 0.7647019028663635, \"occluded_accuracy\": 0.421875, \"occluded_brier\": 0.749068558216095, \"occluded_confidence_mean\": 0.2509062886238098, \"occluded_ece\": 0.170968696475029, \"occluded_nll\": 1.6979987621307373, \"occluded_risk_at_100_coverage\": 0.578125, \"occluded_risk_at_50_coverage\": 0.4375, \"occluded_risk_at_70_coverage\": 0.5076708793640137, \"occluded_risk_at_80_coverage\": 0.5317072868347168, \"occluded_risk_at_90_coverage\": 0.5520607233047485, \"occluded_score_name\": \"one_minus_confidence\", \"occluded_selective_aurc\": 0.4206181764602661, \"occluded_uncertainty_mean\": 0.7490937113761902, \"steps_run\": 175, \"total_train_time_sec\": 0.9120287895202637}",
  "mode": "uncertainty_benchmark",
  "model_class": "LinearHead",
  "model_name": "linear",
  "noisy_accuracy": 0.37109375,
  "noisy_brier": 0.7765871286392212,
  "noisy_confidence_mean": 0.2352980673313141,
  "noisy_ece": 0.1357956975698471,
  "noisy_nll": 1.7924070358276367,
  "noisy_risk_at_100_coverage": 0.62890625,
  "noisy_risk_at_50_coverage": 0.478515625,
  "noisy_risk_at_70_coverage": 0.546722412109375,
  "noisy_risk_at_80_coverage": 0.5841463804244995,
  "noisy_risk_at_90_coverage": 0.6106290817260742,
  "noisy_score_name": "one_minus_confidence",
  "noisy_selective_aurc": 0.4433978199958801,
  "noisy_uncertainty_mean": 0.7647019028663635,
  "num_classes": 10,
  "num_params": 650,
  "num_workers": 0,
  "occluded_accuracy": 0.421875,
  "occluded_brier": 0.749068558216095,
  "occluded_confidence_mean": 0.2509062886238098,
  "occluded_ece": 0.170968696475029,
  "occluded_nll": 1.6979987621307373,
  "occluded_risk_at_100_coverage": 0.578125,
  "occluded_risk_at_50_coverage": 0.4375,
  "occluded_risk_at_70_coverage": 0.5076708793640137,
  "occluded_risk_at_80_coverage": 0.5317072868347168,
  "occluded_risk_at_90_coverage": 0.5520607233047485,
  "occluded_score_name": "one_minus_confidence",
  "occluded_selective_aurc": 0.4206181764602661,
  "occluded_uncertainty_mean": 0.7490937113761902,
  "platform": "Linux-5.4.0-216-generic-x86_64-with-glibc2.31",
  "python_version": "3.10.20",
  "reason": "",
  "run_dir": "reports/uncertainty_remote_20260424_175558/runs/20260424_095725_uncertainty_cifar10_linear_seed2",
  "run_id": "uncertainty_cifar10_linear_seed2",
  "seed": 2,
  "status": "COMPLETED",
  "steps_run": 175,
  "task_name": "image_uncertainty_selective_classification",
  "test_size": 1024,
  "timestamp": "2026-04-24T09:57:26Z",
  "torch_version": "2.7.1+cu118",
  "torchvision_version": "0.22.1+cu118",
  "total_train_time_sec": 0.9120287895202637,
  "train_size": 4096,
  "trainable_params": 650
}