{
  "model_class": "EMLEdgeFunctionNetwork",
  "num_params": 35719,
  "target_mean": -0.4192790985107422,
  "target_std": 0.7946105599403381,
  "trainable_params": 35719
}