{
  "batch_size": 64,
  "best_metric": 0.37109375,
  "best_step": 200,
  "best_val_accuracy": 0.37109375,
  "cuda_available": true,
  "dataset_name": "cifar10",
  "device": "cuda",
  "experiment_type": "end_to_end",
  "feature_dim": 64,
  "final_metric": 0.369140625,
  "final_train_accuracy": 0.515625,
  "final_train_loss": 1.4314477443695068,
  "git_commit": "unknown",
  "head_name": "eml_centered_ambiguity",
  "hostname": "user-NF5468M6",
  "loss_mode": "ce",
  "lr": 0.001,
  "metrics_json": "{\"best_metric\": 0.37109375, \"best_step\": 200, \"best_val_accuracy\": 0.37109375, \"final_metric\": 0.369140625, \"final_train_accuracy\": 0.515625, \"final_train_loss\": 1.4314477443695068, \"test_accuracy\": 0.369140625, \"test_ambiguity_mean\": 1.1824588775634766, \"test_brier\": 0.7360899448394775, \"test_class_resistance_mean\": 0.2002784013748169, \"test_ece\": 0.04563107341527939, \"test_hard_negative_drive_mean\": 6.210758209228516, \"test_hard_negative_logit_mean\": 2.0048835277557373, \"test_hard_negative_resistance_mean\": 1.041734218597412, \"test_loss\": 1.6555894613265991, \"test_margin_mean\": -0.4188246726989746, \"test_nll\": 1.6555894613265991, \"test_positive_drive_mean\": 4.911184310913086, \"test_positive_logit_mean\": 1.5860588550567627, \"test_positive_resistance_mean\": 1.1245315074920654, \"test_resistance_noise_corr\": NaN, \"test_resistance_occlusion_corr\": NaN, \"test_sample_uncertainty_mean\": 0.0007130249869078398, \"total_train_time_sec\": 6.370263576507568, \"val_accuracy\": 0.37109375, \"val_ambiguity_mean\": 1.1923409700393677, \"val_brier\": 0.7414668202400208, \"val_class_resistance_mean\": 0.2002784013748169, \"val_ece\": 0.06728161871433258, \"val_hard_negative_drive_mean\": 6.171711444854736, \"val_hard_negative_logit_mean\": 2.002910852432251, \"val_hard_negative_resistance_mean\": 1.0609807968139648, \"val_loss\": 1.6889703273773193, \"val_margin_mean\": -0.45492810010910034, \"val_nll\": 1.6889703273773193, \"val_positive_drive_mean\": 4.6774516105651855, \"val_positive_logit_mean\": 1.5479826927185059, \"val_positive_resistance_mean\": 1.129949927330017, \"val_resistance_noise_corr\": NaN, \"val_resistance_occlusion_corr\": NaN, \"val_sample_uncertainty_mean\": 0.0008011731551960111}",
  "mode": "head_ablation",
  "model_class": "CNNHeadModel",
  "model_name": "eml_centered_ambiguity",
  "num_classes": 10,
  "num_params": 167233,
  "pairwise_margin": 0.0,
  "pairwise_weight": 0.0,
  "platform": "Linux-5.4.0-216-generic-x86_64-with-glibc2.31",
  "python_version": "3.10.20",
  "reason": "",
  "run_dir": "reports/head_ablation/runs/20260424_082757_e2e_cifar10_eml_centered_ambiguity_ce_seed0",
  "run_id": "e2e_cifar10_eml_centered_ambiguity_ce_seed0",
  "seed": 0,
  "status": "COMPLETED",
  "steps": 200,
  "task_name": "image_classification",
  "test_accuracy": 0.369140625,
  "test_ambiguity_mean": 1.1824588775634766,
  "test_brier": 0.7360899448394775,
  "test_class_resistance_mean": 0.2002784013748169,
  "test_ece": 0.04563107341527939,
  "test_hard_negative_drive_mean": 6.210758209228516,
  "test_hard_negative_logit_mean": 2.0048835277557373,
  "test_hard_negative_resistance_mean": 1.041734218597412,
  "test_loss": 1.6555894613265991,
  "test_margin_mean": -0.4188246726989746,
  "test_nll": 1.6555894613265991,
  "test_positive_drive_mean": 4.911184310913086,
  "test_positive_logit_mean": 1.5860588550567627,
  "test_positive_resistance_mean": 1.1245315074920654,
  "test_resistance_noise_corr": NaN,
  "test_resistance_occlusion_corr": NaN,
  "test_sample_uncertainty_mean": 0.0007130249869078398,
  "timestamp": "2026-04-24T08:28:04Z",
  "torch_version": "2.7.1+cu118",
  "torchvision_version": "0.22.1+cu118",
  "total_train_time_sec": 6.370263576507568,
  "trainable_params": 167233,
  "use_eml_residual_bank": false,
  "val_accuracy": 0.37109375,
  "val_ambiguity_mean": 1.1923409700393677,
  "val_brier": 0.7414668202400208,
  "val_class_resistance_mean": 0.2002784013748169,
  "val_ece": 0.06728161871433258,
  "val_hard_negative_drive_mean": 6.171711444854736,
  "val_hard_negative_logit_mean": 2.002910852432251,
  "val_hard_negative_resistance_mean": 1.0609807968139648,
  "val_loss": 1.6889703273773193,
  "val_margin_mean": -0.45492810010910034,
  "val_nll": 1.6889703273773193,
  "val_positive_drive_mean": 4.6774516105651855,
  "val_positive_logit_mean": 1.5479826927185059,
  "val_positive_resistance_mean": 1.129949927330017,
  "val_resistance_noise_corr": NaN,
  "val_resistance_occlusion_corr": NaN,
  "val_sample_uncertainty_mean": 0.0008011731551960111
}